pdbid,smiles
3qfd,CC[C@H](C)[C@H](NC(=O)CNC(=O)[C@H](C)NC(=O)[C@H](C)[NH3+])C(=O)NCC(=O)N[C@H](C(=O)N[C@@H](CC(C)C)C(=O)N[C@H](C(=O)N[C@H](C(=O)[O-])C(C)C)[C@@H](C)O)[C@@H](C)CC
1h6h,CCCC(=O)OCC(COP(=O)(O)OC1C(O)C(O)C(O)C(OP(=O)(O)O)C1O)OC(=O)CCC
6ml9,NC(=[NH2+])NCCC[C@H]([NH3+])C(=O)[O-]
3nq3,CCCCCCCCCC(=O)[O-]
1sdu,CC(C)(C)NC(=O)[C@@H]1C[N@H+](Cc2cccnc2)CC[N@H+]1C[C@@H](O)C[C@@H](Cc1ccccc1)C(=O)N[C@H]1c2ccccc2C[C@H]1O
6mle,NC(=[NH2+])NCCC[C@H]([NH3+])C(=O)[O-]
4b5w,CC(O)C(=O)[O-]
3uxl,O=N[N+](=O)c1ccccc1
6eog,OC[C@H]1O[C@@H](Sc2cccc(Cl)c2)[C@H](O)[C@@H](n2cc(-c3cc(F)c(F)c(F)c3)nn2)[C@H]1O
6p89,Cc1ccc2c(c1)-c1c(cnn1CC(=O)Nc1ccc3c(c1)OCCO3)CO2
1qbs,O=C1N(Cc2ccc(CO)cc2)[C@H](Cc2ccccc2)[C@H](O)[C@@H](O)[C@@H](Cc2ccccc2)N1Cc1ccc(CO)cc1
4w97,CC(C)(COP(=O)(O)OP(=O)(O)OCC1OC(n2cnc3c(N)ncnc32)C(O)C1OP(=O)(O)O)C(O)C(=O)NCCC(=O)NCCSC(=O)CCC1C(=O)CCC2(C)C(=O)CCC12
4u1b,CCCC(CCC)C([NH3+])P(=O)(O)O
4avj,OCc1cn(CCc2ccc(O[C@H]3O[C@H](CO)[C@@H](O)[C@H](O)[C@@H]3O)cc2)nn1
3acx,C=CCc1cc(-c2ccccc2)ccc1OCCC[NH2+]C(C)C
5fut,CN(C)C1=CCN(Cc2ccc(CCCCc3ccc(CN4C=CC(N5CCCC5)=CC4)cc3)cc2)C=C1
5ot8,C[C@@H]([NH2+][C@@H](CCCNC(N)=[NH2+])C(=O)[O-])C(=O)[O-]
4hpi,CC(=O)N[C@H]1[C@H](O[C@@H]2[C@@H](CO)O[C@@H](O[C@@H]3[C@@H](CO)[NH2+]C[C@H](O)[C@H]3O)[C@H](NC(C)=O)[C@H]2O)O[C@H](CO)[C@@H](O)[C@@H]1O
3b65,C[C@](O)(COc1ccc(C#N)cc1)C(=O)Nc1ccc(C#N)c(I)c1
4xu2,Nc1ncnc2c1ncn2[C@@H]1O[C@H](CNS(=O)(=O)NC(=O)CCCC[C@@H]2SC[C@@H]3NC(=O)N[C@H]23)C[C@H]1O
5xo7,C[C@H]1CCC[C@H](O)CCC/C=C/c2cc(O)cc(O)c2C(=O)O1
2dri,O[C@@H]1CO[C@@H](O)[C@H](O)[C@@H]1O
4q4q,O=c1[nH]cnc2cc3[nH]c(NCc4cccs4)nc3cc12
4bt5,C[C@@H](O)[C@](C)(O)C(=O)[O-]
2jdu,CO[C@@H]1O[C@@H](C)[C@@H](O)[C@@H](O)[C@@H]1O
6p87,COc1ccccc1OCC(=O)N(C)[C@@H](c1cccs1)c1c[nH]c2ccccc12
4wn5,CCCCCC/C=C\CCCCCCCCCC(=O)OC[C@@H](O)CO
3su1,CC(C)(C)OC(=O)N[C@H]1CCCCC/C=C\[C@@H]2C[C@@]2(C(=O)NS(=O)(=O)C2CC2)NC(=O)[C@@H]2C[C@@H](OC(=O)n3cc4cccc(F)c4c3)CN2C1=O
5fyx,C[N@H+]1CC[N@H+]([NH2+]CCN2c3ccccc3Sc3ccc(Cl)cc32)CC1
5ko5,[NH2+]=C1CC=NC(=O)N1
1jeu,[NH3+]CCCC[C@H]([NH3+])C(=O)N[C@@H](CCC(=O)[O-])C(=O)N[C@@H](CCCC[NH3+])C(=O)[O-]
6hke,O=C([O-])C[C@@H](O)C(=O)[O-]
1b8y,O=C([O-])CNS(=O)(=O)c1ccc(N2CCC(c3ccccc3)CC2)cc1
6b4u,Cc1ccccc1-c1cccc2c(CCCOc3cccc4ccccc34)c(C(=O)[O-])n(CC[NH+]3CCOCC3)c12
5ad1,O=C(NCCCCCCCCNC(=O)c1cccc(O)c1O)c1cccc(O)c1O
4xtw,N#[N+2]=N[C@@H]1[C@H](O)[C@@H](CNS(=O)(=O)NC(=O)CCCC[C@@H]2SC[C@@H]3NC(=O)N[C@H]23)O[C@H]1n1cnc2c(N)ncnc21
4bj8,O=C([O-])CCCC[C@@H]1SC[C@@H]2NC(=O)N[C@H]12
6gl8,O=C(c1cc(-c2cc3c(cc2C(=O)N2Cc4ccccc4C[C@H]2C[NH+]2CCOCC2)OCO3)n2c1CCCC2)N(c1ccccc1)c1ccc(O)cc1
3zhx,O=C(c1ccccc1)N(O)CCC(c1ccc(Cl)c(Cl)c1)P(=O)(O)O
5zyg,CC(C)(C)c1cc(CCc2ccccn2)cc(-c2ccc(S(=O)(=O)CCO)cc2)c1
1ndw,NC(=O)c1cn([C@@H](CO)CCc2ccccc2)cn1
1jzs,C/C(=C\C(=O)OCCCCCCCCC(=O)[O-])C[C@@H]1OC[C@H](C[C@@H]2O[C@H]2[C@@H](C)[C@H](C)O)[C@@H](O)[C@H]1O
5lz7,C[C@]1(c2ccccc2)CC(=O)N(CCOc2ccc(F)c(C#N)c2)C1
1g2k,CNC(=O)c1cccc(CN2[C@H](COc3ccccc3)[C@H](O)[C@@H](O)[C@@H](COc3ccccc3)N(Cc3ccccc3)S2(=O)=O)c1
1lee,Cc1cccc(C)c1OCC(=O)N[C@@H](Cc1ccccc1)[C@@H](O)C[C@H](CC(C)C)NC(=O)c1cccc(N)c1
3tsk,NC(=O)CC[C@H](NC(=O)CCc1ccc(-c2cc(-c3ccccc3)cs2)cc1)C(=O)N[C@@H](CCC(=O)[O-])C(N)=O
4x50,OC[C@H]1O[C@H](Oc2ccc(-c3ccccc3)cc2)[C@@H](O)[C@@H](O)[C@@H]1O
4r4c,O=C([O-])c1cc(-c2ccc(CNC(=O)c3ccc(-c4ccc(C(=O)[O-])o4)cc3Cl)cc2)n(-c2ccc(Cl)c(Cl)c2)n1
5hwv,Cc1ccccc1
4ndu,CO[C@H]1O[C@H](CO)[C@H](O)[C@H](O)[C@H]1O
2i80,CC(C)(CCl)C(=O)Nc1ccc(C(F)(F)F)cc1
2o4j,C=C1[C@H](O)CC(=C/C=C2\CCC[C@]3(C)/C(=C(/C)CCCC(C)(C)O)CC[C@@H]23)C[C@H]1O
5ult,COc1ccc(S(=O)(=O)N(CC(C)C)C[C@@H](O)[C@H](Cc2ccccc2)NC(=O)O[C@@H]2[C@@H]3CO[C@@H]4OC[C@H]2C[C@@H]43)cc1
3nhi,CCCCC/C=C\CC/C=C/CCCC[C@@H](O)CCCC(=O)[O-]
6t1m,N#Cc1ccc(C(=O)Nc2ccc3nc(C[NH+]4CCCCC4)[nH]c3c2)cc1
4epy,O=C(NC1=CCc2[nH]c(Cc3c[nH]c4ccccc34)nc2C1)[C@@H]1CCC[NH2+]1
5nau,COc1ccc2c(c1)C=C(C[C@H]1CC[N@H+](Cc3ccccc3)CC1)C2=O
3t2q,O=C1O[C@H](CO)[C@H](O)[C@H](O)[C@H]1O
3e5u,O=C([O-])Cc1ccc(O)c(Cl)c1
3nu5,CC(C)CN(C[C@@H](O)[C@H](Cc1ccccc1)NC(=O)O[C@H]1CCOC1)S(=O)(=O)c1ccc(N)cc1
5kr2,CC(C)(C)NC(=O)[C@@H]1C[C@@H]2CCCC[C@@H]2C[N@H+]1C[C@@H](O)[C@H](Cc1ccccc1)NC(=O)[C@H](CC(N)=O)NC(=O)c1ccc2ccccc2n1
5j3l,O=S(=O)(CCC1CCCC1)N1CCCC1
1ajq,O=C([O-])Cc1cccs1
6gwe,NC(=[NH2+])NCCC[C@H]1NC(=O)C[C@@H]2CCCN2C(=O)CN(Cc2ccccc2CO)Cc2ccccc2CSC[C@@H](C(N)=O)NC1=O
5ka7,O=C([O-])C(=O)Nc1sc2c(c1C(=O)[O-])CC[NH2+]C2
1nl9,CCCCCNC(=O)[C@H](Cc1ccc(N(C(=O)C(=O)[O-])c2ccccc2C(=O)[O-])c2ccccc12)NC(C)=O
1ogz,C[C@]12CCc3c(ccc4cc(O)ccc34)[C@@H]1CCC2=O
1msn,Cc1ccccc1CNC(=O)[C@H]1N(C(=O)[C@@H](O)[C@H](Cc2ccccc2)NC(=O)c2cccc(O)c2C)CSC1(C)C
1ajp,O=C([O-])Cc1cc(O)ccc1O
1izh,CC(C)(C)OC(=O)N[C@@H](Cc1ccccc1)[C@@H](O)C[C@@H](Cc1ccccc1)C(=O)N[C@@H](CCC(N)=O)C(=O)N[C@@H](Cc1ccccc1)C(N)=O
2doo,CN(C)c1cccc2c(S(=O)(=O)NCCCCNC(=O)CCS)cccc12
4kz3,NS(=O)(=O)c1cc(Cl)sc1C(=O)[O-]
5aba,Oc1c(Br)cc(Cl)cc1C[N@H+]1CC[C@H]([N@H+]2CC[C@H](O)CC2)CC1
5dgu,COc1ccc(S(=O)(=O)N(CC(C)C)C[C@@H](O)[C@H](Cc2ccccc2)NC(=O)O[C@H]2CCO[C@H]3OC[C@H](OC)[C@@H]23)cc1
1ew8,O=C(O)CP(=O)(O)O
3zi8,C[C@@H]1OC[C@@H](O)[C@H](O)[C@@H]1O
4ynb,Nc1ncnc2c(C[N@@H+]3C[C@H](CSc4cnccn4)[C@@H](O)C3)c[nH]c12
1srg,Cc1cc(/N=N/c2ccccc2C(=O)[O-])ccc1O
3lea,COc1ccc2c(c1)C(=O)N(C[C@@]1(c3ccc(-c4cccnc4)cc3)NC(=O)NC1=O)C2
3o9p,C[C@H]([NH3+])C(=O)N[C@H](CCC(=O)N[C@@H](CCC[C@@H]([NH3+])C(=O)[O-])C(=O)[O-])C(=O)[O-]
4gah,CCCCC/C=C/CCC(O)CSCCNC(=O)CCNC(=O)C(O)C(C)(C)COP(=O)(O)OP(=O)(O)OCC1OC(n2cnc3c(N)ncnc32)C(O)C1OP(=O)(O)O
2fzk,O=C(CP(=O)(O)O)Nc1cc(NC(=O)CP(=O)(O)O)cc(C(=O)O)c1
2q8z,N=C1CC(=O)NC(=O)N1C1OC(COP(=O)(O)O)C(O)C1O
6jbb,OC[C@H]1O[C@H](O[C@]2(CO)O[C@H](CO)[C@@H](O)[C@@H]2O)[C@H](O)[C@@H](O)[C@@H]1O
5cp5,CCN1C(=O)c2cccc3c(S(=O)(=O)Nc4ccc(F)cc4)ccc1c23
1aid,O[C@]1(c2ccc(Cl)cc2)CC[N@H+](CCCC2(c3ccc(F)cc3)SCCS2)CC1
4kwg,Cc1cc(Br)c2c(c1)C(=O)C(=O)N2
5eqy,C[N@H+]1CCC[N@@H+](Cc2ccc(-c3ccc(C[N@H+]4CCC[N@H+](C)CC4)cc3C#N)cc2)CC1
2qdt,C[C@@H](NC(=O)CCS)C(=O)[O-]
3pb7,COc1ccc(NC(=S)NCCCn2ccnc2)cc1OC
1drv,CC(=O)C1=CN(C2OC(COP(=O)(O)OP(=O)(O)OCC3OC(n4cnc5c(N)ncnc54)C(O)C3O)C(O)C2O)C=CC1
1ex8,Nc1nc2ncc(COP(=O)(O)OP(=O)(O)OP(=O)(O)OP(=O)(O)OCC3OC(n4cnc5c(N)ncnc54)C(O)C3O)nc2c(=O)[nH]1
1yvm,c1ccc2[nH]c(-c3cscn3)nc2c1
4b6o,COc1ccc(C[C@@H]2C(=O)[C@@H](O)[C@H](O)C[C@]2(O)C(=O)[O-])cc1
3l4v,O=S(=O)([O-])O[C@H]([C@H](O)C[S@+]1C[C@@H](O)[C@H](O)[C@H]1CO)[C@H](O)[C@H](O)[C@@H](O)CO
3jup,O=C([O-])c1cc(Br)ccc1N[C@H]1CCC[NH2+]C1
3n7o,CP(=O)(O)C(C(=O)N/C=C/c1ccc(F)c(F)c1)c1csc2ccc(Cl)cc12
2xbw,NS(=O)(=O)N1C[C@H](C(=O)Nc2ccc(Cl)cc2)[C@@H](C(=O)Nc2ccc(-n3ccccc3=O)cc2F)C1
2jf4,OCC1=C[C@H]([NH2+][C@H]2C[C@H](CO)[C@@H](O)[C@H](O)[C@H]2O)[C@H](O)[C@@H](O)[C@@H]1O
4cr5,O=c1ccc2cc(Cl)ccc2[nH]1
3p8n,C=C[C@@H]1C[C@]1(NC(=O)[C@@H]1C[C@@H](Oc2cc(-c3csc(NC(=O)C(C)C)n3)nc3c(Br)c(OC)ccc23)CN1C(=O)[C@@H](NC(=O)OC1CCCC1)C(C)(C)C)C(=O)[O-]
1n51,C[C@H](NC(=O)[C@@H]1CCCN1C(=O)[C@@H]1CCCN1C(=O)[C@@H](O)[C@H]([NH3+])Cc1ccccc1)C(N)=O
2jdp,CO[C@@H]1O[C@@H](C)[C@@H](O)[C@@H](O)[C@@H]1O
3zpu,COC(=O)N[C@H](C(=O)N[N@H+](CCC[C@@]1(O)Cc2ccc(cc2)C/C=C\CNC(=O)[C@H](C(C)(C)C)NC1=O)Cc1ccc(Br)cc1)C(C)(C)C
1f8d,CC(=O)N[C@@H]1[C@@H](O)C=C(C(=O)[O-])O[C@H]1[C@H](O)[C@H](O)C[NH3+]
1olx,Cc1ncc(C[n+]2csc(CCOP(=O)(O)OP(=O)(O)O)c2C)c(N)n1
6q4e,Nc1nc(I)c2[nH]cnc2n1
3ljg,NC(=O)[C@H](CCC(=O)[O-])NC(=O)[C@H](CCC(=O)[O-])NC(=O)CCc1ccc(-c2ccccc2)cc1
3m8u,[NH3+][C@@H](CCC(=O)N[C@@H](CSSC[C@H](NC(=O)CC[C@H]([NH3+])C(=O)[O-])C(=O)NCC(=O)[O-])C(=O)NCC(=O)[O-])C(=O)[O-]
4bt4,C[C@H](O)[C@](C)(O)C(=O)[O-]
3zi0,O=C(c1ccccc1Cn1cncn1)N(O)CCC(c1ccc(Cl)c(Cl)c1)P(=O)(O)O
1r9l,C[N+](C)(C)CC(=O)[O-]
4fxq,O=C(CC[NH+]1CCCCC1)N1CCc2nc(O)c3cc(F)ccc3c2C1
6g29,CC1=C(c2ccncc2)NN(C2CC[NH2+]CC2)C(=O)C1
2gh9,OC[C@H]1O[C@H](O[C@@H]2[C@@H](CO)O[C@H](O[C@@H]3[C@@H](CO)O[C@H](O)[C@H](O)[C@H]3O)[C@H](O)[C@H]2O)[C@H](O)[C@@H](O)[C@@H]1O
4y3j,Cn1cnc(C[C@H]([NH3+])C(=O)[O-])c1
2vzr,O=C([O-])[C@H]1O[C@H](O)[C@H](O)[C@@H](O)[C@@H]1O
3a6t,N=C1N=C2C(=NC(=O)N2C2CC(O)C(COP(=O)(O)O)O2)C(=O)N1
5hvt,COc1ccc(N2Cc3ccc(O)cc3OC2=O)cc1
5zw6,CSCC[C@H](NC(=O)C[NH3+])C(=O)N1CCC[C@H]1C(=O)N[C@@H](CCCNC(N)=[NH2+])C(=O)NCC(=O)N[C@@H](C)C(=O)[O-]
3rt8,[NH3+][C@@H](Cn1cc(Cl)c(=O)[nH]c1=O)C(=O)[O-]
4yo8,CCCCCC[N@H+](CO)Cc1c[nH]c2c(N)ncnc12
4zow,O=C(N[C@H](CO)[C@H](O)c1ccc([N+](=O)[O-])cc1)C(Cl)Cl
6cq1,CC(C)NC(=O)Cn1cc(C[N@H+]2CC[N@H+](C)CC2)c2ccc(NC(=S)NCCc3c[nH]c4ccccc34)cc21
3tcg,[NH3+]CCCC[C@H]([NH3+])C(=O)NCC(=O)N[C@@H](CCC(=O)[O-])C(=O)[O-]
3pcj,O=C([O-])c1ccn(O)c(=O)c1
2clh,O=P(O)(O)OCCNS(=O)(=O)c1ccc2ccccc2c1
3ui7,COc1cc(C)c2nc3n[nH]c(C)c3c(C[NH+]3CCOCC3)c2c1
1km3,O=c1cnn(C2OC(COP(=O)(O)O)C(O)C2O)c(=O)[nH]1
4k55,CC(CO)CCOP(=O)(O)OP(=O)(O)O
2f8g,CC(C)CN(C[C@@H](O)[C@H](Cc1ccccc1)NC(=O)O[C@H]1CO[C@H]2OCC[C@@H]12)S(=O)(=O)c1ccc(N)cc1
3gi5,CC(=O)c1cccc(N2C[C@@H](C(=O)N[C@@H](Cc3ccccc3)[C@H](O)CN(CC(C)C)S(=O)(=O)c3ccc4c(c3)OCO4)OC2=O)c1
6gvz,C[C@H](CCC(=O)NCC(=O)[O-])[C@H]1CC[C@H]2[C@H]3[C@H](CC[C@@]21C)[C@@]1(C)CC[C@@H](O)C[C@H]1C[C@H]3O
1hee,O=C(NO)N[C@@H](Cc1ccccc1)C(=O)[O-]
1ecq,O=C([O-])[C@@H](O)C[C@H](O)[C@@H](O)C(=O)[O-]
3s45,CC(C)CN(C[C@@H](O)[C@H](Cc1ccccc1)NC(=O)O[C@H]1CCOC1)S(=O)(=O)c1ccc(N)cc1
1g7g,CCCCCNC(=O)[C@H](Cc1ccc(OCC(=O)[O-])c(C(=O)[O-])c1)NC(=O)[C@H](Cc1ccccc1)NC(=O)CCC(=O)[O-]
2wyj,C[C@@H](c1ccc(N2CC[C@H](NS(=O)(=O)/C=C/c3ccc(Cl)s3)C2=O)c(F)c1)[NH+](C)C
2xej,COCCOCCOCCOCCOCc1cn(CCCC[C@H](NC(=O)N[C@@H](CCC(=O)[O-])C(=O)[O-])C(=O)[O-])nn1
4u43,c1cncc(Nc2ncnn3cccc23)c1
4hw3,Cc1cc(OCCCc2c(C(=O)[O-])sc3ccccc23)cc(C)c1Cl
4f6u,Cc1ccc(-n2nc(C(C)(C)C)cc2NC(=O)NCCC[NH+]2CCOCC2)cc1
2yaz,O=c1ccn(C2CC(O)C(COP(=O)(O)O)O2)c(=O)[nH]1
1pzi,O=[N+]([O-])c1cc(CO)cc(O[C@H]2O[C@H](CO)[C@H](O)[C@H](O)[C@H]2O)c1
5fbi,NC(=O)c1cc2cc(OCc3cccc(C(=O)[O-])c3)ccc2[nH]1
2jg0,OC[C@H]1O[C@H](NC2=N[C@@H]3[C@H](S2)[C@@H](O)[C@H](O)[C@]3(O)CO)[C@H](O)[C@@H](O)[C@@H]1O
4qfp,CC(C)[C@H]([NH3+])C(=O)N[C@H](C(=O)[O-])[C@@H](C)O
3t09,O=C1O[C@H](CO)[C@H](O)[C@H](O)[C@H]1O
5dxt,CC(C)n1ncnc1-c1cn2c(n1)-c1ccc(O[C@@H](C)C(N)=O)cc1OCC2
1jmg,O=c1ccn(C2CC(O)C(COP(=O)(O)O)O2)c(=O)[nH]1
2v2q,N=c1ccn([C@@H]2O[C@@H](CNC(=O)CCc3nc4ccccc4[nH]3)[C@@H](O)[C@H]2O)c(=O)[nH]1
4i8w,CC(C)CN(C[C@@H](O)[C@H](Cc1ccccc1)[NH2+][C@@H](O)O[C@H]1CO[C@H]2OCC[C@@H]12)S(=O)(=O)c1ccc(C(=O)[O-])cc1
2wyg,C[C@H](c1ccc(N2CC[C@H](NS(=O)(=O)/C=C/c3ccc(Cl)s3)C2=O)c(F)c1)[NH+](C)C
3wjw,Cc1cc(=O)[nH]c(=O)n1C1OC(COP(=O)(O)O)C(O)C1O
4l51,O=P(O)(O)OCC1OC(O)C(O)C1O
1fao,O=P(O)(O)OC1C(O)C(OP(=O)(O)O)C(OP(=O)(O)O)C(OP(=O)(O)O)C1O
3wz7,O=C(C[NH2+]CCc1c[nH]c2ccccc12)Nc1sc2c(c1C(=O)NCc1ccccc1)CCCC2
1bju,NC(=[NH2+])c1ccc(NC(=O)Nc2ccc(Cl)cc2)cc1
5o2d,CS(=O)(=O)Nc1ccccc1-c1cccc2c1[nH]c1ccccc12
5mrm,Oc1c(Br)cc(Br)cc1-c1cc(C(F)(F)F)no1
3pce,O=C([O-])Cc1cccc(O)c1
3nxq,CC(=O)NC(CC(=O)O)C(=O)NC(Cc1ccccc1)P(=O)(O)CC(C)C(=O)NC(C)C(N)=O
6d1h,O=c1cc(CP(=O)(O)O)c2ccccc2[nH]1
5nvx,Cc1ncsc1-c1ccc(CNC(=O)[C@@H]2C[C@@H](O)CN2C(=O)[C@@H](NC(=O)C2(F)CC2)C(C)(C)C)cc1
1fzq,Nc1nc2c(ncn2C2OC(COP(=O)(O)OP(=O)(O)O)C(O)C2O)c(=O)[nH]1
1jlr,Nc1nc2c(ncn2C2OC(COP(=O)(O)OP(=O)(O)OP(=O)(O)O)C(O)C2O)c(=O)[nH]1
1qhc,Nc1ncnc2c1ncn2C1OC(COP(=O)(O)OP(=O)(O)OC2CC(n3ccc(=O)[nH]c3=O)OC2COP(=O)(O)O)C(OP(=O)(O)O)C1O
3mv0,O=C1O[C@H](CO)[C@H](O)[C@H](O)[C@H]1O
3nu4,CC(C)CN(C[C@@H](O)[C@H](Cc1ccccc1)NC(=O)O[C@H]1CCOC1)S(=O)(=O)c1ccc(N)cc1
6arn,COc1ccccc1O[C@@H]1O[C@H](CO)[C@H](O)[C@H](O)[C@H]1O
6jap,OC[C@H]1O[C@H](O[C@]2(CO)O[C@H](CO)[C@@H](O)[C@@H]2O)[C@H](O)[C@@H](O)[C@@H]1O
4bps,O=C([O-])CCc1cccc(C(=O)[O-])c1
6o5t,O=c1cc(CP(=O)(O)O)c2c(Br)cc(Br)cc2[nH]1
4aia,Cn1cnc(N)c2ncnc1-2
2xog,Nc1ncnc2c1ncn2[C@@H]1O[C@H]([C@@H](O)NS(=O)(=O)C[C@@H]2[C@@H](CO)O[C@@H](n3ccc(=O)[nH]c3=O)[C@@H]2O)[C@@H](O)[C@H]1O
4cjp,CC(C)C[C@H](CNC(=O)c1cccnc1)Cc1ccc2c(c1C(=O)[O-])OCO2
5u6j,CCc1cc2ccc1CCOC(=O)Nc1ccc(S(=O)(=O)C(C)C)c(c1)CN(C)C(=O)[C@@H]2Nc1cccc(C(N)=O)c1
4bb9,O=P(O)(O)OCC1(O)OCC(O)C(O)C1O
4pb2,O=c1[nH]c(=O)n([C@@H]2O[C@H](CO)[C@@H](O)[C@H]2O)cc1F
5btx,Nc1ncnc2c1ncn2C1OC2COP(=O)(O)OC2C1O
5zni,O[C@H](c1cc(C(F)(F)F)nc2c(C(F)(F)F)cccc12)[C@@H]1CCCC[NH2+]1
2b4l,C[N+](C)(C)CC(=O)[O-]
1phw,O=P(O)(O)OCC1OCC(O)C1O
4ih5,c1ccc(NNc2ncnc3n[nH]cc23)cc1
3zq9,OC[C@H]1O[C@@H](O[C@H]2[C@H](O)[C@@H](O)[NH2+]C[C@@H]2CO)[C@H](O)[C@@H](O)[C@@H]1O
2y81,O=C1[C@@H](NS(=O)(=O)c2ccc3cc(Cl)ccc3c2)CCN1c1ccc([C@H]2CCC[NH2+]2)cc1F
2pv1,CC[C@H](C)[C@H](NC(=O)[C@H](Cc1ccc(O)cc1)NC(=O)[C@H](CCC(=O)[O-])NC(=O)[C@@H]([NH3+])Cc1c[nH]c2ccccc12)C(=O)N1CCC[C@H]1C(=O)N[C@@H](CC(N)=O)C(=O)N[C@H](C(=O)[O-])C(C)C
1kjr,COc1c(F)c(F)c(C(=O)N[C@@H]2[C@@H](O)[C@H](O[C@@H]3[C@@H](CO)O[C@@H](O)[C@H](NC(C)=O)[C@H]3O)O[C@H](CO)[C@@H]2O)c(F)c1F
4css,CNS(=O)(=O)c1ccc(-c2ccc(O[C@H]3O[C@H](CO)[C@@H](O)[C@H](O)[C@@H]3O)cc2)cc1
5fs5,CCCCCCCO[C@H]1O[C@H](CO)[C@@H](O)[C@H](O)[C@@H]1O
3n86,O=C(CCC1=C[C@@](O)(C(=O)[O-])C[C@@H](O)[C@@H]1O)Nc1ccccc1
4u6c,[NH3+]C(CCC1CCCC1)P(=O)(O)O
5yh8,C[C@H]([NH2+][C@@H](CC[NH2+][C@H](Cc1cnc[nH]1)C(=O)[O-])C(=O)[O-])C(=O)[O-]
6fnq,C[N+](C)(C)[C@@H](Cc1cnc[nH]1)C(=O)[O-]
1nz7,CCc1cc(C[C@H](NC(C)=O)C(=O)NCCCCC(=O)N[C@@H](CCSC)C(=O)[O-])ccc1N(C(=O)C(=O)[O-])c1ccccc1C(=O)[O-]
6f9g,[NH3+]CCCC[NH3+]
1gar,Nc1nc(N)c(CCCN(C(=O)CSCC(=O)NCCCCOP(=O)(O)O)c2ccc(C(=O)NC(CCC(=O)O)C(=O)O)cc2)c(=O)[nH]1
6hai,COc1c(NC(=O)c2ccc(NC(=O)c3ccc(N4C(=O)C[C@H](NC(=O)c5ccc(NC(=O)/C(C)=C/c6ccc(O)cc6)cc5)C4=O)cc3)c(OC)c2O)ccc(C(=O)[O-])c1O
3el4,CC(C)(C)NC(=O)[C@@H]1C[C@@H]2CCCC[C@@H]2C[N@H+]1C[C@@H](O)[C@H](Cc1ccccc1)NC(=O)[C@H](CC(N)=O)NC(=O)c1ccc2ccccc2n1
5fnu,COc1cc([C@@H](CC(=O)[O-])c2ccc(C)c(CN3C[C@@H](C)Oc4ccccc4S3(=O)=O)c2)cc2nnn(C)c12
1x39,OC[C@@H]1[C@@H](O)[C@H](O)[C@@H](O)c2nc(CNc3ccccc3)cn21
6jay,Nc1c(C(=O)NC[C@@H]2CCCO2)cc2c(=O)n3ccccc3nc2c1Cc1ccco1
2r5p,CC(C)(C)NC(=O)[C@@H]1C[N@H+](Cc2cccnc2)CC[N@H+]1C[C@@H](O)C[C@@H](Cc1ccccc1)C(=O)N[C@H]1c2ccccc2C[C@H]1O
3zso,C=CC[N@H+](Cc1ccccc1C(=O)NC(c1ccc(OC)cc1)c1ccc(OC)cc1)Cc1ccc2c(c1C(=O)[O-])OCO2
2zcq,O=P(O)(O)C(CCCc1cccc(Oc2ccccc2)c1)S(=O)(=O)O
1a9q,O=c1[nH]cnc2[nH]cnc12
4bs0,O=[N+]([O-])c1ccc2nn[nH]c2c1
5igm,CCOC(=O)Nc1cc(-c2ccc(C)c(NS(C)(=O)=O)c2)n[n+]2c(C)n[nH]c12
3jrx,CO[C@H]1CCCC[C@@H](c2ccccc2)OC(=O)[C@@H](C)[C@@]2(O)O[C@@H]([C@@H](C)/C=C/[C@H]1OC)[C@@H](C)[C@H](O)[C@H]2OC
3lq2,Cc1ncc(C[n+]2csc(CCOP(=O)(O)OP(=O)(O)O)c2C)c(N)n1
4zeb,O=P(O)(OC1C(O)OCC(O)C1O)OC1C(CO)OC(CO)(OC2OC(CO)C(O)C(O)C2O)C1O
2vl4,OC[C@H]1C[NH2+][C@@H](O)[C@@H](O)[C@@H]1O
4av4,OC[C@H]1O[C@H](OCC#Cc2cccnc2)[C@@H](O)[C@@H](O)[C@@H]1O
6dy7,Clc1ccc(OCCCNc2ncc[nH]2)c(Cl)c1
2zz2,N#CC1CC(=O)NC(=O)N1C1OC(COP(=O)(O)O)C(O)C1O
1u1w,Nc1c(O)cccc1C(=O)[O-]
6k04,Cc1nnc2n1-c1ccc(-c3cnn(C)c3)cc1[C@H](Nc1ccc(Cl)cc1)CC2
1b3g,CC[C@H](C)[C@H](NC(=O)[C@@H]([NH3+])CCCC[NH3+])C(=O)N[C@@H](CCCC[NH3+])C(=O)[O-]
3ps1,C[C@@H](O)[C@H](NC(=O)c1ccc(C#CC#Cc2ccc(N)cc2)cc1)C(=O)N=O
2hah,CC(C)[C@H](NC(=O)[C@H](C)NC(=O)OCc1ccccc1)C(=O)N[C@H](CO)Cc1ccccc1
1x8r,CC(OC1CC(C(=O)O)=CC(OP(=O)(O)O)C1O)(C(=O)O)P(=O)(O)O
6r4k,N=NNCCOCCOc1ccc(C2=NN=[N+](C[C@@H]3[NH2+]C[C@@H](O)[C@H]3O)C2)cc1
3pck,O=C([O-])c1ccc(=O)n(O)c1
3lka,COc1ccc(S(N)(=O)=O)cc1
4tkh,CC/C=C/CCCCCCCCCC(=O)[O-]
4m0f,COc1cc(-c2cc3c(c(=O)o2)C[C@]2(O)[C@@]4(C)C(=O)C=CC(C)(C)[C@]4(O)CC[C@@]2(C)O3)cc(OC)c1OC
6cfc,CC(=O)N[C@H]1[C@H](O[C@H]2C[C@@H](C(=O)NCCS(=O)(=O)[O-])[NH2+][C@@H]2CO)O[C@H](CO)[C@@H](OS(=O)(=O)[O-])[C@@H]1O
1uwf,CCCCO[C@H]1O[C@H](CO)[C@@H](O)[C@H](O)[C@@H]1O
6qpl,COc1c(C[NH3+])cc(C[NH3+])cc1OCCC[NH+]1Cc2ccccc2C1
5m17,OC[C@H]1O[C@H](O[C@@H]2CCO[C@H](CO)[C@H]2O)[C@@H](O)[C@@H](O)[C@@H]1O
2qbp,O=C([O-])COc1c(C(=O)[O-])sc(-c2cccc(NC3CCN(S(=O)(=O)Cc4ccccc4)CC3)c2)c1Br
5zg3,O=S1(=O)CCN2C=CC=C(c3ccc(Oc4ccccc4)cc3)[C@@H]2N1
4ufi,OC[C@H]1[NH2+][NH2+]C[C@@H](O)[C@H]1O
3v2n,CCCCCCCCCCCCCC(=O)[O-]
3f37,Cc1cccc(C)c1O
5nvw,Cc1ncsc1-c1ccc(CNC(=O)[C@@H]2C[C@@H](O)CN2C(=O)[C@@H](NC(=O)C2CC2)C(C)(C)C)cc1
1hlk,CO[C@@H]1O[C@@H](C)Cc2oc3cc(O)c(O)c(C(=O)[O-])c3c(=O)c21
5h9r,OC[C@H]1O[C@@H](S[C@@H]2O[C@H](CO)[C@H](O)[C@H](n3cc(-c4cccc(F)c4)nn3)[C@H]2O)[C@H](O)[C@@H](O)[C@H]1O
4u71,[NH3+]C(C1CCCCC1)P(=O)(O)O
3f80,[NH3+][C@@H](CCCC[N+](=O)[O-])C(=O)[O-]
2psu,CNC(=O)CCC(=O)N[C@@H](Cc1ccccc1)[C@H](O)CN(CC1CC1)S(=O)(=O)c1cccc(OC)c1
3rv8,O=C([O-])C1=CC=CC(O/C(=C\C2C=C2)C(=O)[O-])C1=O
6ncn,NC(=[NH2+])C1(c2cccc(Cl)c2)CCC1
4zei,O=P(O)(O)OC1C(O)OCC(O)C1O
2qwd,CC(=O)N[C@@H]1[C@@H]([NH3+])C=C(C(=O)[O-])O[C@H]1[C@H](O)[C@H](O)CO
3rlb,Cc1ncc(C[n+]2csc(CCO)c2C)c(N)n1
1f73,CC(=O)N[C@H]([C@@H](O)C[C@@H](O)C(=O)[O-])[C@@H](O)[C@H](O)[C@H](O)CO
1o1s,C/C(=C\COP(=O)(O)OP(=O)(O)O)CC/C=C(\C)COCc1cccc(C(=O)c2ccccc2)c1
5wxh,C[C@H]([NH3+])C(=O)N[C@@H](CCCNC(N)=[NH2+])C(=O)N[C@H](C(=O)N[C@@H](CCCC[N+](C)(C)C)C(=O)N[C@@H](CCC(N)=O)C(=O)N[C@H](C(=O)N[C@@H](C)C(=O)[O-])[C@@H](C)O)[C@@H](C)O
6dil,CCC[C@@]1(CCc2ccccc2)CC(O)=C([C@H](CC)c2cccc(NS(=O)(=O)c3ccc(C(F)(F)F)cn3)c2)C(=O)O1
5e2o,O=C(CCc1cc(Cl)ccc1-n1cnnn1)N[C@@H](Cc1ccccc1)C(=O)Nc1ccc(C(=O)[O-])cc1
3vf7,COc1ccc(S(=O)(=O)N(C[C@H]2CCC(=O)N2)C[C@@H](O)[C@H](Cc2ccccc2)NC(=O)O[C@@H]2C[C@@H]3CCO[C@@H]3C2)cc1
6n3w,[NH2+]=c1[nH]c(=O)c2ncn([C@@H]3O[C@H](COC(=O)NCCc4ccccc4)[C@@H](O)[C@H]3O)c2[nH]1
4ggz,O=C([O-])CCCC[C@@H]1SC[C@@H]2NC(=O)N[C@H]12
2x6x,CC(=O)N[C@H]1[C@H](O[C@H]2[C@@H](O[C@H]3O[C@H](CO[C@@H]4O[C@@H](C)[C@H](O)[C@@H](O)[C@H]4O)[C@@H](O)[C@H](O)[C@H]3O)[C@@H](CO)O[C@H](O)[C@@H]2O)O[C@H](CO)[C@@H](O)[C@@H]1O
1qbt,O=C(Nc1nc2ccccc2[nH]1)c1cccc(CN2C(=O)N(Cc3cccc(C(=O)Nc4nc5ccccc5[nH]4)c3)[C@H](Cc3ccccc3)[C@H](O)[C@@H](O)[C@H]2Cc2ccccc2)c1
5upj,CC[C@@H](c1ccccc1)c1c(O)c2c(oc1=O)CCCCCC2
1xgi,O=C([O-])c1sccc1S(=O)(=O)Nc1cccc([N+](=O)[O-])c1
4ipn,O=P(O)(O)OCC1OC(SC2C(CO)OC(O)C(O)C2O)C(O)C(O)C1O
4n7u,CC(CO)CCCP(=O)(O)OP(=O)(O)O
6mlj,NC(=[NH2+])NCCC[C@H]([NH3+])C(=O)[O-]
3o84,O=C([O-])c1cc(-c2ccccc2)nc2c1cnn2Cc1ccncc1
2whp,NC(=O)c1cc[n+](COC[n+]2ccccc2)cc1
1w4o,O=c1ccn(C2OC(CO)C(OP(=O)(O)O)C2O)c(=O)[nH]1
6r1d,O=C1C[C@H](NC(=O)OCc2ccccc2)C(=O)N1
5ito,C[C@@H]([NH2+][C@@H](CCCNC(N)=[NH2+])C(=O)[O-])C(=O)[O-]
3g2z,O=C1C=C(Nc2nnn[nH]2)CCC1
6cn5,Cn1cc(C2CCN(C(=O)C3CCCCC3)CC2)c2cc(NC(=O)c3cc(C#N)ccn3)ccc21
1hmt,CCCCCCCCCCCCCCCCCC(=O)[O-]
4ljh,Cn1cc(O[C@@H]2O[C@H](CO)[C@H](O)[C@H](O)[C@H]2O)c2ccccc21
3fed,[NH3+]C(CCP(=O)(O)CC(CCC(=O)O)C(=O)O)C(=O)O
5w44,O=C(NCCc1ccccc1)c1nc([C@@H]2CCCN2C(=O)c2c(Cl)cccc2Cl)[nH]c(=O)c1O
4ly9,C[C@H]1COCC[N@H+]1C[C@H]1CN(S(=O)(=O)c2cccs2)CCN1c1ccc([C@@](C)(O)C(F)(F)F)cc1
3sue,CC[C@@H]1C[C@]1(NC(=O)[C@@H]1C[C@@H]2CN1C(=O)[C@H](C(C)(C)C)NC(=O)O[C@@H]1C[C@H]1CCCCCc1nc3ccc(OC)cc3nc1O2)C(=O)NS(=O)(=O)C1C=C1
5oh4,O=C1CCCC(=O)N1
6g27,Cc1cc(=O)n(C2CC[NH2+]CC2)nc1-c1ccccc1
3su0,CC(C)(C)OC(=O)N[C@H]1CCCCC/C=C\[C@@H]2C[C@@]2(C(=O)NS(=O)(=O)C2CC2)NC(=O)[C@@H]2C[C@@H](OC(=O)n3cc4cccc(F)c4c3)CN2C1=O
2b7d,NC(=[NH2+])c1ccc2nc(-c3cc([C@@H](CC(=O)[O-])C(=O)[O-])cc(-c4cc(CNC(N)=O)ccc4O)c3O)[nH]c2c1
3l0v,COc1ccc2[nH]n(C[C@@]3(C)NC(=O)NC3=O)c(=O)c2c1
1px4,CC(C)S[C@@H]1O[C@H](CO)[C@H](O)[C@H](O)[C@H]1O
5u0z,[NH2+]=c1[nH]c(=O)c2[nH]c(S[C@@H](C(=O)[O-])c3ccccc3)nc2[nH]1
6i13,Cn1cc(NC(=O)c2cn(Cc3cccc(Cl)c3)c(=O)c3ccccc23)cn1
4cst,N#Cc1ccc(-c2ccc(O[C@H]3O[C@H](CO)[C@@H](O)[C@H](O)[C@@H]3O)c(Cl)c2)cc1
1x38,OC[C@@H]1[C@@H](O)[C@H](O)[C@@H](O)c2nc(-c3ccccc3)cn21
6f92,OC[C@@H]1[C@@H](O)[C@H](O)[C@H](O)c2nccn21
1d4h,O=C(NCc1ccccc1)[C@H](OCc1ccccc1)[C@H](O)[C@@H](O)[C@@H](OCc1ccccc1)C(=O)N[C@H]1c2ccccc2C[C@H]1O
3p3t,Cc1n[nH]c(C)c1CCCOc1ccccc1F
5i2f,CC(=O)NS(=O)(=O)NC[C@H]1O[C@@H](n2cnc3c(N)ncnc32)[C@H](O)[C@@H]1O
6ayr,CCCCSC[C@H]1C[N@@H+](Cc2c[nH]c3c(N)ncnc23)C[C@@H]1O
3suf,CC[C@@H]1C[C@]1(NC(=O)[C@@H]1C[C@@H]2CN1C(=O)[C@H](C(C)(C)C)NC(=O)O[C@@H]1C[C@H]1CCCCCc1nc3ccc(OC)cc3nc1O2)C(=O)NS(=O)(=O)C1C=C1
2uxz,COC(=O)N[C@H](C(=O)N[N@H+](CCC[C@@](O)(Cc1ccccc1)C(=O)N[C@H]1c2ccccc2C[C@H]1O)Cc1ccc(Br)cc1)C(C)(C)C
1g74,CCCCCCCC/C=C\CCCCCCCC(=O)[O-]
4kwo,CNc1nc2cc3c(=O)[nH]c(=[NH2+])[nH]c3c(CC[C@H]3O[C@@H](OC)[C@H](O)[C@@H]3OC)c2[nH]1
4tpw,O=C([O-])/C(Cc1ccccc1[N+](=O)[O-])=N/Nc1nc(-c2ccc(Cl)c(Cl)c2)cs1
1nja,Nc1ccn(C2CC(O)C(COP(=O)(O)O)O2)c(=O)n1
4i74,O=c1[nH]cnc2c(C[N@H+]3C[C@H](O)[C@H](O)[C@H]3CO)csc12
1pyn,COC(=O)c1c(O)cccc1OCCCCNC(=O)[C@H](Cc1ccc(OC(C(=O)[O-])C(=O)[O-])cc1)NC(=O)OC(C)(C)C
4xaq,[NH3+][C@@]1(C(=O)[O-])CC[C@H]2[C@H](C(=O)[O-])[C@H]21
6d5j,Cc1cc(Cn2c(N3CC[NH2+]CC3)nc3ccc(Cl)cc32)cc(C)c1F
4bqs,O=C([O-])C1=C[C@H]2OCC=C[C@@](O)(C1)[C@H]2O
2jfz,CC(C)Cn1c(=O)n(C)c(=O)c2c(-c3ccncc3)n(Cc3cccc4ccccc34)nc21
2xb8,COc1ccc(C[C@H]2C(=O)[C@@H](O)[C@H](O)C[C@]2(O)C(=O)[O-])cc1
6mku,NC(=[NH2+])NCCC[C@H]([NH3+])C(=O)[O-]
6euw,O=C([O-])[C@H]1[C@H]2CC[C@H](CC2)[C@@H]1Nc1nc(-c2[nH]nc3ncc(F)cc23)ncc1F
2v8w,C[n+]1cn(C2OC(COP(=O)(O)OP(=O)(O)OP(=O)(O)O)C(O)C2O)c2nc(N)[nH]c(=O)c21
2y8c,O=C(NCCO)[C@H](CCOC(c1ccccc1)(c1ccccc1)c1ccccc1)Cn1ccc(=O)[nH]c1=O
1c70,CC(C)(C)NC(=O)[C@@H]1C[N@H+](Cc2cc3ccccc3o2)CC[N@H+]1C[C@@H](O)C[C@@H](Cc1ccccc1)C(=O)N[C@H]1c2ccccc2C[C@H]1O
3d52,O=C(Nc1ccc(Cl)cc1)O/N=C1\N[C@H](CO)[C@@H](O)[C@H](O)[C@H]1O
6jbe,OC[C@H]1O[C@H](O)[C@H](O)[C@@H](O)[C@@H]1O
2qi7,CCC(=O)CCC(=O)N[C@@H](Cc1ccccc1)[C@H](O)CN(C[C@@H](C)CC)S(=O)(=O)c1ccc(OC)cc1
1g35,COC(=O)c1ccc(CN2[C@H](COc3ccccc3)[C@H](O)[C@@H](O)[C@@H](COc3ccccc3)N(Cc3ccc(CO)cc3)S2(=O)=O)cc1
3iqu,CC(O)C(NC(=O)C(COP(=O)(O)O)NC(=O)C(NC(=O)C(CO)NC(=O)C(CCCNC(=N)N)NC(=O)C([NH3+])CCC(N)=O)C(C)O)C(=O)O
1fq5,CC(C)C[C@@H]1NC(=O)C[C@H](O)[C@H](CC(C)C)NC(=O)[C@@H](NC(=O)C(Cc2cccc3ccccc23)Cc2cccc3ccccc23)CCC(=O)NCc2cccc(c2)CNC1=O
2i19,O=P(O)(O)C(CNc1ccccn1)P(=O)(O)O
1ws1,CCCCC[C@H](CC(=O)NO)C(=O)N[C@H](C(=O)N1CCC[C@H]1C(=O)[O-])C(C)C
4w9i,CC(=O)N1C[C@H](O)C[C@H]1C(=O)N1C[C@H](O)C[C@H]1C(=O)NCc1ccc(-c2scnc2C)cc1
6hh3,Nc1ncnc2c1ncn2C1OC(COP(=O)(O)OP(=O)(O)OCC2[NH2+]CC(O)C2O)C(O)C1O
6g24,O=C([O-])c1ccccc1/C=C/c1cccs1
2ya6,CC(=O)N[C@@H]1[C@@H](O)C=C(C(=O)[O-])O[C@H]1[C@H](O)[C@H](O)CO
5jxq,[NH2+]=c1[nH]c(=O)c2cc3[nH]c(NCCc4ccc(CCO)cc4)nc3cc2[nH]1
3su3,CC[C@@H]1C[C@]1(NC(=O)[C@@H]1C[C@@H]2CN1C(=O)[C@H](C(C)(C)C)NC(=O)OCC(C)(C)CCCCc1cccc3cn(cc13)C(=O)O2)C(=O)NS(=O)(=O)C1CC1
2vnp,C[NH+](C)CCOP(=O)(O)OP(=O)(O)O
6qlq,Cc1ccc(S[C@@H]2O[C@H](CO)[C@H](O)[C@H](n3cc(-c4ccc(F)cc4)nn3)[C@H]2O)cc1
1rnm,N=c1ccn(C2OC(COP(=O)(O)O)C(O)C2O)c(=O)[nH]1
2nsj,Nc1c(C(=O)O)ncn1C1OC(COP(=O)(O)O)C(O)C1O
3ekp,CC(C)CN(C[C@@H](O)[C@H](Cc1ccccc1)NC(=O)O[C@H]1CCOC1)S(=O)(=O)c1ccc(N)cc1
3f19,O=C(CNS(=O)(=O)c1ccc(F)cc1)NO
5zg1,CC(C)(C)c1ccc(C2C=CCN3CCS(=O)(=O)N=C23)cc1
3iss,CC(=O)NC1C(OP(=O)(O)OP(=O)(O)OCC2OC(n3ccc(=O)[nH]c3=O)C(O)C2O)OC(CO)C(O)C1OC(C)C(=O)O
2hzl,CC(=O)C(=O)[O-]
3f8c,CCOc1ccc(-c2nc3cc(-c4nc5ccc(N6CC[NH+](C)CC6)cc5[nH]4)ccc3[nH]2)cc1
2pwg,O[C@H]1C[N@@H+]2CC[C@H](O)[C@@H]2[C@@H](O)[C@@H]1O
5e2p,O=C(N[C@@H](Cc1ccccc1)C(=O)NCCc1cc(Cl)ccc1-n1cnnn1)c1ccc2[nH]c(=O)cc(O)c2c1
3djv,N=c1ccn(C2OC(CO)C(OP(=O)(O)O)C2O)c(=O)[nH]1
4avh,CCCSCCCO[C@H]1O[C@H](CO)[C@@H](O)[C@H](O)[C@@H]1O
6gfs,CCCCCCCCCCCCCCC(=O)[O-]
3sm2,CC(C)CN(C[C@@H](O)[C@H](Cc1ccccc1)NC(=O)O[C@H]1CCOC1)S(=O)(=O)c1ccc(N)cc1
1tsy,O=c1ccn(C2CC(O)C(COP(=O)(O)O)O2)c(=O)[nH]1
1pvn,NC(=O)C1=NCN(C2OC(COP(=O)(O)O)C(O)C2O)C1=O
4jzi,NC(=[NH2+])c1ccc(Oc2cc(C(=O)N[C@H]3CC[C@H]([NH3+])CC3)cc(Oc3ccc(C(N)=[NH2+])cc3)n2)cc1
4re2,OC[C@@H]1[C@@H](O)[C@H](O)[C@H](O)c2nccn21
1qbu,O=C(Nc1nccs1)c1cccc(CN2C(=O)N(CC3CC3)[C@H](Cc3ccccc3)[C@H](O)[C@@H](O)[C@H]2Cc2ccccc2)c1
4fxp,Nc1ncnc2c1ncn2C1OC(COP(=O)(O)OS(=O)(=O)O)C(O)C1O
5yft,O=P(O)(O)OCC1OC(OP(=O)(O)O)C(O)C1O
1qaw,[NH3+][C@@H](Cc1c[nH]c2ccccc12)C(=O)[O-]
5d1r,CCCCCCCCCCCC(=O)OC(C)C
6qgf,OC[C@H]1O[C@@H](SC[C@H](O)Cn2cc(-c3cccc(F)c3)nn2)[C@H](O)[C@@H](n2cc(-c3cccc(F)c3)nn2)[C@H]1O
1bq4,O=C([O-])c1c(C(=O)[O-])c(C(=O)[O-])c(C(=O)[O-])c(C(=O)[O-])c1C(=O)[O-]
4b6r,COc1ccc(C[C@@H]2C(=O)[C@@H](O)[C@H](O)C[C@]2(O)C(=O)[O-])cc1
5kh3,O=C([O-])CCc1nc2cc(Cl)ccc2s1
1s39,Nc1nc2ccccc2c(=O)[nH]1
5ka1,O=C([O-])C(=O)Nc1sc2c(c1C(=O)[O-])CC[NH2+]C2
6eqv,CC(C)[C@H](NC(=O)[C@H](CCCNC(N)=O)NC(=O)Cc1ccccc1)C(=O)N[C@@H](CCCNC(N)=[NH2+])C(=O)NCc1ccc(C(N)=[NH2+])cc1
4u6w,CCCC(CCC)C([NH3+])P(=O)(O)O
1fkg,CCC(C)(C)C(=O)C(=O)N1CCCC[C@H]1C(=O)O[C@H](CCc1ccccc1)c1ccccc1
5kax,CCNc1cc2c(cc1C)C(c1ccccc1C(=O)OCC)c1cc(C)c(NCC)cc1O2
4y5d,COC(=O)c1cccc(-c2cc3c(=O)[nH]ccc3o2)c1
3t0b,CC(C)S[C@@H]1O[C@H](CO)[C@H](O)[C@H](O)[C@H]1O
4qge,COc1ccc(NC(=O)[C@@H](C)Nc2nc3c(cnn3C3CCCC3)c(=O)[nH]2)cc1
6arm,O=[N+]([O-])c1ccccc1O[C@@H]1O[C@H](CO)[C@H](O)[C@H](O)[C@H]1O
1lgt,Oc1cccc(-c2ccccc2Cl)c1O
5tbm,CS(=O)(=O)c1ccc(Oc2cc(F)cc(C#N)c2)c2c1[C@H](O)C(F)(F)C2
5ttw,CC(C)C[C@H](NC(=O)[C@H](Cc1ccccc1)NC(=O)[C@H](CCCC[N+](C)(C)C)NC(=O)[C@H](CO)NC(=O)[C@@H]1CCC[NH2+]1)C(N)=O
3old,C[C@H]1O[C@H](O[C@@H]2[C@@H](CO)O[C@H](O[C@@H]3[C@@H](CO)O[C@H](O)[C@H](O)[C@H]3O)[C@H](O)[C@H]2O)[C@H](O)[C@@H](O)[C@@H]1[NH2+][C@H]1C=C(CO)[C@@H](O[C@H]2O[C@H](CO)[C@@H](O[C@H]3O[C@H](CO)[C@@H](O)[C@H](O)[C@H]3O)[C@H](O)[C@H]2O)[C@H](O)[C@H]1O
3dx2,C[S@@](=O)[C@@H]1[C@@H]([NH3+])[C@@H](O)[C@@H](O)[C@H]1O
5uov,COc1ccc(S(=O)(=O)N(CC(C)C)C[C@@H](O)[C@H](Cc2ccccc2)NC(=O)c2cccc(C(=O)N3CCC[C@@H]3c3nc(C)cs3)c2)cc1
6f90,OC[C@@H]1[C@@H](O)[C@H](O)[C@H](O)c2nccn21
4l19,Cc1ccc(CSc2nc3c(c(=O)[nH]2)CCC3)cc1
4oc3,O=C(N[C@@H](CCCCNC(=O)c1ccc(I)cc1)C(=O)[O-])N[C@@H](Cc1ccco1)C(=O)[O-]
4f6w,Cc1ccc(-n2nc(C(C)(C)C)cc2NC(=O)NCC[NH+]2CCN(C(=O)Nc3cc(C(C)(C)C)nn3-c3ccc(C)cc3)CC2)cc1
5m7u,CNC(=O)C[C@@H]1[C@H](O)[C@H](O)[C@@H](CO)[N@H+]1CCCc1cccc(C(F)(F)F)c1
4iif,O[C@H]1C[N@H+]2CC[C@H](O)[C@@H]2[C@@H](O)[C@@H]1O
2o4k,COC(=O)N[C@H](C(=O)N[C@@H](Cc1ccccc1)[C@@H](O)C[N@H+](Cc1ccc(-c2ccccn2)cc1)NC(=O)[C@@H](NC(=O)OC)C(C)(C)C)C(C)(C)C
3td4,[NH3+][C@@H](CCC[C@@H]([NH3+])C(=O)[O-])C(=O)[O-]
3aaq,CCN(CC)c1ncnc2c1ncn2C1OC(COP(=O)(O)OP(=O)(O)C(Br)(Br)P(=O)(O)O)C(O)C1O
4z07,Nc1nc2c(ncn2C2OC3COP(=O)(O)OC3C2O)c(=O)[nH]1
5evb,O=C([O-])[C@H]1CS[C@@H]2CS[C@@H](CS)[N@H+]12
1hvl,CC(C)[C@H](NC(=O)N(C)Cc1ccccn1)C(=O)N[C@@H](Cc1ccccc1)[C@@H](O)[C@H](O)[C@H](Cc1ccccc1)NC(=O)[C@@H](NC(=O)N(C)Cc1ccccn1)C(C)C
5kqy,CC(C)CN(C[C@@H](O)[C@H](Cc1ccccc1)NC(=O)O[C@H]1CO[C@H]2OC=C[C@H]21)S(=O)(=O)c1ccc(N)cc1
1li2,Oc1ccccc1
1elc,CC(C)c1ccc(NC(=O)[C@H](Cc2ccccc2)NC(=O)[C@H](CCCC[NH3+])NC(=O)C(F)(F)F)cc1
1fkw,OC[C@H]1O[C@@H](n2cnc3cncnc32)[C@H](O)[C@@H]1O
2r38,NC(=O)c1ccc(S(=O)(=O)N(Cc2ccccc2)[C@H]2C[NH2+]C[C@@H]2N(Cc2ccccc2)S(=O)(=O)c2ccc(C(N)=O)cc2)cc1
4n9c,O=[N+]([O-])c1ccc2[nH]cnc2c1
5z66,OCC1=C[C@H]([NH2+][C@H]2C[C@H](CO)[C@@H](O)[C@H](O)[C@H]2O)[C@H](O)[C@@H](O)[C@@H]1O
2bz6,CCOc1cc(O[C@@H]2CCOC2)c(F)c([C@@H](Nc2ccc(C(N)=[NH2+])cc2)C(=O)[O-])c1
3bgc,Nc1ccc(S(=O)(=O)N(CC[NH2+]CCN(Cc2ccccc2)S(=O)(=O)c2ccc(N)cc2)Cc2ccccc2)cc1
1b6k,CC[C@H](C)[C@@H]1NC(=O)[C@@H]([NH2+]C[C@@H](O)[C@H](Cc2ccc(O)cc2)NC(=O)[C@H](C(C)C)N2CCCC2=O)Cc2ccc(cc2)OCCCNC1=O
4qfo,CSCC[C@H]([NH3+])C(=O)N[C@@H](CC(C)C)C(=O)[O-]
6d5h,Cc1cc(Cn2c(N3CC[NH2+]CC3)nc3c(-c4ccccc4Cl)cc(Cl)cc32)cc(C)c1F
5ijr,NC(=[NH2+])NCCCC[C@H]([NH3+])C(=O)[O-]
1mai,O=P(O)(O)OC1C(O)C(O)C(OP(=O)(O)O)C(OP(=O)(O)O)C1O
2i4w,CCOP(=O)(COc1ccc(C[C@H](NC(=O)O[C@H]2CO[C@H]3OCC[C@@H]23)[C@H](O)CN(CC(C)C)S(=O)(=O)c2ccc(OC)cc2)cc1)OCC
3l4x,O=S(=O)([O-])O[C@H]([C@H](O)C[S@+]1C[C@@H](O)[C@H](O)[C@H]1CO)[C@H](O)[C@@H](O)[C@@H](O)CO
2h4g,O=C([O-])COc1c(C(=O)[O-])sc(-c2ccc(O)cc2)c1Br
1v48,Nc1nc2c(ncn2CCCCC(F)(F)P(=O)(O)O)c(=O)[nH]1
3k37,CCC(CC)[C@H](NC(C)=O)[C@@H]1[C@H](O)[C@@H](C(=O)[O-])C[C@H]1NC(N)=[NH2+]
6c85,O=C1CCC(=O)CC1
3f6g,CC[C@H](C)[C@H]([NH3+])C(=O)[O-]
3alt,OC[C@H]1O[C@H](OC[C@H]2O[C@H](O)[C@H](O)[C@@H](O)[C@@H]2O)[C@H](O)[C@@H](O)[C@H]1O
4ezx,CSCC[C@H](NC(=O)[C@H](CC(C)C)NC(=O)[C@H](CCCNC(N)=[NH2+])NC(=O)[C@@H]([NH3+])CC(N)=O)C(=O)N[C@@H](CC(C)C)C(=O)N[C@H](C(=O)NCC(=O)[O-])[C@@H](C)O
3mjl,Nc1ncc[nH]1
1tcx,CC(C)[C@H](NC(=O)[C@H](Cc1ccccc1)C[C@H](O)[C@H](Cc1ccccc1)NC(=O)OC(C)(C)C)c1ncc[nH]1
2c94,O=c1[nH]c(=O)c2c([nH]1)n(CC(O)C(O)C(O)CO)c(=O)n2CCCCC(F)(F)P(=O)(O)O
1gai,C[C@H]1O[C@H](O[C@@H]2[C@@H](CO)O[C@H](O[C@@H]3[C@@H](CO)O[C@H](O)[C@H](O)[C@H]3O)[C@H](O)[C@H]2O)[C@H](O)[C@@H](O)[C@@H]1[NH2+][C@H]1C[C@H](CO)[C@@H](O)[C@H](O)[C@H]1O
3vf5,COc1ccc(S(=O)(=O)N(C[C@H]2CCC(=O)N2)C[C@@H](O)[C@H](Cc2ccccc2)NC(=O)O[C@@H]2C[C@@H]3CCO[C@@H]3C2)cc1
3mxd,CC(C)CN(C[C@@H](O)[C@H](Cc1ccccc1)NC(=O)[C@@H]1CN(c2ccccc2O)C(=O)O1)S(=O)(=O)c1ccc2c(c1)OCO2
1pgp,O=C(O)C(O)C(O)C(O)C(O)COP(=O)(O)O
3sug,CC[C@@H]1C[C@]1(NC(=O)[C@@H]1C[C@@H]2CN1C(=O)[C@H](C(C)(C)C)NC(=O)O[C@@H]1C[C@H]1CCCCCc1nc3ccc(OC)cc3nc1O2)C(=O)NS(=O)(=O)C1C=C1
6haz,Nc1nnc(-c2ccccc2O)cc1N1CC[NH2+]CC1
3c2r,O=C([O-])c1ccccc1C(=O)[O-]
1ecv,O=C([O-])C(=O)Nc1ccc(I)cc1C(=O)[O-]
3pgu,C/C=C/CCCC/C=C/CC(=O)[O-]
6t1j,O=C(NCc1ccc(C[NH+]2CCCC2)cc1)N1CCN(C(=O)c2cccs2)CC1
2vrj,CCCCCCCCNC(=S)N1[C@H]2CO[C@@H]1[C@H](O)[C@@H](O)[C@@H]2O
4dzy,O=C([O-])[C@@H](Cl)Cc1ccccc1
1k6v,C[C@H](c1ccccc1)[C@H](C[C@H](O)C[N@@H+]1CC[N@@H+](Cc2ccc3c(c2)OCO3)C[C@H]1C(=O)NC(C)(C)C)C(=O)N[C@H]1c2ccccc2C[C@H]1O
4x5z,N#Cc1cc2cc(C[N@H+]3CC[C@H](Nc4ncnc5sc(CC(F)(F)F)cc45)CC3)ccc2[nH]1
4x8u,O=C([O-])c1cc2cc(Cl)ccc2[nH]1
5.00E+74,CC(=O)n1cc(N(C(=O)c2cccc(C(F)(F)F)c2)c2cc(O)ccc2C)c2ccccc21
5lli,Cc1ncsc1-c1ccc(CNC(=O)[C@@H]2C[C@@H](O)CN2C(=O)[C@@H](NC(=O)C2(C#N)CC2)C(C)(C)C)cc1
3sfg,O=c1ccn([C@@H]2O[C@H](CO)[C@@H](O)[C@H]2O)c(=S)[nH]1
3c2u,OCC(CO)(CO)[NH2+]CCC[NH2+]C(CO)(CO)CO
4yzu,Cc1cc2nc(CCNC(=O)c3ccc(-n4cnnc4)cc3)[nH]c2cc1C
5yum,CC[C@H](C)[C@H]([NH3+])C(=O)[O-]
5ehq,Nc1ccc2c(c1)[C@H](c1ccccc1)N(CCCCCc1cn(CCNc3c4ccccc4nc4ccccc34)nn1)c1cc(N)ccc1-2
3b7j,O=C1C=CC(=O)c2c(O)cccc21
4uye,COc1ccccc1C(=O)Nc1cc2c(cc1N1CCCCC1)n(C)c(=O)n2C
3ejq,Cc1ccc(C(=O)C[C@H]2CC[C@@H](O)[C@@H]3[C@H](O)[C@H](O)C[N@@H+]23)cc1
2gvj,O=C(/C=C/c1cccnc1)NCCCCC1CCN(C(=O)c2ccccc2)CC1
6d17,O=c1cc(CP(=O)(O)O)c2cc3c(cc2o1)OCO3
4ew2,CS[C@@H](CCC[C@@H]1C(=[NH2+])NC(=[NH2+])NC1=O)c1ccc(C(=O)N[C@@H](CCC(=O)[O-])C(=O)[O-])cc1
1afk,Nc1ncnc2c1ncn2C1OC(COP(=O)(O)OP(=O)(O)O)C(OP(=O)(O)O)C1O
4b5t,CCC(=O)C(=O)[O-]
1b6h,CCC[C@H](NC(=O)[C@@H]([NH3+])CCCC[NH3+])C(=O)N[C@@H](CCCC[NH3+])C(=O)[O-]
5b5f,CNS(=O)(=O)c1cccc(-c2cc3c(o2)CC=NC3=O)c1
2cex,CC(=O)N[C@@H]1[C@@H](O)C=C(C(=O)[O-])O[C@H]1[C@H](O)[C@H](O)CO
4lm1,O=[N+]([O-])c1cccc2ncccc12
6jag,OC[C@H]1O[C@H](O[C@]2(CO)O[C@H](CO)[C@@H](O)[C@@H]2O)[C@H](O)[C@@H](O)[C@@H]1O
3r6u,C[N+](C)(C)CCO
6e1z,O=C([O-])c1ccc(Cn2ccnc2)o1
2zwz,C[C@@H]1[NH2+][C@H](C[NH3+])[C@@H](O)[C@H](O)[C@@H]1O
1det,Nc1nc2c(ncn2C2OC(CO)C(O)C2OP(=O)(O)O)c(=O)[nH]1
3n7a,O=C([O-])[C@]1(O)C=C[C@@H](O)[C@H](O)C1
3zj6,OC[C@@H]1[C@@H](O)[C@H](O)[C@@H](O)[C@@H]1[NH2+]CC1CCCCC1
3uri,CSCC[C@H]([NH2+]C[C@H](Cc1ccccc1)NC(=O)[C@H](CO)NC(=O)[C@H](CC(C)C)NC(=O)[C@H](Cc1cnc[nH]1)NC(=O)[C@@H]1CCC[NH2+]1)C(=O)N[C@@H](C)C(=O)N[C@@H](Cc1cnc[nH]1)C(=O)[O-]
6dh8,CCC(CC)CN(C[C@@H](O)[C@H](CC1CCCCC1)NC(=O)O[C@H]1CO[C@H]2OCC[C@@H]12)S(=O)(=O)c1ccc(N)cc1
3gc4,CNc1nc2cc3c(=O)[nH]c(=[NH2+])[nH]c3c(CC[NH2+]Cc3ccccc3)c2[nH]1
2uxi,O=C(CCc1ccc(O)cc1)c1c(O)cc(O)cc1O
2ovv,COc1cc2ncnc(N3CC[C@@H](Oc4ccc5ccccc5c4)C3)c2cc1OC
2qi1,COc1cccc(S(=O)(=O)N(Cc2cccs2)C[C@@H](O)[C@H](Cc2ccccc2)NC(=O)c2ccc(O)c(O)c2)c1
1os5,Cc1cc(SC2=C(O)C[C@@](CCc3ccc(O)cc3)(C3CCCC3)OC2=O)c(C(C)(C)C)cc1N
3nx7,COc1ccc(S(=O)(=O)N(CCO)CC(=O)NO)cc1
3t2w,O=C([O-])CCCC[C@@H]1SC[C@@H]2NC(=O)N[C@H]12
4cd4,OC[C@H]1O[C@@H](O[C@H]2[C@H](O)C[NH2+]C[C@@H]2CO)[C@@H](O)[C@@H](O)[C@@H]1O
1ppk,CCOC(=O)CP(=O)(O)C(CC(C)C)NC(=O)C(NC(=O)C(NC(=O)CC(C)C)C(C)C)C(C)C
2qci,CC(C)CN(C[C@@H](O)[C@H](Cc1ccccc1)NC(=O)O[C@H]1CO[C@H]2OCC[C@@H]12)S(=O)(=O)c1ccc2c(c1)OCO2
2x0y,Cn1c(=O)c2c(ncn2C[C@H](O)CO)n(C)c1=O
6d9x,c1ccc(-c2cn3cccc3[nH]2)cc1
3d51,OC[C@H]1N/C(=N\O)[C@H](O)[C@@H](O)[C@@H]1O
3fql,CNC(=O)c1c(-c2ccc(F)cc2)oc2cc(N(CCO)S(C)(=O)=O)c(C3CC3)cc12
2i4z,CCCCCCCN(CCc1ccc(O[C@@](C)(CC)C(=O)[O-])cc1)c1nc2ccccc2o1
5m25,C[C@H](NC(=O)[C@@H]([NH3+])CO)C(=O)N[C@@H](CCCNC(N)=[NH2+])C(=O)N[C@@H](C)C(=O)NCc1ccc(NNc2ccc(CO)cc2)cc1
6phx,OC[C@H]1O[C@@](CO)(O[C@H]2O[C@H](CO[C@H]3O[C@H](CO)[C@H](O)[C@H](O)[C@H]3O)[C@@H](O)[C@H](O)[C@H]2O)[C@@H](O)[C@@H]1O
5yjm,CC[C@@H](NC(=O)N1C/C(=N/Oc2ccccc2)NC[C@@H](Cc2cc(Cl)ccc2OC)C1=O)c1ccc(C(=O)[O-])c(N)c1
4ih7,CC(C)(C)c1cccc(C2C=CC=NC2=O)c1
4dkq,NC(=[NH2+])N[C@H]1Cc2ccccc2[C@@H]1NC(=O)C(=O)Nc1ccc(Cl)c(F)c1
1lbk,[NH3+][C@@H](CCC(=O)N[C@@H](CS)C(=O)NCC(=O)[O-])C(=O)[O-]
3acw,O[C@]1(c2ccc(-c3ccccc3)cc2)C[N@H+]2CC[C@@H]1CC2
3gst,[NH3+][C@@H](CCC(=O)N[C@@H](CS[C@@H]1c2ccccc2-c2ccccc2[C@H]1O)C(=O)NCC(=O)[O-])C(=O)[O-]
5upe,O=C(NCCCc1ccccc1)c1ccc(NC(=O)n2cc3ccccc3c2)cc1
1v11,Cc1ncc(C[n+]2csc(CCOP(=O)(O)OP(=O)(O)O)c2C)c(N)n1
3ao4,Cn1nc(-c2ccc3c(c2)OCO3)cc1N
4dq2,Nc1ncnc2c1ncn2C1OC(COP(=O)(O)OC/C=C/CCC2SCC3NC(=O)NC32)C(O)C1O
4iie,O[C@H]1[C@H]2CC[C@](O)([NH2+]2)[C@@H](O)[C@@H]1O
5e8f,COC(=O)[C@H](CS)NC(=O)[C@@H](NC(=O)[C@H](CCCC[NH3+])NC(=O)[C@H](CO)NC(=O)[C@@H]([NH3+])CCCC[NH3+])[C@@H](C)O
6ajr,O=c1cc[nH]c(=O)[nH]1
4fai,COc1ccc(NC(=S)NCCCn2ccnc2)cc1OC
4r3w,Nc1ncnc2c1ncn2C1OC(COP(=O)(O)O)C(O)C1OP(=O)(O)O
3bkl,O=C(CCC(O)(O)[C@H](Cc1ccccc1)NC(=O)c1ccccc1)N[C@@H](Cc1c[nH]c2ccccc12)C(=O)[O-]
6hzb,NC(=[NH2+])NCCC[C@@H]1NC(=O)CCCC(=O)NCCCC[C@@H](C(=O)N[C@@H](CCCC[NH3+])C(=O)NCc2ccc(C(N)=[NH2+])cc2)NC(=O)[C@H](CCCNC(N)=[NH2+])NC1=O
3f33,CC(C)c1cccc(C(C)C)c1O
3u90,CCCCCCCCCCCCOS(=O)(=O)[O-]
4ryd,CC(C)(C)[C@H](NC(=O)[C@H](CCCNC(N)=[NH2+])NC(=O)Cc1ccc(CNC(N)=[NH2+])cc1)C(=O)N[C@@H](CCCNC(N)=[NH2+])C(=O)NCc1ccc(C(N)=[NH2+])cc1
1b1h,[NH3+]CCCC[C@H]([NH3+])C(=O)N[C@@H](CCc1ccccc1)C(=O)N[C@@H](CCCC[NH3+])C(=O)[O-]
6udv,C[C@H]1C/C=C/[C@H](O)[C@@H]2CC[C@H]2CN2C[C@@]3(CCCc4cc(Cl)ccc43)COc3ccc(cc32)C(=O)NS(=O)(=O)[C@@H]1C
5wa8,COC(=O)C(C)NP(=O)(O)OCC1OC(n2cnc3c(N)ncnc32)C(O)C1O
1hpv,CC(C)CN(C[C@@H](O)[C@H](Cc1ccccc1)NC(=O)O[C@H]1CCOC1)S(=O)(=O)c1ccc(N)cc1
5ueu,COC(=O)C[C@@H]1N=C(c2ccc(Cl)cc2)c2c(sc(C)c2C)-n2c(C)nnc21
3kdd,CC1(C)SCN(C(=O)[C@@H](O)[C@H](Cc2ccccc2)NC(=O)COc2c(F)cccc2F)[C@@H]1C(=O)N[C@H]1c2ccccc2C[C@H]1O
4o9w,CC(C)CC(NC(=O)C(NC(=O)C(CO)NC(=O)C(CC(C)C)NC(=O)C([NH3+])C(C)C)C(C)OP(=O)(O)O)C(N)=O
4lko,COCCN1Cc2nc(C)c(C[NH3+])c(-c3ccc(Cl)cc3Cl)c2C1=O
5nap,COc1cc2c(cc1OC)C(=O)C(C[C@H]1CC[N@H+](Cc3ccccc3)CC1)=C2
1lgw,Nc1ccccc1F
4y0a,O=C([O-])C1C[C@@H](O)C(O)[C@H](O)C1
4tun,CNC(=O)CC(C)OP(=O)(O)OC
3cct,CC(C)c1c(C(=O)Nc2ccccc2O)c(-c2ccccc2)c(-c2ccc(F)cc2)n1CC[C@@H](O)C[C@@H](O)CC(=O)[O-]
3v3q,CCCCCCCC(=O)c1cc(OC)c(OC)c(OC)c1CC(=O)OCC
1uz4,O=C1NC[C@H](CO)[C@@H](O)[C@@H]1O
6dz0,C#CCCCSC[C@H]1C[N@@H+](Cc2c[nH]c3c(N)ncnc23)C[C@@H]1O
2xd9,C/C=C/c1cc2c(s1)[C@@H](O)[C@H](O)C[C@]2(O)C(=O)[O-]
4er2,CC(C)CC(=O)N[C@H](C(=O)N[C@H](C(=O)N[C@@H](CC(C)C)[C@@H](O)CC(=O)N[C@@H](C)C(=O)N[C@@H](CC(C)C)[C@@H](O)CC(=O)[O-])C(C)C)C(C)C
3f17,O=NC(=O)CNS(=O)(=O)c1ccc(-c2ccccc2)cc1
1fzm,CC(C)C[C@H](NC(=O)CNC(=O)[C@H](CCC(N)=O)NC(=O)[C@H](Cc1ccc(O)cc1)NC(=O)[C@@H](NC(=O)[C@H](Cc1ccc(O)cc1)NC(=O)CNC(=O)[C@@H]([NH3+])CCCNC(N)=[NH2+])C(C)C)C(=O)[O-]
6s4n,CC(C)N1C(=O)C(NC2CCN(c3ncc(CC(=O)[O-])cc3Cl)CC2)=C(c2ccccc2)S1(=O)=O
1ppi,C[C@H]1O[C@H](O[C@@H]2[C@@H](CO)O[C@@H](O)[C@H](O)[C@H]2O)[C@H](O)[C@@H](O)[C@@H]1[NH2+][C@H]1C=C(CO)[C@@H](O[C@H]2O[C@H](CO)[C@@H](O[C@H]3O[C@H](CO)[C@@H](O)[C@H](O)[C@H]3O)[C@H](O)[C@H]2O)[C@H](O)[C@H]1O
4cc5,Clc1cncc(-c2nnc[nH]2)n1
5j41,COc1cc([C@H](CC(=O)[O-])SC[C@H](NC(=O)CC[C@H]([NH3+])C(=O)[O-])C(=O)NCC(=O)[O-])cc(OC)c1OC
6cbf,O=C([O-])c1cc(-c2cn[nH]c2)ccc1Oc1ccccc1
4np3,Cc1nc[nH]c1C[N@H+]1CCc2cccc(N)c2C1
3drg,C[C@H](NC(=O)[C@H](Cc1ccccc1)NC(=O)[C@@H]1CCCN1C(=O)[C@H](CO)NC(=O)[C@H](Cc1ccccc1)NC(=O)CNC(=O)[C@@H]1CCCN1C(=O)[C@@H]1CCCN1C(=O)[C@@H]([NH3+])CCCNC(N)=[NH2+])C(=O)[O-]
3x00,[NH2+]=C1N[C@@H]2[C@H](CCCCC(=O)NCCCCCC=O)SC[C@@H]2N1
1hvh,N#C[NH+]=C1N(Cc2ccc(CO)cc2)[C@H](Cc2ccccc2)[C@H](O)[C@@H](O)[C@@H](Cc2ccccc2)N1Cc1ccc(CO)cc1
2ovy,COc1cc2ncnc(N3CC[C@@H](Oc4cnc5ccccc5n4)C3)c2cc1OC
5g1z,CCOC(=O)c1cnc2ccc(OC)cc2c1SCCC#N
4b73,CC[C@@H]([NH2+][C@@H](C)CC(N)=O)c1ccc(Cl)c(Oc2ccccc2)c1F
4zyf,COc1cc2c(cc1OC(C)C)[C@H](c1ccc(Cl)cc1)N(c1ccc(N(C)C[C@H]3CC[C@H]([N@H+]4CCN(C)C(=O)C4)CC3)cc1)C(=O)C2
2gst,[NH3+][C@@H](CCC(=O)N[C@@H](CS[C@H]1c2ccccc2-c2ccccc2[C@@H]1O)C(=O)NCC(=O)[O-])C(=O)[O-]
4jyt,NC(=[NH2+])c1ccc(Oc2ccc(NS(=O)(=O)c3ccc4ccccc4c3)c(Oc3ccc(C(N)=[NH2+])cc3)n2)cc1
3pb8,CC(=O)NCCc1c[nH]cn1
6ays,CCCCCCSC[C@H]1C[N@@H+](Cc2c[nH]c3c(N)ncnc23)C[C@@H]1O
2r9w,O=C([O-])c1ccc2c(c1)C(=O)N([C@H](Cc1cccc3ccccc13)C(=O)[O-])C2=O
5a5q,Cc1cc2ccnc(NC3CC[NH2+]CC3)c2[nH]c1=O
5mro,O=C1[C@@H](Cc2ccccc2)C(Cl)=Nc2ncnn21
1ogx,C[C@]12CCc3c(ccc4cc(O)ccc34)[C@@H]1CCC2=O
1li6,Cc1cc[nH]c1
5vr8,O=c1ccn(C2OC(COP(=O)(O)OP(=O)(O)OC3OCC(O)C(O)C3O)C(O)C2O)c(=O)[nH]1
4ezr,CC[C@H](C)[C@H](NC(=O)[C@@H]1CCCN1C(=O)[C@H](CCCNC(N)=[NH2+])NC(=O)[C@@H]1CCCN1C(=O)[C@H](Cc1c[nH]cn1)NC(=O)[C@@H]([NH3+])CO)C(=O)N[C@@H](CCCNC(N)=[NH2+])C(=O)N[C@H](C(=O)[O-])C(C)C
3sww,COCCN1Cc2c(nc(C)c(C[NH3+])c2-c2ccc(Cl)cc2Cl)C1=O
6mg5,CCN(CC)c1ccc2c(C)cc(=O)oc2c1
5jgi,CC(=O)N[C@@H](CCCNC(N)=[NH2+])C(=O)[O-]
3pb9,c1ccc(Cn2ccnc2)cc1
4djq,CC[C@H](C)CN(C[C@@H](O)[C@H](Cc1ccccc1)NC(=O)OCCN1CCNC1=O)S(=O)(=O)c1ccc(OC)cc1
3mf5,C[C@H]1CC[C@H](c2ccccc2-c2cc(-c3ccccc3)sc2C(=O)[O-])CC1
1a9m,CC(=O)N[C@@H](CC1CCCCC1)[C@@H](O)C[C@H](C(=O)N[C@@H](CCC(N)=O)C(=O)N[C@@H](CCCNC(N)=[NH2+])C(N)=O)C(C)C
2bpy,C[C@H]1CC[C@@H](O)[C@H]1NC(=O)[C@H](Cc1ccccc1)C[C@H](O)C[N@@H+]1CCN(C(=O)c2cnc(N3CC[NH+](C)CC3)c(Cl)n2)C[C@H]1C(=O)NC(C)(C)C
2f2h,O=[N+]([O-])c1ccc(O[C@@H]2O[C@H](CS[C@H]3OC[C@@H](O)[C@H](O)[C@H]3O)[C@@H](O)[C@H](O)[C@H]2O)cc1
6qqq,COc1cc(COC(=O)c2cn[nH]c2)cc(-c2cccnc2)c1
5vkc,CC(=O)N1CCN(c2ccc(OCc3nn(C)c(C)c3-c3cccc4c(CCCOc5cccc6ccccc56)c(C(=O)[O-])n(Cc5cccnc5)c34)cc2)CC1
5yfs,O=P(O)(O)OCC1OC(OP(=O)(O)O)C(O)C1O
2cet,OC[C@@H]1[C@@H](O)[C@H](O)[C@@H](O)c2nc(CCc3ccccc3)cn21
3mfv,Nc1ncc(CC[C@H]([NH3+])C(=O)[O-])[nH]1
4cpw,COC(=O)N[C@H](C(=O)N/[N+](=C\c1ccc(-c2ccsc2)cc1)CCC[C@@]1(O)Cc2ccc(cc2)CC/C=C\NC(=O)[C@H](C(C)C)NC1=O)C(C)(C)C
2p3b,CC(C)[C@H](NC(=O)[C@H](C)NC(=O)OCc1ccccc1)C(=O)N[C@@H](Cc1ccccc1)[C@@H](O)[C@H](O)[C@H](Cc1ccccc1)NC(=O)[C@@H](NC(=O)[C@H](C)NC(=O)OCc1ccccc1)C(C)C
2q7q,[NH3+]Cc1ccc(Cl)cc1
5d2r,CC(=O)NC(CCP(=O)(O)CC(CCCC([NH3+])C(=O)O)C(=O)O)C(=O)O
2qnq,O=S(=O)(c1ccccc1Cl)N(Cc1ccccc1)[C@H]1C[NH2+]C[C@@H]1N(Cc1ccccc1)S(=O)(=O)c1ccccc1Cl
2wbg,CCCCCCCC/N=C1\OC[C@@H]2[C@@H](O)[C@H](O)[C@@H](O)[C@H](O)N12
2pk6,CSC[C@H](NC(=O)COc1cccc2cnccc12)C(=O)N[C@@H](Cc1ccccc1)[C@H](O)C(=O)N1CSC(C)(C)[C@H]1C(=O)N[C@H]1c2ccccc2C[C@H]1O
5t19,CNc1ccc(-c2ccc(C)c(N3CC(=O)NS3(=O)=O)c2)cc1
4b5s,CC(=O)C(=O)[O-]
1pbq,O=C([O-])c1cc(O)c2c(Cl)cc(Cl)cc2n1
2xeg,O=C([O-])CC[C@H](NC(=O)N[C@@H](CCCCn1cc(COCCOCCOCCOCCNc2ccc([N+](=O)[O-])cc2[N+](=O)[O-])nn1)C(=O)[O-])C(=O)[O-]
6nzv,CC[C@H]1[C@@H](C(=O)N[C@]2(C(=O)NS(=O)(=O)C3(C)CC3)C[C@H]2C(F)F)N2C[C@@H]1Oc1nc3cc(OC)ccc3nc1CCCCC[C@@H]1C[C@H]1OC(=O)N[C@@H](C(C)(C)C)C2=O
6j0o,Cc1cccc(-c2[nH]ncc2-c2ccc(F)c(-c3ccc(S(=O)(=O)CCO)cc3)c2)n1
1no6,O=C([O-])C(=O)N(c1ccccc1C(=O)[O-])c1cccc2ccccc12
5k1f,O=c1[nH]cnc2c1ncn2C1OC(COP(=O)(O)O)C(O)C1O
3ip9,[NH3+]CCCC(=O)[O-]
3pbb,COc1ccc(/N=C(/S)NCCCn2ccnc2)cc1OC
5wuk,CS(=O)(=O)c1ccc(-c2cnc(NCc3ccco3)n3cnnc23)cc1
2x91,[NH3+]CCCC[C@H]([NH2+][C@@H](CCc1ccccc1)C(=O)[O-])C(=O)N1CCC[C@H]1C(=O)[O-]
2cle,O=C(NCCOP(=O)(O)O)c1ccc(OC(F)(F)F)cc1
6ayi,O=C([O-])[C@H]1O[C@@H](Oc2ccc([N+](=O)[O-])cc2)[C@H](O)[C@@H](O)[C@@H]1O
5edb,Cc1nc2ccc(Cl)cc2c(-c2ccccc2)c1C(=O)[O-]
6fhu,CC[C@H](NC(=O)[C@H](C)[NH3+])C(=O)N[C@H](C(N)=O)[C@@H](C)O
1v1j,O=C([O-])[C@]1(O)C=C(F)[C@@H](O)[C@H](O)C1
1hi3,Nc1ncnc2c1ncn2C1OC(COP(=O)(O)O)C(O)C1OP(=O)(O)O
3d50,CCCCCCCC[NH2+][C@@H]1C=C(CO)[C@@H](O)[C@H](O)[C@H]1O
2ce9,CSCC[C@H]([NH3+])C(=O)N[C@@H](Cc1c[nH]c2ccccc12)C(=O)N[C@@H](CCCNC(N)=[NH2+])C(=O)N1CCC[C@H]1C(=O)N[C@@H](Cc1c[nH]c2ccccc12)C(=O)[O-]
1igb,[NH3+][C@H](Cc1ccc(I)cc1)C(=O)NO
4bt3,C[C@@H](O)[C@@](C)(O)C(=O)[O-]
1bp0,O=c1ccn(C2CC(O)C(COP(=O)(O)O)O2)c(=O)[nH]1
6iez,CCCCCc1ccc(-c2ccc(S(=O)(=O)CCO)cc2)cc1CCc1ccccn1
5kr1,CC(C)CN(C[C@@H](O)[C@H](Cc1ccccc1)NC(=O)O[C@H]1CO[C@H]2OC=C[C@H]21)S(=O)(=O)c1ccc(N)cc1
5edl,CC1=C(CCO)S[CH]N1Cc1cnc(C)nc1N
6n7b,COc1ccc(Cl)cc1-c1nn(C)cc1NC(=O)c1cncc2c[nH]nc12
2d3u,Cc1ccccc1S(=O)(=O)Nc1cc(-c2ccc(C#N)cc2)sc1C(=O)[O-]
2j7b,OC[C@@H]1[C@@H](O)[C@H](O)[C@@H](O)c2nnnn21
6d1g,Cc1cc(Br)c2c(CP(=O)(O)O)cc(=O)oc2c1
6ndl,Nc1ncnc2c1ncn2CCCCNS(=O)(=O)NC(=O)NCCCC[C@@H]1SC[C@@H]2NC(=O)N[C@H]12
6mj7,NC(=[NH2+])NCCC[C@H]([NH3+])C(=O)[O-]
1kav,O=P(O)(O)C(F)(F)c1ccc(/C=C/C=C/c2ccc(C(F)(F)P(=O)(O)O)cc2)cc1
3ocp,Nc1ncnc2c1ncn2C1OC2COP(=O)(O)OC2C1O
3g35,O=C(Nc1cccc(-c2nn[nH]n2)c1)c1cccc(F)c1
6b1k,Cn1ccc2ccc(-c3cn(-c4ccc(O)cc4)nn3)nc2c1=O
1q1g,CSC[C@H]1[NH2+][C@@H](c2c[nH]c3c(=O)[nH]cnc23)[C@H](O)[C@@H]1O
6r18,[NH3+]Cc1ccc(COC(=O)N[C@H]2CC(=O)NC2=O)cc1
3ovn,Cn1nc(-c2cccs2)cc1N
1b3h,[NH3+]CCCC[C@H]([NH3+])C(=O)N[C@@H](CC1CCCCC1)C(=O)N[C@@H](CCCC[NH3+])C(=O)[O-]
1q91,Cc1cn(C2CC3OC(c4ccccc4)(P(=O)(O)O)OCC3O2)c(=O)[nH]c1=O
5ot9,C[C@@H]([NH2+][C@@H](Cc1c[nH]cn1)C(=O)[O-])C(=O)[O-]
3cyx,CC(C)(C)NC(=O)[C@@H]1C[C@@H]2CCCC[C@@H]2C[N@H+]1C[C@@H](O)[C@H](Cc1ccccc1)NC(=O)[C@H](CC(N)=O)NC(=O)c1ccc2ccccc2n1
2flr,NC(=O)NCc1cccc(-c2cccc(-c3cc4cnccc4[nH]3)c2O)c1
4xtv,Nc1ncnc2c1ncn2[C@H]1CC[C@@H](CNS(=O)(=O)NC(=O)CCCC[C@@H]2SC[C@@H]3NC(=O)N[C@H]23)C1
3ddf,O=C1N[C@H](C[NH2+][C@@H](CO)c2ccccc2)[C@@H](O)[C@H]1O
3qbc,[NH2+]=c1[nH]c(=O)c2[nH]c(S)nc2[nH]1
5oht,O=S(=O)([O-])C[C@H]1C[NH2+]C[C@@H](O)[C@@H]1O
3f5j,OC[C@H]1O[C@@H](O[C@@H]2[C@@H](CO)O[C@@H](O[C@@H]3[C@@H](CO)O[C@@H](O[C@@H]4[C@@H](CO)O[C@@H](O)[C@H](O)[C@H]4O)[C@H](O)[C@H]3O)[C@H](O)[C@H]2O)[C@H](O)[C@@H](O)[C@@H]1O
5g5z,OC[C@H]1O[C@H](O[C@]2(CO[C@]3(CO)O[C@H](CO)[C@@H](O)[C@@H]3O)O[C@H](CO)[C@@H](O)[C@@H]2O)[C@H](O)[C@@H](O)[C@@H]1O
4kn1,Nc1nc(N)c2nc(CNc3ccc(C(=O)N[C@@H](CCC(=O)[O-])C(=O)[O-])cc3)cnc2n1
6ej2,CO[C@H]1CC[C@@]2(Cc3ccc(-c4cncnc4)cc3[C@@]23COC(=[NH2+])N3)C[C@@H]1C
3gk1,CCCCC#Cc1ccc(C(=O)NNC(=S)NC)o1
6hlx,O=C([O-])[C@@H]1CCC(=O)N1C[C@@H](O)[C@@H](O)[C@H](O)[C@H](O)CO
4o0y,CCNc1nc2ccc(C#CC(C)(C)O)cc2n1-c1ncnc(N)n1
1szd,Nc1ncnc2c1ncn2C1OC(COP(=O)(O)OP(=O)(O)OCC2OC(O)C(O)C2O)C(O)C1O
5dey,CNc1ncc2cc(-c3ccc(-c4cccc(C)n4)cc3Cl)c(=O)n(C[C@H]3OC[C@H]([NH3+])CO3)c2n1
6ayo,CCC[C@H]1C[N@@H+](Cc2c[nH]c3c(N)ncnc23)C[C@@H]1O
2fqt,[NH3+][C@@H](CCSC[C@@H](O)[C@@H](O)C(=O)NO)C(=O)[O-]
6dyy,CCCCn1cc(CCCSC[C@H]2C[N@@H+](Cc3c[nH]c4c(N)ncnc34)C[C@@H]2O)nn1
2bfq,Nc1ncnc2c1ncn2C1OC(COP(=O)(O)OP(=O)(O)OCC2OC(O)C(O)C2O)C(O)C1O
1.00E+66,CCC1=C[C@@H]2Cc3nc4cc(Cl)ccc4c(N)c3[C@H](C1)C2
2qnn,NC(=O)c1ccc(S(=O)(=O)N(Cc2ccc(C(F)(F)F)cc2)[C@H]2C[NH2+]C[C@@H]2N(Cc2ccc(C(F)(F)F)cc2)S(=O)(=O)c2ccc(C(N)=O)cc2)cc1
2wvt,OC[C@@H]1[NH2+][C@@H](CO)[C@@H](O)C(O)[C@@H]1O
3ddg,CN1C(=O)[C@H](O)[C@H](O)[C@H]1C[NH2+][C@@H](CO)c1ccccc1
4ayp,CO[C@H]1O[C@H](CO)[C@@H](O)[C@H](O)[C@@H]1S[C@H]1O[C@H](CO)[C@@H](O)[C@H](O)[C@@H]1O
6ny0,COCC(O)COC
5m23,CC(C)[C@H](NC(=O)c1ccc(/N=N/c2ccc(CNC(=O)[C@H](C)NC(=O)[C@H](CCCNC(N)=[NH2+])NC(=O)[C@H](C)NC(=O)[C@@H]([NH3+])CO)cc2)cc1)C(=O)[O-]
3fv3,CC(C)CC(=O)N[C@H](C(=O)N[C@H](C(=O)N[C@@H](CC(C)C)[C@@H](O)CC(=O)N[C@@H](C)C(=O)N[C@@H](CC(C)C)[C@@H](O)CC(=O)[O-])C(C)C)C(C)C
3hcm,Clc1ccc(-c2noc([C@@H]3CCC[NH2+]C3)n2)cc1
5evk,O=C([O-])[C@@H]1CS[C@H]2CS[C@H](CS)[N@H+]21
2jgs,O=C([O-])CCCC[C@@H]1SC[C@@H]2NC(=O)N[C@H]12
6n79,O=C(Nc1cn[nH]c1-c1cc(Cl)ccc1OC(F)F)c1cnn2cccnc12
2i4x,CCOP(=O)(COc1ccc(C[C@H](NC(=O)O[C@H]2CO[C@H]3OCC[C@@H]23)[C@H](O)CN(CC(C)C)S(=O)(=O)c2ccc(OC)cc2)cc1)OCC
5ufp,N#Cc1cc(F)cc(Oc2ccc(S(=O)(=O)C(F)F)c3c2CC(F)(F)[C@H]3O)c1
1uwu,O=NC1[NH2+][C@H](CO)[C@@H](O)[C@H](O)[C@H]1O
1e3v,C[C@H](CCC(=O)[O-])[C@H]1CC[C@H]2[C@@H]3CC[C@@H]4C[C@H](O)CC[C@]4(C)[C@H]3C[C@H](O)[C@@]21C
4lzs,CCc1c(C(=O)NC)[nH]c(C)c1C(C)=O
4gqq,CCOC(=O)/C=C/c1ccc(O)c(O)c1
1m0o,CCC(C)(/N=C/c1c(COP(=O)(O)O)cnc(C)c1O)P(=O)(O)O
4hla,CC(C)CN(C[C@@H](O)[C@H](Cc1ccccc1)NC(=O)O[C@H]1CO[C@H]2OCC[C@@H]12)S(=O)(=O)c1ccc(N)cc1
5n0f,OC[C@H]1O[C@H](SC[C@H]2C[NH2+]C[C@@H](O)[C@@H]2O)[C@@H](O)[C@@H](O)[C@@H]1O
1ctu,O=C1N[C@H](O)C=CN1[C@@H]1O[C@H](CO)[C@@H](O)[C@H]1O
1c83,O=C([O-])C(=O)Nc1cc2[nH]ccc2cc1C(=O)[O-]
1xbo,COC(=O)c1c(O)cccc1OC/C=C/c1cccc(-c2onc(C(=O)[O-])c2CO)c1
4mn3,CC(=O)N[C@@H](Cc1ccccc1)C(=O)N[C@@H](C)C(=O)N[C@@H](Cc1ccc(O)cc1)C(=O)N[C@@H](CCCC[N+](C)(C)C)C(=O)N[C@@H](CO)C(N)=O
1dif,CC(C)[C@H](NC(=O)N(C)Cc1ccccn1)C(=O)N[C@@H](Cc1ccccc1)C(O)(O)C(F)(F)[C@H](Cc1ccccc1)NC(=O)[C@@H](NC(=O)N(C)Cc1ccccn1)C(C)C
3fvl,O=C(CO)C[C@@H](Cc1ccccc1)C(=O)[O-]
4cra,Nc1ccc2c(CNC(=O)[C@H](Cc3ccccc3)NC(=O)c3ccc4[nH]c(=O)cc(O)c4c3)cccc2n1
4x8v,COC(=O)Nc1ccc(S(=O)(=O)C(C)C)c([C@H]2CCCN2C(=O)[C@H](Nc2ccc3c(c2)C(=O)NCC3)c2ccc(OC)c(OC)c2)c1
4omc,CC(C)[C@H](NC(=O)[C@H](CCCNC(N)=[NH2+])NC(=O)Cc1cccc(CNC(N)=[NH2+])c1)C(=O)N[C@@H](CCCNC(N)=[NH2+])C(=O)NCc1ccc(C(N)=[NH2+])cc1
3hkw,C=C(C)COc1ccc([C@H]2C3=C(CC(C)(C)CS3(=O)=O)Nc3c(O)cccc3N2C(=O)c2nc(C)oc2C)c(F)c1
4cd5,OC[C@H]1O[C@@H](O[C@H]2[C@H](O)[C@H](O)c3nccn3[C@@H]2CO)[C@@H](O)[C@@H](O)[C@@H]1O
3veh,C/C=C(\OC1=CCC[C@@H](C(=O)[O-])[C@@H]1O)C(=O)[O-]
1str,CC(=O)N[C@@H](CS)C(=O)N[C@@H](Cc1cnc[nH]1)C(=O)N1CCC[C@H]1C(=O)N[C@@H](CCC(N)=O)C(=O)N[C@@H](CC(N)=O)C(=O)N[C@H](C(N)=O)[C@@H](C)O
1hms,CCCCCCCC/C=C\CCCCCCCC(=O)[O-]
4pvx,O=P(O)(O)C(Nc1cc(-c2ccc(OC3C=C3)cc2)ccn1)P(=O)(O)O
3fur,O=S(=O)(Nc1cc(Cl)c(Oc2cnc3ccccc3c2)c(Cl)c1)c1ccc(Cl)cc1Cl
4tu4,Cc1noc(C)c1-c1cc(NS(=O)(=O)c2ccccc2)cc(C(=O)[O-])c1
2mas,Nc1ccc([C@@H]2[NH2+][C@H](CO)[C@@H](O)[C@H]2O)cc1
5b25,CN1C(=O)c2c(nn(Cc3ccc(-c4cccc(F)n4)cc3)c2Nc2ccccc2)N2C1=[NH+][C@@H]1CCC[C@@H]12
1ps3,O=C1N[C@@H]2[C@@H](O)[C@@H](O)[C@H](O)[C@@H](CO)N2C1=O
1y3p,O=C([O-])C1=C[C@H](O)[C@H](O)[C@H](O[C@@H]2[C@@H](C(=O)[O-])O[C@@H](O[C@@H]3[C@H](C(=O)[O-])O[C@@H](O[C@@H]4[C@@H](C(=O)[O-])O[C@H](O)[C@@H](O)[C@H]4O)[C@@H](O)[C@H]3O)[C@@H](O)[C@H]2O)O1
2q89,CC1=N[C@H](C(=O)[O-])[C@@H](O)CN1
6e9a,COc1ccc(S(=O)(=O)N(CC(C)C)C[C@@H](O)[C@H](Cc2ccccc2)NC(=O)O[C@@H]2C[C@@H]3NC(=O)O[C@@H]3C2)cc1
1ai5,O=C([O-])Cc1cccc([N+](=O)[O-])c1
4kz6,C[C@@H]1CCC[C@H](C(=O)[O-])N1C(=O)CCS
6cwh,CO[C@@H]1O[C@@H]2CO[C@](C)(C(=O)[O-])O[C@H]2[C@H](O)[C@@H]1NC(C)=O
2vwo,O=C(C[N@@H+]1C[C@H](F)[C@@H](NC(=O)c2ccc(Cl)s2)C1)Nc1ccc(-n2ccccc2=O)cc1F
5m7s,CC/N=C1/N[C@H]2[C@H](O[C@H](CO)[C@@H](O)[C@@H]2O)S1
2pwr,NC(=O)c1ccc(S(=O)(=O)N(Cc2ccccc2)[C@H]2C[NH2+]C[C@@H]2N(Cc2ccccc2)S(=O)(=O)c2ccc(C(N)=O)cc2)cc1
4u8w,CC(C)CN(C[C@@H](O)[C@H](Cc1ccccc1)NC(=O)O[C@H]1CO[C@H]2OCC(F)(F)[C@H]21)S(=O)(=O)c1ccc(N)cc1
4buq,CCCCCCCO[C@H]1O[C@H](CO)[C@@H](O)[C@H](O)[C@@H]1O
4z0k,Cc1ccc(O)c2c3c(nn12)CC[C@@](C)(NC(=O)c1ccc(-n2cnnc2)cc1)C3
1b4z,[NH3+]CCCC[C@H]([NH3+])C(=O)N[C@@H](CC(=O)[O-])C(=O)N[C@@H](CCCC[NH3+])C(=O)[O-]
3tkw,CC(C)CN(C[C@@H](O)[C@H](Cc1ccccc1)NC(=O)O[C@H]1CO[C@H]2OCC[C@@H]12)S(=O)(=O)c1ccc(N)cc1
5wqc,CCN(Cc1cccnc1)C(=O)CN(c1ccc(OC)nc1)S(=O)(=O)c1ccccc1C
1w4q,O=c1ccn(C2OC(CO)C(OP(=O)(O)O)C2F)c(=O)[nH]1
1afl,Nc1ncnc2c1ncn2C1OC(COP(=O)(O)OP(=O)(O)O)C(O)C1OP(=O)(O)O
5avf,[NH3+]CCS(=O)(=O)[O-]
3gdt,O=c1cnn(C2OC(COP(=O)(O)O)C(O)C2O)c(=O)[nH]1
2pqb,O=C(O)C1=CC(OP(=O)(O)O)C(O)C(OC(OP(=O)(O)O)(C(=O)O)C(F)F)C1
3vfa,COc1ccc(S(=O)(=O)N(C[C@H]2CCC(=O)N2)C[C@@H](O)[C@H](Cc2ccccc2)NC(=O)O[C@@H]2C[C@@H]3CCO[C@@H]3C2)cc1
4pzv,CC1(C)Nc2nc(N)[nH]c(=O)c2N=C1C(=O)NCC(=O)NCCS(=O)(=O)C[C@H]1O[C@@H](n2cnc3c(N)ncnc32)[C@H](O)[C@@H]1O
1f74,CC(=O)N[C@H](CCC(=O)C(=O)[O-])[C@@H](O)[C@H](O)[C@H](O)CO
4k3h,CN(C)c1ccc(C(c2ccc(O)cc2)c2ccc(N(C)C)cc2)cc1
5fe9,C=C1CC(=O)N(C)c2cc(NS(C)(=O)=O)ccc21
3su4,CC[C@@H]1C[C@]1(NC(=O)[C@@H]1C[C@@H]2CN1C(=O)[C@H](C(C)(C)C)NC(=O)OCC(C)(C)CCCCc1cccc3cn(cc13)C(=O)O2)C(=O)NS(=O)(=O)C1CC1
4f7v,CC1(C)N=C2NC(=[NH2+])NC(=O)C2N=C1C(=O)NCC(=O)NCCS(=O)(=O)C[C@H]1O[C@@H](n2cnc3c(N)ncnc32)[C@H](O)[C@@H]1O
3pgl,COCCCOc1ccnc(C[S@@+](O)c2nc3ccccc3[nH]2)c1C
3nyd,O=[N+]([O-])c1ccc2nn[nH]c2c1
4umb,CC(OP(=O)(O)O)C(=O)O
4kyh,O=C([O-])Cc1nn(Cc2nc3cc(C(F)(F)F)ccc3s2)c(=O)c2ccccc12
2hs1,CC(C)CN(C[C@@H](O)[C@H](Cc1ccccc1)NC(=O)O[C@H]1CO[C@H]2OCC[C@@H]12)S(=O)(=O)c1ccc(N)cc1
3a5y,Nc1ncnc2c1ncn2[C@@H]1O[C@H](COS(=O)(=O)NC(=O)[C@@H]([NH3+])CCCC[NH3+])[C@@H](O)[C@H]1O
4luz,Cc1cccc(-n2nc(C(=O)[O-])cc2-c2ccc(OCc3ccc(-c4ccc(C(=O)[O-])o4)cc3)cc2)c1
3lpp,O=S(=O)([O-])O[C@H]([C@H](O)C[S@+]1C[C@@H](O)[C@H](O)[C@H]1CO)[C@H](O)[C@H](O)[C@@H](O)CO
6ckr,Cn1cc(-c2ccc3c(=O)n(C)cc(-c4cccc(NS(C)(=O)=O)c4)c3c2)cn1
3ttm,[NH3+]CCCC[NH3+]
2qnp,O=S(=O)(c1ccccc1)N(Cc1ccc(I)cc1)[C@H]1C[NH2+]C[C@@H]1N(Cc1ccc(I)cc1)S(=O)(=O)c1ccccc1
1g7f,CCCCCNC(=O)[C@H](Cc1ccc(OC(C(=O)[O-])C(=O)[O-])cc1)NC(=O)N[C@@H](Cc1ccccc1)C(=O)[O-]
6g2f,Cc1noc(C)c1-c1ncn(C)c1-c1ccnc2cc(F)ccc12
1o7o,O=c1ccn(C2OC(COP(=O)(O)OP(=O)(O)O)C(O)C2O)c(=O)[nH]1
4ca8,O=C(NC(Cc1ccccc1)P(=O)(O)CC(Cc1cc(-c2ccccc2)no1)C(=O)NC(Cc1ccc(O)cc1)C(=O)O)OCc1ccccc1
2qbq,CC1(C)CC(Nc2cccc(-c3sc(C(=O)[O-])c(OCC(=O)[O-])c3Br)c2)CC(C)(C)C1
1uj5,O=C(CO)C(O)C(O)COP(=O)(O)O
5dhu,N#[N+2]=NC[C@H]1O[C@@H](n2c(SCC(=O)NCCc3c[nH]c4ccccc34)nc3c(N)ncnc32)[C@H](O)[C@@H]1O
2v3d,CCCC[N@@H+]1C[C@H](O)[C@@H](O)[C@H](O)[C@H]1CO
1ec3,CC(C)[C@H](NC(=O)[C@H](OCc1ccccc1)[C@H](O)[C@@H](O)[C@@H](OCc1ccccc1)C(=O)N[C@H](C(=O)NCc1ccccn1)C(C)C)C(=O)NCc1ccccn1
1fm9,Cc1oc(-c2ccccc2)nc1CCOc1ccc(C[C@H](Nc2ccccc2C(=O)c2ccccc2)C(=O)[O-])cc1
2xp7,O=C([O-])c1nc(-c2ccccc2)[nH]c1C(=O)[O-]
5fck,C[C@@H](NC(=O)[C@@H]1C[C@H]2C[C@H]2N1C(=O)Cn1nc(C(N)=O)c2ccncc21)c1cccc(Cl)c1F
6qlr,Cc1ccc(S[C@@H]2O[C@H](CO)[C@H](O)[C@H](n3cc(-c4cc(F)cc(F)c4)nn3)[C@H]2O)cc1
6pvw,Nc1ncnc2c1ncn2C1OC(COP(=O)(O)OP2(=O)OP(=O)(O)OP(=O)(O)OP(=O)(O)O2)C(O)C1O
6d50,O=C([O-])[C@H]1OC(=O)[C@H](O)[C@@H](O)[C@@H]1O
5ceq,N#Cc1ccnc(Nc2cc([C@H]3CC[N@H+](C4COC4)CC3)n(C3CCCC3)n2)c1
5u11,CNC(=O)CSc1nc2c(=O)[nH]c(N)nc2[nH]1
3ppq,C[N+](C)(C)CCO
5ovp,CC(=O)N[C@@H](CCC(N)=O)C(=O)N[C@@H](CC(C)C)C(=O)N[C@H](C(=O)N[C@H](C(=O)N[C@@H](CO)C(=O)N[C@@H](CC(C)C)C(=O)[O-])[C@@H](C)O)C(C)C
6mln,NC(=[NH2+])NCCC[C@H]([NH3+])C(=O)[O-]
5l30,Cc1cc2ccc1[C@@H](C)COC(=O)Nc1ccc(C3(c4nnn[nH]4)CC3)c(c1)CN(C)C(=O)[C@@H]2Nc1ccc2c(N)nccc2c1
3uw5,C[NH2+][C@@H](C)C(=O)N[C@H](C(=O)N1CCC[C@H]1C(=O)Nc1snnc1-c1ccccc1)C1CCCCC1
1b5i,NC(=O)C[C@H](NC(=O)[C@@H]([NH3+])CCCC[NH3+])C(=O)N[C@@H](CCCC[NH3+])C(=O)[O-]
4qij,CC(C)(COP(=O)(O)OP(=O)(O)OCC1OC(n2cnc3c(N)ncnc32)C(O)C1OP(=O)(O)O)C(O)C(=O)NCCC(=O)NCCSC(=O)c1ccc2ccccc2c1O
1moq,[NH3+]C1C(O)OC(COP(=O)(O)O)C(O)C1O
4pnu,O=C(Cn1c2c(c3cc(Br)ccc31)CC[C@@H](C(=O)[O-])C2)N[C@H](Cc1ccccc1)C(=O)[O-]
2xef,O=C([O-])CC[C@H](NC(=O)N[C@@H](CCCCn1cc(COCCOCCOCCOCCOCCOCCOCCOCCNc2ccc([N+](=O)[O-])cc2[N+](=O)[O-])nn1)C(=O)[O-])C(=O)[O-]
3dzt,CCCCC/C=C\C/C=C\CCCCC[C@@H](O)CCCC(=O)[O-]
1met,O=C1N(Cc2ccc(CO)cc2)[C@H](Cc2ccccc2)[C@H](O)[C@@H](O)[C@@H](Cc2ccccc2)N1Cc1ccc(CO)cc1
5qqp,COC(=O)Nc1ccc2c(c1)NC(=O)CC/C=C/C[C@H](N1CC[C@H](c3cccc(Cl)c3)CC1=O)c1nc-2c[nH]1
4nra,CC(=O)n1ccc2nc3ccc(Cl)cc3c-2c1
1ajx,O=C1N(Cc2ccccc2)[C@H](COc2ccccc2)[C@H](O)[C@@H](O)[C@@H](COc2ccccc2)N1Cc1ccccc1
2hb1,O=C([O-])COc1c(Br)csc1C(=O)[O-]
5bwc,O/N=C/C1=CCC=CN1CCCCCCCN1C=CC=C[C@H]1/C=N/O
3dri,C[C@H]([NH3+])C(=O)N[C@@H](C)C(=O)N[C@@H](CO)C(=O)N[C@@H](C)C(=O)N[C@@H](CO)C(=O)N[C@@H](C)C(=O)[O-]
3umq,CCCC(=O)[O-]
1ebw,CC[C@H](C)[C@H](NC(=O)[C@H](OCC1=CCC=CC1)[C@H](O)[C@@H](O)[C@@H](OCc1ccccc1)C(=O)N[C@H](C(=O)NC)[C@@H](C)CC)C(=O)NC
5tcj,N#C[C@@H]1[NH2+][C@@H](CO)[C@H]1c1ccc(-c2ccccc2F)cc1
6py0,CC(/C=C/C1[C@@H](C)CCCC1(C)C)=C\C=C\C(C)=C\CO
3bkk,O=C(CCC(O)(O)[C@H](Cc1ccccc1)NC(=O)c1ccccc1)N[C@@H](Cc1ccccc1)C(=O)[O-]
4pqa,C[C@H](CS)C(=O)N1CCC[C@H]1C(=O)[O-]
1uvt,Cc1cc(NS(=O)(=O)c2ccccc2)cc(OCCNc2ccncc2)c1
1hvi,CC(C)[C@H](NC(=O)N(C)Cc1ccccn1)C(=O)N[C@@H](Cc1ccccc1)[C@H](O)[C@H](O)[C@H](Cc1ccccc1)NC(=O)[C@@H](NC(=O)N(C)Cc1ccccn1)C(C)C
4ymx,NC(=[NH2+])NCCC[C@H]([NH3+])C(=O)[O-]
6rnt,Nc1ncnc2c1ncn2C1OC(CO)C(O)C1OP(=O)(O)O
4kif,O=C([O-])C(=O)Cc1ccccc1
3zsy,C[N@H+](Cc1ccccc1C(=O)NCC1CCCCC1)Cc1ccc2c(c1C(=O)[O-])OCO2
2xda,O=C([O-])[C@@]1(O)C[C@@H](O)[C@H](O)c2sc(CCC3CC3)cc21
6j9w,OC[C@H]1O[C@H](O[C@H]2O[C@H](CO)[C@@H](O)[C@H](O)[C@H]2O)[C@H](O)[C@@H](O)[C@@H]1O
4c52,CCCN(C(=O)N[C@@H](CSCC(C)C)C(=O)[O-])C(=O)c1cccc(C#Cc2ccc(F)cc2F)c1
2r43,Nc1ccc(S(=O)(=O)N(Cc2ccccc2)[C@H]2C[NH2+]C[C@@H]2N(Cc2ccccc2)S(=O)(=O)c2ccc(N)cc2)cc1
1j01,O=C1NCC[C@@H](O[C@@H]2OC[C@@H](O)[C@H](O)[C@H]2O)[C@@H]1O
2yfe,COc1cc(CCc2ccccc2)c(C(=O)[O-])c(O)c1CC=C(C)C
3b5r,C[C@](O)(COc1ccc(Cl)c(F)c1)C(=O)Nc1ccc(C#N)c(C(F)(F)F)c1
2fu8,C[C@H](CS)C(=O)N1CCC[C@@H]1C(=O)[O-]
6ftp,COc1cccc2c1C(=O)c1c(O)c3c(c(O)c1C2=O)C[C@@](O)(C(=O)CO)C[C@@H]3O[C@H]1C[C@H]([NH3+])[C@H](O)[C@H](C)O1
5evd,CC1(C)S[C@@H]2CS[C@@H](CS)[N@@H+]2[C@H]1C(=O)[O-]
5eq1,Cc1cccc2sc3nncn3c12
4q0k,C=C1C[C@]23C[C@@]1(O)CC[C@H]2[C@@]12C=C[C@H](O)[C@@](C)(C(=O)O1)[C@H]2[C@@H]3C(=O)[O-]
3nuo,CC(C)CN(C[C@@H](O)[C@H](Cc1ccccc1)NC(=O)O[C@H]1CCOC1)S(=O)(=O)c1ccc(N)cc1
3gvb,O=C([O-])[C@H]1CC(=O)N(c2ccccc2O)C1
1gpn,CC1=C[C@H]2Cc3[nH]c(=O)ccc3[C@]3(C1)[NH2+]CCC[C@H]23
5u13,COc1ccc(C(=O)CSc2nc3[nH]c(=[NH2+])[nH]c(=O)c3[nH]2)cc1
1ui0,O=c1cc[nH]c(=O)[nH]1
2xc0,COc1ccc(NC(=O)[C@H]2CN(S(C)(=O)=O)C[C@@H]2C(=O)Nc2ccc(-n3ccccc3=O)cc2F)cc1F
4dhl,Cc1ccc(-c2nc(C(=O)[O-])cs2)cc1
4zv1,NC(=[NH2+])NCCC[C@H]([NH3+])C(=O)[O-]
4qpd,[NH2+]=C1N=C2NC[C@H](CNc3ccc(C(=O)N[C@@H](CCC(=O)[O-])C(=O)[O-])cc3)[NH2+]C2C(=O)N1
3iae,COP(=O)(O)C(O)(C1CCCCC1)C1SC(CCOP(=O)(O)OP(=O)(O)O)C(C)[NH+]1CC1=CNC(C)[NH2+]C1[NH3+]
6dar,COc1cccc(C(=O)N(Cc2cccc(-c3cn4c(n3)CCC4)c2)CC2CC2)c1
4us3,[NH3+][C@@H](Cc1c[nH]c2ccccc12)C(=O)[O-]
5duw,O=S(=O)([O-])O[C@H]1[C@@H](O)[C@@H](CO)O[C@@H](O[C@@H]2[C@@H](CO)O[C@@H](O)[C@H](O)[C@H]2O)[C@@H]1O
1ado,O=C(CO)COP(=O)(O)O
6nu1,[NH3+][C@@H](CS)C(=O)[O-]
3l4w,OCC[N@@H+]1C[C@H](O)[C@@H](O)[C@H](O)[C@H]1CO
3vjc,C=C(CC[C@]12O[C@H](C(=O)[O-])[C@@](O)(C(=O)[O-])[C@](C(=O)[O-])(O1)[C@H](OC(=O)/C=C/[C@@H](C)C[C@@H](C)CC)[C@H]2O)[C@@H](OC(C)=O)[C@H](C)Cc1ccccc1
3zk6,C/C(=N\Nc1nc2ccccc2s1)c1ccc(-c2cccc(S(=O)(=O)NC(=O)CCCCCc3ccccc3)c2)o1
6fba,Oc1cc2ccccc2cc1O
1o5r,NC(=O)c1cn([C@@H](CO)CCn2ccc3ccc(NC(=O)NCc4ccccc4)cc32)cn1
3k4q,O=S(=O)([O-])O[C@H]1[C@H](OS(=O)(=O)[O-])[C@@H](OS(=O)(=O)[O-])[C@H](OS(=O)(=O)[O-])[C@@H](OS(=O)(=O)[O-])[C@H]1OS(=O)(=O)[O-]
2j47,CC(=O)N[C@H]1c2nc(C(=O)Nc3ccccc3)cn2[C@H](CO)[C@@H](O)[C@@H]1O
5m28,OC[C@H]1O[C@H](O[C@@H]2[C@@H](CO)O[C@H](O[C@@H]3[C@@H](CO)O[C@H](O)[C@H](O)[C@H]3O)[C@H](O)[C@H]2O)[C@H](O)[C@@H](O)[C@@H]1O
6e1y,C[C@H](NC(=O)c1cccc(C[NH+]=C2NCCN2)c1)c1cccc(Cl)c1
5zym,O=S(=O)(CCO)c1ccc(-c2ccc(C3CCCC3)c([C@@H]3C[C@@H]3c3ccccn3)c2)cc1
4ea2,CC(C)=CCC/C(C)=C\C[NH2+]CC[NH2+][C@H]1[C@@H]2C[C@H]3C[C@@H](C2)C[C@@H]1C3
2wzm,Nc1ncnc2c1ncn2C1OC(COP(=O)(O)OP(=O)(O)OCC2OCC(O)C2O)C(O)C1OP(=O)(O)O
5k8s,Nc1ncnc2c1ncn2C1OC2COP(=O)(O)OC2C1O
4zb6,[NH3+][C@@H](CCC(=O)N[C@@H](CSSC[C@H](NC(=O)CC[C@H]([NH3+])C(=O)[O-])C(=O)NCC(=O)[O-])C(=O)NCC(=O)[O-])C(=O)[O-]
1hvr,O=C1N(Cc2ccc3ccccc3c2)[C@H](Cc2ccccc2)[C@H](O)[C@@H](O)[C@@H](Cc2ccccc2)N1Cc1ccc2ccccc2c1
6qlt,Cc1ccc(S[C@@H]2O[C@H](CO)[C@H](O)[C@H](n3cc(-c4ccccc4F)nn3)[C@H]2O)cc1
2yz3,O=C([O-])[C@@H](CS)CCCc1ccccc1
3lzs,CC(C)CN(C[C@@H](O)[C@H](Cc1ccccc1)NC(=O)O[C@H]1CO[C@H]2OCC[C@@H]12)S(=O)(=O)c1ccc(N)cc1
6ayt,Nc1ncnc2c(C[N@@H+]3C[C@H](CSc4cnccn4)[C@@H](O)C3)c[nH]c12
5hz5,Clc1ccc2nc(N3CCCCC3)c(-c3nnn[nH]3)c(-c3ccccc3)c2c1
6n95,CC(C(=O)SCCNC(=O)CCNC(=O)C(O)C(C)(C)COP(=O)([O-])OP(=O)([O-])OCC1OC(n2cnc3c(N)ncnc32)C(O)C1OP(=O)([O-])[O-])S(=O)(=O)[O-]
6d1b,COc1ccc2c(CP(=O)(O)O)cc(=O)oc2c1
3w9k,CCCCCCCCCCCCCC(=O)[O-]
6dz2,Nc1ncnc2c(C[N@@H+]3C[C@H](CSCCCc4cn(Cc5ccccc5)nn4)[C@@H](O)C3)c[nH]c12
4crl,C[NH+](C)[C@H]1C[C@@]23CC[C@@]4(O2)C(=CC[C@]2(C)[C@@H](c5ccc6ccncc6c5)CC[C@@H]42)C=C3[C@@H](O)[C@@H]1O
3o75,O=P(O)(O)OCC1(O)OC(CO)C(O)C1O
5v79,Cn1c(SCC(=O)Nc2ccccc2)nc2c(=O)[nH]c(=[NH2+])[nH]c21
2w8j,Cc1ncc(COP(=O)(O)O)c(/C=N/C(CO)C(=O)O)c1O
2ves,O=C(NO)[C@@H](Cc1ccc2ccccc2c1)NS(=O)(=O)c1ccc2ccccc2c1
5ld8,CCCCS(=O)(=O)Nc1ccc2cnn(C)c2c1
4kwf,O=C1C(=O)N(Cc2ccccc2)c2ccccc21
2zy1,O=C(CP(=O)(O)O)NCCCc1cccc(Oc2ccccc2)c1
1ony,CCCCCNC(=O)[C@H](Cc1ccc(N(C(=O)C(=O)[O-])c2ccccc2C(=O)[O-])c(CCC(N)=O)c1)NS(C)(=O)=O
4xoc,CCCCCCCO[C@H]1O[C@H](CO)[C@@H](O)[C@H](O)[C@@H]1O
5d0c,CCN1C(=O)c2cccc3c(S(=O)(=O)NCC4CCN(C(C)=O)CC4)ccc1c23
1usn,CNC(=O)[C@H](Cc1c(F)c(F)c(F)c(F)c1F)NC(=O)Nc1nnc(S)s1
3wz8,O=C(CCNc1ccccc1)Nc1scc(-c2ccccc2)c1C(=O)NCc1ccccc1
6f9v,CS(=O)(=O)N[C@@H](CCCC[NH3+])C(=O)NC[C@H](CC1(C(=O)N[C@@H](Cc2ccc(O)cc2)C(=O)[O-])CCCC1)C(=O)[O-]
6s5k,O=C1C(Cc2ccccc2)=C(NCCCCc2ccccc2)C(=O)N1Cc1ccccc1
4g0p,O=C1CCN(C2OC(COP(=O)(O)O)C(O)C2O)C(=O)N1
3d8z,Cc1cn([C@@H]2C[C@@H](O)[C@H](C[NH+]3CCCC3)O2)c(=O)[nH]c1=O
5f2u,CC[C@H](C)[C@H](NC(=O)[C@@H](NC(=O)[C@H](CO)NC(=O)[C@@H]([NH3+])CO)[C@@H](C)O)C(=O)N1O[C@]1(CSCC[C@@H](C)CCC[C@H](C)CCCC(C)C)C(=O)OC
2zcr,CCCCc1ccc(-c2ccc(CCCC(P(=O)(O)O)S(=O)(=O)O)cc2)cc1
6pi5,[NH2+]=c1[nH]c(=O)c2[nH]cnc2[nH]1
1bjv,NC(=[NH2+])c1ccc(NC(=O)Nc2ccc(Oc3ccccc3)cc2)cc1
4ts1,[NH3+][C@@H](Cc1ccc(O)cc1)C(=O)[O-]
3cd7,CC(C)n1c(CC[C@@H](O)C[C@@H](O)CC(=O)[O-])c(-c2ccc(F)cc2)c(-c2ccc(F)cc2)c1C(=O)Nc1ccccc1
4tte,COC(=O)c1cc(N)cc(-c2c(C)noc2C)c1
6e5l,C=C(C)[C@@H]1CCC(C)=C[C@H]1c1c(O)cc(O)cc1CCCCC
2vb8,C=C/C(C)=C/[C@@]1(C)SC(=O)C(C)=C1O
1jmf,O=c1ccn(C2CC(O)C(COP(=O)(O)O)O2)c(=O)[nH]1
4f3k,Nc1ncnc2c(C[N@@H+]3C[C@H](CSCC[C@H]([NH3+])C(=O)[O-])[C@@H](O)C3)c[nH]c12
2hjb,COc1ccc(C[NH3+])cc1
6d1d,Cc1cc(C)c2c(CP(=O)(O)O)cc(=O)oc2c1
1rql,C=CS(=O)(=O)[O-]
5dx4,CCN1C(=O)c2cccc3c(NS(=O)(=O)c4cc(Br)ccc4OC)ccc1c23
5bs4,C[NH2+][C@H]1CO[C@@H]2OC[C@H](OC(=O)N[C@@H](Cc3ccccc3)[C@H](O)CN(CC(C)C)S(=O)(=O)c3ccc(N)cc3)[C@H]12
4r0a,O=c1ccn([C@@H]2O[C@H](CO)[C@@H](O)[C@H]2O)c(=O)[nH]1
3t6b,CC(C)[C@H]([NH3+])C(=O)N[C@H](C(=O)N[C@@H](Cc1ccc(O)cc1)C(=O)N1CCC[C@H]1C(=O)N[C@@H](Cc1c[nH]c2ccccc12)C(=O)[O-])C(C)C
5qay,Cn1cccc1-c1cccc(C(=O)[O-])c1
3wgg,NC(=O)C1=CN(C2OC(COP(=O)(O)OP(=O)(O)OCC3OC(n4cnc5c(N)ncnc54)C(O)C3O)C(O)C2O)C=CC1
1elr,CSCC[C@H](NC(C)=O)C(=O)N[C@@H](CCC(=O)[O-])C(=O)N[C@@H](CCC(=O)[O-])C(=O)N[C@H](C(=O)N[C@@H](CC(=O)[O-])C(=O)[O-])C(C)C
5y13,O=C([O-])CCCCNS(=O)(=O)c1ccc(Br)c2ccccc12
5ost,OC[C@H]1c2[nH]cnc2[C@H](O)[C@@H](O)[C@@H]1O
1pa9,O=[N+]([O-])c1ccc(O)c(OS(=O)(=O)[O-])c1
4aqh,CC(C)(C)OC(=O)N1CC(/[NH+]=c2/[nH]c(=O)c3cccnc3[nH]2)C1
4avi,COC(=O)CCCCCCCCO[C@H]1O[C@H](CO)[C@@H](O)[C@H](O)[C@@H]1O
6i8y,COc1cc2c(cc1OCCC[NH+]1CCCC1)NC(=[NH2+])C21CCC1
6g2r,N#Cc1c(F)c(F)c(-c2ccc(O[C@H]3O[C@H](CO)[C@@H](O)[C@H](O)[C@@H]3O)c(Cl)c2)c(F)c1F
4y2q,FC(F)(F)c1cccnc1N1CC[NH2+]CC1
5org,C[C@@H]([NH2+][C@@H](CCCNC(N)=[NH2+])C(=O)[O-])C(=O)[O-]
3bgs,O=c1[nH]cnc2c(C[N@H+]3C[C@@H](O)[C@H](CO)C3)c[nH]c12
3s0e,C=CCc1ccc(O)c(OC)c1
4ej8,O=C([O-])c1ccc2cc[nH]c2c1
4kxn,O=P(O)(O)OCC1OC(n2cnc3c(NCc4ccco4)ncnc32)C(O)C1O
1hbv,COC(=O)[C@@H](NC(=O)[C@@H](NC(=O)[C@H](C)[N@@H+]1CCC([C@H](C)NC(=O)[C@H](C)[NH3+])=C[C@@H](Cc2ccccc2)C1)C(C)C)C(C)C
3c89,CSCC[C@H](NC(=O)CNC(=O)[C@H](CCCNC(N)=[NH2+])NC(=O)[C@@H]([NH3+])CCCNC(N)=[NH2+])C(=O)O
3u9q,CCCCCCCCCC(=O)[O-]
4ghi,O=[N+]([O-])c1c(Nc2cc(F)cc(Cl)c2)ccc2nonc12
5om2,C[C@H]1c2cccc(O)c2C(=O)C2=C(O)[C@]3(O)C(=O)C(C(N)=O)=C(O)[C@@H]([NH+](C)C)[C@@H]3[C@@H](O)[C@@H]21
3cyw,CC(C)CN(C[C@@H](O)[C@H](Cc1ccccc1)NC(=O)O[C@H]1CO[C@H]2OCC[C@@H]12)S(=O)(=O)c1ccc(N)cc1
1b6l,CC(C)(C)NC(=O)[C@@H]1CCCC[N@H+]1C[C@@H](O)[C@@H]1Cc2ccc(cc2)OCCCC(=O)N[C@@H](CC(N)=O)C(=O)N1
4u0w,CC(=O)NC1C(O)OC(COP(=O)(O)O)C(O)C1O
3nim,C[C@H](NC(=O)[C@H](C)NC(=O)[C@H](CCCNC(N)=[NH2+])NC(=O)[C@@H]([NH3+])CCCNC(N)=[NH2+])C(=O)[O-]
4mpn,O=S(=O)(c1ccc(O)cc1O)n1cc2cc(O)cc(O)c2c1
5ovx,O=P(O)(O)C(O)c1ccc(-c2cccc(C(O)c3ccc(Cl)c(Cl)c3)c2)cc1
4tjz,CCCCCCC/C=C/C(=O)[O-]
3o9e,CCC(CC)CN(C[C@@H](O)[C@H](Cc1ccccc1)NC(=O)O[C@H]1CO[C@H]2OCC[C@@H]12)S(=O)(=O)c1ccc(N)cc1
4xar,[NH3+][C@@]1(C(=O)[O-])CC[C@H]2[C@H](C(=O)[O-])[C@H]21
4gu6,CN(c1ncccc1CNc1c(C#N)cnc2[nH]c(-c3ccccc3)cc12)S(C)(=O)=O
3rbu,O=C(O)CCC(CP(=O)(O)O)C(=O)O
4n5d,Cc1ncc2c(n1)N(C)C(=O)C(=N)C2
5dqf,O=C([O-])COCC[N@H+]1CC[N@H+]([C@@H](c2ccccc2)c2ccc(Cl)cc2)CC1
2uz9,O=c1[nH]c(=O)c2[nH]cnc2[nH]1
6euc,O[NH2+]Cc1nc(CCCCC[NH+]2CCOCC2)ccc1O
4mhy,COc1ccc(N/C(S)=N/CCCn2ccnc2)cc1OC
2vw1,CC(=O)N[C@@H]1[C@@H](O)C=C(C(=O)[O-])O[C@H]1[C@H](O)[C@H](O)CO
6pg3,CCCCc1ncc(CO)[nH]1
6b4n,COC(=O)c1coc(-c2ccc(S(=O)(=O)N(CC(C)C)C[C@@H](O)[C@H](Cc3ccccc3)NC(=O)O[C@H]3CO[C@H]4OCC[C@@H]34)cc2)n1
5vo1,CC(C)n1nc(-c2cnc(N)c(C(F)(F)F)c2)cc1[C@@H]1[C@H]2C[N@@H+](C3COC3)C[C@H]21
5o9o,OC[C@H]1O[C@@H](O[C@@H]2[C@@H](O)[C@H](O[C@H]3[C@H](O)[C@@H](CO)O[C@@H](n4cc(COCc5ccc6ccccc6c5)nn4)[C@@H]3O)O[C@H](CO)[C@H]2O)[C@H](O)[C@@H](O)[C@@H]1O
1lkl,CC(=O)NC(Cc1ccc(OP(=O)(O)O)cc1)C(=O)NC(CCC(=O)O)C(=O)NC(CCC(=O)O)C(=O)NCC(=O)O
1w5y,O=C(N[C@H]1c2ccccc2C[C@H]1O)[C@H](OCc1cc(F)ccc1F)[C@H](O)[C@@H](O)[C@@H](OCc1cc(F)ccc1F)C(=O)N[C@H]1c2ccccc2C[C@H]1O
3q6z,Nc1ncnc2c1ncn2C1OC(COP(=O)(O)OP(=O)(O)OCC2OC(O)C(O)C2O)C(O)C1O
4dst,Cc1[nH]c2cc(Cl)cc(Cl)c2c1CC[NH3+]
2r9x,O=C([O-])C[C@@H](Cc1cccc2ccccc12)N1C(=O)c2ccc(C(=O)[O-])cc2C1=O
1tq4,Nc1nc2c(ncn2C2OC(COP(=O)(O)OP(=O)(O)O)C(O)C2O)c(=O)[nH]1
5nwi,NC(=O)CC(NC(=O)C(COP(=O)(O)O)NC(=O)C(CO)NC(=O)C(Cc1ccccc1)NC(=O)C([NH3+])Cc1ccc(O)cc1)C(=O)O
4xu1,Nc1ncnc2c1ncn2[C@H]1C[NH2+]C[C@@H](COS(=O)(=O)NC(=O)CCCC[C@@H]2SC[C@@H]3NC(=O)N[C@H]23)O1
4ymq,C[C@H](CCO)N(C)C(=O)CCCN1c2ccccc2N(Cc2ccc(C(O)(C(F)(F)F)C(F)(F)F)cc2)S1(=O)=O
4j45,C[C@H]([NH3+])C(=O)N[C@H](C(=O)N[C@@H](C)C(=O)N[C@@H](C)C(=O)[O-])[C@@H](C)O
4og4,N#Cc1ccc(OCCC[N@H+]2CC[C@H]([C@](O)(c3ccccc3)C3CCCC3)CC2)cc1
4gr0,CC(NC(=O)C(C)NC(=O)C(Cc1cc(-c2ccc(-c3cccc(Cl)c3)cc2)no1)CP(=O)(O)c1ccc(Br)cc1)C(N)=O
4lhm,Cc1cn([C@H]2C[C@H](N=[N+2]#N)[C@@H](CO)O2)c(=O)[nH]c1=O
2sim,CC(=O)N[C@@H]1[C@@H](O)C=C(C(=O)[O-])O[C@H]1[C@H](O)[C@H](O)CO
6exs,CCC[C@@](C)(CCO)SC[C@H]([NH3+])C(=O)NCC(=O)[O-]
3ok9,COc1ccc(S(=O)(=O)N(CC(C)C)C[C@@H](O)[C@H](Cc2ccccc2)NC(=O)O[C@H]2CO[C@H]3O[C@@H]4OCC[C@@H]4[C@H]32)cc1
6gj6,C[NH+](C)Cc1[nH]c2ccccc2c1[C@H]1NC(=O)c2ccc(O)cc21
3sjf,CSCC[C@H](NC(=O)N[C@@H](CCCCNC(=O)c1ccc(I)cc1)C(=O)[O-])C(=O)[O-]
4zae,Cc1cc2nc([C@@H](CNC(=O)c3c(Cl)cc(-n4cnnc4)cc3Cl)c3ccccc3)[nH]c2cc1C
3fx6,O=C([O-])[C@H](Cc1ccccc1)CC(O)(O)C[N+](=O)[O-]
3f78,FC(F)O[C@@H](Cl)C(F)(F)F
5my8,O=C(Nc1cc(C(F)(F)F)ccc1N1CC[NH+](Cc2ccccn2)CC1)c1ccc(-c2ccncc2)o1
2vjx,O=C1NC[C@H](CO)[C@@H](O)[C@@H]1O
2qi5,CCCCCN(C[C@@H](O)[C@H](Cc1ccccc1)NC(=O)[C@@H](NC(C)=O)C(C)C)S(=O)(=O)c1ccc2ncsc2c1
3ggu,CC(C)CN(C[C@@H](O)[C@H](Cc1ccccc1)NC(=O)O[C@H]1CO[C@H]2OCC[C@@H]12)S(=O)(=O)c1ccc(N)cc1
1b40,[NH3+]CCCC[C@H]([NH3+])C(=O)N[C@@H](Cc1ccccc1)C(=O)N[C@@H](CCCC[NH3+])C(=O)[O-]
4k7o,CC(C)(C)c1ccc(O)c(O)c1
6ge7,CCCCCCCCCCCCCCCCCCC(=O)[O-]
4i71,Nc1ncnc2c(C[N@H+]3C[C@H](O)[C@H](O)[C@H]3CO)c[nH]c12
3vw1,CN(C)c1ccc(C(c2ccc(N(C)C)cc2)c2ccc(N(C)C)cc2)cc1
5ohy,O=S(=O)([O-])C[C@H]1C[NH2+]C[C@@H](O)[C@@H]1O
1lbf,O=C(O)c1ccccc1NCC(O)C(O)C(O)COP(=O)(O)O
4ual,O=C(Nc1cn[nH]c1-c1ccccn1)c1nn(C2CC[NH2+]CC2)cc1Cl
5czm,NC(=O)C(CCC(=O)O)NC(=O)C(CCC(=O)O)NC(=O)C(Cc1cc(-c2ccc(-c3cccc(Cl)c3)cc2)no1)CP(=O)(O)c1ccc(Br)cc1
1xap,C/C(=C\c1ccc(C(=O)[O-])cc1)c1ccc2c(c1)C(C)(C)CCC2(C)C
1g7v,O=C(O)C[NH+](CC(O)C(O)C(O)C(O)COP(=O)(O)O)CP(=O)(O)O
3zsq,C=CC[N@H+](Cc1ccccc1C(=O)N[C@@H](CCC)c1ccc(OC)cc1)Cc1ccc2c(c1C(=O)[O-])OCO2
4q4p,O=c1nc[nH]c2cc3[nH]c(NCC[NH+]4CCCCC4)nc3cc12
6evn,C[C@H](NC(=O)[C@@H]1CCCN1C(=O)CNC(=O)[C@@H]1CCCN1C(=O)[C@@H]1CCC[NH2+]1)C(=O)NCC(=O)N1CCC[C@H]1C(=O)N1CCC[C@H]1C(=O)NCC(=O)[O-]
5j7q,Oc1ccc(-c2cn3ccccc3n2)cc1O
2yel,Cc1nnc2n1-c1ccccc1C(c1ccccc1)=N[C@H]2NC(=O)OCc1ccccc1
3p8o,C=C[C@@H]1C[C@]1(NC(=O)[C@@H]1C[C@@H](Oc2cc(-c3csc(NC(=O)C(C)C)n3)nc3cc(OC)ccc23)CN1C(=O)[C@@H](NC(=O)OC1CCCC1)C(C)(C)C)C(=O)[O-]
4dfg,COC(=O)N[C@@H]1CO[C@@H]2C[C@H](OC(=O)N[C@@H](Cc3ccccc3)[C@H](O)CN(CC(C)C)S(=O)(=O)c3ccc(OC)cc3)C[C@H]12
5hvs,O=C([O-])c1cccc(Oc2cccc3nc(-c4cn(-c5ccc(O)c(F)c5)nn4)ccc23)c1
3hky,C=C(C)COc1ccc([C@H]2C3=C(CC(C)(C)CS3(=O)=O)Nc3c(O)cccc3N2C(=O)c2nc(C)oc2C)c(F)c1
4urz,Nc1ccc(S(=O)(=O)N2CCCCC2=O)cc1
2cbv,O[C@H]1[C@H]2CC[C@](O)([NH2+]2)[C@@H](O)[C@@H]1O
1hn4,CCCCCCCCCCCCCCCCOCC(COCC(F)(F)F)OP(=O)(O)OC
1b6j,CC[C@H](C)[C@H](NC(=O)[C@@H]1CCC[N@H+]1C[C@H](O)[C@@H]1Cc2ccc(cc2)OCCCC(=O)N[C@@H](CC(N)=O)C(=O)N1)C(=O)N[C@H](C(N)=O)C(C)C
2jjb,OC[C@H]1O[C@H](O[C@H]2C[N@@H+]3[C@H]([C@@H]2O)[C@@H](O)[C@H](O)[C@H]3CO)[C@H](O)[C@@H](O)[C@@H]1O
5ovc,CC(=O)N[C@@H](CCC(=O)[O-])C(=O)N[C@@H](C)C(=O)N[C@@H](CCC(N)=O)C(=O)N[C@H](C(=O)N[C@@H](CCCNC(N)=[NH2+])C(=O)N[C@@H](CC(C)C)C(=O)[O-])[C@@H](C)O
2q54,CC(=O)N[C@H](C(=O)N[C@@H](Cc1ccccc1)C[C@H](O)[C@H](Cc1ccccc1)NC(=O)[C@@H]1CN(c2cccc(C(C)=O)c2)C(=O)O1)C(C)C
1b3f,[NH3+]CCCC[C@H]([NH3+])C(=O)N[C@@H](Cc1cnc[nH]1)C(=O)N[C@@H](CCCC[NH3+])C(=O)[O-]
5dbm,C[C@@H]1CC(=O)Nc2cccc(-c3cnn(C(C)(C)C)c3)c2N1
2o4l,CCC[C@@]1(CCc2ccccc2)CC(O)=C([C@H](CC)c2cccc(NS(=O)(=O)c3ccc(C(F)(F)F)cn3)c2)C(=O)O1
3wz6,O=C(C[NH2+]Cc1ccccc1)Nc1scc(-c2ccccc2)c1C(=O)NCc1ccccc1
2xc4,O=C(Nc1ccc(Cl)cc1)[C@H]1C[N@H+](CC(F)(F)F)C[C@@H]1C(=O)Nc1ccc(-n2ccccc2=O)cc1F
6udi,CO[C@H]1/C=C/CCN(C)C(=O)C[C@](O)(C(=O)NS(=O)(=O)N(C)C)c2ccc3c(c2)N(C[C@@H]2CC[C@H]21)C[C@@]1(CCCc2cc(Cl)ccc21)CO3
3aho,CCCCC(NC(=O)C1CCCN1C(=O)CCP(=O)(O)C(Cc1ccccc1)NC(=O)C1CCCN1C(=O)C[NH3+])C(=O)O
3uev,CCCCCCCCCCCCCC(=O)[O-]
3nw3,CC(=O)N[C@H]1[C@@H](O)O[C@H](CO)[C@@H](O)[C@@H]1O[C@H](C)C(=O)N[C@@H](C)C(=O)N[C@H](CCC(N)=O)C(=O)[O-]
3nzk,C[C@@H](O)[C@H](NC(=O)c1ccc(C#Cc2ccc(C[NH+]3CCOCC3)cc2)cc1)C(=O)NO
6hgi,C[C@]12C[C@H](O)[C@H]3[C@@H](CCC4=CC(=O)CC[C@@]43C)[C@@H]1CC[C@@H]2C(=O)CO
1c86,O=C([O-])C(=O)Nc1sc2c(c1C(=O)[O-])CCOC2
5d45,O=C([O-])CCn1c(-c2ccccc2)c(-c2ccccc2)c2cc(C3CC3)ccc21
4wkn,CSC[C@H]1C[N@@H+](Cc2c[nH]c3c(N)ncnc23)C[C@@H]1O
3ttp,CC(C)CN(C[C@@H](O)[C@H](Cc1ccccc1)NC(=O)O[C@H]1CO[C@H]2OCC[C@@H]12)S(=O)(=O)c1ccc(N)cc1
5epn,CCc1nc2ccc(OC)cc2nc1O[C@@H]1C[C@H]2C(=O)N[C@]3(C(=O)NS(=O)(=O)C4CC4)C[C@@H]3CCCCCCC[C@H](NC(=O)OC(C)(C)C)C(=O)N2C1
1wcq,C[C@@H](O)[NH2+][C@@H]1[C@@H](O)C=C(C(=O)[O-])O[C@H]1[C@H](O)[C@H](O)CO
1eby,O=C(N[C@H]1c2ccccc2C[C@H]1O)[C@H](OCc1ccccc1)[C@H](O)[C@@H](O)[C@@H](OCc1ccccc1)C(=O)N[C@H]1c2ccccc2C[C@H]1O
6p88,O=C(Nc1cccc(NC(=O)c2ccco2)c1)c1ccc2c(c1)OCCO2
6qqv,N#Cc1ccccc1Cn1ccc2ccc(-c3cc(N)n[nH]3)cc21
5kr0,CC(C)CN(C[C@@H](O)[C@H](Cc1ccccc1)NC(=O)O[C@H]1CCOC1)S(=O)(=O)c1ccc(N)cc1
5f08,Cc1ccc(N2CCC(CCC(=O)N3CCCC3)CC2)cc1
5ih9,C[NH+]1CCN(c2ccc(-n3cc(-c4ccncc4OCC4CC[NH2+]CC4)cn3)cc2)CC1
1kzk,Cc1ccccc1CNC(=O)[C@H]1N(C(=O)[C@@H](O)[C@H](Cc2ccccc2)NC(=O)c2cccc(O)c2C)CSC1(C)C
3zm9,CN(C)C1=CCN(Cc2ccc(CCCCc3ccc(Cn4cnc5c(N)ncnc54)cc3)cc2)C=C1
1g98,O=C(O)C(O)C(O)C(O)COP(=O)(O)O
3d4z,OC[C@@H]1[C@@H](O)[C@H](O)[C@@H](O)c2nccn21
2a4m,[NH3+][C@@H](Cc1c[nH]c2ccccc12)C(=O)[O-]
3u5l,Cc1nnc2n1-c1ccc(Cl)cc1C(c1ccccc1)=NN2C
6mla,NC(=[NH2+])NCCC[C@H]([NH3+])C(=O)[O-]
1cbx,O=C([O-])C[C@@H](Cc1ccccc1)C(=O)[O-]
6d1k,O=P(O)(O)Cc1cccc2cccnc12
4ceb,C=CC[N@H+](Cc1ccccc1C(=O)NCc1ccc(OC)cc1)Cc1ccc2c(c1C(=O)[O-])OC[C@H](CCC(=O)[O-])O2
3rf5,O=C([O-])c1ccccc1NCc1ccco1
4o0x,Cc1nc2ccc(C#CC3(O)CCCCC3)cc2n1-c1ncnc(N)n1
2wkz,COC(=O)N[C@H](C(=O)N[N@H+](CC[C@@](O)(Cc1ccccc1)C(=O)N[C@H]1c2ccccc2C[C@H]1O)Cc1ccc(-c2ccccn2)cc1)C(C)(C)C
5d47,COc1cnccc1-c1c(-c2ccccc2)n(CCC(=O)[O-])c2ccc(C3CC3)cc12
5n17,CN1C(=O)c2ccccc2Sc2cc(NC(=O)[C@@H]3CCCO3)ccc21
2aog,CCCC[C@@H](C[NH2+][C@@H](CCCC)C(=O)N[C@@H](CCC(N)=O)C(=O)N[C@@H](CCCNC(N)=[NH2+])C(N)=O)NC(=O)[C@@H](NC(=O)[C@@H](NC(C)=O)[C@@H](C)O)[C@@H](C)CC
2r0h,CC(=O)N[C@H]1[C@H](O[C@@H]2[C@@H](CO)O[C@@H](O[C@@H]3[C@@H](CO)O[C@@H](O)[C@H](NC(C)=O)[C@H]3O)[C@H](NC(C)=O)[C@H]2O)O[C@H](CO)[C@@H](O)[C@@H]1O
1nhu,O=C([O-])[C@H](Cc1ccccc1)N(Cc1cccc(C(F)(F)F)c1)C(=O)c1ccc(Cl)cc1Cl
3ehy,COc1ccc(S(=O)(=O)N[C@H](C)C(=O)[O-])cc1
2uy0,COC(=O)N[C@H](C(=O)NN(Cc1ccc(Br)cc1)C(=O)CC[C@@](O)(Cc1ccccc1)C(=O)N[C@H]1c2ccccc2C[C@H]1O)C(C)(C)C
6g25,Cc1noc(C)c1-c1n[nH]cc1-c1ccncc1
3nht,CCCCCC/C=C/[C@H]1[C@@H]2O[C@H]3[C@@H]2[C@H]3[C@@H]1C/C=C\CCCCO
3gi4,CC(C)CN(C[C@@H](O)[C@H](Cc1ccccc1)NC(=O)[C@@H]1CN(c2cccc(C(F)(F)F)c2)C(=O)O1)S(=O)(=O)c1ccc2c(c1)OCO2
3c8a,CC(C)C[C@H](NC(=O)CNC(=O)[C@H](CCCNC(N)=[NH2+])NC(=O)[C@@H]([NH3+])CCCNC(N)=[NH2+])C(=O)O
6qqu,N#Cc1c(-c2ccc3cc[nH]c3c2)n[nH]c1N
3spf,C[N@H+]1CC[N@H+](CCCNC(=O)c2c(-c3ccccc3)c(-c3ccc(Cl)cc3)cn2CC[C@H](O)CO)CC1
4rsk,O=c1ccn(C2OC(CO)C(OP(=O)(O)O)C2O)c(=O)[nH]1
5t8p,NC(=O)c1ccc2c(n1)-c1sccc1CCO2
3b3x,[NH3+]C(CC(=O)[O-])(CC(=O)[O-])C(=O)[O-]
1wc1,Nc1ncnc2c1ncn2C1OC(CO[PH](=O)(=S)OP(=O)(O)OP(=O)(O)O)C(O)C1O
1oba,C[N+](C)(C)CCO
4bkt,CNC(=O)[C@@H]1C[C@@H](O)CN1C(=O)Cc1cc(C)no1
4pv5,CC1(C)[C@@H](O)CC[C@@]2(C)[C@H]1CC[C@]1(C)[C@@H]2C(=O)C=C2[C@@H]3C[C@@](C)(C(=O)[O-])CC[C@]3(C)CC[C@]21C
1b4h,[NH3+]CCCC[C@H]([NH3+])C(=O)N[C@@H](CC[NH3+])C(=O)N[C@@H](CCCC[NH3+])C(=O)[O-]
6dyv,C#CCCCSC[C@H]1C[N@@H+](Cc2c[nH]c3c(N)ncnc23)C[C@@H]1O
3kdb,Cc1cccc(C)c1OCC(=O)N[C@@H](Cc1ccccc1)[C@H](O)C(=O)N1CSC(C)(C)[C@H]1C(=O)N[C@H]1c2ccccc2C[C@H]1O
1mes,O=C1N(Cc2ccc(CO)cc2)[C@H](Cc2ccccc2)[C@H](O)[C@@H](O)[C@@H](Cc2ccccc2)N1Cc1ccc(CO)cc1
5yyf,C[C@H](NC(=O)[C@@H](NC(=O)[C@H](CCC(N)=O)[NH2+][C@H](O)OCc1ccccc1)[C@@H](C)O)C(=O)N[C@@H](CCCNC(N)=[NH2+])C(=O)N[C@@H](CCCCNC(=O)c1ccco1)C(N)=O
3f15,COc1ccc(S(=O)(=O)N(CC(=O)NO)C[C@H](O)CO)cc1
3st5,COc1ccc(S(=O)(=O)N(CC(C)C)C[C@@H](O)[C@H](Cc2ccccc2)NC(=O)O[C@H]2C[C@H]3OC[C@H](O)[C@H]3C2)cc1
5oei,O=C([O-])CCCC(=O)C(=O)[O-]
2oi2,CC(O)(CCOP(=O)(O)OP(=O)(O)O)CC(=O)O
1a99,[NH3+]CCCC[NH3+]
1ur9,CC(=O)N[C@H]1/C(=N/OC(=O)Nc2ccccc2)O[C@H](CO)[C@@H](O[C@@H]2O[C@H](CO)[C@@H](O)[C@H](O)[C@H]2NC(C)=O)[C@@H]1O
1jvu,N=c1ccn(C2OC(CO)C(O)C2OP(=O)(O)O)c(=O)[nH]1
4ibf,O=C([O-])Cc1ccc(N2C(=O)C(O)=C(C(=O)c3ccc(Cl)s3)[C@@H]2c2cc(Br)cs2)cc1
5cks,O=C(O)/C(CC(O)C(O)C(O)COP(=O)(O)O)=N/O
2y82,O=C1[C@@H](NS(=O)(=O)c2ccc3cc(Cl)ccc3c2)CCN1c1ccc([C@@H]2CCC[NH2+]2)cc1F
4y4j,[NH3+]C[C@H](O)c1ccc(O)c(O)c1
2avo,CC(C)(C)NC(=O)[C@@H]1C[N@H+](Cc2cccnc2)CC[N@H+]1C[C@@H](O)C[C@@H](Cc1ccccc1)C(=O)N[C@H]1c2ccccc2C[C@H]1O
1gvx,C[C@@H](O)[C@H](NC(=O)[C@@H]1CCC[NH2+]1)C(=O)N[C@@H](CCC(=O)[O-])C(=O)N[C@H](C[NH2+][C@@H](Cc1ccccc1)C(=O)N[C@@H](CCCNC(N)=[NH2+])C(=O)N[C@@H](CCC(=O)[O-])C(=O)[O-])Cc1ccccc1
2reg,C[N+](C)(C)CCO
4xxh,O=P(O)(O)OCC1OC(OC2OC(CO)C(O)C(O)C2O)C(O)C(O)C1O
2zmm,CNC(=O)N(c1cccc(-c2sc(C(=O)[O-])c(OCC(=O)[O-])c2Br)c1)C1CCCCC1
6ced,Cn1c(CCC(=O)[O-])nc2ccccc2c1=O
6upj,CC[C@@H](c1ccccc1)c1c(O)c2c(oc1=O)CCCCC2
5edd,O=c1ccn(C2CC(O)C(COP(=O)(O)NP(=O)(O)OP(=O)(O)O)O2)c(=O)[nH]1
1pzp,N#CC(CNc1ccc(Nc2ccccc2)cc1)c1nn[nH]n1
4cpz,CC(=O)N[C@@H]1[C@@H](NC(N)=[NH2+])C[C@H](C(=O)[O-])O[C@H]1[C@H](O)[C@H](O)CO
6nsv,CC(=O)N[C@@H](CC(C)C)C(=O)N[C@@H](Cc1c[nH]c2ccccc12)C(=O)N[C@@H](Cc1c[nH]c2ccccc12)C(=O)N1CCC[C@H]1C(=O)N[C@@H](CC(=O)[O-])C(=O)[O-]
1o0f,Nc1ncnc2c1ncn2C1OC(COP(=O)(O)O)C(OP(=O)(O)O)C1O
6r0v,O=C1C[C@H](NC(=O)c2cc([N+](=O)[O-])ccc2C(=O)[O-])C(=O)N1
3e3c,CCCCCC(=O)OCC(O)COP(=O)(O)O
6hay,Cc1ncsc1-c1ccc(CNC(=O)[C@@H]2C[C@@H](O)CN2C(=O)[C@@H](NC(=O)C2(F)CC2)C(C)(C)C)c(OCCOCCOCC[NH+]2CCN(c3cc(-c4ccccc4O)nnc3N)CC2)c1
4q9o,Cc1onc(-c2ccccc2Cl)c1C(=O)Nc1ccc(C(C)C)cc1
2v88,CNC(NC)=[NH+]CCC[C@H](NC(=O)[C@H](C)[NH3+])C(=O)N[C@H](C(=O)N[C@@H](CCCC[NH+](C)C)C(=O)N[C@@H](CCC(N)=O)C(=O)N[C@H](C(=O)N[C@@H](C)C(=O)N[C@@H](C)C(=O)[O-])[C@@H](C)O)[C@@H](C)O
1b55,O=P(O)(O)OC1C(O)C(OP(=O)(O)O)C(OP(=O)(O)O)C(OP(=O)(O)O)C1O
5e3a,CC(C)C[C@H](NC(=O)[C@H](Cc1ccccc1)NC(=O)CNC(=O)CNC(=O)[C@@H]([NH3+])Cc1ccc(O)cc1)C(=O)[O-]
4wko,Nc1ncnc2c(C[N@@H+]3C[C@H](CSCCCCO)[C@@H](O)C3)c[nH]c12
3s54,CC(C)CN(C[C@@H](O)[C@H](Cc1ccccc1)NC(=O)O[C@H]1CO[C@H]2OCC[C@@H]12)S(=O)(=O)c1ccc(N)cc1
4eb8,[NH2+]=c1[nH]c(=O)c2[nH]cc(C[N@H+]3C[C@H](O)[C@@H](CO)C3)c2[nH]1
4whs,Oc1ccc(F)cc1O
3p3r,O=C(c1cc(O)c(O)c([N+](=O)[O-])c1)c1ccccc1F
2zz1,N#Cc1cc(=O)[nH]c(=O)n1C1OC(COP(=O)(O)O)C(O)C1O
4omk,CC(C)CCC[C@@H](C)CCCC(C)CCCCC(C)CCC[C@H](C)CCCC(C)C
2qi6,CC(C)CN(C[C@@H](O)[C@H](Cc1ccccc1)NC(=O)c1cccc(O)c1)S(=O)(=O)c1ccc2ncsc2c1
2rkm,[NH3+]CCCC[C@H]([NH3+])C(=O)N[C@@H](CCCC[NH3+])C(=O)[O-]
3gta,C[NH2+][C@@H](C)C(=O)N[C@H](C(=O)N1CCC[C@H]1c1nc2c(-c3ccccc3)cccc2s1)C1CCCCC1
3k8o,O=c1[nH]cnc2c(C[NH2+][C@H](CO)[C@H](O)CO)c[nH]c12
6d16,COc1ccc2c(CP(=O)(O)O)cc(=O)oc2c1
3djq,O=c1ccn(C2OC(COP(=O)(O)OP(=O)(O)O)C(O)C2O)c(=O)[nH]1
2w8w,Cc1ncc(COP(=O)(O)O)c(/C=N/C(CO)C(=O)O)c1O
3vd4,CC(C)S[C@@H]1O[C@H](CO)[C@H](O)[C@H](O)[C@H]1O
1njs,Nc1nc(N)c(CCC[C@H](c2ccc(C(=O)N[C@@H](CCC(=O)[O-])C(=O)[O-])cc2)C(O)(O)C(F)(F)F)c(=O)[nH]1
6iht,[NH3+]CC(=O)NCC(=O)NC(COP(=O)(O)O)C(=O)O
6eqx,CC(C)[C@H](NC(=O)[C@H](CCCNC(N)=[NH2+])NC(=O)[C@H](CCCNC(N)=[NH2+])NC(=O)[C@@H]([NH3+])CCCNC(N)=[NH2+])C(=O)N[C@@H](CCCNC(N)=[NH2+])C(=O)NCc1ccc(C(N)=[NH2+])cc1
1ec2,CNC(=O)[C@@H](NC(=O)[C@H](OCc1ccc(-c2cccnc2)cc1)[C@H](O)[C@@H](O)[C@@H](OCc1ccc(-c2cccnc2)cc1)C(=O)N[C@H](C(=O)NC)C(C)C)C(C)C
6p8a,Cc1cc(C)c2c(-n3cccc3)nn(CC(=O)NCCC[NH+]3CCOCC3)c2n1
3cd5,CCc1c(C(=O)Nc2ccc(-c3ccccc3)cc2)c2c(n1CC[C@@H](O)C[C@@H](O)CC(=O)[O-])CCCCC2
3own,CC(C)CNC(=O)[C@@H](C[C@H](O)[C@@H]1COCc2cccc(c2)[C@@H](c2ccccc2)NC(=O)c2cc(cc(N(C)S(C)(=O)=O)c2)C(=O)N1)C(C)C
3iww,C=CC[C@H](NC(=O)N[C@@H](CCCCNC(=O)c1ccc(I)cc1)C(=O)[O-])C(=O)[O-]
6d55,Cc1cc(Cn2c(N3CC4(C[NH2+]C4)C3)nc3c(N4CC[NH+](C)CC4)cc(Cl)cc32)cc(C)c1F
3c88,NC(=[NH2+])NCCC[C@H]([NH3+])C(=O)N[C@@H](CCCNC(N)=[NH2+])C(=O)NCC(=O)N[C@@H](CS)C(=O)O
4zba,[NH3+][C@@H](CCC(=O)N[C@@H](CSSC[C@H](NC(=O)CC[C@H]([NH3+])C(=O)[O-])C(=O)NCC(=O)[O-])C(=O)NCC(=O)[O-])C(=O)[O-]
2gj5,C=C1CC[C@H](O)CC1CC[C@@H]1CCC[C@@]2(C)[C@H]1CC[C@@H]2[C@H](C)CCCC(C)C
1k4g,Nc1cc(CSc2ncc[nH]2)c2nc(N)[nH]c(=O)c2c1
3ppp,C[N+](C)(C)CC(=O)[O-]
3nox,Cc1nc2nc(C(=O)N3CCOCC3)cn2c(-c2ccc(Cl)cc2Cl)c1C[NH3+]
5nn6,OCC[N@@H+]1C[C@H](O)[C@@H](O)[C@H](O)[C@H]1CO
4bqh,Cc1ccc2c(c1Br)[C@@](O)(CC(=O)c1ccc3c(c1)OCO3)C(=O)N2
6oqb,CC[C@@H]1CC/C=C/[C@H](O)[C@@H]2CC[C@H]2CN2C[C@@]3(CCCc4cc(Cl)ccc43)COc3ccc(cc32)C(=O)NS1(=O)=O
1yqy,Cc1cc(S(=O)(=O)N[C@@H](C(=O)NO)C2CCOCC2)ccc1F
1rpf,N=c1ccn(C2OC(CO)C(OP(=O)(O)O)C2O)c(=O)[nH]1
2i0a,COc1ccc(S(=O)(=O)N(CC(C)C)C[C@@H](O)[C@H](Cc2ccccc2)NC(=O)[C@@H]2CN(c3ccc(C(C)=O)cc3)C(=O)O2)cc1
3drf,CC[C@H](C)[C@H](NC(=O)[C@H](CO)NC(=O)[C@H](CC(N)=O)NC(=O)[C@H](CO)NC(=O)[C@H](C)[NH3+])C(=O)N[C@@H](C)C(=O)N[C@@H](CO)C(=O)NCC(=O)[O-]
3f34,CCc1cccc(CC)c1O
6fo5,CCn1cnc2c1c(=O)[nH]c(=O)n2Cc1ccc(CNS(=O)(=O)c2ccc3c(c2)CCCC(=O)N3)cc1
4lm3,CC(=O)c1ccc2c(c1)OCCO2
1a30,CC(C)C[C@H](NC(=O)[C@H](CC(=O)[O-])NC(=O)[C@@H]([NH3+])CCC(=O)[O-])C(=O)[O-]
2qbr,O=C([O-])COc1c(C(=O)[O-])sc(-c2cccc(NCc3ccccc3)c2)c1Br
4wrb,COCCOc1ccc2nc(-c3cn(-c4ccc(O)cc4)nn3)ccc2c1
6nyv,C[C@@H]1C[NH2+]CCN1c1nc(Nc2cc(C(C)(C)C)n[nH]2)c2ccccc2n1
4yc0,O=C([O-])Cc1n[nH]c(=O)c2ccccc12
3g2y,CCc1c(C)[nH]n(-c2nnn[nH]2)c1=O
3b92,CC#CCOc1ccc(S(=O)(=O)CCCS)cc1
3pwk,O=C([O-])[C@H]1CC[C@H](C(=O)[O-])CC1
4i7m,CCCc1ccccc1O
2oym,CN(C)c1ccc(C(=O)NC[C@H]2[NH2+][C@H](CO)[C@@H](O)[C@@H]2O)cc1
5dh5,Cn1cc(CNc2cc(OC[C@H]3C[C@@H]3c3ccccn3)nc3ccnn23)cn1
5jhk,NC(=[NH2+])NCCC[C@H](NC(=O)CNC(=O)c1ccccc1)C(=O)[O-]
5qa8,O=C([O-])c1cccc(-c2ccc(O)cc2)c1
1l83,c1ccccc1
2vo4,O=[N+]([O-])c1ccc(CS)cc1
3o5x,Cn1c(-c2ccccc2)c(-c2cn(CCC(=O)Nc3ccc(-c4ccccc4)cc3)nn2)c2cc(C(=O)[O-])c(O)cc21
2gz2,Nc1ncnc2c1ncn2C1OC(COP(=O)(O)O)C(O)C1OP(=O)(O)O
1rmz,COc1ccc(S(=O)(=O)N(CC(=O)NO)CC(C)C)cc1
5er2,CC(C)CN(C[C@H](O)[C@H](CC1CCCCC1)NC(=O)[C@H](Cc1cnc[nH]1)NC(=O)[C@H](Cc1ccccc1)NC(=O)OC(C)(C)C)C(=O)N[C@@H](CCCC[NH3+])C(=O)N[C@@H](Cc1ccccc1)C(=O)[O-]
6qr1,N#Cc1c(N)n[nH]c1-c1ccc2c(Cl)cn(Cc3cccnc3)c2c1
6mlg,NC(=[NH2+])NCCC[C@H]([NH3+])C(=O)[O-]
6j0g,C/C(=C\COP(=O)(O)OP(=O)(O)O)CO
4kqp,NC(=O)CC[C@H]([NH3+])C(=O)[O-]
3k00,OC[C@H]1O[C@@H](O[C@@H]2[C@@H](CO)O[C@H](O[C@@H]3[C@@H](CO)O[C@H](O[C@@H]4[C@@H](CO)O[C@H](O)[C@H](O)[C@H]4O)[C@H](O)[C@H]3O)[C@H](O)[C@H]2O)[C@H](O)[C@H](O)[C@@H]1O
4j48,CSCC[C@H](NC(=O)[C@H](C)[NH3+])C(=O)N[C@@H](CCCNC(N)=[NH2+])C(=O)N[C@H](C(=O)[O-])C(C)C
1k9s,C[n+]1cnc2c([C@@H]3O[C@H](CO)[C@@H](O)[C@H]3O)n[nH]c2c1N
4dkp,[NH3+][C@H]1Cc2ccccc2[C@@H]1NC(=O)C(=O)Nc1ccc(Cl)c(F)c1
4jxs,O=C([O-])c1ccc(CNS(=O)(=O)c2ccsc2C(=O)[O-])cc1
1hvj,CC(C)[C@H](NC(=O)N(C)Cc1ccccn1)C(=O)N[C@@H](Cc1ccccc1)C[C@H](O)[C@H](Cc1ccccc1)NC(=O)[C@@H](NC(=O)N(C)Cc1ccccn1)C(C)C
3n2v,O=C(CN(CCO)S(=O)(=O)c1ccc(-c2ccccc2)cc1)NO
2bt9,CO[C@@H]1O[C@@H](C)[C@@H](O)[C@@H](O)[C@@H]1O
5mgk,CCC(=O)c1c[nH]c(C(=O)OC)c1
4l9i,Fc1ccc([C@@H]2CC[NH2+]C[C@H]2COc2ccc3c(c2)OCO3)cc1
1mrx,Cc1c(O)cccc1C(=O)N[C@@H](Cc1ccccc1)[C@H](O)C(=O)N1CSC(C)(C)[C@H]1C(=O)NC(C)(C)C
5cy9,CCCCS(=O)(=O)Nc1ccc2c3c(cccc13)C(=O)N2CC
3pcg,O=C([O-])Cc1ccc(O)cc1
4czs,NC(=O)[C@H](CC(=O)[O-])NC(=O)[C@H](Cc1ccc(O)cc1)NC(=O)[C@H](Cc1c[nH]c2ccccc12)NC(=O)C[NH2+]OCCO[C@H]1O[C@H](CO)[C@@H](O)[C@H](O)[C@@H]1O
2ri9,OC1[C@H](O)COC[C@H]1O
5lne,CC(=O)N[C@H]1[C@@H](O)O[C@H](CO)[C@H](O)[C@@H]1O[C@@H]1O[C@H](CO)[C@H](O)[C@H](O)[C@H]1O
3el9,COC(=O)N[C@H](C(=O)N[C@@H](Cc1ccccc1)[C@@H](O)C[N@H+](Cc1ccc(-c2ccccn2)cc1)NC(=O)[C@@H](NC(=O)OC)C(C)(C)C)C(C)(C)C
5hrw,CCCc1n[nH]c2oc(=O)c3ccccc3c12
1k1y,C[C@H]1O[C@H](O[C@@H]2[C@@H](CO)O[C@H](O[C@@H]3[C@@H](CO)O[C@H](O)[C@H](O)[C@H]3O)[C@H](O)[C@H]2O)[C@H](O)[C@@H](O)[C@@H]1[NH2+][C@H]1C=C(CO)[C@@H](O)[C@H](O)[C@H]1O
5zyl,O=S(=O)(CCO)c1ccc(-c2ccc(C3CCCC3)c([C@H]3C[C@H]3c3ccccn3)c2)cc1
3slz,CC(C)[C@H](NC(=O)[C@H](C)NC(=O)OCc1ccccc1)C(=O)N[C@@H](Cc1ccccc1)[C@@H](O)[C@H](O)[C@H](Cc1ccccc1)NC(=O)[C@@H](NC(=O)[C@H](C)NC(=O)OCc1ccccc1)C(C)C
2j79,OC[C@H]1N/C(=N\O)[C@H](O)[C@@H](O)[C@H]1O
1b5h,[NH3+]CCCC[C@H]([NH3+])C(=O)N[C@@H](C[NH3+])C(=O)N[C@@H](CCCC[NH3+])C(=O)[O-]
2pqz,O=S(=O)(c1ccccc1)N(Cc1ccccc1)[C@H]1C[NH2+]C[C@@H]1N(Cc1ccccc1)S(=O)(=O)c1ccccc1
6p3v,CC[NH+](CC)CCSc1nnc2c3cc(F)ccc3n(C)c2n1
1bdq,CC(C)[C@H](NC(=O)[C@H](Cc1ccccc1)C[C@H](O)[C@H](Cc1ccccc1)NC(=O)OC(C)(C)C)c1ncc[nH]1
5ufr,CN(C)c1nc2ccc([C@](O)(c3ccncc3)c3cncn3C)cc2c(Cl)c1-c1ccccc1
1k6t,C[C@H](c1ccccc1)[C@H](C[C@H](O)C[N@@H+]1CC[N@@H+](Cc2cccnc2)C[C@H]1C(=O)NC(C)(C)C)C(=O)N[C@H]1c2ccccc2C[C@H]1O
1iy7,NS(=O)(=O)N[C@@H](Cc1ccccc1)C(=O)[O-]
6dh7,CC[C@H](C)CN(C[C@@H](O)[C@H](Cc1ccccc1)NC(=O)O[C@H]1CO[C@H]2OCC[C@@H]12)S(=O)(=O)c1ccc(N)cc1
1v1m,Cc1ncc(C[n+]2csc(CCOP(=O)(O)OP(=O)(O)O)c2C)c(N)n1
1wdn,NC(=O)CC[C@H]([NH3+])C(=O)[O-]
4bc5,O=C(CO)[C@@H](O)[C@H](O)CF
5gj9,O=C([O-])c1cnccn1
4w9c,CC(C)(C)CC(=O)N1C[C@H](O)C[C@H]1C(=O)NCc1ccc(-c2cnco2)cc1
1n46,Cc1cc(-n2ncc(=O)[nH]c2=O)cc(C)c1Oc1ccc(O)c(C(C)C)c1
1ie9,C=C1/C(=C\C=C2/CCC[C@@]3(C)[C@H]2CC[C@@H]3[C@@H](C)CCCC(C)(C)O)C[C@@H](O)C[C@@H]1O
4xmr,CC[C@H](C)[C@H]([NH3+])C(=O)[O-]
3k8q,O=c1[nH]cnc2c(C[NH2+]C(CO)CO)c[nH]c12
4er1,CC[C@H](C)CNC(=O)[C@H](CC(C)C)C[C@H](O)[C@H](CC1CCCCC1)NC(=O)[C@H](Cc1cnc[nH]1)NC(=O)C(Cc1cccc2ccccc12)Cc1cccc2ccccc12
5d0r,Oc1c(Cl)cc(Cl)cc1Sc1cc(Cl)cc(Cl)c1O
3gx0,[NH3+][C@@H](CCC(=O)N[C@@H](CSSC[C@H](NC(=O)CC[C@H]([NH3+])C(=O)[O-])C(=O)NCC(=O)[O-])C(=O)NCC(=O)[O-])C(=O)[O-]
2c92,O=c1[nH]c(=O)c2c([nH]1)n(CC(O)C(O)C(O)CO)c(=O)n2CCCCCOP(=O)(O)O
3kmc,O=C(NCCc1cccs1)[C@H](O)[C@@H](O)C(=O)N1CC[NH2+]CC1
5vh0,c1cc2ccc3cccc4ccc(c1)c2c34
4i8n,O=C([O-])C(=O)Nc1ccc(C[C@@H](c2nc3ccccc3o2)S(=O)(=O)Nc2ccc(F)cc2)cc1
5fe7,Cc1nn(CCO)c2c1C(=O)CCC2
5fsc,C=CCO[C@H]1O[C@H](CO)[C@@H](OC)[C@H](O)[C@@H]1O
5y12,COc1ccc(S(=O)(=O)NCCCCC(=O)[O-])c2ccccc12
4yrd,CC(C)=C1C=CC=CC(=O)C1=O
4gr8,CC(NC(=O)C(C)NC(=O)C(Cc1cc(-c2ccccc2)no1)CP(=O)(O)c1ccc(Br)cc1)C(N)=O
6ep4,C[N+](C)(C)CCCCCCCCCC[N+](C)(C)C
5vp9,CC(C)(C)OC(=O)N[C@H]1CCCCC/C=C\[C@@H]2C[C@@]2(C(=O)NS(=O)(=O)C2CC2)NC(=O)[C@@H]2C[C@@H](OC3[NH2+]C4CCCCC4[NH2+]C3c3cccs3)CN2C1=O
6r1a,O=C1CC[C@H](NC(=O)OC[C@H]2CCC[NH2+]2)C(=O)N1
3zlr,[NH3+]Cc1ccc(OCCCc2sc(-c3ccc4c(c3)/C(=N/Nc3nc5ccccc5s3)CCC4)nc2C(=O)[O-])cc1
3wzn,O=C([O-])CCCC[C@@H]1SC[C@@H]2NC(=O)N[C@H]12
5c28,Cc1c(N)nc(C2CC2)nc1Cl
185l,c1ccc2[nH]ccc2c1
2r3t,NC(=O)c1ccc(S(=O)(=O)N(Cc2ccccc2)[C@H]2C[NH2+]C[C@@H]2N(Cc2ccccc2)S(=O)(=O)c2ccc(C(N)=O)cc2)cc1
4b6p,O=C1[C@@H](O)[C@H](O)C[C@](O)(C(=O)[O-])[C@@H]1Cc1c(F)c(F)c(F)c(F)c1F
6nco,CC(C)(O)c1ccc(-c2cc(Cl)cc(C3(C(N)=[NH2+])CCC3)c2)cc1
1cet,CC[NH+](CC)CCC[C@@H](C)Nc1ccnc2cc(Cl)ccc12
5l9l,NC(=O)CC[C@H]([NH2+]C[C@H](O)[C@@H](O)[C@H](O)[C@H](O)CO)C(=O)[O-]
1k6c,CC(C)(C)NC(=O)[C@@H]1C[N@H+](Cc2cccnc2)CC[N@H+]1C[C@@H](O)C[C@@H](Cc1ccccc1)C(=O)N[C@H]1c2ccccc2C[C@H]1O
5uff,C[C@@H]1O[C@@H](O[C@H]2[C@H](O[C@@H]3[C@@H](CO)O[C@@H](O)[C@H](O)[C@H]3O)O[C@H](CO)[C@H](O)[C@@H]2O)[C@@H](O)[C@H](O)[C@@H]1O
1fzk,CC(C)C[C@H](NC(=O)[C@H](C)NC(=O)[C@@H]1CCCN1C(=O)[C@H](Cc1ccc(O)cc1)NC(=O)[C@H](CC(N)=O)NC(=O)CNC(=O)[C@@H]1CCCN1C(=O)[C@H](C)NC(=O)[C@@H]([NH3+])Cc1ccccc1)C(=O)[O-]
5eyr,C[NH2+]Cc1ccc(N2CCC(CCC(=O)n3cccc3)CC2)cc1
5g5f,[NH3+][C@@H](CCC(=O)N[C@@H](CS)C(=O)NCC(=O)[O-])C(=O)[O-]
2yay,O=C1NC(O)=CCN1C1CC(O)C(COP(=O)(O)NP(=O)(O)OP(=O)(O)O)O1
4leq,CNc1nc2c(CC[C@H]3O[C@@H](OC)[C@H](O)[C@@H]3O)c3[nH]c(=[NH2+])[nH]c(=O)c3cc2[nH]1
4ra1,O=P(O)(O)OC1C(O)OC(CO)C(O)C1O
3th9,C[C@H]1Cc2cc(F)ccc2S(=O)(=O)N(C[C@@H](O)[C@H](Cc2ccccc2)NC(=O)OC(C)(C)C)C1
5gs9,NC(=[NH2+])NCCC[C@H]([NH3+])C(=O)[O-]
3usx,CCCCCCCCCCCCCC(=O)[O-]
5ehv,O=C([O-])/C=C/c1cccc(OCc2cccc(CC(=O)[O-])c2)c1
2ceq,OC[C@@H]1[C@@H](O)[C@H](O)[C@@H](O)c2nccn21
6ic2,NS(=O)(=O)NCCNc1nonc1/C(=N\O)Nc1ccc(F)c(Br)c1
3el5,Cc1c(O)cccc1C(=O)N[C@@H](CSc1ccccc1)[C@H](O)C[N@@H+]1C[C@H]2CCCC[C@H]2C[C@H]1C(=O)NC(C)(C)C
4in9,[NH3+][C@@H](CO)C(=O)N[C@@H](Cc1c[nH]c2ccccc12)C(=O)N[C@@H](Cc1ccccc1)C(=O)N1CCC[C@H]1C(=O)[O-]
2i4j,CCCCCCCN(CCc1ccc(O[C@](C)(CC)C(=O)[O-])cc1)c1nc2ccccc2o1
186l,CCCCc1ccccc1
5zg0,CC(C)Oc1ccc(C2C=CCN3CCS(=O)(=O)N=C23)cc1
1tkb,Cc1ccc(C[n+]2csc(CCOP(=O)(O)OP(=O)(O)O)c2C)c(N)n1
5ovr,O=P(O)(O)C(O)c1ccc(-c2cccc(C(O)c3ccc(Cl)c(Cl)c3)c2)cc1
5mby,O=C([O-])[C@@H]1CCC[NH2+]1
2wc3,CCCCCCCC/N=C1\OC[C@@H]2[C@H](O)[C@H](O)[C@@H](O)[C@H](O)N12
1kmy,Oc1cccc(-c2ccccc2)c1O
1h5v,CO[C@H]1O[C@H](CO)[C@@H](S[C@@H]2O[C@H](CO)[C@@H](S[C@@H]3O[C@H](CO)[C@@H](S[C@@H]4O[C@H](CO)[C@@H](S[C@@H]5O[C@H](CO)[C@@H](O)[C@H](O)[C@H]5O)[C@H](O)[C@H]4O)[C@H](O)[C@H]3O)[C@H](O)[C@H]2O)[C@H](O)[C@H]1O
2glp,O=C(N/N=C/c1cc(Br)c(O)c(Br)c1O)c1cccnc1
2za0,COC(=O)c1c(C)cc(Oc2cc(C)cc(O)c2O)cc1O
1c84,O=C([O-])C(=O)Nc1cc2ccccc2cc1C(=O)[O-]
4s1g,CC(C)[C@]1(C)CC(=O)N(Cc2cc(F)cc(C(=O)N[C@@H](C)c3ccccc3)c2)C(=[NH2+])N1
4o9v,NC(=[NH2+])c1ccc(Oc2cc(Oc3ccc(C(N)=[NH2+])cc3)cc(C(=O)N[C@H]3CC[C@H]([NH3+])CC3)c2)cc1
5var,C[NH+](C)C[C@H]1[C@H]2CC[C@](c3ccccc3)(C2)[C@H]1O
5otc,[NH3+]CCC[C@H]([NH2+]CC(=O)[O-])C(=O)[O-]
1fcy,CC1(C)CCC(C)(C)c2cc(C(=O)c3ccc4cc(C(=O)[O-])ccc4c3)ccc21
2zcs,O=P(O)(O)C(CCCc1ccc(-c2ccccc2)cc1)S(=O)(=O)O
4uac,C[C@H]1O[C@H](O[C@@H]2[C@@H](CO)O[C@H](O[C@@H]3[C@@H](CO)O[C@H](O)[C@H](O)[C@H]3O)[C@H](O)[C@H]2O)[C@H](O)[C@@H](O)[C@@H]1[NH2+][C@H]1CC(CO)[C@@H](O)[C@H](O)[C@H]1O
5h1t,COC(=O)N1CCCc2cc(N)ccc21
3w5n,C[C@@H]1O[C@@H](O)[C@H](O)[C@H](O)[C@H]1O
6e5t,C=C(C)[C@@H]1CCC(C)=C[C@H]1c1c(C)cc(O)cc1O
1uz1,O=C1NC[C@H](CO)[C@@H](O)[C@@H]1O
6dpy,Cc1oc(C)c(S(=O)(=O)N[C@@H]2CCOc3ccc(F)cc32)c1C(=O)[O-]
3s8l,CC(=O)NC(Cc1ccc(OP(=O)(O)O)cc1)C(=O)NC1(C(=O)NC(CC(N)=O)C(N)=O)CCC1
6.00E+23,Cc1nc(F)ccc1-c1cc(Cn2ccn(C)c2=[NH2+])cc(C(=O)NCc2ccc(Cl)c(Cl)c2)c1
3m3z,CNc1nc2c(N)ncnc2n1[C@@H]1O[C@H](COCC(N)=O)[C@@H](O)[C@H]1O
3jzh,C[C@@H](O)[C@H](NC(=O)[C@H](CCCC[N+](C)(C)C)NC(=O)[C@H](Cc1ccccc1)NC(=O)[C@@H]([NH3+])CC(=O)[O-])C(=O)N[C@@H](CC(=O)[O-])C(=O)[O-]
4ai5,Cn1cnc(N)c2ncnc1-2
3nq9,CCCCCCCC(=O)[O-]
5cep,CC(C)n1nc(Nc2cc(C(F)(F)F)ccn2)cc1C1CC[NH2+]CC1
6o0o,O=C(c1cc(-c2cc3c(cc2C(=O)N2Cc4ccccc4C[C@H]2C[NH+]2CCOCC2)OCO3)n2c1CCCC2)N(c1ccccc1)c1ccc(O)cc1
3k02,C[C@H]1O[C@H](O[C@@H]2[C@@H](CO)O[C@H](O[C@@H]3[C@@H](CO)O[C@H](O[C@@H]4[C@@H](CO)O[C@H](O)[C@H](O)[C@H]4O)[C@H](O)[C@H]3O)[C@H](O)[C@H]2O)[C@H](O)[C@H](O)[C@@H]1[NH2+][C@H]1C=C(CO)[C@H](O)[C@@H](O)[C@@H]1O
6d78,CC[C@H](C)[C@H](NC(=O)CNC(=O)[C@H](C)NC(=O)[C@H](C)[NH3+])C(=O)NCC(=O)N[C@H](C(=O)N[C@@H](CC(C)C)C(=O)N[C@H](C(=O)N[C@H](C(=O)[O-])C(C)C)[C@@H](C)O)[C@@H](C)CC
6n78,Cn1cc(NC(=O)c2cnn3cccnc23)c(-c2cc(Cl)ccc2OC(F)F)n1
4wov,CNc1nc2[nH]c(-c3cccc(CNC(=O)COC)n3)cc2c2c1ncn2C
1yq7,O=P(O)(O)C(O)(Cc1cccnc1)P(=O)(O)O
3eeb,O=P(O)(O)OC1C(OP(=O)(O)O)C(OP(=O)(O)O)C(OP(=O)(O)O)C(OP(=O)(O)O)C1OP(=O)(O)O
2yb0,O=c1ccn([C@H]2C[C@H](O)[C@@H](CO)O2)c(=O)[nH]1
3n2u,COc1ccc(S(=O)(=O)N(CCO[C@@H]2O[C@H](CO)[C@@H](O)[C@H](O)[C@H]2O)CC(=O)NO)cc1
4ipi,O=C([O-])C[C@H](O)C(=O)[O-]
6dif,CCC[C@@]1(CCc2ccccc2)CC(O)=C([C@H](CC)c2cccc(NS(=O)(=O)c3ccc(C(F)(F)F)cn3)c2)C(=O)O1
4q1x,CC(C)CN(C[C@@H](O)[C@H](Cc1ccccc1)NC(=O)O[C@H]1CO[C@H]2OCC[C@@H]12)S(=O)(=O)c1ccc(N)cc1
3d1y,CC(C)(C)NC(=O)[C@@H]1C[C@@H]2CCCC[C@@H]2C[N@H+]1C[C@@H](O)[C@H](Cc1ccccc1)NC(=O)[C@H](CC(N)=O)NC(=O)c1ccc2ccccc2n1
6pg5,O=C(NCCCCc1ncc(CO)[nH]1)OCc1ccccc1
1eld,C[C@H](NC(=O)[C@H](Cc1ccccc1)NC(=O)C(F)(F)F)C(=O)Nc1ccc(C(F)(F)F)cc1
4ibd,Cc1ccc(N2C(=O)C(O)=C(C(=O)c3ccccc3)[C@@H]2c2cc(Br)cs2)cc1C(=O)[O-]
4oak,C[C@@H]([NH3+])C(=O)N[C@H](C)C(=O)[O-]
1add,Nc1ccnc2c1ncn2[C@@H]1O[C@H](CO)[C@@H](O)[C@H]1O
2aac,C[C@H]1O[C@@H](O)[C@H](O)[C@@H](O)[C@H]1O
3pwm,CC(C)CN(C[C@@H](O)[C@H](Cc1ccccc1)NC(=O)O[C@H]1CO[C@H]2OCC[C@@H]12)S(=O)(=O)c1ccc(N)cc1
4i7k,Cc1ccccc1
2f9k,O=P(O)(O)C(O)(Cn1ccnc1)P(=O)(O)O
6ma2,COc1ccccc1[C@H](NS(=O)(=O)c1ccc2[nH]c(=O)ccc2c1)C(=O)N(CC(=O)[O-])Cc1cccs1
6p85,CCOc1ccccc1-n1nnc(S(=O)(=O)c2ccc(C)cc2)c1N
2wl0,COC(=O)N[C@H](C(=O)N[N@H+](CC[C@@](O)(Cc1ccccc1)C(=O)N[C@H]1c2ccccc2C[C@H]1O)Cc1ccc(-c2ccccn2)cc1)C(C)(C)C
4fht,O=C([O-])c1ccc(O)c(O)c1
1hos,CC(C)C(NC(=O)OCc1ccccc1)C(=O)NC(Cc1ccccc1)P(=O)(O)C(Cc1ccccc1)NC(=O)C(NC(=O)OCc1ccccc1)C(C)C
2o8h,COc1cc2ncnc(N3CCc4cccc(S(=O)(=O)N5CC[NH+](C)CC5)c4C3)c2cc1OC
1jyq,CC(Cc1ccc(OP(=O)(O)O)cc1)(NC(=O)C(Cc1ccc(OP(=O)(O)O)cc1)NC(=O)OCc1cccc(N)c1)C(=O)NC(CC(N)=O)C(=O)O
3g3r,O=P(O)(O)NP(=O)(O)OP(=O)(O)O
1qk4,O=c1[nH]cnc2c1ncn2C1OC(COP(=O)(O)O)C(O)C1O
1bv7,O=C(Nc1nccs1)c1cccc(CN2C(=O)N(Cc3cccc(C(=O)Nc4nccs4)c3)[C@H](Cc3ccccc3)[C@H](O)[C@@H](O)[C@H]2Cc2ccccc2)c1
6ht1,C[C@H]1CCC[N@@H+]1Cc1nc2ccc(NC(=O)c3ccc4c(cnn4C)c3)cc2[nH]1
3cj4,C[C@H]1C[C@@H](C)CN(C(=O)c2cc(Br)ccc2NC(=O)CCC(=O)[O-])C1
5isz,CC[C@H](C)[C@H](NC(=O)C[NH3+])C(=O)N[C@@H](CC(C)C)C(=O)NCC(=O)N[C@@H](Cc1ccccc1)C(=O)N[C@H](C(=O)N[C@@H](Cc1ccccc1)C(=O)N[C@H](C(=O)N[C@@H](CC(C)C)C(=O)[O-])[C@@H](C)O)C(C)C
4a95,CCCCc1c(C)nc2ccc(OC)cc2c1SCCC#N
4fz3,CC(=O)NCCCC[C@H](NC(=O)[C@H](CCCC[NH3+])NC(=O)[C@H](Cc1c[nH]cn1)NC(=O)[C@H](CCCNC(N)=[NH2+])NC(C)=O)C(=O)Nc1ccc2c(C)cc(=O)oc2c1
5x74,O=C1c2ccccc2N[C@@H](c2ccccc2F)N1CC[N@H+]1CC[C@@H](N2C(=O)c3ccccc3N[C@H]2c2ccccc2F)CC1
4sga,CC(=O)N1CCC[C@H]1C(=O)N[C@@H](C)C(=O)N1CCC[C@H]1C(=O)N[C@@H](Cc1ccccc1)C(=O)[O-]
1hxb,CC(C)(C)NC(=O)[C@@H]1C[C@@H]2CCCC[C@@H]2C[N@H+]1C[C@@H](O)[C@H](Cc1ccccc1)NC(=O)[C@H](CC(N)=O)NC(=O)c1ccc2ccccc2n1
4e9u,N#CSCCOc1ccc(Oc2ccccc2)cc1
5nw1,Cc1ncsc1-c1ccc(CNC(=O)[C@@H]2C[C@@H](O)CN2C(=O)[C@@H](NC(=O)C2CCC2)C(C)(C)C)cc1
4p5d,O=P(O)(O)OCC1OC(n2cnc3c(-c4ccc5ccccc5c4)ncnc32)C(O)C1O
1njc,Nc1ccn(C2CC(O)C(COP(=O)(O)O)O2)c(=O)n1
4kz4,CCCS(=O)(=O)Nc1ccccc1C(=O)[O-]
3f16,COc1ccc(S(=O)(=O)N[C@H](CO)C(=O)NO)cc1
3g30,O=C([O-])[C@H]1C[C@H]1C(=O)Nc1cc(F)ccc1F
2aj8,Cn1c(=O)c2c(nc(N3CC[NH2+]CC3)n2Cc2ccccc2)n(C)c1=O
1g7q,C[C@H](NC(=O)[C@@H]1CCCN1C(=O)[C@H](CCCNC(N)=[NH2+])NC(=O)[C@@H](NC(=O)[C@H](CC(=O)[O-])NC(=O)[C@@H]1CCCN1C(=O)[C@H](C)NC(=O)[C@@H]([NH3+])CO)[C@@H](C)O)C(=O)[O-]
1m2x,C[C@H](CS)C(=O)N1CCC[C@@H]1C(=O)[O-]
3uxd,Clc1cc(Cl)c2nn[nH]c2c1
3lp7,[NH2+]=C(NO)NCCC[C@H]([NH3+])C(=O)[O-]
5exn,COC(=O)Nc1ccc(-c2ccnc([C@H](Cc3ccccc3)NC(=O)/C=C/c3cc(Cl)ccc3-n3cnnn3)c2)cc1
3i6o,COc1ccc2c(c1)OCC/C=C/CCCCN(C[C@@H](O)[C@H](Cc1ccccc1)NC(=O)O[C@H]1CO[C@H]3OCC[C@@H]13)S2(=O)=O
3t1m,CO[C@@H]1O[C@H](CO)[C@H](O)[C@H](NC(=O)c2ccc(C)cc2)[C@@H]1OC(=O)c1ccc(C)cc1
5fog,CCC[C@H]([NH3+])C(=O)N[C@@H]1[C@H](O)[C@@H](CO)O[C@H]1n1cnc2c(=N)nc[nH]c21
1sgu,CC(C)(C)NC(=O)[C@@H]1C[N@H+](Cc2cccnc2)CC[N@H+]1C[C@@H](O)C[C@@H](Cc1ccccc1)C(=O)N[C@H]1c2ccccc2C[C@H]1O
6fa4,COc1nc(-c2cccc3c2OCCO3)ccc1Nc1ccc(C[NH+](C)C)cc1
4hp0,CC(=O)N[C@H]1[C@H](O[C@@H]2[C@@H](CO)O[C@@H](O[C@@H]3[C@@H](CO)O[C@@H](O[C@@H]4[C@@H](CO)[NH2+]C[C@H](O)[C@H]4O)[C@H](NC(C)=O)[C@H]3O)[C@H](NC(C)=O)[C@H]2O)O[C@H](CO)[C@@H](O)[C@@H]1O
6a87,CS[C@@H]1O[C@H](CO[C@@H]2O[C@@H](C)[C@@H](O)[C@@H](O)[C@@H]2O)[C@@H](O)[C@H](O)[C@H]1NC(C)=O
2buv,O=C([O-])c1ccc(O)c(O)c1
5dus,Nc1ncnc2c1ncn2C1OC(COP(=O)(O)OP(=O)(O)OCC2OC(O)C(O)C2O)C(O)C1O
3f3c,[NH3+][C@@H](Cc1ccc(F)cc1)C(=O)[O-]
5edc,O=C([O-])c1c(N2CCCCC2)nc2ccc(Cl)cc2c1-c1ccccc1
2j7e,COC(=O)Cc1cn2c(n1)[C@H](O)[C@@H](O)[C@H](O)[C@H]2CO
4c6u,C=C/C(C)=C\[C@@]1(C)SC(=O)C(C(C)=O)=C1O
6mub,OC[C@H]1O[C@H](OC[C@H]2O[C@@H](O)[C@@H](O)[C@@H](O[C@H]3O[C@H](CO)[C@@H](O)[C@H](O)[C@@H]3O[C@H]3O[C@H](CO)[C@@H](O)[C@H](O)[C@@H]3O)[C@@H]2O)[C@@H](O[C@H]2O[C@H](CO)[C@@H](O)[C@H](O)[C@@H]2O)[C@@H](O)[C@@H]1O
5kej,CCCCCCSC[C@H](NC(=O)CC[C@H]([NH3+])C(=O)[O-])C(=O)NCC(=O)[O-]
4cfl,O=c1cc(N2CC[NH2+]CC2)oc2c(-c3ccccc3)cccc12
5dnu,CC1C(=O)OC2=COCC=C21
2yek,CCNC(=O)C[C@@H]1N=C(c2ccc(Cl)cc2)c2cc(OC)ccc2-n2c(C)nnc21
3cm2,CC[C@H]([NH3+])C(=O)N[C@@H]1C(=O)N2[C@H](CC[C@H]2C(=O)NC(c2ccccc2)c2ccccc2)CC[C@@H]1C[NH3+]
6epa,O=C(CC(c1ccccc1)c1ccccc1)Nc1nc2ccccc2s1
2avq,CCCC[C@@H](C[NH2+][C@@H](CCCC)C(=O)N[C@@H](CCC(N)=O)C(=O)N[C@@H](CCCNC(N)=[NH2+])C(N)=O)NC(=O)[C@@H](NC(=O)[C@@H](NC(C)=O)[C@@H](C)O)[C@@H](C)CC
5od1,CC(c1ccccc1)P(=O)(O)Oc1ccc2c(CS(=O)(=O)O)cc(=O)oc2c1
4k7i,Oc1ccccc1O
2ot1,O=C(Nc1ccc(Cl)cc1)c1cc2ccccc2cc1OP(=O)(O)O
3p8p,CCCCC(=[NH2+])NCCC[C@H]([NH3+])C(=O)[O-]
1u33,CO[C@@H]1[C@@H](CO)O[C@H](O[C@@H]2[C@@H](CO)O[C@H](O[C@@H]3[C@@H](CO)N/C(=N\O)[C@H](O)[C@H]3O)[C@H](O)[C@H]2O)[C@H](O)[C@H]1O
1hwr,C=CCN1C(=O)N(CC=C)[C@H](Cc2ccccc2)[C@H](O)[C@@H](O)[C@H]1Cc1ccccc1
1e6q,OC[C@@H]1[C@@H](O)[C@H](O)[C@@H](O)c2nn[nH][n+]21
6fs1,Cc1cc(CSCc2nn(C)c(C)c2-c2cccc3c(CCCOc4cccc5ccccc45)c(C(=O)[O-])[nH]c23)nn1C
5jfu,COc1ccc(S(=O)(=O)N(Cc2ccccc2)C[C@@H](O)[C@H](C[C@]23C[C@H]4C[C@H](C[C@H](C4)C2)C3)NC(=O)O[C@H]2CO[C@H]3OCC[C@@H]23)cc1
4cig,COc1ccc(CNC(=O)c2cc3ccccc3cc2C[N@@H+](C)Cc2cccc(OC)c2C(=O)[O-])cc1
1d7i,CSC[S@](C)=O
2y5f,O=C1[C@H]2[C@@H](C(=O)N1CCC[N+]1(CCO)CCCC1)[C@@H]1CCC[N@@H+]1[C@H]2c1cc(-c2ccc(Cl)s2)on1
2qzr,Nc1nc2cc3nc(NCc4cccc5ccccc45)[nH]c3cc2c(=O)[nH]1
5a81,Cc1cc2ccnc(N[C@@H]3CC[NH2+]C[C@H]3OCC3CCCCC3)c2[nH]c1=O
3b67,C[C@](O)(COc1c(F)c(F)c(F)c(F)c1F)C(=O)Nc1ccc([N+](=O)[O-])c(C(F)(F)F)c1
4crb,O=C(N[C@@H](Cc1ccccc1)C(=O)NCCc1cc(Cl)ccc1-n1cnnn1)c1ccc2[nH]c(=O)cc(O)c2c1
6pi6,CC/[NH+]=c1/[nH]c(NC(C)C)[nH+]c(=O)[nH]1
6edr,NC(=O)C1=CN(C2SC(COP(=O)(O)OP(=O)(O)OCC3OC(n4cnc5c(N)ncnc54)C(O)C3O)C(O)C2O)CC=C1
6dak,O=C(NCc1cccc(-c2cn3c(n2)CC=C3)c1)c1ccccc1
5lsg,C=C(C)[C@@H]1CC[C@]2(C(=O)[O-])CC[C@]3(C)[C@H](CC[C@@H]4[C@@]5(C)CC[C@H](O)C(C)(C)[C@H]5CC[C@]43C)[C@@H]12
1rr6,O=c1[nH]cnc2c([C@@H]3[NH2+][C@H](CO)[C@@H](O)[C@H]3O)c[nH]c12
5eqp,C[N@H+]1CCC[N@@H+](Cc2ccc3ncccc3c2)CC1
3lk8,COc1ccc(S(=O)(=O)NCC(=O)NO)cc1
1jys,Nc1ncnc2[nH]cnc12
4x8o,Nc1ncnc2c1ncn2C1OC(COP(=O)(O)OP(=O)(O)OP(=O)(O)OP(=O)(O)OP(=O)(O)OCC2OC(n3cnc4c(N)ncnc43)C(O)C2O)C(O)C1O
4ovf,O=C([O-])[C@@H]1CCc2c([nH]c3ccc(Cl)cc23)C1
1dmp,Nc1cccc(CN2C(=O)N(Cc3cccc(N)c3)[C@H](Cc3ccccc3)[C@H](O)[C@@H](O)[C@H]2Cc2ccccc2)c1
6t1o,O=C(Nc1ccc2nc(C[NH+]3CCCCC3)[nH]c2c1)c1ccc(I)cc1
6mll,O=C(Nc1nn[nH]n1)c1cc(-c2ccccc2)n(-c2ccccc2)n1
2fgu,CC(C)(C)NC(=O)[C@@H]1C[C@@H]2CCCC[C@@H]2C[N@H+]1C[C@@H](O)[C@H](Cc1ccccc1)NC(=O)[C@H](CC(N)=O)NC(=O)c1ccc2ccccc2n1
4pg9,CC(C)C[C@H](NC(=O)[C@H](C)NC(=O)[C@@H]1CCCN1C(=O)[C@H](Cc1ccc(O)cc1)NC(=O)[C@H](CC(N)=O)NC(=O)CNC(=O)[C@@H]1CCCN1C(=O)[C@H](C)NC(=O)[C@@H]([NH3+])Cc1ccccc1)C(=O)[O-]
1hvk,CC(C)[C@H](NC(=O)N(C)Cc1ccccn1)C(=O)N[C@@H](Cc1ccccc1)[C@H](O)[C@@H](O)[C@H](Cc1ccccc1)NC(=O)[C@@H](NC(=O)N(C)Cc1ccccn1)C(C)C
1ndz,Cn1c(CCC(=O)Nc2ccc3ccn(CC[C@H](CO)n4cnc(C(N)=O)c4)c3c2)nc2ccccc21
2pyn,Cc1c(O)cccc1C(=O)N[C@@H](CSc1ccccc1)[C@H](O)C[N@@H+]1C[C@H]2CCCC[C@H]2C[C@H]1C(=O)NC(C)(C)C
2i3i,C[NH2+][C@@H](C)C(=O)N[C@@H]1CCC[C@H]2SC(C)(C)[C@@H](C(=O)Nc3cc(C)nn3-c3ccccc3)N2C1=O
4pvy,CC(C)Oc1ccc(-c2cncc(NC(P(=O)(O)O)P(=O)(O)O)c2)cc1
4nnr,CCC[C@@H]1CC(C)C[C@H](C)C[C@H](OC)[C@H]2O[C@@](O)(C(O)C(=O)N3CCCC[C@H]3C(=O)O[C@H](/C(C)=C/[C@@H]3CC[C@@H](O)[C@H](OC)C3)[C@H](C)[C@@H](O)CC1O)[C@H](C)C[C@@H]2OC
2ogy,CN1c2c(nc(N)[nH]c2=O)NC[C@@H]1CNc1ccc(C(=O)N[C@@H](CCC(=O)[O-])C(=O)[O-])cc1
3qkd,C[NH+](C)CC[C@H](CSc1ccccc1)Nc1ccc(S(=O)(=O)Nc2ncnc3cc(N4CC[NH+](Cc5ccccc5-c5ccc(Cl)cc5)CC4)ccc23)cc1[N+](=O)[O-]
3t0x,C[N+]1=C(/C=C/Cc2cc[n+](CCCS(=O)(=O)[O-])c3ccccc23)C(C)(C)c2ccccc21
4iuo,O=C([O-])[C@]1(O)C[C@@H](O)[C@@H](O)[C@H](O)C1
3s8n,CC(=O)NC(Cc1ccc(OP(=O)(O)O)cc1)C(=O)NC1(C(=O)NC(CC(N)=O)C(N)=O)CCCC1
2jdm,CO[C@@H]1O[C@@H](C)[C@@H](O)[C@@H](O)[C@@H]1O
4xu3,Nc1ncnc2c1ncn2COCCNS(=O)(=O)NC(=O)CCCC[C@@H]1SC[C@@H]2NC(=O)N[C@H]12
5j1r,O=C(CCc1ccoc1)n1cccc1
4b1j,Nc1ncnc2c1ncn2C1OC(COP(=O)(O)OP(=O)(O)OCC2[NH2+]CC(O)C2O)C(O)C1O
6jaw,OC1c2cccc3cccc(c23)C(O)[NH+]1CCC[NH+]1CCOCC1
1bzc,NC(=O)C(CCC(=O)O)NC(=O)c1ccc2cc(C(F)(F)P(=O)(O)O)ccc2c1
4ua8,OC[C@H]1O[C@H](O[C@@H]2[C@@H](CO)O[C@H](O[C@@H]3[C@@H](CO)O[C@H](O)[C@H](O)[C@H]3O)[C@H](O)[C@H]2O)[C@H](O)[C@@H](O)[C@@H]1O
1b58,[NH3+]CCCC[C@H]([NH3+])C(=O)N[C@@H](Cc1ccc(O)cc1)C(=O)N[C@@H](CCCC[NH3+])C(=O)[O-]
6dyz,C#CCSC[C@H]1C[N@@H+](Cc2c[nH]c3c(N)ncnc23)C[C@@H]1O
2qtn,O=C(O)C1=CC=CN(C2OC(COP(=O)(O)O)C(O)C2O)C1
4bcs,O=C([O-])CCCC[C@@H]1SC[C@@H]2NC(=O)N[C@H]12
6ezq,O=C([O-])CCCCCCCCCCCNc1ccc([N+](=O)[O-])c2nonc12
2zq0,C[C@H]1O[C@H](O[C@@H]2[C@@H](CO)O[C@H](O[C@@H]3[C@@H](CO)O[C@H](O)[C@H](O)[C@H]3O)[C@H](O)[C@H]2O)[C@H](O)[C@@H](O)[C@@H]1[NH2+][C@H]1C=C(CO)[C@@H](O)[C@H](O)[C@H]1O
6o9c,CC(C)C[C@H](NC(=O)[C@H](Cc1ccccc1)NC(=O)[C@@H]1CCCN1C(=O)[C@H](C)NC(=O)[C@@H](NC(=O)[C@@H]([NH3+])[C@@H](C)O)[C@@H](C)O)C(=O)N[C@@H](CO)C(=O)NCC(=O)N[C@@H](CCCC[NH3+])C(=O)[O-]
4ciw,O=C([O-])[C@]1(O)C=C(CCO)[C@@H](O)[C@H](O)C1
6.00E+22,COc1cc(CNC(=O)c2ccc(F)c(CNc3ncc[nH]3)c2)cc(OC)c1
1kui,NC(=O)CC[C@H](NC(=O)[C@@H]1CCC(=O)N1)C(=O)N[C@@H](Cc1c[nH]c2ccccc12)C(=O)[O-]
5jhb,Nc1cc(C(F)(F)F)c(-c2nc(N3CCOCC3)nc(N3CC(CO)(CCl)C3)n2)cn1
6o0k,CC1(C)CCC(C[NH+]2CCN(c3ccc(C(=O)NS(=O)(=O)c4ccc(NCC5CCOCC5)c([N+](=O)[O-])c4)c(Oc4cnc5[nH]ccc5c4)c3)CC2)=C(c2ccc(Cl)cc2)C1
2amt,Nc1ccn(C2OC(COP(=O)(O)OP(=O)(O)OCCOC(=O)c3ccccc3N)C(O)C2O)c(=O)n1
6oqc,C[C@@H]1CC/C=C/[C@H](O)[C@@H]2CC[C@H]2CN2C[C@@]3(CCCc4cc(Cl)ccc43)COc3ccc(cc32)C(=O)NS1(=O)=O
3zqe,C[C@H](CCC(=O)[O-])[C@H]1CC[C@H]2[C@@H]3CC[C@@H]4C[C@H](O)CC[C@]4(C)[C@H]3C[C@H](O)[C@@]21C
5uf0,CNc1cc(=O)n(C)nc1-c1ccccc1
5om7,COc1cccc2c1C(=O)c1c(O)c3c(c(O)c1C2=O)C[C@@](O)(C(=O)CO)C[C@@H]3O[C@H]1C[C@H]([NH3+])[C@H](O)[C@H](C)O1
6n5x,C[C@@H](CO)OC[C@@H](C)O
1bwb,O=C(Nc1nc2ccccc2[nH]1)c1cccc(CN2C(=O)N(Cc3cccc(C(=O)Nc4nc5ccccc5[nH]4)c3)[C@H](Cc3ccccc3)[C@H](O)[C@@H](O)[C@H]2Cc2ccccc2)c1
3t64,O=c1ccn([C@H]2C[C@H](O)[C@@H](C[NH2+]C(c3ccccc3)c3ccccc3)O2)c(=O)[nH]1
4ieh,C[NH+](C)CC[C@H](CSc1ccccc1)Nc1ccc(S(=O)(=O)NC2=NS(=O)(=O)c3cc(N4CC[NH+](Cc5ccccc5-c5ccc(Cl)cc5)CC4)ccc32)cc1[N+](=O)[O-]
6eqp,CC[NH+](CC)[C@H](C)CN1c2ccccc2Sc2ccccc21
6hr2,Cc1ncsc1-c1ccc(CNC(=O)[C@@H]2C[C@@H](O)CN2C(=O)[C@@H](NC(=O)C2(F)CC2)C(C)(C)C)c(OCCc2ccc(C[NH+]3CCN(c4cc(-c5ccccc5O)nnc4N)CC3)cc2)c1
6h8s,NC(=[NH2+])Nc1cc(C2CC[NH2+]CC2)cc(C(F)(F)F)c1
6pg7,CO[C@@H](CCc1ncc(CO)[nH]1)c1ccccc1
1ws4,CO[C@H]1O[C@H](CO)[C@@H](O)[C@H](O)[C@H]1O
2gvv,NP(=O)(OC1CCCC1)OC1CCCC1
3jdw,[NH3+]CCC[C@H]([NH3+])C(=O)[O-]
6ooy,Cc1ccc(C)c(Cn2c(CO)nc3ccccc32)c1
5mz8,O=C([O-])CCC(=O)[O-]
1bai,CCCC[C@H](NC(=O)[C@H](C)NC(=O)[C@H](CCC(=O)[O-])NC(=O)[C@H](Cc1ccccc1)NC(=O)[C@H](CC(C)C)NC(=O)[C@@H](NC(=O)[C@@H]([NH3+])CCCNC(N)=[NH2+])C(C)C)C(N)=O
6ce6,O=C([O-])CCc1nc2cc3nc(CCC(=O)[O-])sc3cc2s1
4l50,CC(C)CC(=O)C(O)(O)C(O)COP(=O)(O)O
1t32,CN(C(=O)c1cc2ccccc2cc1C(=O)C(c1cccc2ccccc12)P(=O)(O)O)C1CCN(C(=O)c2ccc3ccccc3c2)CC1
6ios,O=C([O-])[C@@H]1CCC[NH2+]1
6g2b,Cn1cnc(-c2ccccc2)c1-c1ccncc1
4zt8,[NH2+]=C1CC=NC(=O)N1
6gjw,O=C(Nc1cccc(C(=O)Nc2ccc(S(=O)(=O)[O-])c3cccc(S(=O)(=O)[O-])c23)c1)Nc1cccc(C(=O)Nc2ccc(S(=O)(=O)[O-])c3cccc(S(=O)(=O)[O-])c23)c1
2a5c,Nc1ncnc2c1[nH]c(=O)n2[C@@H]1C[C@@H](O)[C@H](CO)O1
4gq4,CC1(C)CNC(=[N+]2CCN(c3ncnc4sc(CC(F)(F)F)cc34)CC2)S1
1lyb,CC(C)CC(=O)N[C@H](C(=O)N[C@H](C(=O)N[C@@H](CC(C)C)[C@@H](O)CC(=O)N[C@@H](C)C(=O)N[C@@H](CC(C)C)[C@@H](O)CC(=O)[O-])C(C)C)C(C)C
6gvf,CC(C)n1nc(-c2ccc3oc(N)nc3c2)c2c(N)ncnc21
1ebz,CNC(=O)[C@@H](NC(=O)[C@H](OCc1ccccc1)[C@H](O)[C@@H](O)[C@@H](OCc1ccccc1)C(=O)N[C@H]1c2ccccc2C[C@H]1O)C(C)C
5nvv,Cc1ncsc1-c1ccc(CNC(=O)[C@@H]2C[C@@H](O)CN2C(=O)[C@@H](NC(=O)CO)C(C)(C)C)cc1
3hp9,COc1ccc(Nc2cc(C(F)(F)F)ccc2Cl)c(C(=O)[O-])c1
4mjp,C[C@@H](C(=O)[O-])c1ccc(C2CCCCC2)c2ccccc12
4rpo,Oc1c(Cl)cc(Cl)cc1Cl
2x09,[NH3+]C[C@@H]1[C@@H](O)[C@H](O)[C@H]2[C@@H](O)CC[N@@H+]12
3v78,CCN1c2cc(N)ccc2-c2ccc(N)cc2[C@H]1c1ccccc1
1fh9,O/N=C1\NC[C@@H](O[C@@H]2OC[C@@H](O)[C@H](O)[C@H]2O)[C@H](O)[C@H]1O
3bgb,CC(C)CN(CC[NH2+]CCN(CC(C)C)S(=O)(=O)c1ccc(N)cc1)S(=O)(=O)c1ccc(N)cc1
6jaq,OC[C@H]1O[C@H](O)[C@H](O)[C@@H](O)[C@@H]1O
4xty,Nc1ncnc2c1ncn2[C@@H]1O[C@H](CNS(=O)(=O)NC(=O)CCCC[C@@H]2SC[C@@H]3NC(=O)N[C@H]23)[C@@H](O)[C@H]1F
1xr9,CC[C@H](C)[C@H]([NH3+])C(=O)N[C@@H](CC(C)C)C(=O)NCC(=O)N1CCC[C@H]1C(=O)N1CCC[C@H]1C(=O)NCC(=O)N[C@@H](CO)C(=O)N[C@H](C(=O)N[C@@H](Cc1ccc(O)cc1)C(=O)[O-])C(C)C
6t1l,CC[NH+](CC)Cc1ccc(CNC(=O)N2CCN(c3ncccn3)CC2)cc1
2j7h,OC[C@H]1[NH2+][NH2+]C[C@@H](O)[C@@H]1O
2i4u,COc1ccc(S(=O)(=O)N(CC(C)C)C[C@@H](O)[C@H](Cc2ccccc2)NC(=O)O[C@H]2CO[C@H]3OCC[C@@H]23)cc1
4oc0,O=C(N[C@@H](CCCCNC(=O)c1ccc(I)cc1)C(=O)[O-])NC1(C(=O)[O-])CC1
1f4g,O=C([O-])CCNC(=O)[C@H]1CCCN1S(=O)(=O)c1ccc(C(=O)N[C@@H](CCC(=O)[O-])C(=O)[O-])cc1
1w96,CO[C@H]1CCCC[C@@H](c2ccccc2)OC(=O)[C@@H](C)[C@@]2(O)O[C@@H]([C@@H](C)/C=C/[C@H]1OC)[C@@H](C)[C@H](O)[C@H]2OC
5ioz,O=C(NCC1CCCC1)C1CCCC1
2zx7,C[C@@H]1[NH2+][C@H](CNC(=O)c2cc3ccccc3[nH]2)[C@@H](O)[C@H](O)[C@@H]1O
6eux,O=C([O-])[C@H]1[C@H]2CC[C@H](CC2)[C@@H]1Nc1nc(-c2[nH]nc3ncc(F)cc23)ncc1F
6dpt,Cn1cnnc1Sc1ccccc1NS(=O)(=O)c1cccc(Cl)c1O
4lov,CCC/C=C/CCO[C@H]1O[C@H](CO)[C@@H](O)[C@H](O)[C@@H]1O
1e5j,CO[C@@H]1O[C@H](CO)[C@@H](O[C@@H]2O[C@H](CO)[C@@H](S[C@H]3O[C@H](CO)[C@@H](S[C@@H]4O[C@H](CO)[C@@H](O)[C@H](O)[C@H]4O)[C@H](O)[C@H]3O)[C@H](O)[C@H]2O)[C@H](O)[C@H]1O
1f4e,Cc1ccc(S(=O)(=O)N2CCC[C@@H]2C(=O)[O-])cc1
6nv7,CCCN(c1cc2cc(c1)C(=O)N[C@H](C[NH2+][C@@H](C(=O)NCC(C)C)[C@H](C)O)Cc1cccc(c1)CCCC2)S(C)(=O)=O
2xhm,CCC(C)C(NC(C)=O)C(=O)NC(Cc1ccc(O)cc1)C(=O)NC(Cc1ccc(O)cc1)P(=O)(O)O
4n7m,O=C1NC(=[N+]2CCCC2)Cc2ccccc21
4l4z,CC(=O)C(O)(O)C(O)COP(=O)(O)O
2xyf,CNC(=O)[C@@H](NC(=O)[C@@](O)(CCC[N@H+](Cc1ccc(-c2ccsc2)cc1)NC(=O)[C@@H](NC(=O)OC)C(C)(C)C)Cc1ccccc1)C(C)(C)C
4xt2,Brc1cccc([C@@H]2C[C@H](c3cccc(Br)c3)n3nnnc3N2)c1
4jym,CC1C(=O)OC2=C1C=COC2
6d1j,Cc1cc(C)c2c(CP(=O)(O)O)cc(=O)[nH]c2c1
4jfs,COc1ccc([C@H]2[C@H](O)[C@H](O)[C@H](C)[N@H+]2C)cc1
6qi4,O=C(Cc1c[nH]c2ccccc12)N/N=C/c1ccc([N+](=O)[O-])c(O)c1
4n9a,O=C([O-])[C@@H]1CCCc2c1[nH]c1ccc(Cl)cc21
1bhf,CC[C@H](C)[C@H](NC(=O)[C@H](CCC(=O)[O-])NC(=O)[C@H](CCC(=O)[O-])NC(=O)[C@H](Cc1ccc(CC(=O)[O-])cc1)NC(C)=O)C(=O)[O-]
5elw,O=P(O)(O)CC(O)Cn1cncn1
4h81,O=C([O-])[C@H](Cl)Cc1ccccc1
4r4t,O=C([O-])c1cc(-c2ccc(CNC(=S)c3ccc(-c4ccc(C(=O)[O-])o4)cc3)cc2)n(-c2ccc(Cl)c(Cl)c2)n1
3vw2,COC1=CC=C2Cc3c4cc5c(cc4cc[n+]3C[C@H]2[C@@H]1OC)OCO5
2vwl,O=C(C[N@H+]1C[C@H](NC(=O)c2ccc(Cl)s2)C[C@H]1CO)Nc1ccc(-n2ccccc2=O)cc1F
1bv9,O=C(Nc1nccs1)c1cccc(CN2C(=O)N(Cc3cccc(C(=O)Nc4nccs4)c3)[C@H](Cc3ccccc3)[C@H](O)[C@@H](O)[C@H]2Cc2ccccc2)c1
2jxr,CCCC[C@H](NC(=O)[C@H](Cc1ccccc1)NC(=O)N1CCOCC1)C(=O)N[C@@H](CC1CCCCC1)C(O)(O)C(F)(F)C(=O)NC
2pym,Cc1c(O)cccc1C(=O)N[C@@H](CSc1ccccc1)[C@H](O)C[N@@H+]1C[C@H]2CCCC[C@H]2C[C@H]1C(=O)NC(C)(C)C
6ppy,CC(=O)N[C@H]([C@@H](O)C/C(=N\O)C(=O)[O-])[C@@H](O)[C@H](O)[C@H](O)CO
2qwc,CC(=O)N[C@@H]1[C@@H](O)C=C(C(=O)[O-])O[C@H]1[C@H](O)[C@H](O)CO
6hm1,CC(=O)N[C@H]1[C@H](O[C@H]2[C@@H](O)[C@@H](NC(C)=O)[C@H](O[C@@H]3[C@@H](CO)[C@@H]4OC(N(C)C)=N[C@@H]4[C@H]3O)O[C@@H]2CO)O[C@H](CO)[C@@H](O)[C@H]1O
6gwr,CC(C)c1ccc(C(=O)Nc2cc(C[N@H+]3CC[N@@H+](C)CC3)cc(C(F)(F)F)c2)cc1C#Cc1cnc2cnccn12
3i3b,O=C1O[C@H](CO)[C@H](O)[C@H](O)[C@H]1O
4de1,O=C(Nc1cccc(-c2nnn[nH]2)c1)c1ccc2n[nH]cc2c1
2v2v,N=c1ccn([C@@H]2O[C@H](CNC(=O)Cc3nc4ccccc4[nH]3)[C@@H](O)[C@H]2O)c(=O)[nH]1
5yhg,C[C@H]([NH2+][C@@H](CC[NH2+][C@H](Cc1cnc[nH]1)C(=O)[O-])C(=O)[O-])C(=O)[O-]
4i7p,Brc1cnc[nH]1
4ysl,[NH3+][C@@H](CCC(=O)N[C@@H](CS)C(=O)NCC(=O)[O-])C(=O)[O-]
3f7i,C[NH2+][C@@H](C)C(=O)N[C@H](C(=O)N1CC[C@H]2CC[C@H](NC(=O)c3cccc4ccccc34)[C@H]21)C(C)(C)C
6nv9,CCC[C@H](O)[C@H]([NH2+]C[C@@H]1Cc2cccc(c2)CCCCc2cc(cc(N(CCC)S(C)(=O)=O)c2)C(=O)N1)C(=O)NCC(C)C
5vsf,COc1cc2nc(N(C)C3CCCC3)nc(N[C@H]3CC[N@H+](C)CC3)c2cc1OC
3dk1,COc1ccc(S(=O)(=O)N(CC(C)C)C[C@@H](O)[C@H](Cc2ccccc2)NC(=O)O[C@@H]2C[C@@H]3OCCO[C@@H]3C2)cc1
2fqw,O=c1[nH]cnc2c1ncn2[C@@H]1O[C@H](CO)[C@@H](O)[C@H]1O
3gss,CC[C@@H](CSC[C@H](NC(=O)CC[C@H]([NH3+])C(=O)[O-])C(=O)NCC(=O)[O-])C(=O)c1ccc(OCC(=O)[O-])c(Cl)c1Cl
2q64,Cc1c(O)cccc1C(=O)N[C@@H](CSc1ccccc1)[C@H](O)C[N@@H+]1C[C@H]2CCCC[C@H]2C[C@H]1C(=O)NC(C)(C)C
2v00,Nc1nc(CCc2ccccc2)cc(=O)[nH]1
4phu,Cc1cc(OCCCS(C)(=O)=O)cc(C)c1-c1cccc(COc2ccc3c(c2)OC[C@H]3CC(=O)[O-])c1
2pwc,Nc1ccc(S(=O)(=O)N(Cc2ccccc2)[C@H]2C[NH2+]C[C@@H]2N(Cc2ccccc2)S(=O)(=O)c2ccc(N)cc2)cc1
2y7i,NC(=[NH2+])NCCC[C@H]([NH3+])C(=O)[O-]
2ces,OC[C@@H]1[C@@H](O)[C@H](O)[C@@H](O)c2nccn21
3ewc,CSC[C@H]1O[C@@H](n2cnc3c2N=CNC[C@H]3O)[C@H](O)[C@@H]1O
5yl2,COc1ccc(/C=C/C(=O)c2ccc(OC)c3c2OC(C)(C)C=C3)cc1O
1rnt,Nc1nc2c(ncn2C2OC(CO)C(O)C2OP(=O)(O)O)c(=O)[nH]1
4hdp,COc1ccc(S(=O)(=O)N(CC(C)C)C[C@@H](O)[C@H](Cc2ccccc2)NC(=O)O[C@H]2CO[C@H]3O[C@@H]4OCC[C@@H]4[C@H]32)cc1
6aro,OC[C@H]1O[C@@H](Oc2cccc3cccnc23)[C@H](O)[C@@H](O)[C@H]1O
2i4d,COc1ccc(S(=O)(=O)N(CC(C)C)CC(O)C(Cc2ccc(OCP(=O)(O)O)cc2)NC(=O)OC2COC3OCCC23)cc1
4xas,[NH3+][C@@]1(C(=O)[O-])CC2(CC2)[C@H]2[C@H](C(=O)[O-])[C@H]21
2z4o,CC(C)CN(C[C@@H](O)[C@H](Cc1ccccc1)NC(=O)O[C@H]1CO[C@H]2OCC[C@@H]12)S(=O)(=O)c1ccc2c(c1)OCO2
4ezz,CC[C@H](C)[C@H](NC(=O)[C@H](CCCC[NH3+])NC(=O)[C@@H](NC(=O)[C@H](CC(C)C)NC(=O)[C@@H]1CCCN1C(=O)[C@H](CC(C)C)NC(=O)[C@@H]([NH3+])CCC(=O)[O-])C(C)C)C(=O)[O-]
2vot,OC[C@@H]1[C@@H](O)[C@H](O)[C@H](O)c2nc(CNc3ccccc3)cn21
1br6,Nc1nc2ncc(CNc3ccc(C(=O)[O-])cc3)nc2c(=O)[nH]1
5jop,CC(=O)N[C@H]1[C@H](O)O[C@H](CO[C@@H]2O[C@H](CO)[C@@H](O[C@@H]3O[C@H](CO)[C@H](O)[C@H](O)[C@H]3O)[C@H](O)[C@H]2O)[C@@H](O[C@@H]2O[C@H](CO)[C@H](O)[C@H](O)[C@H]2O)[C@@H]1O
6gue,Cc1ncc(-c2ccnc(Nc3ccc(S(C)(=O)=O)cc3)n2)n1C(C)C
6dyr,[NH3+]CCC(=O)NCCc1c[nH]cn1
5iyy,NC(=[NH2+])NCCC[C@H](NC(=O)OCc1ccccc1)C(=O)[O-]
1sln,C[C@@H]([NH2+][C@@H](CCc1ccccc1)C(=O)N[C@@H](CCCNC(N)=[NH2+])C(=O)Nc1ccccc1)C(=O)[O-]
5kab,O=C([O-])C(=O)Nc1sc2cnccc2c1C(=O)[O-]
6mja,CCCCCCCCCCCCCCCCCCCCCCCCCC(=O)N[C@@H](CO[C@H]1O[C@H](CO)[C@H](OCc2ccc(C)cc2)[C@H](O)[C@H]1O)[C@H](O)[C@H](O)CCCCCCCCCCCCCC
5d3x,O=P(O)(O)OC1C(O)C(OP(=O)(O)O)C(OP(=O)(O)O)C(OP(=O)(O)O)C1O
4euo,[NH3+]CCCC(=O)[O-]
4o2c,CC(=O)N[C@@H](CO)C(=O)N[C@@H](Cc1c[nH]cn1)C(=O)N[C@H](C(=O)N[C@@H](C)C(=O)N[C@H](C(=O)N[C@@H](CCC(=O)[O-])C(=O)N[C@@H](CC(N)=O)C(=O)N[C@@H](C)C(=O)N[C@@H](CC(C)C)C(=O)[O-])C(C)C)C(C)C
4ll3,CC(C)CN(C[C@@H](O)[C@H](Cc1ccccc1)NC(=O)O[C@H]1CO[C@H]2OCC[C@@H]12)S(=O)(=O)c1ccc(N)cc1
6jtc,[NH3+]CCNc1ccc([N+](=O)[O-])cc1C(=O)[O-]
3g1v,O=c1[nH]c(=O)n(C2OC(COP(=O)(O)O)C(O)C2O)cc1F
6b5q,CCC(=O)N[C@@H](Cc1nc2ccc(Cl)cc2s1)C(=O)N[C@H](C(=O)N[C@@H](CCCC[NH+](C)C)C(=O)N[C@@H]1CCOc2ccccc21)C1CCCC1
6ouv,COP(=O)(O)C(C)(O)C1SC(CCOP(=O)(O)OP(=O)(O)O)=C(C)N1Cc1cnc(C)nc1N
3zln,O=C([O-])c1cccc(-c2ccc3c(c2)/C(=N/Nc2nc4ccccc4s2)CCC3)n1
2h6b,O=C([O-])Cc1ccc(O)c(Cl)c1
5wl0,O=C([O-])[C@H]1[C@H]2CC[C@H](CC2)[C@@H]1Nc1nc(-c2c[nH]c3ncc(F)cc23)ncc1F
4d4d,OC[C@H]1O[C@H](OC[C@H]2C[NH2+]C[C@@H](O)[C@@H]2O)[C@@H](O)[C@@H](O)[C@@H]1O
6szp,COCC[NH2+][C@@H]([NH3+])[NH2+]CCCC[NH3+]
3dx1,[NH3+][C@@H]1C[C@H](O)[C@H](O)[C@@H]1O
1sld,CC(=O)N[C@H]1CSSC[C@@H](C(N)=O)NC(=O)[C@H](Cc2ccccc2)NC(=O)[C@H](CCC(N)=O)NC(=O)[C@@H]2CCCN2C(=O)[C@H](Cc2cnc[nH]2)NC1=O
6as8,CC(=O)N[C@H]1[C@H](Oc2ccccc2-c2cccc(C(=O)[O-])c2)O[C@H](CO)[C@H](O)[C@@H]1O
4nkt,O=c1ccn(C2OC(COP(=O)(O)NP(=O)(O)OP(=O)(O)O)C(O)C2O)c(=O)[nH]1
2fxu,C/C=C/C(=O)C[C@H]1CC[C@H](C)[C@H](CC(=O)NC[C@H](O)[C@H](C)C(=O)NCCC[C@H]2O[C@@]3(CCC[C@@H](CC[C@H](C)/C=C(\C)[C@H](C)O)O3)CC[C@@H]2C)O1
2wc4,CCCCCCCC/N=C1\SC[C@@H]2[C@@H](O)[C@H](O)[C@@H](O)[C@H](O)N12
2v54,Cc1cn(C2CC(O)C(COP(=O)(O)OP(=O)(O)O)O2)c(=O)[nH]c1=O
4cpt,COC(=O)N[C@H](C(=O)N[N@H+](CCC[C@@]1(O)Cc2ccc(cc2)C/C=C\CNC(=O)[C@H](C(C)C)NC1=O)Cc1ccc(-c2cccnc2)cc1)C(C)(C)C
3pfp,O=C(O)C(CCCCCOP(=O)(O)O)OP(=O)(O)O
1hpx,CSC[C@H](NC(=O)COc1cccc2cnccc12)C(=O)N[C@@H](Cc1ccccc1)[C@H](O)C(=O)N1CSC[C@H]1C(=O)NC(C)(C)C
2qhy,CC(=O)N[C@@H](C)C(=O)N[C@@H](Cc1ccccc1)[C@H](O)CN(Cc1cccs1)S(=O)(=O)c1cc(F)c(F)cc1F
4dko,CC1(C)C[C@H](NC(=O)C(=O)Nc2ccc(Cl)c(F)c2)CC(C)(C)[N@@H+]1C
1w3k,OC[C@H]1O[C@@H](O[C@H]2[C@H](O)C[NH2+]O[C@@H]2CO)[C@H](O)[C@@H](O)[C@@H]1O
4i7j,c1ccccc1
3b68,CC(=O)Nc1ccc(OC[C@](C)(O)C(=O)Nc2ccc([N+](=O)[O-])c(C(F)(F)F)c2)cc1
1mrw,Cc1c(O)cccc1C(=O)N[C@@H](Cc1ccccc1)[C@H](O)C(=O)N1CSC(C)(C)[C@H]1C(=O)NC(C)(C)C
4fp1,O=C([O-])C(O)(C(F)(F)F)C(F)(F)F
1lzq,CC(C)(C)OC(=O)N[C@H](CC[NH2+][C@@H](Cc1ccccc1)C(=O)N[C@@H](CCC(=O)[O-])C(=O)N[C@@H](Cc1ccccc1)C(N)=O)Cc1ccccc1
5tcy,O=C(NCCCCCNC(=O)c1cccc(O)c1O)c1cccc(O)c1O
6ghj,C[C@H](NC(=O)[C@@H]([NH3+])Cc1ccccc1)C(=O)N[C@@H](CCC(N)=O)C(=O)[O-]
3f5k,OC[C@H]1O[C@@H](O[C@@H]2[C@@H](CO)O[C@@H](O[C@@H]3[C@@H](CO)O[C@@H](O[C@@H]4[C@@H](CO)O[C@@H](O[C@@H]5[C@@H](CO)O[C@@H](O)[C@H](O)[C@H]5O)[C@H](O)[C@H]4O)[C@H](O)[C@H]3O)[C@H](O)[C@H]2O)[C@H](O)[C@@H](O)[C@@H]1O
4zcs,C[N+](C)(C)CCOP(=O)(O)OP(=O)(O)OCC1OC(n2ccc(=N)[nH]c2=O)C(O)C1O
1ndv,NC(=[NH2+])Nc1nc(-c2ccc(CNc3nc4ccccc4[nH]3)s2)cs1
4g90,O=C1NC(O)=C(F)CN1Cc1cn([C@@H]2O[C@@H](CO)[C@H](O)[C@H]2O)nn1
6pgc,COC(=O)N(CCCCc1ncc(CO)[nH]1)Cc1ccccc1
1ork,C[NH+](C)CC(=O)Nc1ccc2c(c1O)C(=O)C1=C(O)[C@]3(O)C(=O)C(C(N)=O)=C(O)[C@@H]([NH+](C)C)[C@@H]3C[C@@H]1C2
6cdl,CC(C)CN(C[C@@H](O)[C@H](Cc1cc(F)cc(F)c1)NC(=O)O[C@H]1C[C@H]2CO[C@H]3OC=C[C@@H]1[C@H]32)S(=O)(=O)c1ccc2nc(NC3CC3)sc2c1
3c2f,O=P(O)(O)OCC1OC(OP(=O)(O)OP(=O)(O)O)C(O)C1O
1iiq,CC(C)(C)OC(=O)N[C@@H](Cc1ccccc1)[C@@H](O)C[NH2+][C@@H](Cc1ccccc1)C(=O)N[C@@H](CCC(N)=O)C(=O)N[C@@H](Cc1ccccc1)C(N)=O
5x54,CC(=O)N[C@@H](CCC(=O)[O-])C(=O)N[C@@H](Cc1c[nH]c2ccccc12)C(=O)N[C@@H](Cc1c[nH]c2ccccc12)C(=O)N[C@@H](Cc1c[nH]c2ccccc12)C(=O)[O-]
1zpa,COc1ccc(S(=O)(=O)N(CC(C)C)C[C@@H](O)[C@H](Cc2ccccc2)n2cc(CNC(=O)c3ccc(CNC(=O)OC(C)(C)C)cc3)nn2)cc1
1b32,CSCC[C@H](NC(=O)[C@@H]([NH3+])CCCC[NH3+])C(=O)N[C@@H](CCCC[NH3+])C(=O)[O-]
3hb4,C[C@]12CC[C@@H]3c4ccc(O)cc4CC[C@H]3[C@@H]1C[C@H](Cc1cccc(C(N)=O)c1)[C@@H]2O
2xbx,CS(=O)(=O)N1C[C@H](C(=O)Nc2ccc(Cl)cc2)[C@@H](C(=O)Nc2ccc(-n3ccccc3=O)cc2F)C1
4q3t,[NH2+]=C(NO)NCCC[C@H]([NH3+])C(=O)[O-]
1qji,COC(=O)C1CCCN1C(=O)C(C)CP(=O)(O)C(Cc1ccccc1)NC(=O)C(CCCC[NH3+])NC(=O)C1CCCN1C(=O)OCc1ccccc1
3tb6,O[C@H]1CO[C@H](O)[C@H](O)[C@H]1O
5ufc,CC(=O)N[C@H]1[C@H](O)O[C@H](CO)[C@@H](O[C@@H]2O[C@H](CO)[C@H](O)[C@H](O)[C@H]2O[C@@H]2O[C@@H](C)[C@@H](O)[C@@H](O)[C@@H]2O)[C@@H]1O
2f81,CC(C)CN(C[C@@H](O)[C@H](Cc1ccccc1)NC(=O)O[C@H]1CO[C@H]2OCC[C@@H]12)S(=O)(=O)c1ccc(N)cc1
1nh0,NC(=O)[C@H](CCC(=O)[O-])NC(=O)[C@H](CCC(=O)[O-])NC(=O)[C@H](Cc1ccccc1)NC(=O)[C@H](O)[C@H](Cc1ccccc1)NC(=O)OCc1ccccc1
3tfu,Cc1ncc(COP(=O)(O)O)c(C/N=C2\C=CC(CCCO)=NC2=O)c1O
5nw0,CC(=O)NC1(C(=O)N[C@H](C(=O)N2C[C@H](O)C[C@H]2C(=O)NCc2ccc(-c3scnc3C)cc2)C(C)(C)C)CC1
3kv2,N/C(=N\O)NCC[C@H]([NH3+])C(=O)[O-]
4cg9,C[N+](C)=c1ccn(Cc2ccc(-c3ccccc3)cc2)cc1
5g61,OC[C@@H]1O[C@H](O[C@]2(CO[C@]3(CO[C@]4(CO[C@]5(CO)O[C@H](CO)[C@@H](O)[C@@H]5O)O[C@H](CO)[C@@H](O)[C@@H]4O)O[C@H](CO)[C@@H](O)[C@@H]3O)O[C@H](CO)[C@H](O)[C@H]2O)[C@H](O)[C@H](O)[C@@H]1O
1oe8,[NH3+][C@@H](CCC(=O)N[C@@H](CS)C(=O)NCC(=O)[O-])C(=O)[O-]
3hk1,COC(=O)c1sc(-c2cccs2)cc1NC(=O)CCC(=O)[O-]
1fiv,CC(=O)N[C@@H](Cc1cccc2ccccc12)C(=O)N[C@H](C(=O)N[C@@H](CC(C)C)[C@@H](O)CC(=O)N[C@@H](CCC(=O)[O-])C(=O)N[C@@H](Cc1cccc2ccccc12)C(N)=O)C(C)C
6hpw,Cc1ccc(C(=O)Nc2ccc3nc(C[NH+]4CCCCC4)[nH]c3c2)cc1I
5kbe,Oc1ccccc1
2olb,[NH3+]CCCC[C@H]([NH3+])C(=O)N[C@@H](CCCC[NH3+])C(=O)N[C@@H](CCCC[NH3+])C(=O)[O-]
6efj,O=C(Nc1nn[nH]n1)[C@H](Nc1ccccc1)c1ccccc1
5lz4,CC1(C)CC(=O)N(CCOc2ccc(F)c(C#N)c2)C1
3g19,CC(C)C[C@H]([NH3+])C(=O)N[C@@H](CC(C)C)C(=O)N[C@@H](CC(C)C)C(=O)[O-]
6mnc,C[C@]12CC[C@@H]3c4ccc(O)cc4CC[C@H]3[C@@H]1CCC2=O
6ma3,O=C([O-])CCCOc1ccccc1[C@@H](NS(=O)(=O)c1ccc2[nH]c(=O)ccc2c1)C(=O)N(CC(=O)[O-])Cc1cccs1
2q5k,Cc1cccc(C)c1OCC(=O)N[C@@H](Cc1ccccc1)[C@@H](O)C[C@H](Cc1ccccc1)NC(=O)[C@H](C(C)C)N1CCCNC1=O
6cbg,O=C([O-])c1cccc(-c2cn[nH]c2)c1
3lpl,CCOP(=O)(O)OP(=O)(O)O
5f8y,[NH3+][C@H]1[C@@H](O)O[C@H](CO)[C@H](O)[C@@H]1O
2y7z,C[NH+](C)[C@H]1CCc2cc(N3CC[C@H](NS(=O)(=O)c4ccc5cc(Cl)ccc5c4)C3=O)ccc21
3ies,Nc1ncnc2c1ncn2C1OC(COP(=O)(O)OC(=O)c2cccc(-c3noc(-c4ccccc4F)n3)c2)C(O)C1O
4ffs,CCCCSC[C@H]1C[N@@H+](Cc2c[nH]c3c(N)ncnc23)C[C@@H]1O
6o48,CCCC[C@H](NC(=O)[C@H](C)NC(=O)[C@H](CCC(=O)[O-])NC(=O)[C@H](Cc1ccccc1)[NH2+]C[C@H](CC(C)C)NC(=O)[C@@H](NC(=O)[C@@H]([NH3+])CCCNC(N)=[NH2+])C(C)C)C(N)=O
5er4,CN1CCc2cccc3c2c1cc1ccc(O)c(O)c13
4zec,CC(C)C(O)C(O)C(=O)NP(=O)(O)OC1CC(O)C(n2cnc3c(NP(=O)(O)OC4C(O)OC(CO)C(O)C4O)ncnc32)O1
4lk7,OC[C@H]1O[C@@H](Oc2ccc3c(c2)Oc2cc(O)ccc2N3)[C@H](O)[C@@H](O)[C@H]1O
188l,Cc1ccccc1C
2x8z,C[C@H](CS)C(=O)N1CCC[C@H]1C(=O)[O-]
1sbg,CC(C)[C@H](NC(=O)[C@H](Cc1ccccc1)C[C@H](O)[C@H](Cc1ccccc1)NC(=O)OC(C)(C)C)c1ncc[nH]1
1vyf,CCCCCCCC/C=C\CCCCCCCC(=O)[O-]
6qr9,N#Cc1c(-c2ccc3ccn(Cc4ccc(C[NH+]5CCOCC5)cc4)c3c2)n[nH]c1N
6jb0,OC[C@H]1O[C@H](O[C@H]2O[C@H](CO)[C@@H](O)[C@H](O)[C@H]2O)[C@H](O)[C@@H](O)[C@@H]1O
2cen,COC(=O)N[C@H](C(=O)N[N@H+](Cc1ccc(-c2cccnc2)cc1)C[C@@](O)(Cc1ccccc1)C(=O)N[C@H]1c2ccccc2C[C@H]1O)C(C)(C)C
6fuj,CC(C)CC(=O)Nc1cccc(-c2cccc(C[NH3+])c2)c1
4ad6,[NH2+]=c1[nH]c(=O)c2c(nc(S)n2CCO)[nH]1
4mme,O[C@]1(c2ccc(Cl)cc2)c2ccccc2C2=[N+]1CCN2
4omj,CC(C)CCC[C@@H](C)CCC[C@@H](C)CCCCC(C)CCC[C@@H](C)CC[C@@H]1OC1(C)C
3tz0,CC(C)C[C@H](Cl)C(=O)[O-]
3re4,N#Cc1cn([C@@H]2O[C@H](CO)[C@@H](O)[C@H]2O)c2ncnc(N)c12
3aid,CC(C)(C)OC(=O)N[C@@H](Cc1ccccc1)[C@@H](O)C[N@@+](C)(Cc1ccccc1)NC(=O)c1ccccc1
5khm,COc1nnc2ccc(N3CCC(c4ccc(OCC[N@H+]5CCN(C)C(=O)[C@H]5C)cc4)CC3)nn12
3uex,CCCCCCCCCCCCCCCCCC(=O)[O-]
3rdq,C[C@@H]1NC(=O)N[C@@H]1CCCCCC(=O)[O-]
3r1v,CC(C)c1ccc(/N=N/c2ccc(O)cc2)cc1
2c97,O=c1[nH]c(Cl)c(CCCCOP(=O)(O)O)c(=O)[nH]1
2gv6,NC(=[NH2+])NCCC1CCN(C(=O)[C@H](Cc2cccc(C(N)=[NH2+])c2)NS(=O)(=O)c2ccc3ccccc3c2)CC1
6d19,Cc1cc(Br)c2c(CP(=O)(O)O)cc(=O)oc2c1
4mrg,Nc1cccc2c1CC[NH2+]C2
4cgi,[NH3+]CCCCCC(=O)N[C@H]1Cc2ccccc2[C@@H]1Cc1ccc2c(c1C(=O)[O-])OCO2
2d1o,NC(=[NH2+])NCc1ccccc1CCCCCCCCCC(=O)N[C@H](CCCC[NH3+])C(=O)NO
1lvu,CC(Cn1cnc2c(N)nc(N)nc21)OCP(=O)(O)O
4j47,CC[C@H](C)[C@H](NC(=O)[C@@H]1CCCN1C(=O)[C@@H](NC(=O)[C@@H]([NH3+])CO)C(C)C)C(=O)[O-]
6det,NC(=[NH2+])NCCC[C@H]([NH3+])C(=O)[O-]
6otg,C[NH2+][C@H]1CO[C@@H]2OC[C@H](OC(=O)N[C@@H](Cc3ccccc3)[C@H](O)CN(CC(C)C)S(=O)(=O)c3ccc(OC)cc3)[C@H]12
5fsy,Nc1ncnc2c1ncn2C1OC(COP(=O)(O)OP(=O)(O)OCC2OC(O)C(O)C2O)C(O)C1O
1k4h,CCCSCc1cc(N)cc2c(=O)[nH]c(N)nc12
6eol,OC[C@H]1O[C@H](Sc2ccc(Cl)c(Cl)c2)[C@H](O)[C@@H](n2cc(-c3cc(F)c(F)c(F)c3)nn2)[C@H]1O
1tjp,O=P(O)(O)OCC(O)C(O)Nc1ccccc1O
6mlo,NC(=[NH2+])NCCC[C@H]([NH3+])C(=O)[O-]
1elb,CC(C)C[C@H](NC(=O)[C@H](CCCC[NH3+])NC(=O)C(F)(F)F)C(=O)Nc1ccc(C(C)C)cc1
4l4v,Cc1nc2c(=O)[nH]c(=O)nc-2n(C[C@H](O)[C@H](O)[C@H](O)CO)c1O
6kjd,CC[C@H](C)C(=O)O[C@H]1C[C@@H](C)C=C2C=C[C@H](C)[C@H](CC[C@@H](O)C[C@@H](O)CC(=O)[O-])[C@H]21
2vvv,O=C(Cn1cnc(NC(=O)c2ccc(Cl)s2)n1)Nc1ccc(-n2ccccc2=O)cc1F
1vyg,CCCCC/C=C\C/C=C\C/C=C\C/C=C\CCCC(=O)[O-]
6cdj,CC(C)CN(C[C@@H](O)[C@H](Cc1cc(F)cc(F)c1)NC(=O)O[C@@H]1C[C@@H]2CO[C@@H]3OCC[C@H]1[C@H]23)S(=O)(=O)c1ccc2nc(NC3CC3)sc2c1
3jyr,C[C@H]1O[C@H](O[C@@H]2[C@@H](CO)O[C@H](O[C@@H]3[C@@H](CO)O[C@H](O)[C@H](O)[C@H]3O)[C@H](O)[C@H]2O)[C@H](O)[C@@H](O)[C@@H]1[NH2+][C@H]1C=C(CO)[C@@H](O)[C@H](O)[C@H]1O
4asj,CN([C@@H]1C(=N)N(Cc2ccccc2)C(=O)NC1=O)S(=O)(=O)c1ccccc1
6r13,O=C1C[C@H](NC(=O)CCc2ccccc2)C(=O)N1
2aod,CCCC[C@@H](C[NH2+][C@@H](CCCC)C(=O)N[C@@H](CCC(N)=O)C(=O)N[C@@H](CCCNC(N)=[NH2+])C(N)=O)NC(=O)[C@@H](NC(=O)[C@@H](NC(C)=O)[C@@H](C)OC)[C@@H](C)CC
5kqx,CC(C)(C)NC(=O)[C@@H]1C[C@@H]2CCCC[C@@H]2C[N@H+]1C[C@@H](O)[C@H](Cc1ccccc1)NC(=O)[C@H](CC(N)=O)NC(=O)c1ccc2ccccc2n1
4cr9,Cc1cc(N)nc2ccc(N)cc12
1ec1,CNC(=O)[C@@H](NC(=O)[C@H](OCc1ccc(-c2ccsc2)cc1)[C@H](O)[C@@H](O)[C@@H](OCc1ccc(-c2ccsc2)cc1)C(=O)N[C@H](C(=O)NC)C(C)C)C(C)C
1izi,CC(C)(C)OC(=O)N[C@@H](Cc1ccccc1)[C@@H](O)C[C@@H](Cc1ccccc1)C(=O)N[C@@H](CCC(N)=O)C(=O)N[C@@H](Cc1ccccc1)C(N)=O
3zdv,CO[C@H]1O[C@H](CNS(=O)(=O)c2c(C)cc(C)cc2C)[C@@H](O)[C@H](O)[C@@H]1O
4ibc,O=C([O-])Cc1ccc(N2C(=O)C(O)=C(C(=O)c3ccccc3Cl)[C@@H]2c2ccccc2Cl)cc1
5etb,CC(=O)c1c[nH]c2c(C)cccc12
2ha3,C[N+](C)(C)CCO
4y3y,CC(C)C[C@H]([NH3+])CO
6gxg,Cc1nc2scc(-c3ccc(F)cc3)c2c(=O)[nH]1
5fol,CC[C@H](C)[C@H]([NH3+])C(=O)N[C@@H]1[C@H](O)[C@@H](CO)O[C@H]1n1cnc2c(N)ncnc21
5sym,O=C(C[NH+]1CCN(C(=O)c2ccco2)CC1)Nc1cc(C(F)(F)F)ccc1Cl
4ck3,CC(C)C[C@H](CNC(=O)CCC[NH3+])Cc1ccc2c(c1C(=O)[O-])OCO2
1u1b,Cc1cn(C2CC(OP(=O)(O)OP(=O)(O)OCC3OC(n4cnc5c(N)ncnc54)C(O)C3OP(=O)(O)O)C(COP(=O)(O)O)O2)c(=O)[nH]c1=O
1d4k,CC[C@H](C)[C@@H]1NC(=O)[C@@H]([NH2+]C[C@@H](O)C[C@@H](Cc2ccccc2)C(=O)N[C@H]2c3ccccc3C[C@H]2O)Cc2ccc(cc2)OCCCCCNC1=O
6e7j,COc1ccc(S(=O)(=O)N(CC(C)C)C[C@@H](O)[C@H](Cc2ccccc2)NC(=O)O[C@@H]2C[C@H]3[C@@H](C2)OC(=O)N3c2ccccc2)cc1
1fh8,O[C@H]1[C@H](O)CO[C@@H](O[C@@H]2CC[NH2+]C[C@H]2O)[C@@H]1O
4bks,CC(=O)N1C[C@H](O)C[C@H]1C(=O)NCc1ccc(-c2cnco2)cc1
5ko1,Nc1nccnc1C(=O)O[C@@H](C(=O)Nc1ccc(F)cc1)c1ccccc1
6b7a,Cc1nc2c(O)cccc2[nH]1
1qbr,O=C(Nc1nccs1)c1cccc(CN2C(=O)N(Cc3cccc(C(=O)Nc4nccs4)c3)[C@H](Cc3ccccc3)[C@H](O)[C@@H](O)[C@H]2Cc2ccccc2)c1
1zc9,Cc1ncc(COP(=O)(O)O)c(C[NH3+])c1O
6nxz,COCC[C@@H](O)CO
1o0m,O=c1ccn(C2OC(CO)C(O)C2OP(=O)(O)O)c(=O)[nH]1
2wyf,CO[C@@H]1O[C@H](CO)[C@H](O)[C@H](O)[C@H]1O[C@H]1O[C@H](CO)[C@H](O)[C@H](O)[C@H]1O
4rpn,Oc1c(Cl)c(Cl)c(Cl)c(Cl)c1Cl
3vje,C=C(CC[C@]12O[C@H](C(=O)[O-])[C@@](O)(C(=O)[O-])[C@](C(=O)[O-])(O1)[C@H](OC(=O)/C=C/[C@@H](C)C[C@@H](C)CC)[C@H]2O)[C@@H](OC(C)=O)[C@H](C)Cc1ccccc1
3vvy,CCN1c2cc(N)ccc2-c2ccc(N)cc2[C@H]1c1ccccc1
1kug,NC(=O)C[C@H](NC(=O)[C@@H]1CCC(=O)N1)C(=O)N[C@@H](Cc1c[nH]c2ccccc12)C(=O)[O-]
3exh,Cc1ncc(C[n+]2csc(CCOP(=O)(O)OP(=O)(O)O)c2C)c(N)n1
3bva,CCCC[C@@H](C[NH2+][C@@H](CCCC)C(=O)N[C@@H](CCC(N)=O)C(=O)N[C@@H](CCCNC(N)=[NH2+])C(N)=O)NC(=O)[C@@H](NC(=O)[C@@H](NC(C)=O)[C@@H](C)O)[C@@H](C)CC
1gfy,O=C([O-])C(=O)Nc1sc2c(c1C(=O)[O-])CCSC2
1b52,C[C@@H](O)[C@H](NC(=O)[C@@H]([NH3+])CCCC[NH3+])C(=O)N[C@@H](CCCC[NH3+])C(=O)[O-]
6plf,O=C1NC[C@@H](COc2cc3[nH]c(C(=O)N[C@H](CO)c4ccc(C(=O)[O-])cc4)cc3cc2Cl)O1
2p3i,CO[C@]1(C(=O)[O-])C[C@H](O)[C@@H](NC(C)=O)[C@H]([C@H](O)[C@H](O)CO)O1
6o0m,CC1(C)CCC(C[NH+]2CCN(c3ccc(C(=O)NS(=O)(=O)c4ccc(NCC5CCOCC5)c([N+](=O)[O-])c4)c(Oc4cnc5[nH]ccc5c4)c3)CC2)=C(c2ccc(Cl)cc2)C1
1aaq,COC(=O)[C@@H](NC(=O)[C@@H](NC(=O)CC[C@H](O)[C@H](Cc1ccccc1)NC(=O)[C@H](C)NC(=O)[C@H](C)[NH3+])C(C)C)C(C)C
2evl,CCCCC/C=C\C/C=C\CCCCCCCC(=O)N[C@@H](CO[C@@H]1O[C@H](CO)[C@H](O)[C@H](O)[C@H]1O)[C@H](O)/C=C/CCCCCCCCCCCCC
5hva,O=c1ccn(C2CC(O)C(COP(=O)(O)NP(=O)(O)OP(=O)(O)O)O2)c(=O)[nH]1
6gf9,CCCCCCCCCCCCCCCCC(=O)[O-]
1mq6,COc1cc(Cl)cc(C(=O)Nc2ccc(Cl)cn2)c1NC(=O)c1scc(CN(C)C2=NCCO2)c1Cl
3dyo,CC(C)S[C@@H]1O[C@H](CO)[C@H](O)[C@H](O)[C@H]1O
5g46,CCc1cc(=O)c2ccccc2[nH]1
2v58,Nc1ncc2cc(-c3c(Br)cccc3Br)c(N)nc2n1
6g2e,Cc1cc(C[NH3+])cc(C)c1-c1ncn(C)c1-c1ccncc1
3ehx,CC(C)C[C@@H](NS(=O)(=O)c1ccc(-c2ccccc2)cc1)C(=O)[O-]
2vuk,CCn1c2ccccc2c2cc(C[NH2+]C)ccc21
5l9g,NC(=O)CC[C@H]([NH2+]C[C@@H](O)[C@@H](O)[C@H](O)[C@H](O)CO)C(=O)[O-]
4zip,COc1ccc(S(=O)(=O)N(CC(C)C)C[C@@H](O)[C@H](Cc2ccccc2)NC(=O)c2cc(C)cc(C(=O)N(C)Cc3nc(C)oc3C)c2)cc1
5ha1,CC1=C(/C=C/C(C)=C/C=C/C(C)=C/C[NH3+])C(C)(C)CCC1
2wk6,O=C1N=CC(I)C(=O)N1
3c8b,CC[C@H](C)[C@H](NC(=O)CNC(=O)[C@H](CCCNC(N)=[NH2+])NC(=O)[C@@H]([NH3+])CCCNC(N)=[NH2+])C(=O)O
4trc,Nc1ncnc2nc[nH]c12
4crf,O=C(N[C@@H](Cc1ccccc1)C(=O)NCc1cc(=O)[nH]c2ccc(Cl)cc12)c1ccc2[nH]c(=O)cc(O)c2c1
1b05,[NH3+]CCCC[C@H]([NH3+])C(=O)N[C@@H](CS)C(=O)N[C@@H](CCCC[NH3+])C(=O)[O-]
4b9z,C[C@H]1O[C@H](O[C@@H]2[C@@H](CO)O[C@@H](O[C@@H]3[C@@H](O)[C@@H](O)[C@H](O)O[C@@H]3CO)[C@H](O)[C@H]2O)[C@H](O)[C@@H](O)[C@@H]1[NH2+][C@H]1C=C(CO)[C@@H](O)[C@H](O)[C@H]1O
4cjr,COc1ccc(CNC(=O)c2cc3c(cc2C[N@@H+](C)Cc2cccc(OC)c2C(=O)[O-])OCO3)cc1
2vmd,CO[C@@H]1O[C@H](CO)[C@H](O)[C@H](O)[C@H]1O
2bqv,COC(=O)N[C@H](C(=O)N[N@H+](Cc1ccccc1)C[C@@](O)(Cc1ccccc1)C(=O)N[C@H]1c2ccccc2C[C@H]1O)C(C)C
3tay,CO[C@]1(C(=O)[O-])C[C@H](O)[C@@H](NC(=O)CO)[C@H]([C@H](O)[C@H](O)CO)O1
1b0h,[NH3+]CCCC[C@H]([NH3+])C(=O)N[C@@H](Cc1cccc2ccccc12)C(=O)N[C@@H](CCCC[NH3+])C(=O)[O-]
4b6s,O=C1[C@@H](O)[C@H](O)C[C@](O)(C(=O)[O-])[C@@H]1Cc1c(F)c(F)c(F)c(F)c1F
3ppm,O=C(CCCCCCc1ccccc1)c1nnc(-c2ccccn2)o1
4llj,Nc1[nH]c(N)c2ccccc12
5kad,O=C([O-])C(=O)Nc1sc2c(c1C(=O)[O-])CC[NH2+]C2
4fnn,CCCCCCCCCCCCCCCCCC(=O)[O-]
4u69,CCCC(C)C([NH3+])P(=O)(O)O
6epy,OC[C@H]1O[C@@](CO)(O[C@H]2O[C@H](CO[C@H]3O[C@H](CO)[C@H](O)[C@H](O)[C@H]3O)[C@@H](O)[C@H](O)[C@H]2O)[C@@H](O)[C@@H]1O
1t31,CN(C(=O)c1cc2ccccc2cc1C(=O)C(c1cccc2ccccc12)P(=O)(O)O)C1CCN(C(=O)c2ccc3ccccc3c2)CC1
4m6u,O=C([O-])C(O)C(=O)[O-]
3kdc,CC1(C)SCN(C(=O)[C@@H](O)[C@H](Cc2ccccc2)NC(=O)COc2c(Cl)cccc2Cl)[C@@H]1C(=O)N[C@H]1c2ccccc2C[C@H]1O
1r5y,Nc1ccc2nc(N)[nH]c(=O)c2c1
3ikg,Cc1cccc(CC(COP(=O)(O)O)NC(=O)c2cc3ccccc3s2)c1
1w3j,OC[C@H]1O[NH2+]C[C@@H](O)[C@@H]1O
6chp,COC(=O)N1CCC(Cc2cccc([C@@H](CC#N)Nc3nc4nc(C)ccc4[nH]3)c2)CC1
2hxm,O=C([O-])c1ccc(/C=N/OCCO/N=C/c2cc(=O)[nH]c(=O)[nH]2)cc1
6eq1,OC[C@H]1O[C@@](CO)(O[C@H]2O[C@H](CO[C@H]3O[C@H](CO[C@H]4O[C@H](CO)[C@H](O)[C@H](O)[C@H]4O)[C@H](O)[C@@H](O)[C@@H]3O)[C@@H](O)[C@H](O)[C@H]2O)[C@H](O)[C@@H]1O
6f9u,CC(=O)N[C@@H](CC(=O)[O-])C(=O)NC[C@H](CC1(C(=O)N[C@@H](Cc2ccc(O)cc2)C(=O)[O-])CCCC1)C(=O)[O-]
3ove,CC(=O)NC(Cc1ccc(OP(=O)(O)O)cc1)C(=O)NC1(C(=O)NC(CC(N)=O)C(N)=O)CCCCCC1
3g31,C[C@H](C(=O)[O-])N1C(=O)[C@H]2[C@H]3CC[C@H](C3)[C@H]2C1=O
4ury,Nc1ccc(S(=O)(=O)NC(=O)C2C=C2)cc1
3lvw,[NH3+][C@@H](CCC(=O)N[C@@H](CS)C(=O)NCC(=O)[O-])C(=O)[O-]
1qxl,NC(=O)c1cn([C@@H](CO)CCn2ccc3ccc(NC(=O)CCCCc4ccccc4)cc32)cn1
3su2,CC(C)(C)OC(=O)N[C@H]1CCCCC/C=C\[C@@H]2C[C@@]2(C(=O)NS(=O)(=O)C2CC2)NC(=O)[C@@H]2C[C@@H](OC(=O)n3cc4cccc(F)c4c3)CN2C1=O
4j46,CC[C@H](C)[C@H](NC(=O)[C@@H]1CCCN1C(=O)[C@@H](NC(=O)[C@H](C)[NH3+])C(C)C)C(=O)[O-]
1grp,O=C([O-])C[C@H](C(=O)[O-])[C@@H](O)C(=O)[O-]
3qaa,COc1ccc(S(=O)(=O)N(CC(C)C)C[C@@H](O)[C@H](Cc2ccccc2)NC(=O)O[C@H]2CO[C@H]3OC[C@H](OC)[C@@H]23)cc1
3g0i,CCCC(CCC)C(N)=O
2j7f,O=C([O-])c1cn2c(n1)[C@H](O)[C@@H](O)[C@H](O)[C@H]2CO
2ole,[NH3+][C@@H](CC(=O)N1CCCCCN1C(=O)c1ccccc1)Cc1cc(F)c(F)cc1F
3ljz,O=C(C[C@@H](Cc1ccc(-c2ccc3c(c2)OCO3)cc1)C(=O)N[C@H]1c2ccccc2C[C@H]1O)NO
4w9j,CC(=O)N[C@@H](CC(C)C)C(=O)N[C@H](C(=O)N1C[C@H](O)C[C@H]1C(=O)NCc1ccc(-c2scnc2C)cc1)C(C)(C)C
5ov8,CC(C)Cc1ccc(S(=O)(=O)Nc2cc3c(cc2N2CCCC2)n(C)c(=O)c(=O)n3C)cc1
1onz,O=C([O-])C(=O)N(c1ccccc1C(=O)[O-])c1cccc2ccc(O)cc12
1nwl,CC(=O)NCCSSCCNC(=O)[C@H]1CC[C@@H](NC(=O)c2nccnc2C(=O)[O-])CC1
6d56,Cc1cc(Cn2c(N3CC4(C[NH2+]C4)C3)nc3c(-c4c(C)n[nH]c4C)cc(Cl)cc32)cc(C)c1F
6gfz,CC(=O)N[C@H](C(=O)N1C[C@H](O)[C@@H](F)[C@H]1C(=O)NCc1ccc(-c2scnc2C)cc1)C(C)(C)C
2fzc,O=C(CP(=O)(O)O)NCCNC(=O)CP(=O)(O)O
4de2,C[NH+](C)Cc1cccc(C(=O)Nc2cccc(-c3nn[nH]n3)c2)c1
4cjq,CC(C)C[C@H](CNC(=O)Cc1c[nH]c2ccccc12)Cc1ccc2c(c1C(=O)[O-])OCO2
5f0f,N#Cc1ccc(N2CCC(CCC(=O)N3CCCC3)CC2)cc1
4jkw,C=C(C)CCOP(=O)(O)OP(=O)(O)O
4o97,NC(=[NH2+])c1cccc(COc2cc(OCc3cccc(C(N)=[NH2+])c3)cc(C(=O)N[C@H]3CC[C@H]([NH3+])CC3)c2)c1
6exj,CC[C@H](C)[C@H](NC(=O)[C@H](CO)NC(=O)[C@@H](NC(=O)[C@H](CCC(N)=O)NC(=O)[C@H](CC(C)C)NC(=O)[C@H](CC(=O)[O-])NC(C)=O)[C@@H](C)O)C(=O)[O-]
4ngp,O=C([O-])CC[C@H](NC(=O)N[C@@H](CCCCNC(=O)c1ccccc1OCCNC(=O)CCOCCO)C(=O)[O-])C(=O)[O-]
1bma,CC(C)C[C@H](NC(=O)C(F)(F)F)C(=O)N[N@@+](C)(CC(=O)Nc1ccc(C(C)C)cc1)Cc1ccccc1
4b0b,Nc1cccc(Oc2ccccn2)c1
5his,Cc1ccsc1C(=O)[O-]
1x8d,C[C@@H]1OC(=O)[C@H](O)[C@H](O)[C@H]1O
4hws,C[C@@H](O)[C@H]([NH3+])C(=O)NS(=O)(=O)c1cccc(-c2ccc3c(N)nc(Cl)nc3c2)c1
3oyw,OC[C@H]1O[C@@H](S[C@@H]2O[C@H](CO)[C@H](O)[C@H](O)[C@H]2O)[C@H](O)[C@@H](O)[C@H]1O
5upf,CC(C)(O)C(=O)N1CCC(c2ccc(NC(=O)n3cc4ccc(F)cc4c3)cc2)CC1
6ekq,Cc1nc(C)c(C(=O)Nc2nc(C[N@H+]3C[C@@H](C)C[C@@H](C)C3)cs2)o1
2bet,O=C(O)C(O)C(O)COP(=O)(O)O
1loq,O=c1ccn(C2OC(COP(=O)(O)O)C(O)C2O)c(=O)[nH]1
1ctt,O=C1NCC=CN1[C@@H]1O[C@H](CO)[C@@H](O)[C@H]1O
4ca7,O=C(NC(Cc1ccccc1)P(=O)(O)CC(Cc1cc(-c2ccccc2)no1)C(=O)NC(Cc1ccc(O)cc1)C(=O)O)OCc1ccccc1
2xye,CNC(=O)[C@@H](NC(=O)[C@@](O)(CCC[N@H+](Cc1ccc(-c2ccccc2)cc1)NC(=O)[C@@H](NC(=O)OC)C(C)(C)C)Cc1ccccc1)C(C)(C)C
2c80,CCCCCCSC[C@H](NC(=O)CC[C@H]([NH3+])C(=O)[O-])C(=O)NCC(=O)[O-]
3elc,N=c1[nH]c(=O)n([C@@H]2O[C@H](CO)[C@@H](O)[C@H]2O)cc1F
5u0w,Cn1cnc2c(=O)[nH]c(=[NH2+])[nH]c21
6rtw,CC(C)CCC[C@@H](C)[C@H]1CC[C@H]2[C@@H]3CC=C4C[C@@H](OC(=O)CCC(=O)[O-])CC[C@]4(C)[C@H]3CC[C@@]21C
1jcx,O=C(O)C[NH+](CC(O)C(O)C(O)C(O)COP(=O)(O)O)CP(=O)(O)O
3juo,O=C([O-])c1cc(Br)ccc1N[C@@H]1CCC[NH2+]C1
4x5p,O=C([O-])c1ccc(C(=O)Nc2ccc(O[C@H]3O[C@H](CO)[C@@H](O)[C@H](O)[C@@H]3O)c(Cl)c2)cc1
3b66,C[C@](O)(COc1ccc([N+](=O)[O-])cc1)C(=O)Nc1ccc(C#N)c(C(F)(F)F)c1
2d1n,NC(=[NH2+])NCc1ccccc1CCCCCCCCCC(=O)N[C@H](CCCC[NH3+])C(=O)NO
4oc5,O=C(N[C@@H](CCCCNC(=O)c1ccc(I)cc1)C(=O)[O-])N[C@H](C(=O)[O-])c1ccc(O)cc1
1c3x,Nc1nc2[nH]c(I)nc2c(=O)[nH]1
3ao5,Cn1nc(N)cc1-c1cc(Br)c2c(c1)OCO2
2.00E+91,O=P(O)(O)C(O)(Cn1ccnc1)P(=O)(O)O
5ka9,O=C([O-])C(=O)Nc1sc2c(c1C(=O)[O-])CC[NH2+]C2
1m5w,CC(=O)C(O)C(O)COP(=O)(O)O
3ao2,Cn1nc(-c2cc(Br)c3c(c2)OCO3)cc1N
2euk,CCCCCCCC/C=C\CCCCCCCCCCCCCC(=O)N[C@@H](CO[C@@H]1O[C@H](CO)[C@H](O)[C@H](O)[C@H]1O)[C@H](O)/C=C/CCCCCCCCCCCCC
3cda,CC(C)n1c(CC[C@@H](O)C[C@@H](O)CC(=O)[O-])c(-c2ccc(F)cc2)c(-c2ccccc2)c1C(=O)Nc1ccc(S(N)(=O)=O)cc1
2ca8,[NH3+][C@H](CCC(=O)N[C@@H](CS)C(=O)NCC(=O)[O-])C(=O)[O-]
3o5n,O=C([O-])c1ccc([N+](=O)[O-])c2c1N[C@@H](C(=O)[O-])[C@H]1CCC[C@@H]21
6aqs,[NH2+]=c1[nH]c(=O)c2[nH]cc(C[N@H+]3C[C@H](O)[C@@H](CO)C3)c2[nH]1
4lch,C[C@](O)(c1ccc(O)cc1)[C@H](NC(=O)c1ccc(C#CC#Cc2ccc(N)cc2)cc1)C(=O)NO
4tz2,Nc1cccc(-c2nc(-c3ccccc3)n[nH]2)c1
2vpo,CC1=N[C@H](C(=O)[O-])[C@@H](O)CN1
4aq6,O=C([O-])Cc1cc(O)ccc1O
4jh0,Cc1nc2c(c(-c3ccc(Cl)cc3Cl)c1C[NH3+])C(=O)N(CC(=O)N(C)C)C2
4dkr,NC(=[NH2+])N[C@@H]1Cc2ccccc2[C@H]1NC(=O)C(=O)Nc1ccc(Cl)c(F)c1
3zyf,O=[N+]([O-])c1ccc(O[C@@H]2O[C@H](CO)[C@H](O)[C@H](O)[C@H]2O)cc1
6o5a,CCCC[C@@H](C[NH2+][C@@H](CCCC)C(=O)N[C@@H](CCC(N)=O)C(=O)N[C@@H](CCCNC(N)=[NH2+])C(N)=O)NC(=O)[C@@H](NC(=O)[C@@H](NC(C)=O)[C@@H](C)O)[C@@H](C)CC
1fo0,CC[C@H](C)[C@H]([NH3+])C(=O)N[C@@H](CC(N)=O)C(=O)N[C@@H](Cc1ccccc1)C(=O)N[C@@H](CC(=O)[O-])C(=O)N[C@@H](Cc1ccccc1)C(=O)N[C@@H](CC(N)=O)C(=O)N[C@H](C(=O)N[C@H](C(=O)[O-])[C@@H](C)CC)[C@@H](C)O
4h7q,CC(C)CC(=O)C(=O)[O-]
6d1i,Cn1c(=O)cc(CP(=O)(O)O)c2ccccc21
3cd0,CC(C)n1c(C(=O)NCc2ccc(F)cc2)nc(-c2ccc(F)cc2)c1CC[C@@H](O)C[C@@H](O)CC(=O)[O-]
3wvm,CCCCCCCCCCCCCCCCCC(=O)[O-]
2j78,OC[C@H]1N/C(=N\O)[C@H](O)[C@@H](O)[C@@H]1O
2p53,CP(=O)(O)NC1C(O)OC(COP(=O)(O)O)C(O)C1O
1b2h,[NH3+]CCCC[C@H]([NH3+])C(=O)N[C@@H](CCC[NH3+])C(=O)N[C@@H](CCCC[NH3+])C(=O)[O-]
2zx6,C[C@@H]1[NH2+][C@H](CNC(=O)Cc2c[nH]c3ccccc23)[C@@H](O)[C@H](O)[C@@H]1O
5e7n,Cc1ccc(C(=O)Nc2ccccc2C(=O)[O-])cc1S(=O)(=O)Nc1ccc(Br)cc1
5zkc,C[N+]1(C)[C@H]2C[C@H](OC(=O)[C@H](CO)c3ccccc3)C[C@@H]1[C@H]1O[C@@H]21
1z95,C[C@](O)(CS(=O)(=O)c1ccc(F)cc1)C(=O)Nc1ccc(C#N)c(C(F)(F)F)c1
5eqe,C[N@H+]1CCC[N@H+](Cc2ccc(C[NH3+])cc2)CC1
1s38,Cc1cccc2c(=O)[nH]c(N)nc12
2aoc,CCCC[C@@H](C[NH2+][C@@H](CCCC)C(=O)N[C@@H](CCC(N)=O)C(=O)N[C@@H](CCCNC(N)=[NH2+])C(N)=O)NC(=O)[C@@H](NC(=O)[C@@H](NC(C)=O)[C@@H](C)OC)[C@@H](C)CC
6pg9,O=C(NCCCCc1nc(CO)c[nH]1)c1ccccc1
5l9o,NC(=O)CC[C@H]([NH2+]C[C@H](O)[C@@H](O)[C@H](O)[C@H](O)CO)C(=O)[O-]
1bwa,O=C(Nc1nccs1)c1cccc(CN2C(=O)N(Cc3cccc(C(=O)Nc4nccs4)c3)[C@H](Cc3ccccc3)[C@H](O)[C@@H](O)[C@H]2Cc2ccccc2)c1
1g85,CCCCC[C@H](O)CC
4h85,CC(C)C[C@@H](Cl)C(=O)[O-]
5chk,O=C1C=CC(=NNc2ccccc2C(=O)[O-])C=C1
3g32,O=C1c2ccccc2C(=O)N1CCc1nn[nH]n1
4att,COc1ccc(C#CCO[C@H]2O[C@H](CO)[C@@H](O)[C@H](O)[C@@H]2O)cc1
4kb9,COc1ccc(S(=O)(=O)N(CC(C)C)C[C@@H](O)[C@H](Cc2ccccc2)NC(=O)O[C@H]2CCC[C@H]3O[C@@H]4OCC[C@@H]4[C@@H]23)cc1
2ha6,C[N+](C)(C)CCOC(=O)CCC(=O)OCC[N+](C)(C)C
2o4n,CCC[C@@]1(CCc2ccccc2)CC(O)=C([C@H](CC)c2cccc(NS(=O)(=O)c3ccc(C(F)(F)F)cn3)c2)C(=O)O1
2xii,C[C@@H]1[NH2+][C@H](CNC(=O)c2cccc3c2C(=O)c2ccccc2-3)[C@@H](O)[C@H](O)[C@@H]1O
6ej3,CO[C@H]1CC[C@]2(CC1)Cc1ccc(-c3cncc(C)c3)cc1[C@@]21COC(=[NH2+])N1
5mge,CCOC(=O)C1=C(Cl)CC(=O)N(C)C1
4avs,CC(=O)N1CCC[C@H]1C(=O)[O-]
5cso,N=c1ccn([C@@H]2O[C@H](CO)[C@@H](O)[C@H]2O)c(=O)[nH]1
6hzy,C[C@@H]1O/C(=N\OC(=O)Nc2ccccc2)[C@@H](O)[C@H](O)[C@@H]1O
2ydw,Cc1nnc2n1-c1ccccc1C(c1ccccc1)=N[C@H]2NC(=O)OCc1ccccc1
5u12,Nc1nc2[nH]c(SCc3ccccc3F)nc2c(=O)[nH]1
1b3l,[NH3+]CCCC[C@H]([NH3+])C(=O)NCC(=O)N[C@@H](CCCC[NH3+])C(=O)[O-]
2qhz,C/C(=C\C(=O)N[C@@H](Cc1ccccc1)[C@H](O)CN(Cc1cccs1)S(=O)(=O)c1cc(F)c(F)cc1F)C(F)(F)F
2bvd,OC[C@H]1O[C@@H](O[C@@H]2C[NH2+]C[C@H](CO)[C@H]2O)[C@H](O)[C@@H](O)[C@@H]1O
3d91,CC(C)(C)S(=O)(=O)C[C@@H](Cc1ccccc1)C(=O)N[C@@H](Cc1c[nH]cn1)C(=O)N[C@@H](CC1CCCCC1)[C@@H](O)[C@@H](O)C1CC1
1ajv,O=S1(=O)N(Cc2ccccc2)[C@H](COc2ccccc2)[C@H](O)[C@@H](O)[C@@H](COc2ccccc2)N1Cc1ccccc1
3c2o,O=C([O-])c1cccnc1C(=O)[O-]
2fle,CC(C)[C@H](NC(=O)N(C)Cc1ccccn1)C(=O)N[C@@H](Cc1ccccc1)[C@H](O)[C@@H](O)[C@H](CC1CCCCC1)NC(=O)[C@@H](NC(=O)N(C)Cc1ccccn1)C(C)C
5o5a,CCn1c(=O)c(=O)[nH]c2cc(C(=O)N(C)Cc3cnn(-c4ccccc4)c3)ccc21
3el1,COC(=O)N[C@H](C(=O)N[C@@H](Cc1ccccc1)[C@@H](O)C[N@H+](Cc1ccc(-c2ccccn2)cc1)NC(=O)[C@@H](NC(=O)OC)C(C)(C)C)C(C)(C)C
5.00E+73,CC(=O)N(c1cc(O)ccc1C)c1cn(C(C)=O)c2ccccc12
4u73,[NH3+]C(c1ccccc1)P(=O)(O)O
5hi7,C[NH+](C)CCC[N@@H+](CC[C@H]([NH3+])C(=O)[O-])C[C@H]1O[C@@H](n2cnc3c(N)ncnc32)[C@H](O)[C@@H]1O
2uyn,CCC(=O)C(=O)[O-]
1fkf,C/C=C\[C@@H]1/C=C(\C)C[C@H](C)C[C@H](OC)[C@H]2O[C@@](O)(C(=O)C(=O)N3CCCC[C@H]3C(=O)O[C@H](/C(C)=C/[C@@H]3CC[C@@H](O)[C@H](OC)C3)[C@H](C)[C@@H](O)CC1=O)[C@H](C)C[C@@H]2OC
1nw4,O=c1[nH]cnc2c([C@@H]3[NH2+][C@H](CO)[C@@H](O)[C@H]3O)c[nH]c12
6q3q,CSCC[C@H](NC(=O)[C@H](CCCC[NH3+])NC(=O)[C@H](CO)NC(=O)C[NH3+])C(=O)N[C@@H](CCC(=O)[O-])C(=O)N[C@@H](CCC(=O)[O-])C(=O)N[C@H](C(=O)N[C@@H](CC(=O)[O-])C(=O)[O-])C(C)C
4ca5,O=C(NC(Cc1ccccc1)P(=O)(O)CC(Cc1cc(-c2ccccc2)no1)C(=O)NC(Cc1ccc(O)cc1)C(=O)O)OCc1ccccc1
5hz9,Cc1nc2ccc(Cl)cc2c(-c2ccccc2)c1C(=O)[O-]
6q4g,Nc1nc(-c2cccc(CC(=O)[O-])c2)c2[nH]cnc2n1
5lyr,OC[C@H]1O[C@H](O[C@@H]2[C@H](O)[NH2+]C[C@H](CO)[C@H]2O)[C@@H](O)[C@@H](O)[C@@H]1O
1fd0,CC1(C)CCC(C)(C)c2cc(/C(=N/O)c3ccc4cc(C(=O)[O-])ccc4c3)ccc21
1ec0,O=C(N[C@H]1c2ccccc2C[C@H]1O)[C@H](OCc1ccccc1F)[C@H](O)[C@@H](O)[C@@H](OCc1ccccc1F)C(=O)N[C@H]1c2ccccc2C[C@H]1O
5mek,Nc1ncnc2c1ncn2C1OC(COP(=O)(O)O)C(OP(=O)(O)O)C1O
3tf6,O=C([O-])c1cccc(O)c1O
4eo6,CC(C)N(c1cc(C#CC(C)(C)C)sc1C(=O)[O-])C(=O)[C@H]1CC[C@H](C)CC1
3zsx,C=CC[N@H+](Cc1ccccc1C(=O)NCc1ccccc1)Cc1ccc2c(c1C(=O)[O-])OCO2
5u0y,Nc1nc2[nH]c(SCC(=O)[O-])nc2c(=O)[nH]1
4ufl,OC[C@@H]1[C@H](O)[C@H](O)[C@@H]2CC[C@H]1[NH2+]2
2a8g,Nc1nc2c(ncn2[C@H]2C[C@H](O)[C@@H](CO)O2)c(=O)[nH]1
5hwu,O=c1ccn(C2CC(O)C(COP(=O)(O)NP(=O)(O)OP(=O)(O)O)O2)c(=O)[nH]1
5epl,CC[NH+](CC)CCCC[C@H](NC(=O)[C@H](CC(C)C)NC(=O)[C@H](C)NC(=O)[C@H](Cc1ccccc1)NC(=O)c1ccc(C(C)(C)C)cc1)C(=O)N[C@@H](CO)C(=O)OC
6g2o,Cc1cc(C[NH3+])cc(C)c1-c1ncn(C)c1-c1ccnc2cc(F)ccc12
1qbq,CC(C)=CCC/C(C)=C/CC/C(C)=C/C(O)P(=O)(O)O
3ckb,OC[C@H]1O[C@H](O[C@@H]2[C@@H](CO)O[C@H](O[C@@H]3[C@@H](CO)O[C@@H](O)[C@H](O)[C@H]3O)[C@H](O)[C@H]2O)[C@H](O)[C@@H](O)[C@@H]1O
2we3,O=c1ccn(C2CC(O)C(COP(=O)(O)OP(=O)(O)OP(=O)(O)O)O2)c(=O)[nH]1
6i12,Cn1cc(NC(=O)c2cn(Cc3ccc(Cl)cc3)c(=O)c3ccccc23)cn1
4msc,c1cnc2cc(OCc3ccc4ccccc4n3)ccc2c1
1dar,Nc1nc2c(ncn2C2OC(COP(=O)(O)OP(=O)(O)O)C(O)C2O)c(=O)[nH]1
6n3x,[NH2+]=c1[nH]c(=O)c2ncn([C@@H]3O[C@H](COC(=O)NCc4ccccc4)[C@@H](O)[C@H]3O)c2[nH]1
4psb,C=C1C[C@]23C[C@@]1(O)CC[C@H]2[C@@]12C=C[C@H](O)[C@@](C)(C(=O)O1)[C@H]2[C@@H]3C(=O)[O-]
5jzi,CC[C@H](C)[C@H](NC(=O)CNC(=O)[C@H](CC(C)C)NC(=O)[C@H](C)NC(=O)[C@@H](NC(=O)[C@H](CC(C)C)NC(=O)[C@@H]([NH3+])CCCC[NH3+])C(C)C)C(=O)N[C@@H](CC(N)=O)C(=O)N[C@@H](C)C(=O)N[C@H](C(=O)[O-])C(C)C
2y5h,C[N+](C)(C)CCCN1C(=O)[C@H]2[C@@H](C1=O)[C@@H]1CCC[N@@H+]1[C@H]2c1coc(-c2ccc(Cl)s2)n1
3f18,O=C(CN(CCO)S(=O)(=O)c1ccc(F)cc1)NO
4ty7,Nc1[nH]nc2cc(-c3nc([C@H](Cc4ccccc4)NC(=O)[C@H]4CC[C@H](C[NH3+])CC4)[nH]c3Cl)ccc12
4x5r,C[NH+]1CCN(c2c(Nc3ccc(O[C@H]4O[C@H](CO)[C@@H](O)[C@H](O)[C@@H]4O)c(Cl)c3)c(=O)c2=O)CC1
2usn,O=C(C[C@@H](NC(=O)OCc1ccccc1)c1ccccc1)Nc1nnc(S)s1
3mfw,Nc1ncc(C[C@H]([NH3+])C(=O)[O-])[nH]1
1c87,O=C([O-])C(=O)Nc1sc2c(c1C(=O)[O-])CCOC2
4cps,COC(=O)N[C@H](C(=O)N[N@H+](CCC[C@@]1(O)Cc2ccc(cc2)C/C=C\CNC(=O)[C@H](C(C)C)NC1=O)Cc1ccc(-c2ccncc2)cc1)C(C)(C)C
5d3c,NC(=O)[C@H](CCC(=O)[O-])NC(=O)[C@H](CCC(=O)[O-])NC(=O)[C@@H](CC(=O)NO)Cc1cc(-c2ccc(-c3cccc(Cl)c3)cc2)no1
1zhy,CC(C)CCC[C@@H](C)[C@H]1CC[C@H]2[C@@H]3CC=C4C[C@@H](O)CC[C@]4(C)[C@H]3CC[C@@]21C
5dw2,COc1cc(N)c(C(N)=O)c(OC)c1
1nq7,CC(/C=C/C=C(\C)c1cc(C(C)(C)C)cc(C(C)(C)C)c1)=C\C(=O)[O-]
3tt4,Cc1ccc(-c2ccc(CCC(=O)N[C@@H](CCC(=O)[O-])C(N)=O)cc2)s1
3eb1,O=C([O-])C(=O)CC(O)c1cccc(N(Cc2ccccc2)Cc2ccccc2)c1
3lir,NC(=O)[C@H](CCC(=O)[O-])NC(=O)[C@H](CCC(=O)[O-])NC(=O)CCc1cc(-c2ccccc2)no1
1n1m,CC(C)[C@H]([NH3+])C(=O)N1CCCC1
4ad2,OC[C@H]1O[C@H](O[C@@H]2C[NH2+]C[C@H](CO)[C@H]2O)[C@H](O)[C@@H](O)[C@@H]1O
4jz1,NC(=[NH2+])c1ccc(Oc2ccc(NS(=O)(=O)c3ccc(F)cc3)c(Oc3ccc(C(N)=[NH2+])cc3)n2)cc1
3s0b,c1ccc(Nc2cccc3ccccc23)cc1
4qsu,CC1C=NC(=O)NC1=O
1alw,O=C([O-])[C@@H](S)Cc1ccccc1
3gr2,CCC1C(=O)N(c2nnn[nH]2)N=C1C
4umc,CC(OP(=O)(O)O)C(=O)O
4zl4,CC(C)C[C@H](NC(=O)[C@@H](NC(=O)[C@H](CCONC(N)=[NH2+])NC(=O)OCc1ccccc1)C(C)C)[C@@H](O)CC(=O)NCCc1ccccc1
4x6o,COC(=O)Nc1ccc(-c2nc([C@H](Cc3ccccc3)NC(=O)CCc3cc(Cl)ccc3-n3cnnn3)[nH]c2Cl)cc1
2avm,CCCC[C@@H](C[NH2+][C@@H](CCCC)C(=O)N[C@@H](CCC(N)=O)C(=O)N[C@@H](CCCNC(N)=[NH2+])C(N)=O)NC(=O)[C@@H](NC(=O)[C@@H](NC(C)=O)[C@@H](C)O)[C@@H](C)CC
6d15,Cc1cc2oc(=O)cc(CP(=O)(O)O)c2cc1C
1ikt,COCCOCCOCCOc1ccc(C(C)(C)CC(C)(C)C)cc1
4da5,OC(c1ccc(Cl)s1)(c1ccc(Cl)s1)[C@H]1C[N@H+]2CC[C@@H]1CC2
4v27,OC[C@H]1O[C@H](O[C@@H]2C[NH2+]C[C@H](CO)[C@H]2O)[C@@H](O)[C@@H](O)[C@@H]1O
1atl,COc1ccc(C[C@H](NC(=O)[C@@H](CS)CC(C)C)C(=O)[O-])cc1
3nu6,CC(C)CN(C[C@@H](O)[C@H](Cc1ccccc1)NC(=O)O[C@H]1CCOC1)S(=O)(=O)c1ccc(N)cc1
1rp7,Cc1ncc(Cn2c(C)c(CCOP(=O)(O)OP(=O)(O)O)sc2=O)c(N)n1
6o5x,CCCC[C@H](NC(=O)[C@H](C)NC(=O)[C@H](CCC(=O)[O-])NC(=O)[C@H](Cc1ccccc1)[NH2+]C[C@H](CC(C)C)NC(=O)[C@@H](NC(=O)[C@@H]([NH3+])CCCNC(N)=[NH2+])C(C)C)C(N)=O
3tfn,O=C([O-])CC1(CC(=O)N2CC[NH+](C(c3ccccc3)c3ccccc3)CC2)CCCC1
1njd,O=c1ccn(C2CC(O)C(COP(=O)(O)O)O2)c(=O)[nH]1
2izl,[NH2+]=C1N[C@@H]2[C@H](CCCCC(=O)[O-])SC[C@@H]2N1
4zbi,O=C([O-])c1c(CCCOc2cccc3ccccc23)c2cccc3c2n1CCC3
1e2l,Cc1cn([C@H]2C[C@H](O)[C@]3(CO)C[C@H]23)c(=O)[nH]c1=O
4z2b,Cn1c(-c2c[nH]c3cc(C#N)ccc23)nc2ccc(C(=O)N3CCO[C@@H](c4ccccc4)[C@@H]3CO)cc21
1ajn,O=C([O-])Cc1ccc([N+](=O)[O-])cc1
2web,COC(=O)C(Cc1ccccc1)OP(=O)(O)C(Cc1ccc2ccccc2c1)NC(=O)C(NC=O)C(C)C
6hza,NC(=[NH2+])NCCC[C@@H]1NC(=O)CCCC(=O)NCCCC[C@@H](C(=O)N[C@@H](CCCNC(N)=[NH2+])C(=O)NCc2ccc(C(N)=[NH2+])cc2)NC(=O)[C@H](CCCNC(N)=[NH2+])NC1=O
4ks1,CCC(CC)O[C@@H]1CC(C(=O)[O-])=C[C@H]([NH3+])[C@H]1NC(C)=O
4zv2,NC(=O)CC[C@H]([NH3+])C(=O)[O-]
5k0m,C[NH+](C)[C@H]1C[N@@H+]([C@H]2CCc3cccc(F)c32)C[C@@H]1c1ccc(N2CCN(S(C)(=O)=O)CC2)cc1
6ayq,CSC[C@H]1C[N@@H+](Cc2c[nH]c3c(N)ncnc23)C[C@@H]1O
6dyw,Nc1ncnc2c(C[N@@H+]3C[C@H](CSCCCc4cn(Cc5ccccc5)nn4)[C@@H](O)C3)c[nH]c12
4j28,C[C@@H]1[NH2+][C@@H](c2nc3ccccc3[nH]2)[C@H](O)[C@@H]1O
1t7j,CC(C)CN(C[C@@H](O)[C@H](Cc1ccccc1)NC(=O)O[C@H]1CCOC1)S(=O)(=O)c1ccc(N)cc1
3g1d,O=c1ccn(C2OC(COP(=O)(O)O)C(O)C2O)c(=O)[nH]1
1b5j,NC(=O)CC[C@H](NC(=O)[C@@H]([NH3+])CCCC[NH3+])C(=O)N[C@@H](CCCC[NH3+])C(=O)[O-]
1yc1,CCc1cc(-c2n[nH]c(C(=O)[O-])c2-c2ccc3c(c2)OCO3)c(O)cc1O
4llx,Cc1cc(C)nc(N)n1
1j37,C[C@H](CS)C(=O)N1CCC[C@H]1C(=O)[O-]
5.00E+13,N=c1ccn(Cc2cn([C@@H]3[C@@H](CO)O[C@@H](n4cnc5c(N)ncnc54)[C@@H]3O)nn2)c(=O)[nH]1
3ekv,CC(C)CN(C[C@@H](O)[C@H](Cc1ccccc1)NC(=O)O[C@H]1CCOC1)S(=O)(=O)c1ccc(N)cc1
1zp8,COc1ccc(S(=O)(=O)N(CC(C)C)C[C@@H](O)[C@H](Cc2ccccc2)n2cc(COC(=O)N[C@@H]3c4ccccc4C[C@H]3O)nn2)cc1
5ehr,CC1([NH3+])CCN(c2cnc(-c3cccc(Cl)c3Cl)c(N)n2)CC1
6h5x,O=C(N[C@H]1CCS[C@H]2CCC[C@@H](C(=O)[O-])N2C1=O)[C@@H](S)Cc1ccccc1
5c2h,Cc1nc(C)c(CNc2nc(OCCCc3ccc4ccccc4n3)nc(Cl)c2C)s1
4mc9,CC(C)[C@H]1Cc2cc(F)ccc2S(=O)(=O)N(C[C@@H](O)[C@H](Cc2ccccc2)NC(=O)O[C@H]2CCOC2)C1
2yfa,O=C([O-])C[C@H](O)C(=O)[O-]
4u5s,CC(=O)N[C@H](CCCC[NH3+])C(=O)N[C@@H](C[NH2+][C@H](C(=O)N[C@H](Cc1ccccc1)C(N)=O)[C@H](C)O)COCc1cccnc1
2b9a,O=C([O-])c1ccc(-c2cc(F)cc(F)c2)cc1
1lkk,CCC(C)C(NC(=O)C(CCC(=O)O)NC(=O)C(CCC(=O)O)NC(=O)C(Cc1ccc(OP(=O)(O)O)cc1)NC(C)=O)C(=O)O
2p4s,O=c1[nH]cnc2c(C[N@H+]3C[C@H](O)[C@@H](CO)C3)c[nH]c12
1nje,Nc1ccn(C2CC(O)C(COP(=O)(O)O)O2)c(=O)n1
5nw7,[NH3+]NC(=O)C(O)C(O)C(O)COP(=O)(O)O
3o99,CC[C@H](C)CN(C[C@@H](O)[C@H](Cc1ccccc1)NC(=O)O[C@H]1CO[C@H]2OCC[C@@H]12)S(=O)(=O)c1ccc(N)cc1
3d6o,O=c1ccn([C@@H]2O[C@@H](C[NH+]3CCCCC3)[C@H](O)[C@H]2O)c(=O)[nH]1
4llk,Cc1nc(=O)c2ccccc2[nH]1
3ebl,C=C1C[C@]23C[C@H]1CC[C@H]2[C@@]12CC[C@H](O)[C@@](C)(C(=O)O1)[C@H]2[C@@H]3C(=O)[O-]
6qqz,N#Cc1c(-c2ccc3ccn(Cc4cccnc4)c3c2)n[nH]c1N
2wzs,OC[C@@H]1[C@@H](O)[C@H](O)[C@H](O)c2nccn21
6f05,[NH3+][C@@H](CCC(=O)N[C@@H](CS(=O)(=O)[O-])C(=O)NCC(=O)[O-])C(=O)[O-]
2x4z,Cc1nc(Nc2n[nH]c3c2CN(C(=O)N[C@H](C[NH+](C)C)c2ccccc2)C3(C)C)c2sccc2n1
4gny,CCCCCCCCCCCCOS(=O)(=O)[O-]
1drj,O[C@@H]1CO[C@@H](O)[C@H](O)[C@@H]1O
6n3v,CCNC(=O)OC[C@H]1O[C@@H](n2cnc3c(=O)[nH]c(=[NH2+])[nH]c32)[C@H](O)[C@@H]1O
3p5o,CCNC(=O)C[C@@H]1N=C(c2ccc(Cl)cc2)c2cc(OC)ccc2-n2c(C)nnc21
4zek,CC(C)OP(=O)(O)OC1C(O)OCC(O)C1O
4ynl,NC(=[NH2+])NCCC[C@H](NC(=O)CNC(=O)[C@H](CO)NC(=O)CNC(=O)[C@H](CCCNC(N)=[NH2+])NC(=O)[C@@H]([NH3+])CCC(=O)[O-])C(=O)[O-]
2afx,c1ccc(Cn2ccnc2)cc1
1d4l,CC(C)CCN(C[C@@H](O)[C@@H]1Cc2ccc(cc2)OCCCCCC(=O)N[C@@H](C(C)C)C(=O)N1)S(=O)(=O)c1ccc(N)cc1
5ogb,CC(C)N1C=CC(C)(C)c2cc(C#Cc3ccc(C(=O)[O-])cc3)ccc21
1t5f,[NH3+][C@@H](CCCCC(O)O)C(=O)[O-]
1sdt,CC(C)(C)NC(=O)[C@@H]1C[N@H+](Cc2cccnc2)CC[N@H+]1C[C@@H](O)C[C@@H](Cc1ccccc1)C(=O)N[C@H]1c2ccccc2C[C@H]1O
1dzk,COc1nccnc1CC(C)C
1m7y,Cc1ncc(COP(=O)(O)O)c(C[NH2+]C(/C=C/OCC[NH3+])C(=O)O)c1O
4ara,CC[N@H+]1CCC[C@@H]1CNC(=O)c1cc([N+](=O)[O-])c(N(C)C)cc1OC
3su6,CC[C@@H]1C[C@]1(NC(=O)[C@@H]1C[C@@H]2CN1C(=O)[C@H](C(C)(C)C)NC(=O)OCC(C)(C)CCCCc1cccc3c1CN(C3)C(=O)O2)C(=O)NS(=O)(=O)C1CC1
6dgl,Cc1oc(-c2ccccc2)nc1CC[C@H](O)c1ccc(Cc2sc(=O)[nH]c2O)cc1
4ucc,O=C([O-])c1cc(C(=O)[O-])n(Cc2ccc(Cl)cc2Cl)n1
4hf4,C[C@H](O)C1CCN(c2nccnc2Oc2ccc(Nc3nc4ccccc4s3)cc2)CC1
3d1x,CC(C)(C)NC(=O)[C@@H]1C[C@@H]2CCCC[C@@H]2C[N@H+]1C[C@@H](O)[C@H](Cc1ccccc1)NC(=O)[C@H](CC(N)=O)NC(=O)c1ccc2ccccc2n1
1o0n,O=c1ccn(C2OC(CO)C(OP(=O)(O)O)C2O)c(=O)[nH]1
5ew0,O=C([O-])[C@@H]1CS[C@H]2CS[C@H](CS)[N@H+]21
4m0e,Cc1cccc2c3c(ccc12)C1=C(C(=O)C3=O)[C@@H](C)CO1
4kcx,CCc1cnn2c(NCc3ccc[n+]([O-])c3)cc(N3CCCCC3CCO)nc12
4ovg,NC(=O)Cn1c2c(c3cc(Cl)ccc31)CC[C@@H](C(=O)[O-])C2
4xo8,CCCCCCCO[C@H]1O[C@H](CO)[C@@H](O)[C@H](O)[C@@H]1O
3acl,Cc1ccc(S(=O)(=O)N[S@+](C)c2ccc(OCc3ccccc3)cc2)cc1
1k6p,CC(C)(C)NC(=O)[C@@H]1C[N@H+](Cc2ccc3c(c2)OCO3)CC[N@H+]1C[C@@H](O)C[C@@H](Cc1ccccc1)C(=O)N[C@H]1c2ccccc2C[C@H]1O
5btv,CC(C)CC(NC(=O)C(COP(=O)(O)O)NC(=O)C[NH3+])C(=O)NCC(=O)O
1yfz,O=c1[nH]cnc2c1ncn2C1OC(COP(=O)(O)O)C(O)C1O
6ud2,CN1CC/C=C/[C@H](OCC[NH+]2CC(F)(F)C2)[C@@H]2CC[C@H]2CN2C[C@@]3(CCCc4cc(Cl)ccc43)COc3ccc(cc32)[C@@](O)(C(=O)NS(=O)(=O)N(C)C)CC1=O
2y80,C[NH+](C)[C@@H]1CCc2cc(N3CC[C@H](NS(=O)(=O)c4ccc5cc(Cl)ccc5c4)C3=O)ccc21
1eoc,O=[N+]([O-])c1ccc(O)c(O)c1
1q65,C[NH+](C)CCSCc1cc(N)cc2c(=O)[nH]c(N)nc12
4msn,O=[N+]([O-])c1cccc2cccnc12
2q63,Cc1c(O)cccc1C(=O)N[C@@H](CSc1ccccc1)[C@H](O)C[N@@H+]1C[C@H]2CCCC[C@H]2C[C@H]1C(=O)NC(C)(C)C
1b9j,CC(C)C[C@H](NC(=O)[C@@H]([NH3+])CCCC[NH3+])C(=O)N[C@@H](CCCC[NH3+])C(=O)[O-]
4oc1,O=C(N[C@@H](CCCCNC(=O)c1ccc(I)cc1)C(=O)[O-])N[C@@H](C[C@H]1CO1)C(=O)[O-]
1siv,COC(=O)[C@@H](NC(=O)[C@@H](NC(=O)CC[C@H](O)[C@H](Cc1ccccc1)NC(=O)[C@H](C)NC(=O)[C@H](C)[NH3+])C(C)C)C(C)C
6dj1,Cc1cccc(C)c1OCC(=O)N[C@@H](Cc1ccccc1)[C@@H](O)C[C@H](Cc1ccccc1)NC(=O)[C@H](C(C)C)N1CCCNC1=O
6ixd,Cc1cc(NC(=O)CCCC[C@@H]2SC[C@@H]3NC(=O)N[C@H]23)cc(C)c1OCC(=O)N[C@@H](Cc1ccccc1)[C@H](O)C(=O)N1CSC(C)(C)[C@H]1C(=O)N[C@H]1c2ccccc2C[C@H]1O
5fns,CN(Cc1cc([C@H](CC(=O)[O-])c2ccc3c(c2)nnn3C)ccc1Cl)S(C)(=O)=O
6n7a,COc1ccc(Cl)cc1-c1nn(C)cc1NC(=O)c1cncc2cn(C)nc12
3n8k,O=C([O-])c1cc(O)[nH]c(=O)c1
7upj,O=c1oc2c(c(O)c1[C@H](c1cccc(NS(=O)(=O)c3ccccc3)c1)C1CC1)CCCCCC2
2oag,CS(=O)(=O)c1cccc(-c2cc(N3C[C@H](c4cc(F)c(F)cc4F)[C@@H]([NH3+])C3)ncn2)c1
4gr3,NC(=O)C(CCC(=O)O)NC(=O)C(CCC(=O)O)NC(=O)C(Cc1cc(-c2ccccc2)no1)CP(=O)(O)c1ccc(Br)cc1
1u0g,O=P(O)(O)OCC(O)C(O)CO
4oc2,C#CC[C@H](NC(=O)N[C@@H](CCCCNC(=O)c1ccc(I)cc1)C(=O)[O-])C(=O)[O-]
1msm,Cc1ccccc1CNC(=O)[C@H]1N(C(=O)[C@@H](O)[C@H](Cc2ccccc2)NC(=O)c2cccc(O)c2C)CSC1(C)C
4w9k,CC(=O)N[C@@H](Cc1ccccc1)C(=O)N[C@H](C(=O)N1C[C@H](O)C[C@H]1C(=O)NCc1ccc(-c2scnc2C)cc1)C(C)(C)C
1y6q,CSC[C@H]1C[N@@H+](Cc2c[nH]c3c(N)ncnc23)C[C@@H]1O
2gv7,CC(C)c1cc(C(C)C)c(S(=O)(=O)N[C@@H](Cc2cccc(C(N)=[NH2+])c2)C(=O)N2CCN(C(=O)C3CCN(C(N)=[NH2+])CC3)CC2)c(C(C)C)c1
2ha2,C[N+](C)(C)CCOC(=O)CCC(=O)OCC[N+](C)(C)C
1gno,CC(=O)N[C@@H](CC1CCCCC1)[C@@H](O)C[C@H](C(=O)N[C@@H](CCC(N)=O)C(=O)N[C@@H](CCCNC(N)=[NH2+])C(N)=O)C(C)C
1pro,COc1cc(CN2C(=O)N(Cc3ccc(O)c(OC)c3)[N@H+](Cc3ccccc3)C[C@@H](O)[C@H]2Cc2ccccc2)ccc1O
6m8q,C[N@H+]1CC[N@H+](CCOc2c(Cl)cc(C(=O)N[C@@H](Cc3ccccc3)C(=O)[O-])c(O)c2Cl)CC1
1jn4,Nc1ncnc2c1ncn2C1OC(COP(=O)(O)OP(=O)(O)OC2CC(n3ccc(=O)[nH]c3=O)OC2CO)C(O)C1O
3t60,O=c1ccn([C@H]2C[C@H](O)[C@@H](C[NH2+]C(c3ccccc3)(c3ccccc3)c3ccccc3)O2)c(=O)[nH]1
5jsg,O=C(c1ccc(C(=O)N2CCC(CC[NH+]3CCCC3)CC2)c(Nc2ccccc2)c1)N1CCC(CC[NH+]2CCCC2)CC1
5h1v,[NH3+]NC(=O)c1ccc2nc(N[NH3+])sc2c1
5ndf,O=C1C=C(c2cc(=O)c3c(O)cc(O)cc3o2)CC=C1O
1hdq,O=C(NO)N[C@H](Cc1ccccc1)C(=O)[O-]
4myd,O=C([O-])CCC(=O)C1=CC=C[C@@H](O)[C@@H]1C(=O)[O-]
1qy1,COc1nccnc1CC(C)C
5g60,OC[C@H]1O[C@H](O[C@]2(CO[C@]3(CO[C@]4(CO)O[C@H](CO)[C@@H](O)[C@@H]4O)O[C@H](CO)[C@@H](O)[C@@H]3O)O[C@H](CO)[C@@H](O)[C@@H]2O)[C@H](O)[C@@H](O)[C@@H]1O
2v59,COc1cccc(OC)c1-c1cc2cnc(N)nc2nc1N
3ga5,OC[C@@H](O)CO[C@@H]1O[C@H](CO)[C@H](O)[C@H](O)[C@H]1O
1c88,O=C([O-])C(=O)Nc1sc2c(c1C(=O)[O-])CC[NH2+]C2
4lbu,CNc1nc2cc3c(=O)[nH]c(=[NH2+])[nH]c3c(CC[C@H]3O[C@@H](OC)[C@H](OC)[C@@H]3O)c2[nH]1
2py4,O=c1ccn(C2CC(O)C(COP(=O)(O)NP(=O)(O)OP(=O)(O)O)O2)c(=O)[nH]1
1b46,[NH3+]CCCC[C@H]([NH3+])C(=O)N1CCC[C@H]1C(=O)N[C@@H](CCCC[NH3+])C(=O)[O-]
5ime,CNc1ncc2cc(-c3ccc(-n4ccnc(C)c4=O)cc3Cl)c(=O)n(CCC[NH3+])c2n1
3w37,C[C@H]1O[C@H](O[C@@H]2[C@@H](CO)O[C@H](O[C@@H]3[C@@H](CO)O[C@H](O)[C@H](O)[C@H]3O)[C@H](O)[C@H]2O)[C@H](O)[C@@H](O)[C@@H]1[NH2+][C@H]1C=C(CO)[C@@H](O)[C@H](O)[C@H]1O
5hz8,O=C([O-])c1c(N2CCCCC2)nc2c(Cl)cc(Cl)cc2c1-c1ccccc1
1j36,[NH3+]CCCC[C@H]([NH2+][C@@H](CCc1ccccc1)C(=O)[O-])C(=O)N1CC=C[C@H]1C(=O)[O-]
3t08,CC(C)S[C@@H]1O[C@H](CO)[C@H](O)[C@H](O)[C@H]1O
5lom,NC(=O)CC[C@H]([NH2+]C[C@@]1(O)OC[C@@H](O)[C@@H](O)[C@@H]1O)C(=O)[O-]
1d7j,CC(=O)CCO
2oax,CC(=O)S[C@@H]1CC2=CC(=O)CC[C@]2(C)[C@H]2CC[C@@]3(C)[C@@H](CC[C@@]34CCC(=O)O4)[C@@H]21
4dsu,c1ccc2[nH]cnc2c1
4pop,Cc1ncc(Cc2csc(CO)c2C)c(N)n1
4nbl,Oc1cc(F)ccc1CNc1ncccc1-c1ncccn1
1fhd,O[C@H]1[C@H](O)CO[C@@H](O[C@@H]2Cn3ccnc3[C@H](O)[C@H]2O)[C@@H]1O
4hdf,COc1ccc(S(=O)(=O)N(CC(C)C)C[C@@H](O)[C@H](Cc2ccccc2)NC(=O)O[C@H]2CO[C@H]3O[C@@H]4OCC[C@@H]4[C@H]32)cc1
4o0a,O=C([O-])c1cc(-c2ccc(C[NH2+][C@@H](S)c3ccc(-c4ccc(C(=O)[O-])o4)cc3Cl)cc2)n(-c2ccc(Cl)c(Cl)c2)n1
1h0a,O=P(O)(O)OC1C(O)C(O)C(OP(=O)(O)O)C(OP(=O)(O)O)C1O
5oss,OC[C@H]1c2[nH]cnc2[C@H](O)[C@@H](O)[C@@H]1O
4hwp,Cc1nc(N)c2ccc(-c3cccc(S(=O)(=O)NC(=O)[C@@H]([NH3+])[C@@H](C)O)c3)cc2n1
1d4y,CCC[C@@]1(CCc2ccccc2)CC(O)=C([C@H](CC)c2cccc(NS(=O)(=O)c3ccc(C(F)(F)F)cn3)c2)C(=O)O1
4x5q,O=[N+]([O-])c1ccc2c(ccn2-c2ccc(O[C@H]3O[C@H](CO)[C@@H](O)[C@H](O)[C@@H]3O)cc2)c1
4cg8,CN(c1ccc(Cl)cc1)C1C=CN(Cc2ccc(CCCCc3ccc(Cn4ccc(=[N+](C)C)cc4)cc3)cc2)C=C1
4oks,COc1ccc([N+](=O)[O-])cc1Cn1cc(CC(=O)[O-])c2ccc(-c3cc(N)cc(N)c3)cc21
3tfp,O=C([O-])c1ccccc1C(=O)NCc1c(Cl)cccc1Sc1ccc(Cl)cc1Cl
1hpo,N#Cc1ccc(S(=O)(=O)Nc2cccc([C@@H](c3c(O)c4c(oc3=O)CCCCCC4)C3CC3)c2)cc1
4x24,CSC[C@H]1C[N@H+](Cc2c[nH]c3c(N)ncnc23)C[C@@H]1O
6md0,CCCCCCCC/C=C/CCCCCCCC(=O)[O-]
1fjs,CN1CCN=C1c1cccc(Oc2nc(Oc3cc(C(N)=[NH2+])ccc3O)c(F)c(N(C)CC(=O)[O-])c2F)c1
4pow,NC(=[NH2+])NCCC[C@@H](C(=O)[O-])[N@@H+]1[C@H](O)CC[C@@H]1C(=O)[O-]
2bpv,C[C@H]1CC[C@@H](O)[C@H]1NC(=O)[C@H](Cc1ccccc1)C[C@H](O)C[N@@H+]1CCN(C(=O)/C=C/c2cccnc2)C[C@H]1C(=O)NC(C)(C)C
1ogd,O[C@@H]1CO[C@@H](O)[C@H](O)[C@@H]1O
6fmc,NC(=[NH2+])NCCC[C@H](NC(=O)c1sccc1NS(=O)(=O)c1cc(-c2ccc(C[NH3+])cc2)cc2ccoc12)C(=O)[O-]
4cpr,C=CCNC(=O)[C@@H](NC(=O)[C@@](O)(CCC[N@H+](Cc1ccc(-c2cccs2)cc1)NC(=O)[C@@H](NC(=O)OC)C(C)(C)C)Cc1ccc(CC=C)cc1)C(C)C
3s43,CC(C)CN(C[C@@H](O)[C@H](Cc1ccccc1)NC(=O)O[C@H]1CCOC1)S(=O)(=O)c1ccc(N)cc1
2e7f,CN1c2c(nc(N)[nH]c2=O)NC[C@@H]1CNc1ccc(C(=O)N[C@@H](CCC(=O)[O-])C(=O)[O-])cc1
5hz6,CC(C)c1cccc(-c2c(C(=O)[O-])c(C(C)C)nc3ccc(Cl)cc23)c1
3pww,CC(C)(C)NC(=O)[C@@H]1C[C@@H]2CCCC[C@@H]2C[N@@H+]1C[C@@H](O)[C@H](Cc1ccccc1)NC(=O)[C@H](CC(N)=O)NC(=O)c1ccc2ccccc2n1
2ayr,CS(=O)(=O)c1ccc(-c2ccc3cc(O)ccc3c2Oc2ccc(OCC[NH+]3CCCCC3)cc2)cc1
5voj,COc1ccc2nc(C)c(O[C@@H]3C[C@H]4C(=O)N[C@]5(C(=O)NS(=O)(=O)C6(C)CC6)C[C@H]5/C=C\CCCCC[C@H](NC(=O)OC(C)(C)C)C(=O)N4C3)nc2c1
3vfb,COc1ccc(S(=O)(=O)N(C[C@H]2CCC(=O)N2)C[C@@H](O)[C@H](Cc2ccccc2)NC(=O)O[C@@H]2C[C@@H]3CCO[C@@H]3C2)cc1
4ngn,O=CNCCCC[C@H](NC(=O)N[C@@H](CCC(=O)[O-])C(=O)[O-])C(=O)[O-]
4xoe,CCCCCCCO[C@H]1O[C@H](CO)[C@@H](O)[C@H](O)[C@@H]1O
2o4r,C=C1[C@H](O)CC(=C/C=C2\CCC[C@]3(C)/C(=C(\C)CCCC(C)(C)O)CC[C@@H]23)C[C@H]1O
1lah,[NH3+]CCC[C@H]([NH3+])C(=O)[O-]
4zls,COc1ccc(S(=O)(=O)N(CC(C)C)C[C@@H](O)[C@H](Cc2cccc(-c3cc(OC)cc(OC)c3)c2)NC(=O)OC(C)(C)C)cc1
4ipj,O=C([O-])C[C@H](O)C(=O)[O-]
1cgl,CC(C)C[C@H]([NH2+][C@H](CCNC(=O)OCc1ccccc1)C(=O)[O-])C(=O)N[C@@H](Cc1ccccc1)C(=O)NCC[NH+]1CCOCC1
6ibk,O=S1(=O)N[C@@H]2[C@H](O)[C@@H](O)[C@@H](O)[C@@H](CO)[C@@H]2O1
6ftf,N#Cc1cn([C@@H]2O[C@H](CO)[C@@H](O)[C@H]2O)c2nc[nH]c(=O)c12
5.00E+89,OC[C@H]1O[C@@H](S[C@@H]2O[C@H](CO)[C@H](O)[C@H](n3cc(-c4cccc(F)c4)nn3)[C@H]2O)[C@H](O)[C@@H](n2cc(-c3cccc(F)c3)nn2)[C@H]1O
5k9w,O=C([O-])C(=O)Nc1sc2c(c1C(=O)[O-])CC[NH2+]C2
2vvu,O=C(C[N@@H+]1CC[C@@H](NC(=O)c2ccc(Cl)s2)C1)Nc1ccc(-n2ccccc2=O)cc1F
6dyu,C#CCSC[C@H]1C[N@@H+](Cc2c[nH]c3c(N)ncnc23)C[C@@H]1O
6p3t,CN(c1ccc2ccccc2c1)S(=O)(=O)c1ccc2[nH]c(=O)c(=O)[nH]c2c1
4isi,CCC1(CC)C[C@@H](C(=O)NCc2ccc(C(N)=[NH2+])cc2)n2c1c(Cl)nc(NC1CCC1)c2=O
1mtr,CC[C@H](C)[C@@H]1NC(=O)[C@@H]([NH2+]C[C@@H](O)[C@H](Cc2ccccc2)NC(=O)OC(C)(C)C)Cc2ccc(cc2)OCCCNC1=O
4f2w,CSC[C@H]1C[N@@H+](Cc2c[nH]c3c(N)ncnc23)C[C@@H]1O
1b8o,O=c1[nH]cnc2c([C@@H]3[NH2+][C@H](CO)[C@@H](O)[C@H]3O)c[nH]c12
5ltn,O=C([O-])C(=O)CC(=O)c1ccccc1
3p3g,C[C@@H](O)[C@H](NC(=O)c1ccc(C#CC#Cc2ccccc2)cc1)C(=O)N=O
2ctc,O=C([O-])[C@@H](O)Cc1ccccc1
5kcb,CCN1c2cc(N)ccc2-c2ccc(N)cc2C1c1ccccc1
5dpx,Cc1ccccc1-c1n[nH]c(S)n1
5wlo,COc1ccc2c(c1)COC/C=C/CCCCN(C[C@@H](O)[C@H](Cc1ccccc1)NC(=O)O[C@H]1CO[C@H]3OCC[C@@H]13)S2(=O)=O
1e2k,Cc1cn([C@H]2C[C@H](O)[C@]3(CO)C[C@H]23)c(=O)[nH]c1=O
1h23,O=c1ccc2c([nH]1)CCC[C@@H]2[NH2+]CCCCCCCCCCCC[NH2+][C@H]1CCCc2[nH]c(=O)ccc21
2oi0,CC#CCOc1ccc(S(=O)(=O)N2CC[C@H](S)C2)cc1
1e6s,OC[C@H]1N/C(=N\O)[C@H](O)[C@@H](O)[C@@H]1O
1n3i,O=c1[nH]cnc2c(C[N@H+]3C[C@H](O)[C@@H](CO)C3)c[nH]c12
1xt8,[NH3+][C@@H](CS)C(=O)[O-]
1nc3,Nc1ncnc2c([C@@H]3O[C@H](CO)[C@@H](O)[C@H]3O)n[nH]c12
1b8n,Nc1nc2c([C@@H]3[NH2+][C@H](CO)[C@@H](O)[C@H]3O)c[nH]c2c(=O)[nH]1
5e6o,CC(C)C[C@H](NC(=O)[C@H](CCC(=O)[O-])NC(=O)[C@H](CCC(=O)[O-])NC(=O)[C@@H]([NH3+])Cc1c[nH]c2ccccc12)C(=O)[O-]
3cdb,CC(C)c1c(S(=O)(=O)Nc2ccc(C(N)=O)cc2)c(-c2ccc(F)cc2)c(-c2ccc(F)cc2)n1CC[C@@H](O)C[C@@H](O)CC(=O)[O-]
3djo,O=c1ccn(C2OC(CO)C(O)C2OP(=O)(O)O)c(=O)[nH]1
3i7e,COc1ccc(S(=O)(=O)N(CC(C)C)C[C@@H](O)[C@H](Cc2ccccc2)NC(=O)O[C@H]2CO[C@H]3OCC[C@@H]23)cc1
4cl6,Clc1ccc(CNc2nnc(-c3ccco3)[nH]2)cc1
2h6t,CC(C)CC(=O)N[C@H](C(=O)N[C@H](C(=O)N[C@@H](CC(C)C)[C@@H](O)CC(=O)N[C@@H](C)C(=O)N[C@@H](CC(C)C)[C@@H](O)CC(=O)[O-])C(C)C)C(C)C
1vfn,O=c1[nH]cnc2nc[nH]c12
5c1w,Cc1c(Cl)nc(C2CC2)nc1Cl
4ovh,O=C([O-])CNC(=O)Cn1c2c(c3cc(Br)ccc31)CC[C@@H](C(=O)[O-])C2
6d5e,Cc1cc(Cn2c(N3CC[NH2+]CC3)nc3c(N4CCC[C@H]4C[NH3+])cc(Cl)cc32)cc(C)c1F
5xvg,CC(C)c1cc(Nc2nc(C(=O)N3CC[NH2+][C@H](C)C3)nc3ccc(Cl)cc23)[nH]n1
2y5g,C[N+](C)(C)CCCN1C(=O)[C@H]2[C@@H](C1=O)[C@@H]1CCC[N@@H+]1[C@H]2c1ncc(-c2ccc(Cl)s2)o1
1i1e,COc1cccc2c(O)c3c(O)c4c(c(O)c3c(O)c12)[C@@H](O[C@H]1C[C@H]([NH3+])[C@H](O)[C@H](C)O1)C[C@](O)(C(=O)CO)C4
5wbm,Cc1c[nH]c2ncnc(N3CCC[C@@H](CO)C3)c12
3cj5,C[C@H]1C[C@@H](C)CN(C(=O)c2cc(Br)ccc2NC(=O)CCC(=O)N2CCOCC2)C1
4xtx,N#[N+2]=N[C@H]1[C@H](O)[C@@H](COS(=O)(=O)NC(=O)CCCC[C@@H]2SC[C@@H]3NC(=O)N[C@H]23)O[C@H]1n1cnc2c(N)ncnc21
5dfp,CCN1C(O)=C(c2ccc(-c3cncc(C)n3)cc2Cl)Cc2cnc(NCC[C@H]3CC[N@@H+](C)CC3)nc21
5w2s,CCCCS(=O)(=O)Nc1ccc2n[nH]c(C)c2c1
1l8g,O=C([O-])C(=O)Nc1sc2c(c1C(=O)[O-])CCO[C@H]2COC1=NS(=O)(=O)c2ccccc21
4lvt,CC1(C)CCC(c2ccc(Cl)cc2)=C(C[NH+]2CCN(c3ccc(C(=O)NS(=O)(=O)c4ccc(N[C@H](CC[NH+]5CCOCC5)CSc5ccccc5)c(S(=O)(=O)C(F)(F)F)c4)cc3)CC2)C1
6fuh,CC(C)[C@H](Nc1nc(Nc2cccc(C[NH3+])c2)c2ccccc2n1)C(=O)[O-]
1bzj,O=C(O)c1ccc2cc(C(F)(F)P(=O)(O)O)ccc2c1
1i5r,C[C@]12CC[C@@H]3c4ccc(O)cc4CC[C@H]3[C@@H]1C[C@H](CCCCCCCCC(=O)OC[C@H]1O[C@@H](n3cnc4c(N)ncnc43)[C@H](O)[C@@H]1O)[C@@H]2O
4y59,O=c1[nH]ccc2oc(-c3cccc(C(F)(F)F)c3)cc12
5xpi,CC[NH+](CC)CCCNC(=O)Cn1nc(C)n2c(cc3sccc32)c1=O
2f7p,CS[C@@H]1[C@@H]([NH2+]Cc2ccccc2)[C@@H](O)[C@@H](O)[C@H]1O
3kyq,CCCCCCCCCCCCOP(=O)(O)OCC[N+](C)(C)C
1bhx,NC(=[NH2+])NCCCNC(=O)[C@@H]1CS[C@H]2CC[C@@H](NS(=O)(=O)Cc3ccccc3)C(=O)N21
5u14,NS(=O)(=O)c1ccc(CCSc2nc3[nH]c(=[NH2+])[nH]c(=O)c3[nH]2)cc1
4m3p,[NH3+][C@@H](CCS)C(=O)[O-]
5itp,C[C@@H]([NH2+][C@@H](CCCNC(N)=[NH2+])C(=O)[O-])C(=O)[O-]
6i5g,CCCCC/C=C/C[C@@H]1C(=O)C=C[C@@H]1C/C=C/CCCC(=O)[O-]
2j7d,CO[C@H](O)c1cn2c(n1)[C@H](O)[C@@H](O)[C@H](O)[C@H]2CO
3k5x,CC([NH3+])P(=O)(O)CC(CC(=O)O)C(=O)O
2yxj,C[NH+](C)CC[C@H](CSc1ccccc1)Nc1ccc(S(=O)(=O)NC(=O)c2ccc(N3CC[NH+](Cc4ccccc4-c4ccc(Cl)cc4)CC3)cc2)cc1[N+](=O)[O-]
5oku,O=C([O-])CCCCC(=O)[O-]
2qi0,COc1cccc(S(=O)(=O)N(Cc2cccs2)C[C@@H](O)[C@H](Cc2ccccc2)NC(=O)c2cccc(F)c2C)c1
5ftg,CN(C)C1=CCN(Cc2ccc(OCCOc3ccc(Cn4ccc(=[N+](C)C)cc4)cc3)cc2)C=C1
3jzj,C[C@H]1O[C@H](O[C@@H]2[C@@H](CO)O[C@H](O[C@@H]3[C@@H](CO)O[C@H](O)[C@H](O)[C@H]3O)[C@H](O)[C@H]2O)[C@H](O)[C@@H](O)[C@@H]1[NH2+][C@H]1C=C(CO)[C@@H](O)[C@H](O)[C@H]1O
4f0c,[NH3+][C@@H](CCC(=O)N[C@@H](CSSC[C@H](NC(=O)CC[C@H]([NH3+])C(=O)[O-])C(=O)NCC(=O)[O-])C(=O)NCC(=O)[O-])C(=O)[O-]
5nw2,Cc1ncsc1-c1ccc(CNC(=O)[C@@H]2C[C@@H](O)CN2C(=O)[C@@H](NC(=O)C2COC2)C(C)(C)C)cc1
2wed,COC(=O)C(Cc1ccccc1)OP(=O)(O)C1Cc2ccc3cccc(c3c2)CC(=O)NC(C(C)C)C(=O)N1
2j75,OC[C@H]1C[NH2+][C@H](O)[C@@H](O)[C@@H]1O
3m3c,CC(=O)N[C@H]1[C@@H](Oc2ccc([N+](=O)[O-])cc2)O[C@H](CO)[C@H](O)[C@@H]1O[C@@H]1O[C@H](CO)[C@H](O)[C@H](O)[C@H]1O
5mxf,CO[C@@H]1O[C@@H](C)[C@@H](O)[C@@H](O)[C@@H]1O
1uml,NC(=O)c1cn([C@@H](CO)CCn2ccc3ccc(NC(=O)CCc4ccccc4)cc32)cn1
4hdb,COc1ccc(S(=O)(=O)N(CC(C)C)C[C@@H](O)[C@H](Cc2ccccc2)NC(=O)O[C@H]2CO[C@H]3O[C@@H]4OCC[C@@H]4[C@H]32)cc1
1xka,NC(=[NH2+])c1cccc(-c2cccc([C@H](CCCNc3ccncc3)C(=O)[O-])c2)c1
1ppl,COC(=O)C(Cc1ccccc1)OP(=O)(O)C(CC(C)C)NC(=O)C(NC(=O)C(NC(=O)CC(C)C)C(C)C)C(C)C
2vwm,O=C(C[N+]1=C[C@H](NC(=O)c2ccc(Cl)s2)C[C@H]1C(=O)NCC1CC1)Nc1ccc(-n2ccccc2=O)cc1F
2xyd,O=C(NC(Cc1ccccc1)P(=O)(O)CC(Cc1cc(-c2ccccc2)no1)C(=O)NC(Cc1ccc(O)cc1)C(=O)O)OCc1ccccc1
2iko,CCc1nc(N)nc(N)c1-c1ccc(NCc2cc(F)cc(F)c2)cc1
2i2c,Nc1ncnc2c1ncn2[C@@H]1O[C@H](CSSC[C@H]2O[C@@H](n3cnc4c(N)ncnc43)[C@H](O)[C@@H]2O)[C@@H](O)[C@H]1O
6ne5,Cc1cc(OCCCc2c3n(c4c(-c5c(C)nn(C)c5C)c(Cl)ccc24)[C@H](C)CN(c2cn(C)c4ccc(C(=O)[O-])cc24)C3=O)cc(C)c1Cl
4ca6,O=C(NC(Cc1ccccc1)P(=O)(O)CC(Cc1cc(-c2ccccc2)no1)C(=O)NC(Cc1ccc(O)cc1)C(=O)O)OCc1ccccc1
1d4j,O=C(NCc1c(F)cccc1Cl)[C@H](OCc1ccccc1)[C@H](O)[C@@H](O)[C@@H](OCc1ccccc1)C(=O)N[C@H]1c2ccccc2C[C@H]1O
4djp,CC[C@H](C)CN(C[C@@H](O)[C@H](Cc1ccccc1)NC(=O)OC[C@H](C)C(=O)OC)S(=O)(=O)c1ccc(OC)cc1
4m8y,CCOP(=O)(COc1ccc(C[C@H](NC(=O)O[C@H]2CO[C@H]3OCC[C@@H]23)[C@H](O)CN(CC(C)C)S(=O)(=O)c2ccc(OC)cc2)cc1)OCC
1j4r,COc1cc(C(F)(F)C(=O)N2CCCC[C@H]2C(=O)O[C@@H](CCCc2ccccc2)CCCc2cccnc2)cc(OC)c1OC
2wos,O=S(=O)([O-])c1ccc2cc(Nc3ccccc3)ccc2c1
1rd4,CCOc1ccccc1Sc1ccc(-c2ccnc(N3CCN(C(C)=O)CC3)c2)cc1[N+](=O)[O-]
1jet,C[C@H](NC(=O)[C@@H]([NH3+])CCCC[NH3+])C(=O)N[C@@H](CCCC[NH3+])C(=O)[O-]
5oh9,O=C1CSC(=O)N1
4llp,Cc1cc(N)ccc1O
6ueg,NC(=O)[C@H]1CN(C(=O)CSCCC(=O)[O-])c2ccccc2O1
5dkn,c1c[nH]c(-c2ccc(OCCCCCCCOc3ccc(-c4ncc[nH]4)cc3)cc2)n1
1zs0,COc1ccc(-c2ccc(S(=O)(=O)NC(C(C)C)P(=O)(O)O)cc2)cc1
6j1l,CCS(=O)(=O)c1ccc(CC(=O)Nc2ccc(-c3ccc(C(O)(C(F)(F)F)C(F)(F)F)cc3F)cc2)cc1
5fh8,CCC(CC)Cc1ccn2c1[nH]c(=O)c1c(Cl)cccc12
3bvb,CC(C)CN(C[C@@H](O)[C@H](Cc1ccccc1)NC(=O)O[C@H]1CO[C@H]2OCC[C@@H]12)S(=O)(=O)c1ccc(N)cc1
5lvr,Cc1nn(-c2ccccc2)nc1C(N)=O
4hj2,[NH3+][C@@H](CCC(=O)N[C@@H](CSCCN(CCCl)c1ccc(CCCC(=O)[O-])cc1)C(=O)NCC(=O)[O-])C(=O)[O-]
5el9,O=P(O)(O)CC(O)Cn1cncn1
5mrp,N#Cc1cnn2c1N=C(Cl)[C@H](Cc1ccccc1)C2=O
3dx3,[NH3+][C@@H]1[C@@H](O)[C@H](O)[C@H](O)[C@@H]1O
5we9,O=C(NCCc1ccccc1)c1nc([C@@H]2CCCN2C(=O)c2c(F)cccc2F)[nH]c(=O)c1O
1h22,O=c1ccc2c([nH]1)CCC[C@@H]2[NH2+]CCCCCCCCCC[NH2+][C@H]1CCCc2[nH]c(=O)ccc21
3b1m,CCc1ccc2ccccc2c1CNC(=O)c1c(OC)cc(O)c2c1OC1=CC(O)=C(C(C)=O)C(=O)[C@]12C
2vqt,[NH3+]CC/N=C1\N[C@H](CO)[C@@H](O)[C@H](O)[C@@H]1O
1g2o,O=c1[nH]cnc2c([C@@H]3[NH2+][C@H](CO)[C@@H](O)[C@H]3O)c[nH]c12
1n5r,CC[N+](C)(CC)CCC[n+]1c(-c2ccccc2)c2cc(N)ccc2c2ccc(N)cc21
2qta,Cc1ncc(C[n+]2csc(CCOP(=O)(O)OP(=O)(O)O)c2C)c(N)n1
2bes,O=C(NO)C(O)C(O)COP(=O)(O)O
3qps,C[C@H](CCC(=O)[O-])[C@H]1CC[C@H]2[C@H]3[C@H](C[C@H](O)[C@@]21C)[C@@]1(C)CC[C@@H](O)C[C@H]1C[C@H]3O
4oma,Cc1ncc(COP(=O)(O)O)c(CNc2co[nH]c2=O)c1O
3zt3,O=C([O-])c1c(/C=C2\c3ccccc3C[C@H]2O)ccc2c1OCO2
2wec,COC(=O)C(Cc1ccccc1)OP(=O)(O)CNC(=O)C(NC(=O)Cc1cccc2ccccc12)C(C)C
3ikd,O=C(NC(COP(=O)(O)O)Cc1ccccc1)c1cc2ccccc2s1
1fzo,CC(C)C[C@H](NC(=O)[C@H](C)NC(=O)[C@@H]1CCCN1C(=O)[C@H](Cc1ccc(O)cc1)NC(=O)[C@H](CC(N)=O)NC(=O)CNC(=O)[C@@H]1CCCN1C(=O)[C@H](C)NC(=O)[C@@H]([NH3+])Cc1ccccc1)C(=O)[O-]
1ele,CC(C)[C@H](NC(=O)C(F)(F)F)C(=O)N[C@@H](C)C(=O)Nc1ccc(C(F)(F)F)cc1
1swg,O=C([O-])CCCC[C@@H]1SC[C@@H]2NC(=O)N[C@H]12
4o6w,CC(=O)N1CCCC1C(=O)NC(CC(C)C)C(=O)NC(Cc1c[n+](C)cn1CCCCCCCCc1ccccc1)C(=O)NC(CO)C(=O)NC(C(N)=O)C(C)OP(=O)(O)O
2j7g,O=C([O-])Cc1cn2c(n1)[C@H](O)[C@@H](O)[C@H](O)[C@H]2CO
6hmg,OC[C@H]1O[C@H](O[C@@H]2[C@H]3[NH2+][C@H]3C[C@H](CO)[C@H]2O)[C@H](O)[C@@H](O)[C@@H]1O
3bxf,O=P(O)(O)OCC1OC(O)(COP(=O)(O)O)C(O)C1O
4keq,Cc1ncc2c(c1O)COC2=O
2zxd,CC(C)[C@@H]1[NH2+]C[C@@H](O)[C@H](O)[C@@H]1O
6qln,Cc1ccc(S[C@@H]2O[C@H](CO)[C@H](O)[C@H](n3cc(-c4cccc(F)c4)nn3)[C@H]2O)cc1
4c5d,CCCN(C(=O)N[C@@H](CSCc1ccc(Br)cc1)C(=O)[O-])C(=O)c1cccc(C#Cc2ccc(F)cc2F)c1
3uuo,COc1cc(C)c2nc3[nH]nc(C)c3c(N3CC[NH2+]CC3)c2c1
5hrx,CCCCc1n[nH]c2oc(=O)c3ccccc3c12
5mgf,CCC(=O)c1c[nH]c(C(=O)OC)c1
5hrv,CCc1[nH]nc2oc(=O)c3ccccc3c12
6fhq,[NH3+]CC(=O)Nc1nccs1
3ekx,CC1C(=O)C=CC=C1C(=O)N[C@@H](CSc1ccccc1)[C@H](O)C[N@@H+]1C[C@H]2CCCC[C@H]2C[C@H]1C(=O)NC(C)(C)C
2f7i,O=C([O-])c1ccc(-c2c(F)cccc2F)cc1
4lm0,O=[N+]([O-])c1ccc2n[nH]cc2c1
1f8e,CC(=O)N[C@@H]1[C@@H]([NH3+])C=C(C(=O)[O-])O[C@H]1[C@H](O)[C@H](O)C[NH3+]
6eq8,OC[C@H]1O[C@H](O[C@H]2[C@@H](O)[C@@H](O)[C@H](O)[C@@H](O)[C@@H]2O)[C@H](O)[C@@H](O)[C@H]1O
6n3y,[NH2+]=c1[nH]c(=O)c2ncn([C@@H]3O[C@H](COC(=O)NCCc4c[nH]c5ccccc45)[C@@H](O)[C@H]3O)c2[nH]1
2fqo,[NH3+][C@@H](CCSC[C@H](O)[C@@H](O)C(=O)NO)C(=O)[O-]
3pcn,O=C([O-])Cc1ccc(O)c(O)c1
4rlw,Oc1ccc([C@H](O)/C=C/c2ccc(O)c(O)c2)c(O)c1
6om8,O=c1ccn(C2OC(COP(=O)(O)OP(=O)(O)OC3OCC(O)C(O)C3O)C(O)C2O)c(=O)[nH]1
1mfi,O=C([O-])/C(F)=C\c1ccc(O)cc1
6g2m,O=c1[nH]c(=O)n(C2CC3OC(c4ccccc4)(P(=O)(O)O)OCC3O2)cc1/C=C/CP(=O)(O)O
6udu,CN1C/C=C/CCCCN2C[C@@]3(CCCc4cc(Cl)ccc43)COc3ccc(cc32)[C@@](O)(C(=O)[O-])CC1=O
6d2o,Cc1cnc[nH]1
4qfn,[NH3+]CC(=O)N[C@@H](CCC(=O)[O-])C(=O)[O-]
4pee,C[C@@H]1[NH2+][C@@H](c2cn(-c3ccccc3)nn2)[C@H](O)[C@@H]1O
1gnm,CC(=O)N[C@@H](CC1CCCCC1)[C@@H](O)C[C@H](C(=O)N[C@@H](CCC(N)=O)C(=O)N[C@@H](CCCNC(N)=[NH2+])C(N)=O)C(C)C
3hf8,Nc1nc(O[C@H](c2ccc(-c3cccc(F)c3)cc2)C(F)(F)F)cc(-c2ccc(C[C@H]([NH3+])C(=O)[O-])cc2)n1
3gqz,CC(=O)c1ccc(N2C[C@@H](C(=O)[O-])CC2=O)cc1
5ovv,CC[C@H](C)[C@H](NC(=O)[C@H](CCC(=O)[O-])NC(=O)[C@@H](NC(=O)[C@H](CO)NC(=O)[C@H](CCC(=O)[O-])NC(=O)[C@@H](NC(C)=O)[C@@H](C)CC)[C@@H](C)O)C(=O)[O-]
3p9m,CC[C@H](C)[C@H](NC(=O)[C@@H]([NH3+])CO)C(=O)N[C@H](C(=O)NCC(=O)N[C@@H](Cc1ccccc1)C(=O)N[C@@H](CCC(=O)[O-])C(=O)N[C@@H](CCCC[NH3+])C(=O)N[C@@H](CC(C)C)C(=O)[O-])[C@@H](C)CC
6pg6,CC(=O)NCCCCc1nc(CO)c[nH]1
3zv7,C[C@@]12CC[NH2+][C@@H]1Nc1ccc(O)cc12
1pfu,CSCCC([NH3+])P(=O)(O)O
6t1i,COc1ccc(CNC(=O)N2CCN(c3ccc(C(C)=O)cc3)CC2)cn1
5lvq,CNC(=O)c1ccccc1OC1CCOCC1
1yc4,CCc1cc(-c2[nH]ncc2-c2c[nH]cn2)c(O)cc1O
1nc1,CSC[C@H]1O[C@@H](n2ccc3c(N)ncnc32)[C@H](O)[C@@H]1O
3vdb,O=C1O[C@H](CO)[C@H](O)[C@H](O)[C@H]1O
1w3l,OC[C@H]1O[C@@H](O[C@@H]2[C@@H](CO)O[C@@H](O[C@H]3[C@H](O)C[NH2+]O[C@@H]3CO)[C@H](O)[C@H]2O)[C@H](O)[C@@H](O)[C@@H]1O
3i51,Oc1cc(Cl)c(Cl)cc1O
4nku,Nc1ncnc2c1ncn2C1OC(CO)C(OP(=O)(O)OCC2OC(n3ccc(=O)[nH]c3=O)C(O)C2O)C1O
2vk2,O/C=C(\O)[C@@H]1O[C@@H](O)C(O)=C1O
3rr4,CNc1nc2cc3[nH]c(NC)nc3cc2c(=O)[nH]1
1ec9,O=C(NO)[C@@H](O)[C@H](O)[C@@H](O)C(=O)[O-]
4tkj,CC/C=C/CCCCCCCCCCCC(=O)[O-]
4auj,OCC#Cc1ccc(O[C@H]2O[C@H](CO)[C@@H](O)[C@H](O)[C@@H]2O)cc1
4mrw,Oc1ccnc2cc(Cl)ccc12
1a1e,CCCCC1CCCN(C(=O)C(CCC(=O)O)NC(=O)C(Cc2ccc(OP(=O)(O)O)cc2)NC(C)=O)C1
2xbv,O=C(Nc1ccc(Cl)cn1)[C@H]1C[N@H+](CC(F)F)C[C@@H]1C(=O)Nc1ccc(-n2ccccc2=O)cc1F
6p86,CCc1ccc(CNC(=O)CN2C(=O)[C@H]3CCCCN3c3ccc(C(=O)N4CCCC4)cc32)cc1
5qtt,COC(=O)Nc1ccc2c(c1)NC(=O)[C@H](C)CCC[C@H](NC(=O)c1cnn(-c3cccc(Cl)c3F)c1N)c1cc-2ccn1
4ih3,O=C([O-])c1cccc(C(=O)[O-])n1
5yas,OC(O)(C(F)(F)F)C(F)(F)F
2q88,CC1=NCC[C@@H](C(=O)[O-])N1
1uwt,OC[C@H]1N/C(=N\O)[C@H](O)[C@@H](O)[C@H]1O
4jwk,[NH2+]=c1ccn([C@@H]2O[C@H](CO)[C@@H](O)[C@H]2O)c(=O)[nH]1
2qtg,CSC[C@H]1O[C@@H](n2ccc3c(N)ncnc32)[C@H](O)[C@@H]1O
4q4o,[NH2+]=c1[nH]c(=O)c2cc3nc(NCC[NH+]4CCCCC4)[nH]c3cc2[nH]1
2z1w,CCCCc1nc2c(=O)[nH][nH]c(=O)c2[nH]1
3t3c,CC(C)CN(C[C@@H](O)[C@H](Cc1ccccc1)NC(=O)O[C@H]1CO[C@H]2OCC[C@@H]12)S(=O)(=O)c1ccc(N)cc1
4r4i,O=C([O-])c1cc(-c2ccc(Cn3ccc4cc(-c5ccc(C(=O)[O-])o5)ccc4c3=S)cc2)n(-c2ccc(Cl)c(Cl)c2)n1
2ax9,C[C@](O)(CBr)C(=O)Nc1ccc([N+](=O)[O-])c(C(F)(F)F)c1
2h4k,O=C([O-])COc1c(C(=O)[O-])sc(-c2ccccc2)c1Br
4arb,CC[N@@H+]1CCC[C@H]1CNC(=O)c1cc([N+](=O)[O-])c(N(C)C)cc1OC
4zbf,O=C([O-])c1c(CCCOc2cccc3ccccc23)c2cccc3c2n1CCC[S@@+]3O
2f7o,CS[C@@H]1[C@@H]([NH3+])[C@@H](O)[C@@H](O)[C@H]1O
1sh9,CC(C)c1nc(CN(C)C(=O)N[C@H](C(=O)N[C@@H](Cc2ccccc2)C[C@H](O)[C@H](Cc2ccccc2)NC(=O)OCc2cncs2)C(C)C)cs1
1s19,C=C1/C(=C\C=C2/CCC[C@@]3(C)[C@H]2CC[C@@H]3[C@H](C)/C=C/[C@@H](O)C2CC2)C[C@@H](O)C[C@@H]1O
5h1u,NC(=O)c1ccc2nc(N)sc2c1
2vk6,CC(=O)N[C@@H]1[C@@H](O)C=C(C(=O)[O-])O[C@H]1[C@H](O)[C@H](O)CO
1epo,CCCC[C@H](NC(=O)[C@H](Cc1ccccc1)NC(=O)N1CCOCC1)C(=O)N[C@@H](CC1CCCCC1)C(O)(O)C(F)(F)C(=O)NC
1v0k,O[C@H]1[C@H](O)CO[C@@H](O[C@@H]2C[NH2+]C[C@H](O)[C@H]2O)[C@@H]1O
4.00E+70,COc1cc(/C=C/CO)ccc1O
6dai,CN1CCC2=C1CC[C@H](c1cn3c(n1)CC=C3)C2
2gzl,CN(C)c1cccc2c(S(=O)(=O)NCCOP(=O)(O)OP(=O)(O)OCC3OC(n4ccc(N)nc4=O)C(O)C3O)cccc12
5er1,CC[C@H](C)[C@H](NC(=O)[C@@H]([NH2+]C[C@H](O)[C@@H]([NH3+])CC(C)C)C(C)C)C(=O)N[C@@H](Cc1ccccc1)C(=O)OC
2hu6,O=C(NCc1ccc(-c2ccccc2)cc1)[C@@H]1O[C@H]2CN(C(=O)NO)C[C@@H]1O2
6eiz,CC(C)=CCC/C(C)=C/CC/C(C)=C/CO
1hfs,CC(C)C[C@H](NC(=O)[C@H](CCc1ccc(-c2ccc(F)cc2)cc1)C[C@H](CCCCN1Cc2ccccc2C1=O)C(=O)[O-])C(=O)Nc1ccccc1
6dpz,O=C([O-])[C@@H]1CCCCCC[C@@H]1NS(=O)(=O)N1CCCC1
1xk5,CN(C)c1nc2c(c(=O)[nH]1)[n+](C)cn2C1OC(COP(=O)(O)OP(=O)(O)OP(=O)(O)OCC2OC(n3cnc4c(=O)[nH]c(N)nc43)C(O)C2O)C(O)C1O
1w4p,O=c1ccn(C2CC(OP(=O)(O)O)C(CO)O2)c(=O)[nH]1
4a6s,OC[C@H]1O[C@@H](Sc2ccc3ccccc3c2)[C@H](O)[C@@H](O)[C@H]1O
6fv4,CC(=O)NC1C(O)OC(COP(=O)(O)O)C(O)C1O
1w5x,O=C(N[C@H]1c2ccccc2C[C@H]1O)[C@H](OCc1cccc(F)c1F)[C@H](O)[C@@H](O)[C@@H](OCc1cccc(F)c1F)C(=O)N[C@H]1c2ccccc2C[C@H]1O
5lso,NC(=[NH2+])NCCC[C@@H]1NC(=O)[C@H](CO)NC(=O)[C@@H]([NH3+])CCCCNC(=O)CC[C@@H](C(=O)[O-])NC(=O)[C@H](CC(=O)[O-])NC(=O)[C@H](Cc2c[nH]c3ccccc23)NC1=O
2cbu,O[C@H]1C[N@@H+]2CC[C@H](O)[C@@H]2[C@@H](O)[C@@H]1O
4rvr,CCCOc1ccn2c(C(C)=O)cc(-c3ccccc3S(C)(=O)=O)c2c1
5upz,Cc1coc(CN(C)C(=O)c2cccc(C(=O)N[C@@H](Cc3ccccc3)[C@H](O)CN(CC(C)C)S(=O)(=O)c3ccc(CO)cc3)c2)n1
6qrc,COc1cccc(Cn2ccc3ccc(-c4cc(N)n[nH]4)cc32)c1
3su5,CC[C@@H]1C[C@]1(NC(=O)[C@@H]1C[C@@H]2CN1C(=O)[C@H](C(C)(C)C)NC(=O)OCC(C)(C)CCCCc1cccc3cn(cc13)C(=O)O2)C(=O)NS(=O)(=O)C1CC1
6d5g,Cc1cc(Cn2c(N3CC[NH2+]CC3)nc3c(C4=CC[NH2+]CC4)cc(Cl)cc32)cc(C)c1F
3qw5,NC(=[NH2+])NCCC[C@H]([NH3+])C(=O)N[C@@H](CCCNC(N)=[NH2+])C(=O)NCC(=O)N[C@@H](Cc1ccccc1)C(N)=O
6b4l,O=C([O-])c1[nH]c2ccccc2c1CCCOc1cccc2ccccc12
1sw2,C[N+](C)(C)CC(=O)[O-]
5zvw,CC[C@H](C)[C@H](NC(=O)[C@H](C)NC(=O)[C@@H]([NH3+])CO)C(=O)N[C@@H](CCCNC(N)=[NH2+])C(=O)NCC(=O)N[C@@H](C)C(=O)[O-]
3oy8,O=C([O-])[C@H](O)[C@@H](O)[C@H](O[C@@H]1O[C@H](CO)[C@H](O)[C@H](O)[C@H]1O)[C@H](O)CO
2haw,O=P(O)(O)NP(=O)(O)O
4ibk,O=C([O-])c1cccc(N2C(=O)C(O)=C(C(=O)c3ccc(Cl)s3)[C@@H]2c2cc(Cl)c3c(c2)OCO3)c1
4qfl,C[C@H]([NH3+])C(=O)N[C@@H](Cc1ccccc1)C(=O)[O-]
1ocq,OC[C@H]1O[C@@H](O[C@H]2[C@H](O)C[NH2+]C[C@@H]2CO)[C@H](O)[C@@H](O)[C@@H]1O
5jfp,COc1ccc(S(=O)(=O)N(CC(C)C)C[C@@H](O)[C@H](C[C@]23C[C@H]4C[C@H](C[C@H](C4)C2)C3)NC(=O)O[C@H]2CO[C@H]3OCC[C@@H]23)cc1
5egm,Cc1ccc2c(c1)c(-c1nnn[nH]1)c1n2C[C@@](NC(=O)c2ccc(-n3cnnc3)cc2Cl)(c2ccccc2)CC1
1qy2,COc1nccnc1C(C)C
2i4v,COc1ccc(S(=O)(=O)N(CC(C)C)C[C@@H](O)[C@H](Cc2ccccc2)NC(=O)O[C@H]2CO[C@H]3OCC[C@@H]23)cc1
1y3n,O=C([O-])C1=C[C@H](O)[C@H](O)[C@H](O[C@@H]2[C@@H](C(=O)[O-])O[C@H](O)[C@@H](O)[C@H]2O)O1
4qgi,CC(C)(C)NC(=O)[C@@H]1C[C@@H]2CCCC[C@@H]2C[N@H+]1C[C@@H](O)[C@H](C[C@@H]1C=CCCC1)NC(=O)[C@H](CC(N)=O)NC(=O)C1=CCc2ccccc2N1
4dff,COc1cc2c(cc1OC)-c1c(-c3cncs3)ncn1CC2
1e1x,Nc1nc(N)c(N=O)c(OCC2CCCCC2)n1
4ayq,OC[C@@H]1[C@@H](O)[C@H](O)[C@H](O)c2nccn21
4ymb,CCC[C@@H]1C[NH2+][C@H](C(=O)[O-])[C@H]1c1cccc(C(=O)[O-])c1
3dsz,O=C([O-])C[NH+](CC(=O)[O-])[C@H]1CCCC[C@@H]1[N@@H+](CC(=O)[O-])C[C@@H](Cc1ccc(N/C(S)=N/C(CO)(CO)CO)cc1)[NH+](CC(=O)[O-])CC(=O)[O-]
5azf,CC(C)C[C@H](NC(=O)[C@H](CCC(=O)[O-])NC(=O)[C@H](CCC(=O)[O-])NC(=O)[C@@H]([NH3+])Cc1c[nH]c2ccccc12)C(=O)[O-]
1d09,O=C(O)CC(NC(=O)CP(=O)(O)O)C(=O)O
2zx8,C[C@@H]1[NH2+][C@H](CNC(=O)c2cc3ccccc3o2)[C@@H](O)[C@H](O)[C@@H]1O
5g4m,C[NH2+]Cc1ccc2c(c1)c1ccccc1n2CCF
2nmz,CC(C)(C)NC(=O)[C@@H]1C[C@@H]2CCCC[C@@H]2C[N@H+]1C[C@@H](O)[C@H](Cc1ccccc1)NC(=O)[C@H](CC(N)=O)NC(=O)c1ccc2ccccc2n1
3jrs,CC1=CC(O)=CC(C)(C)[C@@]1(O)/C=C/[C@@H](C)CC(=O)[O-]
1v7a,C[C@H](O)[C@@H](CCOc1ccc2ccccc2c1)n1cnc(C(N)=O)c1
1wht,O=C([O-])C[C@@H](Cc1ccccc1)C(=O)[O-]
3ccw,CC(C)c1c(C(=O)NCc2ccccc2)nc(-c2ccc(F)cc2)n1CC[C@@H](O)C[C@@H](O)CC(=O)[O-]
6dj7,CC(C)CN(C[C@@H](O)[C@H](Cc1ccccc1)NC(=O)O[C@H]1CO[C@H]2OCC(F)(F)[C@H]21)S(=O)(=O)c1ccc(N)cc1
4w9l,CC(=O)N[C@H](C(=O)N[C@H](C(=O)N1C[C@H](O)C[C@H]1C(=O)NCc1ccc(-c2scnc2C)cc1)C(C)(C)C)C(C)(C)C
1fkb,CO[C@H]1C[C@@H]2CC[C@@H](C)[C@@](O)(O2)C(=O)C(=O)N2CCCC[C@H]2C(=O)O[C@H]([C@H](C)C[C@@H]2CC[C@@H](O)[C@H](OC)C2)CC(=O)[C@H](C)/C=C(\C)[C@@H](O)[C@@H](OC)C(=O)[C@H](C)C[C@H](C)/C=C/C=C/C=C/1C
3o9d,CC[C@H](C)CN(C[C@@H](O)[C@H](Cc1ccccc1)NC(=O)O[C@H]1CO[C@H]2OCC[C@@H]12)S(=O)(=O)c1ccc2ncsc2c1
2rkg,Cc1cccc(C)c1OCC(=O)N[C@@H](Cc1ccccc1)[C@@H](O)C[C@H](Cc1ccccc1)NC(=O)[C@H](C(C)C)N1CCCNC1=O
4b8y,CC(=O)N(O)CCC[C@@H]1NC(=O)CNC(=O)CNC(=O)CNC(=O)[C@H](CCCN(O)C(C)=O)NC(=O)[C@H](CCCN(O)C(C)=O)NC1=O
3ocz,Nc1ncnc2c1ncn2C1OC(COP(=O)(O)S)C(O)C1O
5g4n,C[NH2+]Cc1ccc2c(c1)c1ccccc1n2CC(F)F
5j1x,CC(C)(C)OC(=O)N[C@@H](CCCNC(N)=[NH2+])C(=O)[O-]
5ehw,O=C([O-])/C=C/c1ccc(Cl)cc1Cl
1nf8,C=C(O[C@H]1C=CC=C(C(=O)[O-])[C@@H]1O)C(=O)[O-]
6j3p,Cn1c(=O)c2[nH]ccc2[nH]/c1=[NH+]\[C@@H]1C[C@H](c2ccc3c(c2)OCCO3)C[N@H+](C)C1
3a2o,C=C(C)CNC(=O)[C@H]1N(C(=O)[C@@H](O)[C@H](Cc2ccccc2)NC(=O)COc2c(C)cc(N)cc2C)CSC1(C)C
6pga,COC(=O)NCCCCc1ncc(CO)[nH]1
5n6s,N#[N+2]=NCCCCNC(=O)[C@@H]1[C@H]2[C@H](O)[C@@H](O)[C@H](O)[C@@H](CO)[C@@H]12
4yml,CSC[C@@H]1C[N@@H+](Cc2c[nH]c3c(N)ncnc23)C[C@H]1O
3pn1,CCCCSc1nc(N)c2ncn([C@@H]3O[C@H](CO)[C@@H](O)[C@H]3O)c2n1
3t1a,[NH3+]Cc1cc(Cl)cc(Oc2c(Cl)ccc3c2nnn3Cc2[nH]nc3ncccc23)c1Cl
5oha,O=C1CN=C(S)N1
5d21,OC[C@H]1O[C@@H](Oc2ccccc2)[C@H](O)[C@@H](O)[C@H]1O
2qbs,O=C([O-])COc1c(C(=O)[O-])sc(-c2cccc(NC3CCCCC3)c2)c1Br
6md6,CO[C@@H]1O[C@H](CO)[C@@H](O)[C@H](O)[C@H]1S[C@@H]1O[C@H](CO)[C@@H](O)[C@H](O)[C@H]1O
6p83,CC1(C)CC(=O)c2c(nc3[nH]n(-c4ccccc4)c(=O)c3c2-c2ccccc2Cl)C1
6fui,[NH3+]Cc1cccc(Nc2nc(N[C@H]3CCCC[C@H]3C(=O)[O-])nc3ccccc23)c1
3d7k,COP(=O)(O)C(O)(c1ccccc1)C1SC(CCOP(=O)(O)OP(=O)(O)O)=C(C)N1Cc1cnc(C)nc1N
4f1l,NC(=O)c1cccc(NC(=O)/C=C\C(=O)[O-])c1
5cxa,NC(=O)[C@H](CCC(=O)[O-])NC(=O)[C@H](CCC(=O)[O-])NC(=O)[C@@H](CC(=O)[O-])Cc1cc(-c2ccc(-c3cccc(Cl)c3)cc2)no1
1fcx,CC1(C)CCC(C)(C)c2cc([C@@H](O)c3ccc4cc(C(=O)[O-])ccc4c3)ccc21
4a4v,CCCCCc1cc(OC)c(CC=C(C)C)c(O)c1C(=O)[O-]
5g2g,C[C@]12C=Cc3c(ccc4cc(O)ccc34)C1=CCC2=O
3p9l,CC[C@H](C)[C@H](NC(=O)[C@@H]([NH3+])CO)C(=O)N[C@H](C(=O)N[C@@H](CC(N)=O)C(=O)N[C@@H](Cc1ccccc1)C(=O)N[C@@H](CCC(=O)[O-])C(=O)N[C@@H](CCCC[NH3+])C(=O)N[C@@H](CC(C)C)C(=O)[O-])[C@@H](C)CC
3mxe,CC(C)CN(C[C@@H](O)[C@H](Cc1ccccc1)NC(=O)[C@@H]1CN(c2ccccc2C(F)(F)F)C(=O)O1)S(=O)(=O)c1ccc2ncsc2c1
5t8o,CC(C)(O)C#Cc1ccc2c(c1)-c1nc(C(N)=O)cn1CCO2
2q55,CC(C)[C@@H](C(=O)N[C@@H](Cc1ccccc1)C[C@H](O)[C@H](Cc1ccccc1)NC(=O)[C@@H]1CN(c2ccccc2)C(=O)O1)N1CCCNC1=O
3zyu,COc1cc2c(cc1-c1c(C)noc1C)ncc1[nH]c(=O)n([C@H](C)c3ccccn3)c12
4ih6,CC(C)[C@@H]1NC(=O)N(Cc2ccc(C(C)(C)C)cc2)C1=O
1k27,CSC[C@H]1[NH2+][C@@H](c2c[nH]c3c(N)ncnc23)[C@H](O)[C@@H]1O
2v77,C[C@@H](C[C@H](C[C@@H](CCC(=O)[O-])C(=O)[O-])C(=O)[O-])C(=O)[O-]
4u5o,NC(=O)[C@@H](CCCC[NH3+])[NH2+]Cc1ccc(-c2cccnc2)cc1
4qll,OC[C@H]1O[C@@H](O[C@@H]2[C@@H](CO)O[C@@H](O[C@@H]3[C@@H](CO)O[C@@H](O[C@@H]4[C@@H](CO)O[C@@H](O)[C@H](O)[C@H]4O)[C@H](O)[C@H]3O)[C@H](O)[C@H]2O)[C@H](O)[C@@H](O)[C@@H]1O
6dsp,C[C@@]1(O)OC[C@H](O)C1(O)O
4a4q,COC(=O)N[C@H](C(=O)N[N@H+](CC[C@@]1(Cc2ccccc2)C(=O)N([C@H]2c3ccccc3C[C@H]2O)C[C@H]1O)Cc1ccc(-c2ccncc2)cc1)C(C)(C)C
6ior,NC(=O)C[C@H]([NH3+])C(=O)[O-]
2b07,O=C([O-])COc1c(C(=O)[O-])sc2c1sc1cc(NC3CCN(S(=O)(=O)Cc4ccccc4)CC3)ccc12
5lyn,CC(C)[C@H](NC(=O)[C@H](CCC(=O)[O-])NC(=O)[C@H](CCC(=O)[O-])NC(=O)[C@@H](NC(=O)[C@@H](NC(=O)[C@@H]1CCC[NH2+]1)[C@@H](C)O)C(C)C)C(=O)N[C@@H](CC(=O)[O-])C(=O)[O-]
5xmx,C/C(=C\COc1ccccc1CN(C)C(=O)c1ccc(-c2ccco2)cc1)CCC(=O)[O-]
2h3e,NC(=O)C(CC(=O)O)NC(=O)CP(=O)(O)O
3ip6,O=C([O-])[C@@H]1CCC[NH2+]1
5ngz,[NH3+]Cc1nc2ccccc2s1
5cst,N=c1ccn(C2OC(COP(=O)(O)OP(=O)(O)O)C(O)C2O)c(=O)[nH]1
1drk,O[C@@H]1CO[C@@H](O)[C@H](O)[C@@H]1O
1qin,[NH3+][C@@H](CCC(=O)N[C@@H](CSC(=O)N(O)c1ccc(I)cc1)C(=O)NCC(=O)[O-])C(=O)[O-]
6g2s,OC[C@H]1O[C@H](Oc2ccc(-c3c(F)c(F)c(F)c(F)c3F)cc2)[C@@H](O)[C@@H](O)[C@@H]1O
1ndy,NC(=O)c1cn([C@@H](CO)CCc2cccc3ccccc23)cn1
5etj,[NH2+]=c1[nH]c(=O)c2[nH]cc(C[N@H+]3C[C@H](O)[C@@H](CO)C3)c2[nH]1
2vpe,C[C@H]([NH3+])C(=O)N[C@@H](CCCNC(N)=[NH2+])C(=O)N[C@H](C(=O)N[C@@H](CCCC[NH+](C)C)C(=O)N[C@@H](CCC(N)=O)C(=O)N[C@H](C(=O)N[C@@H](C)C(=O)[O-])[C@@H](C)O)[C@@H](C)O
4mo4,CP(=O)(O)OP(=O)(O)OCC1OC(n2cnc3c(N)ncnc32)C(O)C1O
5o9r,OC[C@H]1O[C@@H](O[C@@H]2[C@@H](O)[C@H](O[C@H]3[C@H](O)[C@@H](CO)O[C@@H](n4cc(COCc5cccs5)nn4)[C@@H]3O)O[C@H](CO)[C@H]2O)[C@H](O)[C@@H](O)[C@@H]1O
3o9i,CCC(CC)CN(C[C@@H](O)[C@H](Cc1ccccc1)NC(=O)O[C@H]1CO[C@H]2OCC[C@@H]12)S(=O)(=O)c1ccc2ncsc2c1
1m0q,Cc1ncc(COP(=O)(O)O)c(/C=N/C(C)P(=O)(O)O)c1O
4b74,CC[C@@H]([NH2+][C@@H](C)CC(=O)NCC[NH3+])c1ccc(Cl)c(Oc2ccccc2)c1F
2ihj,CC(=O)NC1C(O)C(F)C(OP(=O)(O)OCC2OC(n3ccc(N)nc3=O)C(O)C2O)(C(=O)O)OC1C(O)C(O)CO
3nu3,CC(C)CN(C[C@@H](O)[C@H](Cc1ccccc1)NC(=O)O[C@H]1CCOC1)S(=O)(=O)c1ccc(N)cc1
8cpa,CC(NC(=O)OCc1ccccc1)C(=O)NCP(=O)(O)OC(Cc1ccccc1)C(=O)O
5aan,O=C(C[NH+]1CCCCC1)NN1c2ccccc2Sc2ccccc21
1ivp,CC[C@H](C)[C@H](NC(=O)[C@H](C(C)C)[C@@H](O)C(=O)[C@H](CC1CCCCC1)NC(=O)[C@H](Cc1cnc[nH]1)NC(=O)COc1cccc2ccccc12)C(=O)NCc1ccccn1
5dqe,O=C([O-])c1ccccc1Nc1cccc(Br)c1
4f9u,COc1ccc(N/C(S)=N/CCCn2ccnc2)cc1OC
3l4u,OC[C@H](O)[C@@H](O)[C@@H](O)[C@H](O)[C@H](O)C[S@+]1C[C@@H](O)[C@H](O)[C@H]1CO
6dj2,Cc1cccc(C)c1OCC(=O)N[C@@H](Cc1ccccc1)[C@@H](O)C[C@H](Cc1ccccc1)NC(=O)[C@H](C(C)C)N1CCCNC1=O
4y8x,COC(=O)Nc1ccc(-c2[nH]c([C@H](Cc3ccccc3)NC(=O)/C=C/c3cc(Cl)ccc3-n3cnnn3)nc2Cl)cc1
3f6e,Cc1ncc(C[n+]2c(C(O)/C=C/c3cccnc3)sc(CCOP(=O)(O)OP(=O)(O)O)c2C)c(N)n1
1nli,Nc1ncnc2nc[nH]c12
6udt,CN1CC/C=C/[C@H](O)[C@@H]2CC[C@H]2CN2C[C@@]3(CCCc4cc(Cl)ccc43)COc3ccc(cc32)[C@@](O)(C(=O)[O-])CC1=O
5xva,Cc1cc(Nc2nc(C(=O)N3CC[NH2+][C@H](C)C3)nc3ccc(Cl)cc23)[nH]n1
4ibe,O=C(C1=C(O)C(=O)N(c2ccc(Cl)c(C(=O)[O-])c2)[C@H]1c1cc(Br)cs1)c1ccccc1
1wn6,CN(CC[C@H]([NH3+])CC(=O)N[C@H]1C=C[C@H](N2C=C[C@@]([NH3+])(O)NC2=O)O[C@@H]1C(=O)[O-])C(N)=[NH2+]
6fgg,CN1C[C@@H](C(=O)Nc2ccc3oc(=O)n(CC[NH+](C)C)c3c2)C=CC1=O
5wyz,Cc1cc(-c2ccnc3cc(O)ccc23)ccc1O
5zo8,COc1ccc(C(SC[C@H]([NH3+])C(=O)[O-])(c2ccccc2)c2ccccc2)cc1
4a6c,COC(=O)N[C@H](C(=O)N[N@H+](CCC[C@@]1(Cc2ccccc2)C(=O)N([C@H]2c3ccccc3C[C@H]2O)C[C@H]1O)Cc1ccc(-c2ccncc2)cc1)C(C)(C)C
2x2r,CC[C@@H](C)C(SC[C@H]([NH3+])C(=O)[O-])(c1ccccc1)c1ccccc1
3zt2,O=C1Cc2ccccc2/C1=C\c1ccc2c(c1C(=O)[O-])OCO2
4wkb,CSC[C@H]1C[N@@H+](Cc2c[nH]c3c(N)ncnc23)C[C@@H]1O
4b9k,Cc1ncsc1-c1ccc(CNC(=O)[C@@H]2C[C@@H](O)CN2C(=O)c2cccc(N)c2C)cc1
1hih,CC(=O)N[C@H](C(=O)N[C@@H](Cc1ccccc1)[C@@H](O)C[N@H+](CC1CCCCC1)NC(=O)[C@@H](NC(C)=O)C(C)C)C(C)C
1a4r,Nc1nc2c(ncn2C2OC(COP(=O)(O)OP(N)(=O)O)C(O)C2O)c(=O)[nH]1
4k0o,CO[C@@H]1O[C@H](CO)[C@H](O)[C@H](O[C@@H]2O[C@H](CO)[C@@H](O)[C@H](O)[C@H]2NC(C)=O)[C@H]1O
1fch,CC(C)C[C@H](NC(=O)[C@H](CCCC[NH3+])NC(=O)[C@H](CO)NC(=O)[C@H](CCC(N)=O)NC(=O)[C@@H]([NH3+])Cc1ccc(O)cc1)C(=O)[O-]
1kc7,O=C(O)C(=O)CP(=O)(O)O
1h46,CC(C)/N=C\[C@@H](O)COc1cccc2ccccc12
5b2d,CC(=O)N[C@@H]1[C@@H](O)C[C@](O[C@H]2[C@@H](O)[C@@H](CO)O[C@@H](O[C@@H]3[C@@H](CO)O[C@H](O)[C@H](O)[C@H]3O)[C@@H]2O)(C(=O)[O-])O[C@H]1[C@H](O)[C@H](O)CO
5l8a,COc1ccc(C[N@H+]2CCc3c(c(C(=O)NCc4ccccc4)nn3CCO)C2)c2ccccc12
5j6a,NC(=O)C[C@H]([NH3+])C(=O)N1CCC(Nc2ccc3c(c2)CN(S(=O)(=O)c2ccc(O)cc2O)C3)CC1
4efs,NC(=O)[C@H](CCC(=O)[O-])NC(=O)c1ccc(-c2cc(-c3ccccc3)cs2)cc1
5wyx,Cc1cccc(-c2ccnc3c(C(N)=O)cnn23)c1
4r06,CC[C@H](NC(=O)c1ccc2c(ccn2S(=O)(=O)c2cccc3ccccc23)c1)c1ccccc1
4crc,O=C(/C=C/c1cc(Cl)ccc1-n1cnnn1)N[C@@H](Cc1ccccc1)C(=O)Nc1ccc(-c2nn[nH]n2)cc1
2cli,O=P(O)(O)OCCNS(=O)(=O)c1ccc(OC(F)(F)F)cc1
1ez9,OC[C@H](O)[C@@H](O)[C@H](O[C@H]1O[C@H](CO)[C@@H](O[C@H]2O[C@H](CO)[C@@H](O[C@H]3O[C@H](CO)[C@@H](O)[C@H](O)[C@H]3O)[C@H](O)[C@H]2O)[C@H](O)[C@H]1O)[C@H](O)CO
5ev8,O=C([O-])[C@H]1CS[C@@H]2CS[C@@H](CS)[N@H+]12
5fnr,Cn1nnc2cc([C@@H](CC(=O)[O-])c3ccc(Cl)cc3)ccc21
6qr7,N#Cc1c(-c2ccc3ccn(Cc4ccc(C[NH+]5CCCCC5)cc4)c3c2)n[nH]c1N
1a4k,CC(=O)Nc1ccc(N2C(=O)[C@@H]3[C@H]4CC[C@](NC(=O)OCC(=O)[O-])(CC4)[C@@H]3C2=O)cc1
3f5l,OC[C@H]1O[C@@H](O[C@@H]2[C@@H](O)[C@H](O)O[C@H](CO)[C@H]2O)[C@H](O)[C@@H](O)[C@@H]1O
3zll,Nc1c(O)n(Cc2ccccc2)c(=O)[nH]c1=O
3s0d,C=C(C)CCC[C@H](C)CC[NH3+]
4nyf,Cc1nc2ccccc2c(-c2ccc(Cl)cc2)c1[C@H](OC(C)(C)C)C(=O)[O-]
6md8,Nc1c(-c2nn[nH]n2)cnn1-c1ccc(Cl)cc1Cl
4i54,NC(=[NH2+])NC[C@H]1Cc2ccccc2[C@@H]1NC(=O)C(=O)Nc1ccc(Cl)c(F)c1
2qbw,CC(C)[C@H](NC(=O)[C@H](Cc1c[nH]c2ccccc12)NC(=O)[C@H](CO)NC(=O)[C@H](CC(=O)[O-])NC(=O)[C@@H](NC(=O)[C@@H]1CCCN1C(=O)[C@H](/C=C/C(N)=O)NC(=O)[C@@H]1CCC[NH2+]1)C(C)C)C(=O)[O-]
6pge,CCOC(=O)CCc1nc(CO)c[nH]1
4hwo,C[C@@H](O)[C@H]([NH3+])C(=O)NS(=O)(=O)c1cccc(-c2ccc3c(N)ncnc3c2)c1
6ma5,COc1ccccc1[C@@H](NS(=O)(=O)c1ccc2[nH]c(=O)ccc2c1)C(=O)N(CC(=O)[O-])Cc1cccs1
4dmw,O=c1ccn(C2OC(COP(=O)(O)OP(=O)(O)O)C(O)C2O)c(=O)[nH]1
3v4t,CC(=O)NC1C(OP(=O)(O)OP(=O)(O)OCC2OC(n3ccc(=O)[nH]c3=O)C(O)C2O)OC(CO)C(O)C1O
6q3z,CCOc1cc([C@H]2CC[N@H+](C)CC2)ccc1Nc1ncc2c(n1)N(Cc1cc(C)cs1)[C@H](CC)C(=O)N2C
3muz,CC(C)S[C@@H]1O[C@H](CO)[C@H](O)[C@H](O)[C@H]1O
1z4o,O=P(O)(O)OC1OC(CO)C(O)C(O)C1O
5ect,O=c1ccn(C2CC(O)C(COP(=O)(O)NP(=O)(O)OP(=O)(O)O)O2)c(=O)[nH]1
2i6b,CN(C)c1ccc(-c2c(N)ncnc2C#Cc2ccc(N3CCOCC3)nc2)cc1
6if0,CCCCCc1ccc(-c2ccc(S(=O)(=O)CCO)cc2)cc1/C=C\c1ccccn1
6hax,Cc1ncsc1-c1ccc(CNC(=O)[C@@H]2C[C@@H](O)CN2C(=O)[C@@H](NC(=O)C2(F)CC2)C(C)(C)C)c(OCCc2ccc(C[NH+]3CCN(c4cc(-c5ccccc5O)nnc4N)CC3)cc2)c1
5l9i,NC(=O)CC[C@H]([NH2+]C[C@@]1(O)OC[C@@H](O)[C@@H](O)[C@@H]1O)C(=O)[O-]
1hsh,CC(C)(C)NC(=O)[C@@H]1C[N@H+](Cc2cccnc2)CC[N@H+]1C[C@@H](O)C[C@@H](Cc1ccccc1)C(=O)N[C@H]1c2ccccc2C[C@H]1O
1laf,NC(=[NH2+])NCCC[C@H]([NH3+])C(=O)[O-]
3upk,CC(=O)NC1C(OP(=O)(O)OP(=O)(O)OCC2OC(n3ccc(=O)[nH]c3=O)C(O)C2O)OC(CO)C(O)C1O
4q4s,CNc1nc2cc3c(=O)[nH]c(=[NH2+])[nH]c3cc2[nH]1
4u70,[NH3+]C(CC1CCCCC1)P(=O)(O)O
1ppm,COC(=O)C(Cc1ccccc1)OP(=O)(O)C(CC(C)C)NC(=O)C(C)NC(=O)C(C)NC(=O)OCc1ccccc1
4ibi,O=C([O-])c1cccc(N2C(=O)C(O)=C(C(=O)c3cccc(C(F)(F)F)c3)[C@@H]2c2cc(Cl)c3c(c2)OCO3)c1
2boj,CO[C@@H]1OC[C@@H](O)[C@@H](O)[C@@H]1O
4x6n,Nc1n[nH]c2cc(-c3nc([C@H](Cc4ccccc4)NC(=O)NCc4cc(Cl)ccc4-n4cnnn4)[nH]c3Cl)ccc12
5f9b,CC1(C)CC[C@@]2(C(=O)[O-])[C@@H](C1)C1=CC[C@@H]3[C@@]4(C)CC[C@H](O)[C@@](C)(CO)[C@@H]4CC[C@@]3(C)[C@]1(C)C[C@H]2O
2vo5,OC[C@H]1C[C@@H]2[C@@H](O)[C@@H](O)[C@@]1(O)C[N@@H+]2Cc1ccccc1
6ghh,C/C=C/CCC/C=C/CCCCC(=O)[O-]
2fmb,CC[C@H](NC(=O)C[C@H](O)[C@H](CC(C)C)NC(=O)[C@@H](NC(=O)[C@H](Cc1cccc2ccccc12)NC(C)=O)C(C)C)C(=O)N[C@@H](Cc1cccc2ccccc12)C(N)=O
4kiu,O=C([O-])c1cc(OCc2cccc([N+](=O)[O-])c2)cc(C(=O)[O-])c1
1v16,Cc1ncc(C[n+]2csc(CCOP(=O)(O)OP(=O)(O)O)c2C)c(N)n1
6fmj,CC(=O)N[C@@H](C)C(=S)N1C[C@H](O)C[C@H]1C(=O)NCc1ccc(-c2scnc2C)cc1
5oh2,O=C1CCCN1
6mnv,O=P(O)(O)OC1(CF)OC(CO)C(O)C(O)C1O
1upf,O=c1[nH]cc(F)c(=O)[nH]1
4nvp,Nc1ncnc2c1ccn2C1OC2COP(=O)(O)OC2C1O
4x6m,Nc1n[nH]c2cc(-c3nc([C@H](Cc4ccccc4)NC(=O)NCc4cc(Cl)ccc4C[NH3+])[nH]c3Cl)ccc12
5uez,COc1cc(=O)n(C)nc1-c1ccccc1Oc1ccccc1
3cz1,CCCCNS(=O)(=O)c1ccccc1
3g34,O=c1c2c3c(sc2ncn1Cc1nn[nH]n1)CCCC3
1adl,CCCCC/C=C\C/C=C\C/C=C\C/C=C\CCCC(=O)[O-]
4v24,Cc1cc(CS(=O)(=O)c2ccccc2)cc(OCc2ccc(C[N@H+]3CCC[C@@H]3CO)cc2)c1
6g2l,O=c1[nH]c(=O)n(C2CC3OC(c4ccccc4)(P(=O)(O)O)OCC3O2)cc1CSCP(=O)(O)O
4ejl,O=C([O-])CCc1c[nH]c2ccccc12
5bry,C[NH2+][C@H]1CO[C@@H]2OC[C@H](OC(=O)N[C@@H](Cc3ccccc3)[C@H](O)CN(CC(C)C)S(=O)(=O)c3ccc(OC)cc3)[C@H]12
3juk,O=c1ccn(C2OC(COP(=O)(O)OP(=O)(O)OC3OC(CO)C(O)C(O)C3O)C(O)C2O)c(=O)[nH]1
6ssy,[NH3+]CCP(=O)(O)O
3r5t,C[C@H]1O[C@@H](c2cccc(O)c2O)[NH2+][C@@H]1C(=O)NCCCN(CCCNC(=O)c1cccc(O)c1O)C(=O)[C@H]1[NH2+][C@H](c2cccc(O)c2O)O[C@@H]1C
6e6m,C=C(C)[C@@H]1CCC(C)=C[C@H]1c1c(O)cc(C)cc1O
6i11,Cn1cc(NC(=O)c2cn(Cc3ccccc3)c(=O)c3ccccc23)cn1
4u6z,CCCC(C)C([NH3+])P(=O)(O)O
3gc5,CNc1nc2c(CC[NH3+])c3nc(N)[nH]c(=O)c3cc2[nH]1
4r4o,O=C([O-])c1cc(-c2ccc(C(=S)NCc3ccc(-c4ccc(C(=O)[O-])o4)cc3)cc2)n(-c2ccc(Cl)c(Cl)c2)n1
6i0z,CC(=O)N(C)c1ccc(Cl)cc1Cl
3hl5,C[NH2+][C@@H](C)C(=O)N[C@H](C(=O)N1CC[C@H](C)[C@H]1C(=O)Nc1ccccc1-c1ncccn1)C1CCCCC1
2r58,C[NH+](C)CCCC[C@H]([NH3+])C(=O)[O-]
2qi3,CC[C@H](C)CN(C[C@@H](O)[C@H](Cc1ccccc1)NC(=O)[C@@H](O)C(C)C)S(=O)(=O)c1ccc2ncsc2c1
2xib,C[C@@H]1[NH2+]C[C@@H](O)[C@H](O)[C@@H]1O
2azr,O=C([O-])COc1c(C(=O)[O-])sc2ncccc12
4na9,NC(=[NH2+])c1ccc2c(c1)[C@@H](c1ccccc1)C[C@@H](c1cc(N)cc(-c3ccccc3C(=O)[O-])c1)N2
5z7b,COc1cc(C(=O)[O-])ccc1O
2on6,O=c1[nH]cnc2c([C@@H]3[NH2+][C@H](CO)[C@@H](O)[C@H]3O)c[nH]c12
4i7l,Oc1ccccc1
4tt2,CC(=O)NCCCC[C@H](NC(=O)CNC(=O)[C@H](CCCNC(N)=[NH2+])NC(=O)CNC(=O)[C@@H]([NH3+])CO)C(=O)NCC(=O)[O-]
1xd0,C[C@H]1O[C@H](O[C@@H]2[C@@H](CO)O[C@H](O)[C@H](O)[C@H]2O)[C@H](O)[C@@H](O)[C@@H]1[NH2+][C@H]1C[C@H](CO)[C@@H](O[C@H]2O[C@H](CO)[C@@H](O[C@H]3O[C@H](CO)[C@@H](O)[C@H](O)[C@H]3O)[C@H](O)[C@H]2O)[C@H](O)[C@H]1O
6oqd,C[C@@H]1CCCC[C@H](O)[C@@H]2CC[C@H]2CN2C[C@@]3(CCCc4cc(Cl)ccc43)COc3ccc(cc32)C(=O)NS1(=O)=O
1y1z,[NH3+]C1(C(=O)[O-])CCC1
1pb9,[NH3+][C@@H]1CONC1=O
1m0n,Cc1ncc(COP(=O)(O)O)c(/C=N/C2(P(=O)(O)O)CCCC2)c1O
2idw,CC(C)CN(C[C@@H](O)[C@H](Cc1ccccc1)NC(=O)O[C@H]1CO[C@H]2OCC[C@@H]12)S(=O)(=O)c1ccc(N)cc1
2nt7,O=C([O-])COc1c(-c2nn[nH]n2)sc(-c2cccc(NC3CCN(S(=O)(=O)Cc4ccccc4)CC3)c2)c1Br
3rtf,[NH3+][C@@H](Cn1cc(Cl)c(=O)[nH]c1=O)C(=O)[O-]
3rdo,O=C([O-])CCCC[C@@H]1SC[C@@H]2NC(=O)N[C@H]12
1uou,NC1=CCCN1Cc1[nH]c(=O)[nH]c(=O)c1Cl
4xmb,COc1ccc(S(=O)(=O)N(CC(N)=O)c2ccc(N(CC(N)=O)S(=O)(=O)c3ccc(OC)cc3)c3ccccc23)cc1
2zn7,O=C([O-])COc1c(C(=O)[O-])sc(-c2cccc(N(C(=O)c3ccccc3)C3CCCCC3)c2)c1Br
3sk2,COc1ccc(CO)c2nc3cccc(C(=O)[O-])c3nc12
4arw,CCCCN1C(=N)C(N(C)S(=O)(=O)c2ccccc2)C(=O)NC1=O
1w5v,O=C(N[C@H]1c2ccccc2C[C@H]1O)[C@H](OCc1cccc(F)c1)[C@H](O)[C@@H](O)[C@@H](OCc1cccc(F)c1)C(=O)N[C@H]1c2ccccc2C[C@H]1O
2pq9,O=C(O)C1=CC(OP(=O)(O)O)C(O)C(OC(OP(=O)(O)O)(C(=O)O)C(F)F)C1
4mc2,CC(C)(C)[C@H]1Cc2cc(F)ccc2S(=O)(=O)N(C[C@@H](O)[C@H](Cc2ccccc2)NC(=O)O[C@H]2CCOC2)C1
4g4p,NC(=O)CC[C@H]([NH3+])C(=O)[O-]
1igj,C[C@H]1O[C@@H](O[C@H]2CC[C@]3(C)[C@H]4C[C@@H](O)[C@]5(C)[C@@H](C6=CC(=O)OC6)CC[C@]5(O)[C@@H]4CC[C@@H]3C2)C[C@H](O)[C@@H]1O
6dh6,CC(C)CN(C[C@@H](O)[C@H](Cc1ccccc1)NC(=O)O[C@H]1CO[C@H]2OCC[C@@H]12)S(=O)(=O)c1ccc(N)cc1
6dys,[NH3+]CCC(=O)NCCc1ccc(O)c(O)c1
5exm,COC(=O)Nc1ccc(-c2ccnc([C@H](Cc3ccccc3)NC(=O)[C@H]3CC[C@H](C[NH3+])CC3)c2)cc1
2z94,Cc1ccc(S)c(S)c1
4g8v,O=C1NC(O)=CCN1Cc1cn([C@@H]2O[C@@H](CO)[C@H](O)[C@H]2O)nn1
5tuz,COc1cc2nc(N3CCOCC3)nc(N[C@H]3CC[N@H+](C)CC3)c2cc1OC
4br3,C[N+](C)=c1ccn(Cc2ccc(-c3ccc(Cn4cnc(N)c5ncnc4-5)cc3)cc2)cc1
6en5,C[C@H]([NH2+][C@H](C(=O)[O-])[C@@H]1CCCN1C(=O)[C@@H]([NH3+])CC(=O)[O-])C(=O)N1CCC[C@H]1C(=O)[O-]
6qls,OC[C@H]1O[C@@H](S[C@@H]2O[C@H](CO)[C@H](O)[C@H](n3cc(-c4ccccc4)nn3)[C@H]2O)[C@H](O)[C@@H](O)[C@@H]1O
3.00E+12,O=C(O)C(=O)CC(O)C(O)C(O)C(O)COP(=O)(O)O
4eo8,C[NH+](C)N(c1cc(C#CC(C)(C)C)sc1C(=O)[O-])C(=O)[C@H]1CC[C@H](C)CC1
6mji,CCCCCCCCCCCCCCCCCCCCCCCCCC(=O)N[C@@H](CO[C@H]1O[C@H](CO)[C@H](OCC2CC2)[C@H](O)[C@H]1O)[C@H](O)[C@H](O)CCCCCCCCCCCCCC
1f57,[NH3+][C@H](CS)C(=O)[O-]
2gyi,O=C(NO)[C@H](O)[C@H](O)CO
3ewj,O=C([O-])[C@H]1C[C@@]12C[C@@H](c1ccc(OCc3cc(-c4ccccc4)nc4ccccc34)cc1)NC2=O
4og3,N#Cc1ccc(OCCC[N@H+]2CC[C@H]([C@@](O)(c3ccccc3)C3CCCC3)CC2)cc1
2f6t,CNC(=O)[C@@H]1Cc2ccc(NS(=O)(=O)[O-])cc2CN1C(=O)OC(C)(C)C
6jad,OC[C@H]1O[C@H](OC[C@H]2O[C@@](O)(CO)[C@@H](O)[C@@H]2O)[C@H](O)[C@@H](O)[C@@H]1O
3gi6,COc1ccc(S(=O)(=O)N(CC(C)C)C[C@@H](O)[C@H](Cc2ccccc2)NC(=O)[C@@H]2CN(c3cccc(C(F)(F)F)c3)C(=O)O2)cc1
2clk,O=CC(O)COP(=O)(O)O
3l3n,[NH3+]CCCC[C@H]([NH2+][C@@H](CCc1ccccc1)C(=O)[O-])C(=O)N[C@@H](Cc1c[nH]c2ccccc12)C(=O)[O-]
4csd,CO[C@@H]1O[C@@H](C)[C@@H](O)[C@@H](O)[C@@H]1O
4q1w,CC(C)CN(C[C@@H](O)[C@H](Cc1ccccc1)NC(=O)O[C@H]1CO[C@H]2OCC[C@@H]12)S(=O)(=O)c1ccc(N)cc1
5dh4,Cc1nc(C)c(CNc2cc(Cl)nc3ccnn23)s1
4n6g,N=C1Cc2ccccc2C(=O)N1
2qwf,CCCN(C)C(=O)[C@@H]1OC(C(=O)[O-])=C[C@H](NC(N)=[NH2+])[C@H]1NC(C)=O
6t1n,O=C(Nc1ccc2nc(C[NH+]3CCCCC3)[nH]c2c1)c1ccc(Cl)cc1
1ols,Cc1ncc(C[n+]2csc(CCOP(=O)(O)OP(=O)(O)O)c2C)c(N)n1
3iog,O=P(O)(O)C(S)c1ccc(Cl)cc1Cl
3kiv,[NH3+]CCCCCC(=O)[O-]
2i3h,CC(C)[C@H](NC(=O)[C@H](C)[NH3+])C(=O)N1CCC[C@H]1C(=O)N[C@@H](Cc1c[nH]c2ccccc12)C(=O)[O-]
5z7j,C[C@H]1CCC[C@H](O)CCC/C=C/c2cc(O)cc(O)c2C(=O)O1
6j3o,Cn1c(=O)c2[nH]ccc2[nH]/c1=[NH+]\[C@@H]1CCC[N@H+](C)C1
3ahn,CC(CP(=O)(O)C(Cc1ccccc1)NC(=O)Cc1ccccc1)C(=O)NC(CCCC[NH3+])C(=O)NC(CO)C(=O)O
6dgr,O=c1[nH]c(O)c(Cc2ccc(OCCc3cccs3)cc2)s1
3ov1,CC(=O)NC(Cc1ccc(OP(=O)(O)O)cc1)C(=O)NC1(C(=O)NC(CC(N)=O)C(N)=O)CC1
3brn,[NH3+]CCc1c[nH]c2ccc(O)cc12
2afw,CC(=O)NCCc1c[nH]cn1
4c1y,CO[C@H]1O[C@@H](C)[C@@H](O)[C@@H](O)[C@@H]1O
4nbn,Oc1ccccc1CNc1cc(NCc2ccccc2O)ncn1
6pu3,C[C@H](NC(=O)[C@H](CO)NC(=O)[C@@H](NC(=O)[C@@H]([NH3+])CO)[C@@H](C)O)C(=O)[O-]
5oh3,CC[C@@]1(C)CC(=O)NC1=O
1duv,N[P@@](=O)(NCCC[C@H]([NH3+])C(=O)[O-])NS(=O)(=O)[O-]
4np9,O=P(O)(O)OC1C(O)C(O)C(OP(=O)(O)O)C(OP(=O)(O)O)C1O
4q1y,CC(C)CN(C[C@@H](O)[C@H](Cc1ccccc1)NC(=O)O[C@H]1CO[C@H]2OCC[C@@H]12)S(=O)(=O)c1ccc(N)cc1
1rpj,OC[C@H]1O[C@@H](O)[C@H](O)[C@H](O)[C@@H]1O
2pk5,CC1(C)SCN(C(=O)[C@@H](O)[C@H](Cc2ccccc2)NC(=O)[C@H](CS(C)(=O)=O)NC(=O)COc2cccc3cnccc23)[C@@H]1C(=O)N[C@H]1c2ccccc2C[C@H]1O
4q3u,[NH2+]=C(NO)NCC[C@H]([NH3+])C(=O)[O-]
4gbd,CSC[C@H]1O[C@@H](n2cnc3c2N=CNC[C@H]3O)[C@H](O)[C@@H]1O
4jx9,O=c1ccn([C@@H]2O[C@H](CO)[C@@H](O)[C@H]2O)c(=O)[nH]1
4zb8,[NH3+][C@@H](CCC(=O)N[C@@H](CSSC[C@H](NC(=O)CC[C@H]([NH3+])C(=O)[O-])C(=O)NCC(=O)[O-])C(=O)NCC(=O)[O-])C(=O)[O-]
5lsh,CCCO[C@@H]1O[C@@H]([C@H](O)CO)[C@H](O[C@H]2O[C@H](CO)[C@H](O)[C@H](O[C@@H]3O[C@@H]([C@H](O)CO)[C@H](O[C@H]4O[C@H](CO)[C@H](O)[C@H](O)[C@H]4O)[C@H]3O)[C@H]2O)[C@H]1O
1fkh,CCC(C)(C)C(=O)C(=O)N1CCCC[C@H]1C(=O)O[C@H](CCc1ccccc1)C1CCCCC1
2qe4,COCc1cc(O)cc2c1O[C@@H](c1ccc(O)cc1)[C@H]1CCC[C@@H]21
2qm9,Cc1c(C)c2c(c(C)c1O)CC[C@](C)(COc1ccc(C[C@H]3SC(=O)NC3=O)cc1)O2
4qpl,Nc1ncnc2c1ncn2C1OC(COP(=O)(O)O)C(O)C1OC1OC(COP(=O)(O)O)C(O)C1O
2e1w,C[C@H](O)[C@@H](CCc1cccc2ccccc12)n1cnc(C(N)=O)c1
4mrz,Cc1ccnc(N)c1[N+](=O)[O-]
6dz3,CCCCn1cc(CCCSC[C@H]2C[N@@H+](Cc3c[nH]c4c(N)ncnc34)C[C@@H]2O)nn1
4g8y,CC1=C(O)NC(=O)N(Cc2cn([C@@H]3O[C@@H](CO)[C@H](O)[C@H]3O)nn2)C1
2p3a,CC(C)[C@H](NC(=O)[C@H](C)NC(=O)OCc1ccccc1)C(=O)N[C@@H](Cc1ccccc1)[C@@H](O)[C@H](O)[C@H](Cc1ccccc1)NC(=O)[C@@H](NC(=O)[C@H](C)NC(=O)OCc1ccccc1)C(C)C
5wcm,NS(=O)(=O)c1ccc([N+](=O)[O-])cc1
5hct,Cc1cccc(/C=N/NC(=O)[C@@H]([NH3+])Cc2c[nH]c3ccccc23)c1
6s4t,O=C([O-])Cc1ccc(COc2cccc(-c3c(Cc4ccccc4)cnc4c(C(F)(F)F)cccc34)c2)cc1
3uug,O=C([O-])[C@H]1O[C@@H](O)[C@H](O)[C@@H](O)[C@@H]1O
187l,Cc1ccc(C)cc1
3gtc,O=C([O-])[C@@H]1CCCC[C@@H]1c1n[nH]c(S)n1
1hii,CC(=O)N[C@H](C(=O)N[C@@H](Cc1ccccc1)[C@@H](O)C[N@H+](CC1CCCCC1)NC(=O)[C@@H](NC(C)=O)C(C)C)C(C)C
3p8z,[NH3+][C@@H](CCSC[C@H]1O[C@@H](n2cnc3c(NCc4cccc(Cl)c4)ncnc32)[C@H](O)[C@@H]1O)C(=O)[O-]
2aqu,COC(=O)N[C@H](C(=O)N[C@@H](Cc1ccccc1)[C@@H](O)C[N@H+](Cc1ccc(-c2ccccn2)cc1)NC(=O)[C@@H](NC(=O)OC)C(C)(C)C)C(C)(C)C
5mgj,CCOC(=O)C1=C(Cl)CC(=O)N(C)C1
5n18,Cc1ccc(Nc2c(-c3ccc(O)cc3)nc3c(C)cccn23)cc1
6cpa,CC(NC(=O)OCc1ccccc1)C(=O)NC(C)P(=O)(O)OC(Cc1ccccc1)C(=O)O
1w5w,O=C(N[C@H]1c2ccccc2C[C@H]1O)[C@H](OCc1ccc(F)cc1F)[C@H](O)[C@@H](O)[C@@H](OCc1ccc(F)cc1F)C(=O)N[C@H]1c2ccccc2C[C@H]1O
6r1w,[NH3+][C@H]1CC[C@H](COC(=O)N[C@H]2CCC(=O)NC2=O)CC1
4zji,CCN1c2ccc(F)cc2N=C(N2CC[NH+](C)CC2)c2cc(Cl)ccc21
6dpx,O=C([O-])Cc1cccc(NS(=O)(=O)c2cccc(Cl)c2O)c1
6eqw,CC(C)(C)[C@H](NC(=O)[C@H](CCCNC(N)=[NH2+])NC(=O)Cc1ccc(C[NH3+])cc1)C(=O)N[C@@H](CCCNC(N)=[NH2+])C(=O)NCc1ccc(C(N)=[NH2+])cc1
5o9y,OC[C@H]1O[C@@H](O[C@@H]2[C@@H](O)[C@H](O[C@H]3[C@H](O)[C@@H](CO)O[C@@H](n4cc(CCCN5C=CC=CC5)nn4)[C@@H]3O)O[C@H](CO)[C@H]2O)[C@H](O)[C@@H](O)[C@@H]1O
4app,C[N@H+]1CCN(C(=O)N2Cc3c(NC(=O)c4cccc(Oc5ccccc5)c4)n[nH]c3C2(C)C)[C@@H](Cc2ccccc2)C1
4xu0,C[C@@]1(O)[C@H](O)[C@@H](COS(=O)(=O)NC(=O)CCCC[C@@H]2SC[C@@H]3NC(=O)N[C@H]23)O[C@H]1n1cnc2c(N)ncnc21
1jao,C[C@H](NC(=O)[C@@H](CS)Cc1ccccc1)C(=O)NCC(N)=O
6dd0,O=c1cc(CP(=O)(O)O)c2c(F)cc(F)cc2o1
4q4r,O=c1[nH]cnc2cc3[nH]c(NCC[NH+]4CCOCC4)nc3cc12
3q71,Nc1ncnc2c1ncn2C1OC(COP(=O)(O)OP(=O)(O)OCC2OC(O)C(O)C2O)C(O)C1O
3mam,C[N+](C)(C)CC(=O)[O-]
1jev,[NH3+]CCCC[C@H]([NH3+])C(=O)N[C@@H](Cc1c[nH]c2ccccc12)C(=O)N[C@@H](CCCC[NH3+])C(=O)[O-]
4heg,COc1ccc(S(=O)(=O)N(CC(C)C)C[C@@H](O)[C@H](Cc2ccccc2)NC(=O)O[C@H]2CO[C@H]3O[C@@H]4OCC[C@@H]4[C@H]32)cc1
3o7u,N[P@]1(=O)C=CNC(=O)N1
4p6c,O=C(NO)C(O)C(O)COP(=O)(O)O
2jkp,O[C@H]1C[N@H+]2CC[C@H](O)[C@@H]2[C@@H](O)[C@@H]1O
6mj4,CCCCCCCCCCCCCCCCCCCCCCCCCC(=O)N[C@@H](CO[C@H]1O[C@H](CO)[C@H](OCCC)[C@H](O)[C@H]1O)[C@H](O)[C@H](O)CCCCCCCCCCCCCC
6ma4,O=C([O-])CCCCOc1ccccc1[C@@H](NS(=O)(=O)c1ccc2[nH]c(=O)ccc2c1)C(=O)N(CC(=O)[O-])Cc1cccs1
3nik,C[C@H](NC(=O)[C@H](C)NC(=O)[C@H](CCC(=O)[O-])NC(=O)[C@@H]([NH3+])CCCNC(N)=[NH2+])C(=O)[O-]
2am4,O=c1ccn(C2OC(COP(=O)(O)OP(=O)(O)OC3OC(CO)C(O)C(O)C3F)C(O)C2O)c(=O)[nH]1
1fv0,COc1c(O)ccc2c1cc([N+](=O)[O-])c1c(C(=O)[O-])cc3c(c12)OCO3
6cwn,CO[C@@H]1O[C@@H]2CO[C@](C)(C(=O)[O-])O[C@H]2[C@H](O)[C@@H]1NC(C)=O
1x1z,O=c1cc(O)n(C2OC(COP(=O)(O)O)C(O)C2O)c(=O)[nH]1
2f94,CCCCC[NH+](C)CCC(O)(P(=O)(O)O)P(=O)(O)O
1lrh,O=C([O-])Cc1cccc2ccccc12
2vpn,CC1=NCC[C@@H](C(=O)[O-])N1
4c1u,OC[C@@H]1O[C@@H](O[C@H]2[C@H](O)CO[C@@H](O[C@@H]3CO[C@@H](O)[C@H](O)[C@H]3O)[C@@H]2O)[C@H](O)[C@H]1O
1fh7,O[C@H]1[C@H](O)CO[C@@H](O[C@@H]2C[NH2+]C[C@H](O)[C@H]2O)[C@@H]1O
6qgg,C[N+](C)(CC[C@H](CSc1ccccc1)Nc1ccc(S(=O)(=O)NC(=O)c2ccc(N3CC[NH+](Cc4ccccc4-c4ccc(Cl)cc4)CC3)cc2)cc1[N+](=O)[O-])CC(=O)[O-]
3exe,CC1=C(CCOP(=O)(O)OP(=O)(O)O)SCN1Cc1cnc(C)nc1N
6maj,Cc1cc(-c2ccccc2)cc(C(=O)NNS(=O)(=O)c2cccc(O)c2)c1F
3fzn,COP(=O)(O)C(O)(c1ccccc1)C1SC(CCOP(=O)(O)OP(=O)(O)O)=C(C)N1Cc1cnc(C)nc1N
6d1a,Cc1cc2oc(=O)cc(CP(=O)(O)O)c2cc1C
4wkp,Nc1ncnc2c(C[N@@H+]3C[C@H](CCSCCOCCO)[C@@H](O)C3)c[nH]c12
1d2e,Nc1nc2c(ncn2C2OC(COP(=O)(O)OP(=O)(O)O)C(O)C2O)c(=O)[nH]1
1gyy,O=C([O-])/C(F)=C\c1ccc(O)cc1
3nu9,CC(C)CN(C[C@@H](O)[C@H](Cc1ccccc1)NC(=O)O[C@H]1CCOC1)S(=O)(=O)c1ccc(N)cc1
6poi,O=C([O-])Cc1coc2cc(Oc3ccccc3)ccc12
4pum,CNc1nc2cc3c(=O)[nH]c(=[NH2+])[nH]c3cc2[nH]1
5b5g,COC(=O)c1cncc(-c2cc3c(=O)[nH]ccc3o2)c1
2fgv,CC(C)(C)NC(=O)[C@@H]1C[C@@H]2CCCC[C@@H]2C[N@H+]1C[C@@H](O)[C@H](Cc1ccccc1)NC(=O)[C@H](CC(N)=O)NC(=O)c1ccc2ccccc2n1
4qlk,OC[C@H]1O[C@@H](O[C@@H]2[C@@H](CO)O[C@@H](O[C@@H]3[C@@H](CO)O[C@@H](O[C@@H]4[C@@H](CO)O[C@@H](O)[C@H](O)[C@H]4O)[C@H](O)[C@H]3O)[C@H](O)[C@H]2O)[C@H](O)[C@@H](O)[C@@H]1O
4ayu,CC(=O)N1CCC[C@@H]1C(=O)[O-]
1hvs,CC(C)[C@H](NC(=O)N(C)Cc1ccccn1)C(=O)N[C@@H](Cc1ccccc1)[C@H](O)[C@H](O)[C@H](Cc1ccccc1)NC(=O)[C@@H](NC(=O)N(C)Cc1ccccn1)C(C)C
6qge,OC[C@H]1O[C@@H](SC[C@@H](O)Cn2cc(-c3cccc(F)c3)nn2)[C@H](O)[C@@H](n2cc(-c3cccc(F)c3)nn2)[C@H]1O
2nnd,COc1nccnc1CC(C)C
2ylc,O=c1ccn(C2OC(CO[PH](=O)O)C(O)C2O)c(=O)[nH]1
5oxk,C[C@H]([NH3+])C(=O)N[C@@H](CCC(N)=O)C(=O)[O-]
6nu5,[NH3+][C@@H](CS)C(=O)[O-]
2cej,COC(=O)N[C@H](C(=O)N[N@H+](Cc1ccc(Br)cc1)C[C@@](O)(Cc1ccccc1)C(=O)N[C@H]1c2ccccc2C[C@H]1O)C(C)(C)C
6guk,CCn1cnc2c(Nc3cccc(Cl)c3)nc(N[C@@H]3CCCC[C@@H]3[NH3+])nc21
2q6f,Cc1cc(C(=O)N[C@@H](C)C(=O)N[C@H](C(=O)N[C@@H](CC(C)C)C(=O)N[C@H](CCC(=O)OCc2ccccc2)C[C@@H]2CCNC2=O)C(C)C)no1
4e1k,COc1cc2c(Nc3ccc(NC(=O)c4ccccc4)cc3)ncnc2cc1O
4kmz,[NH2+]=c1[nH]c(=O)c2nc(CNc3ccc(C(=O)N[C@@H](CCC(=O)[O-])C(=O)[O-])cc3)cnc2[nH]1
2.00E+92,O=P(O)(O)C(O)(Cc1cnc2ccccn12)P(=O)(O)O
4mc1,CC(C)(C)[C@@H]1Cc2cc(F)ccc2S(=O)(=O)N(C[C@@H](O)[C@H](Cc2ccccc2)NC(=O)O[C@H]2CCOC2)C1
4nbk,Cc1cccnc1NCc1ccccc1O
2j4g,CCCC1=N[C@H]2[C@H](O[C@H](CO)[C@@H](O)[C@@H]2O)S1
6hgj,C[C@]12CCC(=O)C=C1CC[C@@H]1[C@@H]2[C@@H](O)C[C@]2(C=O)[C@@H](C(=O)CO)CC[C@@H]12
4u5n,C[C@@H](O)[C@H](NC(=O)CNC(=O)[C@H](CCCC[NH3+])[NH2+]Cc1ccc(-c2cccnc2)cc1)[C@@H](O)[NH2+][C@H](Cc1ccccc1)C(N)=O
2vsl,C[NH2+][C@@H](C)C(=O)N[C@@H](CCCC[NH3+])C(=O)N1CCC[C@H]1C(=O)N[C@@H](Cc1ccccc1)C(=O)O
6quv,C[N@H+]1CC[C@](C)([C@]23NC(=O)c4ccccc4[C@H]2c2ccccc2N3)CC1
6n0j,O=C(Nc1ccc(Cl)cc1)[C@@H]1CN(C(=O)c2cccc(-c3ccco3)c2)CC(F)(F)C1
5uk8,C[C@@H]1COCCN1c1cc(C2(S(=O)(=O)C3C=C3)CC2)nc(-c2cccc3[nH]ccc23)n1
1koj,O=NC(=O)C(O)C(O)C(O)COP(=O)(O)O
1ai4,O=C([O-])Cc1ccc(O)c(O)c1
4ibb,Cc1cc(C)c([C@H]2C(C(=O)c3cccs3)=C(O)C(=O)N2c2ccc(CC(=O)[O-])cc2)cc1C
1v0l,O[C@H]1[C@H](O)CO[C@@H](O[C@@H]2CC[NH2+]C[C@H]2O)[C@@H]1O
3s8o,CC(=O)NC(Cc1ccc(OP(=O)(O)O)cc1)C(=O)NC1(C(=O)NC(CC(N)=O)C(N)=O)CCCCC1
2hb3,CC(C)CN(C[C@@H](O)[C@H](Cc1ccccc1)NC(=O)O[C@@H]1C[C@@H]2CCO[C@@H]2C1)S(=O)(=O)c1ccc(CO)cc1
4lm2,OCc1ccc2c(c1)OCCO2
1ydk,CCCCCCSC[C@H](NC(=O)CC[C@H]([NH3+])C(=O)[O-])C(=O)NCC(=O)[O-]
4ibj,O=C([O-])c1cccc(N2C(=O)C(O)=C(C(=O)c3cccc(C(F)(F)F)c3)[C@@H]2c2cccc(C(F)(F)F)c2)c1
6i18,O=C(Nc1ccncc1)c1cn(Cc2ccc(Cl)c(Cl)c2)c(=O)c2cnn(C3CC[NH2+]CC3)c12
4rhx,Nc1nc2c(ncn2CC[NH+](CC[NH+](CC=O)CCP(=O)(O)O)CCP(=O)(O)O)c(=O)[nH]1
5fe6,[NH3+]C1CCN(C(=O)C2C=C2)CC1
4up5,COc1ccc2nc(N)sc2c1
4x3k,C[C@H](NC(=O)[C@H](CO)NC(=O)[C@H](CCCC[N+](C)(C)C)NC(=O)[C@H](CCCNC(N)=[NH2+])NC(=O)[C@H](C)NC(=O)[C@H](C)NC(=O)[C@@H]([NH3+])CCCC[NH3+])C(=O)[O-]
3w07,O=c1ccn(C2OC(COP(=O)(O)O)C(O)C2O)c(=O)[nH]1
184l,CC(C)Cc1ccccc1
3gnw,Cc1cccc(C(=O)N2c3cccc(O)c3NC3=C([C@@H]2c2ccc(OCc4ccccc4)cc2F)S(=O)(=O)CC(C)(C)C3)n1
4mc6,CC(C)[C@H]1Cc2cc(F)ccc2S(=O)(=O)N(C[C@@H](O)[C@H](Cc2ccccc2)NC(=O)NC(C)(C)C)C1
1qka,NC(=[NH2+])NCCC[C@H](NC(=O)[C@@H]([NH3+])CCCC[NH3+])C(=O)N[C@@H](CCCC[NH3+])C(=O)[O-]
4rdn,CNc1ncnc2c1ncn2[C@@H]1O[C@H](CO)[C@@H](O)[C@H]1O
5ne5,O=C1N[C@@H]2[C@@H](O)[C@@H](O)[C@H](O)[C@@H](CO)N2C1=O
2q2a,NC(=[NH2+])NCCC[C@H]([NH3+])C(=O)[O-]
3u10,Nc1ncnc2c1ncn2C1OC2COP(=O)(O)OC2C1O
3kek,Cc1cc(-c2ncn(C[C@H]3CC[C@H](C(=O)[O-])CC3)n2)cc(C(=O)NCc2ccc(F)cc2)n1
6c0s,COC(=O)Nc1ccc(-c2cc([C@H](C[C@H]3CCCN(C(C)=O)C3)NC(=O)/C=C/c3cc(Cl)ccc3-n3cnnn3)nnc2Cl)cc1
1t7d,CC(=O)N(C)[C@H](CO)C(=O)N[C@H](C)C(=O)NCC(=O)N(C)[C@@H]1C(=O)N[C@@H](C)C(=O)N[C@H](C(=O)[O-])Cc2ccc(O)c(c2)-c2cc1ccc2O
1f3e,Nc1cc(N)c2c(=O)[nH][nH]c(=O)c2c1
2a5b,Nc1nc2c([nH]c(=O)n2[C@H]2C[C@H](O)[C@@H](CO)O2)c(=O)[nH]1
2gss,C=C(CC)C(=O)c1ccc(OCC(=O)[O-])c(Cl)c1Cl
2jew,CCCn1cnc(C[C@H](CCC[NH3+])C(=O)[O-])c1
6qqw,Nc1cc(-c2ccc3ccn(Cc4ccccc4)c3c2)n[nH]1
5ota,C[C@@H]([NH2+][C@@H](CCC[NH3+])C(=O)[O-])C(=O)[O-]
6im4,CSCC[C@H](NC(=O)C[NH3+])C(=O)N1CCC[C@H]1C(=O)N[C@@H](CCCNC(N)=[NH2+])C(=O)NCC(=O)N[C@@H](C)C(=O)[O-]
1n4k,O=P(O)(O)OC1C(O)C(O)C(OP(=O)(O)O)C(OP(=O)(O)O)C1O
1q84,Nc1ccc2c(c1)c(-c1ccccc1)[n+](CCCCCCc1cn(CCNc3c4c(nc5ccccc35)CCCC4)nn1)c1cc(N)ccc21
5i2e,O=C(CCc1c[nH]c2ccccc12)NS(=O)(=O)OC[C@H]1O[C@@H](n2cnc3c2ncn2ccnc32)[C@H](O)[C@@H]1O
3ts4,NC(=O)[C@H](CCC(=O)[O-])NC(=O)[C@H](CCC(=O)[O-])NC(=O)CCc1ccc(-c2cc(-c3ccccc3)cs2)cc1
6pvz,O=C([O-])Cc1coc2cc(Cc3ccccc3)ccc12
4dsy,O=C([O-])c1cncc(-c2ccccc2)c1
2w08,CC(OP(=O)(O)O)C([NH3+])C(=O)O
1f4f,O=C([O-])CC[C@H](NC(=O)c1ccc(S(=O)(=O)N2CCC[C@@H]2C(=O)[O-])cc1)C(=O)[O-]
1df8,O=C([O-])CCCC[C@@H]1SC[C@@H]2NC(=O)N[C@H]12
5kby,Cn1c(=O)cc(N2CCC[C@@H]([NH3+])C2)n(Cc2cc(F)ccc2C#N)c1=O
3b4p,O=C([O-])c1ccccc1NC1CCCCC1
1hxw,CC(C)c1nc(CN(C)C(=O)N[C@H](C(=O)N[C@@H](Cc2ccccc2)C[C@H](O)[C@H](Cc2ccccc2)NC(=O)OCc2cncs2)C(C)C)cs1
4cga,C[N+](C)=c1ccn(Cc2ccc(CCc3ccccc3)cc2)cc1
6qlu,Cc1ccc(S[C@@H]2O[C@H](CO)[C@H](O)[C@H](n3cc(-c4ccc(F)c(C)c4)nn3)[C@H]2O)cc1
2g5u,Oc1c(Cl)cc(-c2cc(Cl)c(O)c(Cl)c2)cc1Cl
6qlo,Cc1ccc(S[C@@H]2O[C@H](CO)[C@H](O)[C@H](n3cc(-c4ccc(F)c(F)c4)nn3)[C@H]2O)cc1
5ja0,CC(C)=CCC/C(C)=C/CC/C(C)=C/COP(=O)(O)OP(=O)(O)O
6mdu,O=C(Nc1nnn[nH]1)c1cc(-c2ccccc2)n(-c2ccccc2)n1
6hni,[NH3+][C@@H](Cc1ccc(O)cc1)C(=O)[O-]
5g45,Nc1cccc2cc(O)cnc12
4rlt,O=C1c2ccc(O)cc2O[C@H](c2ccc(O)c(O)c2)[C@H]1O
3t0d,O=C1O[C@H](CO)[C@H](O)[C@H](O)[C@H]1O
6dh1,CC[C@H](C)CN(C[C@@H](O)[C@H](Cc1ccccc1)NC(=O)O[C@H]1CO[C@H]2OCC[C@@H]12)S(=O)(=O)c1ccc(N)cc1
1qk3,Nc1nc2c(ncn2C2OC(COP(=O)(O)O)C(O)C2O)c(=O)[nH]1
3hfb,Cc1ccccc1-c1ccccc1CNc1cnc(-c2ccc(C[C@H]([NH3+])C(=O)[O-])cc2)cn1
1f8c,CC(=O)N[C@@H]1[C@@H]([NH3+])C=C(C(=O)[O-])O[C@H]1[C@H](O)[C@H](O)CO
2vmf,OC[C@@H]1[C@@H](O)[C@H](O)[C@H](O)c2nccn21
3fj7,CC(OP(=O)(O)O)C(=O)O
3ccz,CC(C)c1c(C(=O)N[C@H](CO)c2ccccc2)nc(-c2ccc(F)cc2)n1CC[C@@H](O)C[C@@H](O)CC(=O)[O-]
5n9r,C[C@H](CC(=O)N1CCC(O)(Cn2cnc3c(Br)csc3c2=O)CC1)c1ccccc1
6i17,Cn1cc(NC(=O)c2cn(Cc3ccc(Cl)c(Cl)c3)c(=O)c3cnc(C4CC[NH2+]CC4)cc23)cn1
3ge7,CNc1nc2c(CC[NH2+]CC3CCCC3)c3[nH]c(=[NH2+])[nH]c(=O)c3cc2[nH]1
1fki,CC1(C)COC(=O)CCCCCCCCCCCOC(=O)[C@@H]2CCCCN2C(=O)C1=O
5drr,C[C@@](O)(C(F)F)[C@H](NC(=O)c1ccc(C#CC#Cc2ccc(N)cc2)cc1)C(=O)N=O
1hps,CC(C)C(=O)c1cnc([C@H](Cc2ccccc2)C[C@H](O)[C@H](Cc2ccccc2)NC(=O)[C@@H](NC(=O)OCc2ccccc2)C(C)C)[nH]1
2r3w,Nc1ccc(S(=O)(=O)N(Cc2ccccc2)[C@H]2C[NH2+]C[C@@H]2N(Cc2ccccc2)S(=O)(=O)c2ccc(N)cc2)cc1
3lgs,Nc1ncnc2c1ncn2[C@@H]1OC[C@@H](O)[C@H]1O
1dud,O=c1ccn(C2CC(O)C(COP(=O)(O)OP(=O)(O)O)O2)c(=O)[nH]1
3nuj,CC(C)CN(C[C@@H](O)[C@H](Cc1ccccc1)NC(=O)O[C@H]1CCOC1)S(=O)(=O)c1ccc(N)cc1
5o9p,OC[C@H]1O[C@@H](O[C@@H]2[C@@H](O)[C@H](O[C@H]3[C@H](O)[C@@H](CO)O[C@@H](n4cc(COCc5ccccn5)nn4)[C@@H]3O)O[C@H](CO)[C@H]2O)[C@H](O)[C@@H](O)[C@@H]1O
6jao,OC[C@H]1O[C@H](OC[C@H]2O[C@@](O)(CO)[C@@H](O)[C@@H]2O)[C@H](O)[C@@H](O)[C@@H]1O
3ctt,OC[C@@H]1[C@@H](O)[C@H](O)[C@H]2[C@H](O)[C@@H](O)C[N@@H+]12
4i8z,CC(C)CN(C[C@@H](O)[C@H](Cc1ccccc1)NC(=O)O[C@H]1CO[C@H]2OCC[C@@H]12)S(=O)(=O)c1ccc(C(N)=O)cc1
3le9,COc1ccc2[nH]n(C[C@@]3(c4ccccc4)NC(=O)NC3=O)c(=O)c2c1
4x5y,Cc1c(C[N@H+]2CC[C@H](Nc3ncnc4sc(CC(F)(F)F)cc34)CC2)ccc2c1cc(C#N)n2Cc1cn[nH]c1
1swr,O=C([O-])CCCC[C@@H]1SC[C@@H]2NC(=O)N[C@H]12
3w9r,CC1=CC(=O)CC(C)(C)[C@@]1(O)/C=C/C(C)=C\C(=O)[O-]
6qmk,COc1cc([C@@H](CC(=O)[O-])c2ccc(C)c(CN3CCOc4ccccc4S3(=O)=O)c2)cc2nnn(C)c12
6fnr,O=C([O-])[C@@H](Cl)Cc1cnc[nH]1
6d18,Cc1cc(C)c2c(CP(=O)(O)O)cc(=O)oc2c1
2pqc,CC(OC1CC(C(=O)O)=CC(OP(=O)(O)O)C1O)(C(=O)O)P(=O)(O)O
1wm1,CC(C)(C)c1nnc(C(=O)[C@@H]2CCC[NH2+]2)o1
4msa,O=[N+]([O-])c1ccc2nc[nH]c2c1
2dw7,O=C([O-])[C@@H](O)[C@@H](O)C(=O)[O-]
5om3,C[C@H]1c2cccc(O)c2C(=O)C2=C(O)[C@]3(O)C(=O)[C@H](C(N)=O)[C@H](O)[C@@H]([NH+](C)C)[C@@H]3[C@@H](O)[C@@H]21
6hly,O=C([O-])[C@@H]1CCC(=O)N1C[C@@H](O)[C@@H](O)[C@H](O)[C@H](O)CO
3u5j,Cc1nnc2n1-c1ccc(Cl)cc1C(c1ccccc1)=NC2
5mwh,CC(C)Cc1ccc(S(=O)(=O)Nc2cc3c(cc2N2CCOCC2)n(C)c(=O)c(=O)n3C)cc1
3djk,COc1ccc(S(=O)(=O)N(CC(C)C)C[C@@H](O)[C@H](Cc2ccccc2)NC(=O)O[C@@H]2CCOCOC2)cc1
1ssq,[NH3+][C@@H](CS)C(=O)[O-]
5f1v,[NH3+]CCCC[C@@]([NH3+])(CC[C@]([NH3+])(CCCC[NH3+])C(=O)[O-])C(=O)[O-]
1nny,CC(=O)N[C@@H](Cc1ccc(N(C(=O)C(=O)[O-])c2ccccc2C(=O)[O-])c2ccccc12)C(=O)NCCCCCOc1cc2ccccc2cc1C(=O)[O-]
2d3z,Cc1ccc(S(=O)(=O)Nc2cc(-c3ccc(F)cc3)sc2C(=O)[O-])cc1
6p9e,COC(c1ccccc1)(c1ccccc1)[C@H](Oc1nc(C)cc(-c2ccc(C)c(N)c2)n1)C(=O)[O-]
6jam,OC[C@H]1O[C@H](O[C@H]2O[C@H](CO)[C@@H](O)[C@H](O)[C@H]2O)[C@H](O)[C@@H](O)[C@@H]1O
3d4y,OC[C@@H]1[C@@H](O)[C@H](O)[C@H](O)c2nccn21
4w52,c1ccccc1
3zps,C=CCNC(=O)[C@@H](NC(=O)[C@@](O)(CCC[N@H+](Cc1ccc(Br)cc1)NC(=O)[C@@H](NC(=O)OC)C(C)(C)C)Cc1ccccc1)C(C)(C)C
6qz5,CCc1sc2ncnc(N[C@H](Cc3ccccc3)C(=O)[O-])c2c1-c1cccc2[nH]ccc12
4ks4,CCC(CC)O[C@@H]1CC(C(=O)[O-])=C[C@H](n2cc([C@H](O)CC)nn2)[C@H]1NC(C)=O
6ftz,NC(=O)c1cc2c(C(=O)Nc3cccc(C[NH3+])c3)cccc2[nH]1
1bxq,COC(=O)C(Cc1ccccc1)OP(=O)(O)C(CC(C)C)NC(=O)C(CC(N)=O)NC(=O)C(NC(=O)CC(C)C)C(C)C
1zvx,COc1ccc(-c2ccc(S(=O)(=O)NC(C(C)C)P(=O)(O)O)cc2)cc1
6guh,Cc1ncc(-c2ccnc(Nc3ccc(S(C)(=O)=O)cc3)n2)n1C(C)C
1mq5,C[N@H+]1CC[N@H+](Cc2csc(C(=O)Nc3ccc(Cl)cc3C(=O)Nc3ccc(Cl)cc3)c2Cl)CC1
4ibg,Cc1cccc(C(=O)C2=C(O)C(=O)N(c3ccc(CC(=O)[O-])cc3)[C@H]2c2cc(Cl)c3c(c2)OCO3)c1
5ldm,Nc1ncnc2c1ncn2C1OC(CO)C(O)C1OP(=O)(O)O
3i4y,Oc1cc(Cl)cc(Cl)c1O
10gs,[NH3+][C@@H](CCC(=O)N[C@@H](CSCc1ccccc1)C(=O)N[C@@H](C(=O)[O-])c1ccccc1)C(=O)[O-]
4ewn,O=C(O)C1=C(NCC(O)C(O)C(O)COP(=O)(O)O)CCC=C1
6hh5,Nc1ncnc2c1ncn2C1OC(COP(=O)(O)OP(=O)(O)OCC2CC(O)C[NH2+]2)C(O)C1O
3lzu,CC(C)CN(C[C@@H](O)[C@H](Cc1ccccc1)NC(=O)O[C@H]1CO[C@H]2OCC[C@@H]12)S(=O)(=O)c1ccc(N)cc1
5dgw,CC[NH2+][C@H]1CO[C@@H]2OCC[C@H](OC(=O)N[C@@H](Cc3ccccc3)[C@H](O)CN(CC(C)C)S(=O)(=O)c3ccc(OC)cc3)[C@@H]21
4j44,CC[C@H](C)[C@H](NC(=O)[C@H](C)[NH3+])C(=O)N[C@@H](C)C(=O)N[C@H](C(=O)[O-])C(C)C
6nw3,CCCC[C@H]([NH2+]C[C@@H]1Cc2cccc(c2)CCCCc2cc(cc(N(CCC)S(C)(=O)=O)c2)C(=O)N1)C(=O)NCC(C)C
3gt9,C[NH2+][C@@H](C)C(=O)N[C@H](C(=O)N1CCC[C@H]1c1nc(-c2cccc3ccccc23)cs1)C1CCCCC1
4w9d,Cc1ncoc1-c1ccc(CNC(=O)[C@@H]2C[C@@H](O)CN2C(=O)CC(C)(C)C)cc1
3dx4,CO[C@@H]1[C@@H]([NH3+])[C@@H](O)[C@@H](O)[C@H]1O
1zsf,CC(C)(C)OC(=O)N[C@@H](Cc1ccccc1)[C@H](O)C[NH2+][C@@H](Cc1ccccc1)C(=O)N[C@@H](CCC(=O)[O-])C(=O)N[C@@H](Cc1ccccc1)C(N)=O
5c2a,Cc1nc(C)c(CNc2nc(C3CC3)nc(Cl)c2C)s1
2psv,CNC(=O)CCC(=O)N[C@@H](Cc1ccccc1)[C@H](O)CN(CC1CC1)S(=O)(=O)c1ccco1
5cqt,CCN1C(=O)c2cccc3c(S(=O)(=O)NC4CCCCC4)ccc1c23
3fzy,O=P(O)(O)OC1C(OP(=O)(O)O)C(OP(=O)(O)O)C(OP(=O)(O)O)C(OP(=O)(O)O)C1OP(=O)(O)O
2x95,[NH3+]CCCC[C@H]([NH2+][C@@H](CCc1ccccc1)C(=O)[O-])C(=O)N[C@H](Cc1c[nH]c2ccccc12)C(=O)[O-]
2wvz,O=C1N[C@@H]2[C@@H](O)[C@@H](O)[C@H](O)[C@@H](CO)N2C1=O
1qxk,COC(=O)c1c(O)cccc1OCCCCNC(=O)[C@H](Cc1ccc(OCC(=O)[O-])c(O)c1)NC(C)=O
4ad3,OC[C@H]1O[C@H](O[C@@H]2[C@H](O)C[NH2+][C@H](CO)[C@H]2O)[C@H](O)[C@@H](O)[C@@H]1O
1hyo,CP(=O)(O)CC(=O)CC(=O)O
3prs,CC(C)c1nc(CN(C)C(=O)N[C@H](C(=O)N[C@@H](Cc2ccccc2)C[C@H](O)[C@H](Cc2ccccc2)NC(=O)OCc2cncs2)C(C)C)cs1
4ahu,O=C([O-])c1c[nH]c2ccccc12
5d48,Cc1n[nH]c(C)c1-c1c(-c2cccc(OC(C)C)c2)n(CCC(=O)[O-])c2ccc(C3CC3)cc12
2rkf,Cc1cccc(C)c1OCC(=O)N[C@@H](Cc1ccccc1)[C@@H](O)C[C@H](Cc1ccccc1)NC(=O)[C@H](C(C)C)N1CCCNC1=O
4oiv,CN(C)c1cc(Cl)c(C(=O)N(Cc2ccccc2)c2ccc(O)c(C(C)(C)C)c2)c(Cl)c1
5afv,c1ccc(CN[n+]2cnn(Cc3ccccc3)c2)cc1
2aoe,CCCC[C@H](NC(=O)[C@H](C)NC(=O)[C@H](CCC(=O)[O-])NC(=O)[C@H](Cc1ccccc1)[NH2+]C[C@H](CC(C)C)NC(=O)[C@@H](NC(=O)[C@@H]([NH3+])CCCNC(N)=[NH2+])C(C)C)C(N)=O
3ip8,O=P(O)(O)Cc1ccccc1
5c1m,CO[C@]12C=C[C@]34C[C@@]1(C)[C@H](c1ccccc1)[NH2+][C@H]2[C@@]31CC[N@H+](C)[C@@H]4Cc2ccc(O)cc21
2f80,CC(C)CN(C[C@@H](O)[C@H](Cc1ccccc1)NC(=O)O[C@H]1CO[C@H]2OCC[C@@H]12)S(=O)(=O)c1ccc(N)cc1
3h5b,COc1ccc(S(=O)(=O)N(C[C@H]2CCC(=O)N2)C[C@@H](O)[C@H](Cc2ccccc2)NC(=O)O[C@@H]2C[C@@H]3CCO[C@@H]3C2)cc1
5vsj,O=P(O)(O)CC[NH+]1C(CO)C(O)C(OC2OC(CO)C(O)C(O)C2O)C1CO
2p4y,COc1ccc2c(-c3c(C)n(Cc4cc(O[C@H](C)C(=O)[O-])ccc4Cl)c4cc(OC(F)(F)F)ccc34)noc2c1
6mh7,Cc1ccc(Nc2nccc(-c3c(-c4ccc(F)cc4)ncn3C3CC[NH2+]CC3)n2)cc1C
3kqr,[NH3+]CCOP(=O)(O)O
6dh2,CCC(CC)CN(C[C@@H](O)[C@H](CC1CCCCC1)NC(=O)O[C@H]1CO[C@H]2OCC[C@@H]12)S(=O)(=O)c1ccc(N)cc1
6n0k,O=C(Nc1ccc(Cl)cc1)[C@H]1CN(C(=O)c2cc(F)cc(-c3ccncc3)c2)CC(F)(F)C1
6ckw,COc1ccccc1[C@H]([NH3+])CNc1cc(C)nc2nc(N[C@H](CC#N)c3cccc(Cl)c3)nn12
3l4y,O=S(=O)([O-])O[C@H]([C@H](O)C[S@+]1C[C@@H](O)[C@H](O)[C@H]1CO)[C@H](O)[C@@H](O)[C@H](O)CO
1h2t,CN1CN(C2OC(COP(=O)(O)OP(=O)(O)OP(=O)(O)OCC3OC(n4cnc5c(=O)[nH]c(N)nc54)C(O)C3O)C(O)C2O)c2nc(N)[nH]c(=O)c21
3rux,Nc1ncnc2c1ncn2[C@@H]1O[C@H](CNS(=O)(=O)NC(=O)CCCC[C@@H]2SC[C@@H]3NC(=O)N[C@H]23)[C@@H](O)[C@H]1O
5zdb,Nc1ncnc2c1ncn2C1OC(COP(=O)(O)OP(=O)(O)OCC2OC(O)C(O)C2O)C(O)C1O
2nsl,Nc1c(C(=O)O)ncn1C1OC(COP(=O)(O)O)C(O)C1O
5exl,[NH3+]C[C@H]1CC[C@H](C(=O)N[C@@H](Cc2ccccc2)c2cc(-c3ccc4[nH]nc(O)c4c3)ccn2)CC1
1dy4,O[C@@H](C[NH2+]C1CC1)COc1cccc2ccccc12
2uyq,Nc1ncnc2c1ncn2[C@@H]1OC[C@@H](O)[C@H]1O
6qlp,Cc1ccc(S[C@@H]2O[C@H](CO)[C@H](O)[C@H](n3cc(-c4cc(F)c(F)c(F)c4)nn3)[C@H]2O)cc1
2w47,O=C([O-])C1=C[C@H](O)[C@@H](O)[C@@H](O[C@H]2[C@@H](C(=O)[O-])O[C@H](O)[C@H](O)[C@H]2O)O1
3dp9,CCCCSC[C@H]1C[N@@H+](Cc2c[nH]c3c(N)ncnc23)C[C@@H]1O
4ty6,NC(=O)c1ccc(-c2c[nH]c([C@H](Cc3ccccc3)NC(=O)[C@H]3CC[C@H](C[NH3+])CC3)n2)cc1
3d6p,O=c1ccn([C@@H]2O[C@@H](C[NH+]3CCOCC3)[C@H](O)[C@H]2O)c(=O)[nH]1
4djr,CC[C@H](C)CN(C[C@@H](O)[C@H](Cc1ccccc1)NC(=O)OC[C@@H]1CCC(=O)N1)S(=O)(=O)c1ccc2ncsc2c1
3ery,CC(C)C[C@H](NC(=O)[C@H](CC(=O)[O-])NC(=O)[C@H](Cc1ccccc1)NC(=O)[C@@H]1CCCN1C(=O)[C@H](C)NC(=O)[C@@H]1CCCN1C(=O)[C@H](CO)NC(=O)[C@H](CC(C)C)NC(=O)[C@@H]([NH3+])CCC(N)=O)C(=O)[O-]
6qr0,N#Cc1c(-c2ccc3ccn(Cc4ccncc4)c3c2)n[nH]c1N
2nta,O=C1CN(c2csc(-c3ccccc3)c2Cl)S(=O)(=O)N1
6g2c,Cc1noc(C)c1-c1ncn(C)c1-c1ccncc1
1enu,Nc1ccc2c(=O)[nH][nH]c(=O)c2c1
2qd7,CC(C)CN(C[C@@H](O)[C@H](Cc1ccccc1)NC(=O)O[C@H]1CO[C@H]2OCC[C@@H]12)S(=O)(=O)c1ccc2c(c1)OCO2
6pg8,OCc1cnc(CCCc2ccccc2)[nH]1
6p84,CC1(C)CC(=O)c2c(nc3[nH]n(-c4ccccc4)c(=O)c3c2-c2cccs2)C1
2pu2,O=C([O-])c1ccc2c(c1)C(=O)N([C@H](Cc1ccc(O)cc1)C(=O)[O-])C2=O
5oa2,O=[N+]([O-])c1ccc(COCc2cn([C@@H]3O[C@H](CO)[C@@H](O)[C@H](O[C@@H]4O[C@H](CO)[C@@H](O)[C@H](O[C@@H]5O[C@H](CO)[C@@H](O)[C@H](O)[C@H]5O)[C@H]4O)[C@H]3O)nn2)cc1
3p7i,[NH3+]CCP(=O)(O)O
5i1q,C=CCCN1C[C@@H](c2cccc(C(=O)N(C)C)c2)c2cc[nH]c2C1=O
4w9h,CC(=O)N[C@H](C(=O)N1C[C@H](O)C[C@H]1C(=O)NCc1ccc(-c2scnc2C)cc1)C(C)(C)C
2qpu,CC1[C@@H](O)[C@H](O)[C@@H](O)[C@@H]([NH2+][C@H]2[C@H](O)[C@@H](O)[C@@H](O[C@@H]3[C@@H](CO)OC[C@H](O)[C@H]3O)O[C@@H]2C)[C@@H]1O
5jgq,NC(=[NH2+])NCCC[C@H](NC(=O)c1ccccc1)C(=O)[O-]
6prf,CC(C)CN(C[C@@H](O)[C@H](Cc1cc(F)cc(F)c1)NC(=O)O[C@@H]1[C@@H]2CO[C@@H]3OC[C@H]1C[C@@H]32)S(=O)(=O)c1ccc2nc(NC3CC3)sc2c1
2q8h,O=C([O-])C(Cl)Cl
3ekw,COC(=O)N[C@H](C(=O)N[C@@H](Cc1ccccc1)[C@@H](O)C[N@H+](Cc1ccc(-c2ccccn2)cc1)NC(=O)[C@@H](NC(=O)OC)C(C)(C)C)C(C)(C)C
5wbo,Cc1cc(C)c(C#N)c(N2CCOCC2)n1
3v2p,CCCCCCCCCCCCCCCCCC(=O)[O-]
5n1z,N#Cc1cnn2c3cc(nc12)N1C[C@H](C[C@H]1CO)OC/C=C/COc1cc(cc2c1NC(=O)CC2)N3
3f7g,CC(C)[C@H](NC(=O)[C@H](C)[NH3+])C(=O)N1CCC[C@H]1C(=O)NCC(c1ccccc1)c1ccccc1
2qd6,CC(C)CN(C[C@@H](O)[C@H](Cc1ccccc1)NC(=O)O[C@H]1CO[C@H]2OCC[C@@H]12)S(=O)(=O)c1ccc2c(c1)OCO2
5uv2,CC(C)=CCC/C(C)=C(/F)COP(=O)(O)OP(=O)(O)O
6qr4,C[N@@H+]1CCCC[C@@H]1Cn1ccc2ccc(-c3n[nH]c(N)c3C#N)cc21
1hi4,Nc1ncnc2c1ncn2C1OC(COP(=O)(O)O)C(OP(=O)(O)O)C1O
1sdv,CC(C)(C)NC(=O)[C@@H]1C[N@H+](Cc2cccnc2)CC[N@H+]1C[C@@H](O)C[C@@H](Cc1ccccc1)C(=O)N[C@H]1c2ccccc2C[C@H]1O
3djp,O=c1ccn(C2OC(CO)C(OP(=O)(O)O)C2O)c(=O)[nH]1
3cj2,C[C@H]1C[C@@H](C)CN(C(=O)c2cc(Br)ccc2N)C1
4de0,O=C(Nc1cccc(-c2nn[nH]n2)c1)c1cccc2nc[nH]c12
1ugx,CO[C@H]1O[C@H](CO)[C@H](O)[C@H](O[C@@H]2O[C@H](CO)[C@H](O)[C@H](O)[C@H]2O)[C@H]1NC(C)=O
1fzj,CC(C)C[C@H](NC(=O)CNC(=O)[C@H](CCC(N)=O)NC(=O)[C@H](Cc1ccc(O)cc1)NC(=O)[C@@H](NC(=O)[C@H](Cc1ccc(O)cc1)NC(=O)CNC(=O)[C@@H]([NH3+])CCCNC(N)=[NH2+])C(C)C)C(=O)[O-]
3tvc,NC(=O)[C@H](CCC(=O)[O-])NC(=O)CCc1ccc(-c2ccc(-c3ccccc3)cc2)cc1
4a6b,COC(=O)N[C@H](C(=O)N[N@H+](CCC[C@@]1(Cc2ccccc2)C(=O)N([C@H]2c3ccccc3C[C@H]2O)C[C@H]1O)Cc1ccc(-c2ccccc2)cc1)C(C)(C)C
6epz,OC[C@H]1O[C@H](OC[C@H]2O[C@H](O)[C@H](O)[C@@H](O)[C@@H]2O)[C@H](O)[C@@H](O)[C@H]1O
5m77,OC[C@H]1O[C@H](SC[C@H]2O[C@H](SC[C@H]3C[NH2+]C[C@@H](O)[C@@H]3O)[C@@H](O)[C@@H](O)[C@@H]2O)[C@@H](O)[C@@H](O)[C@@H]1O
4djo,CC[C@H](C)CN(C[C@@H](O)[C@H](Cc1ccccc1)NC(=O)OCCNC(=O)C(Cl)Cl)S(=O)(=O)c1ccc(OC)cc1
3vd9,CC(C)S[C@@H]1O[C@H](CO)[C@H](O)[C@H](O)[C@H]1O
5m5d,OC[C@H]1O[C@H](O[C@@H]2C=CO[C@H](CO)[C@H]2O)[C@@H](O)[C@@H](O)[C@@H]1O
4mhz,COc1ccc(/N=C(/S)NCCCn2ccnc2)cc1OC
4ufj,O=C1NC[C@H](CO)[C@H](O)[C@@H]1O
4dy6,Nc1ncnc2c1ncn2C1OC(COP(=O)(O)OP(=O)(O)OCC2OC(n3cnc4c(N)ncnc43)C(OP(=O)(O)O)C2O)C(O)C1O
4ew3,CS[C@H](CCCC1C(=[NH2+])NC(=[NH2+])NC1=O)c1ccc(C(=O)N[C@@H](CCC(=O)[O-])C(=O)[O-])cc1
2fzg,O=C(CP(=O)(O)O)Nc1cccc(NC(=O)CP(=O)(O)O)c1
4cp7,CCCNC(=O)[C@@H](NC(=O)[C@@](O)(CCC[N@H+](Cc1ccc(-c2ccncc2)cc1)NC(=O)[C@@H](NC(=O)OC)C(C)(C)C)Cc1ccc(CCC)cc1)C(C)C
5fnt,CN(Cc1cc([C@H](CC(=O)[O-])c2ccc3c(c2)nnn3C)ccc1Cl)S(=O)(=O)c1ccccc1
3f8f,COc1cccc2c1C(=O)c1c(O)c3c(c(O)c1C2=O)C[C@@](O)(C(C)=O)C[C@@H]3O[C@H]1C[C@H]([NH3+])[C@H](O)[C@H](C)O1
6dj5,COc1ccc(S(=O)(=O)N(CC(C)C)C[C@@H](O)[C@H](Cc2ccccc2)NC(=O)O[C@H]2CO[C@H]3O[C@@H]4OCC[C@@H]4[C@H]32)cc1
1hmr,CCCCCCCCCCCCCCCCCC(=O)[O-]
1d4i,O=C(N[C@H]1c2ccccc2C[C@H]1O)[C@@H](C[C@@H](O)[C@@H](OCc1ccccc1)C(=O)N[C@H]1c2ccccc2C[C@H]1O)OCc1ccccc1
4m8x,CCOP(=O)(COc1ccc(C[C@H](NC(=O)O[C@H]2CO[C@H]3OCC[C@@H]23)[C@H](O)CN(CC(C)C)S(=O)(=O)c2ccc(OC)cc2)cc1)OCC
1ai7,Oc1ccccc1
3ejr,CC(C)(C)c1ccc(C(=O)C[C@H]2CC[C@@H](O)[C@@H]3[C@H](O)[C@H](O)C[N@@H+]23)cc1
5ji8,NC(=O)c1ccc2nc(N)sc2c1
6r11,Nc1ccc2c(c1)C(=O)N([C@H]1CC(=O)NC1=O)C2=O
1ew9,O=P(O)(O)CS
6o0p,CC1(C)CCC(C[NH+]2CCN(c3ccc(C(=O)NS(=O)(=O)c4ccc(NCC5CCOCC5)c([N+](=O)[O-])c4)c(Oc4cnc5[nH]ccc5c4)c3)CC2)=C(c2ccc(Cl)cc2)C1
8a3h,OC[C@H]1O[C@@H](O[C@H]2[C@H](O)[C@@H](O)c3[nH]cc[n+]3[C@@H]2CO)[C@H](O)[C@@H](O)[C@@H]1O
3iof,CC(C)OP(=O)(OC(C)C)c1ccccc1CS
4f3c,CCCCSC[C@H]1C[N@@H+](Cc2c[nH]c3c(N)ncnc23)C[C@@H]1O
6i14,Cn1cc(NC(=O)c2cn(Cc3ccc(Cl)c(Cl)c3)c(=O)c3ccccc23)cn1
4k7n,Cc1ccc(O)c(O)c1
2fxv,Nc1nc2c(ncn2C2OC(COP(=O)(O)O)C(O)C2O)c(=O)[nH]1
6e4a,Cn1cc(-c2ccc3nc(N4CC[NH+](CC[NH+](C)C)CC4)nc(NCc4cccc(Cl)c4)c3c2)ccc1=O
6dgq,CCSSCCCCCC(=O)NCCOc1ccc(Cc2sc(=O)[nH]c2O)cc1
2xg9,OC[C@H]1O[C@H](O[C@@H]2[C@@H](CO)[NH2+]C[C@H](O)[C@H]2O)[C@H](O)[C@@H](O)[C@@H]1O
4en4,COCc1c(CO)cnc(C)c1O
3ekt,CC(C)CN(C[C@@H](O)[C@H](Cc1ccccc1)NC(=O)O[C@H]1CO[C@H]2OCC[C@@H]12)S(=O)(=O)c1ccc(N)cc1
1jqy,O=C(NCCC[NH+]1CCOCC1)c1cc(O[C@H]2O[C@H](CO)[C@H](O)[C@H](O)[C@H]2O)cc([N+](=O)[O-])c1
2rfh,O=C([O-])[C@H](Cc1ccccc1)C[N+](=O)[O-]
5yhe,C[C@H]([NH2+][C@@H](CC[NH2+][C@H](Cc1cnc[nH]1)C(=O)[O-])C(=O)[O-])C(=O)[O-]
1m0b,CC(C)(C)OC(=O)N[C@H](CC[NH2+][C@@H](Cc1ccccc1)C(=O)N[C@@H](CCC(=O)[O-])C(=O)N[C@@H](Cc1ccccc1)C(N)=O)Cc1ccccc1
3uzj,c1ccc2[nH]nnc2c1
4a4w,COc1cc(CCc2ccccc2)c(C(=O)[O-])c(O)c1C/C=C(/C)CCC=C(C)C
1od8,O=C1NCC[C@@H](O[C@@H]2OC[C@@H](O)[C@H](O)[C@H]2O)[C@@H]1O
1q54,CC(O)(CBr)CCOP(=O)(O)OP(=O)(O)O
1qkb,CC(C)[C@H](NC(=O)[C@@H]([NH3+])CCCC[NH3+])C(=O)N[C@@H](CCCC[NH3+])C(=O)[O-]
2qw1,CO[C@@H]1[C@@H](O)[C@H](O)O[C@H](CO)[C@H]1O
1lf2,Cc1cccc(C)c1OCC(=O)N[C@@H](Cc1ccccc1)[C@@H](O)C[C@H](CC(C)C)NC(=O)c1ccc(N)cc1
4cj4,CC(C)C[C@H](CNC(=O)c1ccncc1)Cc1ccc2c(c1C(=O)[O-])OCO2
2xei,O=C([O-])CC[C@H](NC(=O)N[C@@H](CCCCn1cc(COCCOCCNc2ccc([N+](=O)[O-])cc2[N+](=O)[O-])nn1)C(=O)[O-])C(=O)[O-]
5fh7,C[N+](C)=Cc1ccn2c1[nH]c(=O)c1c(Cl)cccc12
4np2,Cc1[nH]cnc1C[N@H+]1CCc2ccccc2C1
4ngm,CC(=O)N(CCCC[C@H](NC(=O)N[C@@H](CCC(=O)[O-])C(=O)[O-])C(=O)[O-])Cc1ccc(Br)cc1
4av5,OC[C@H]1O[C@H](OCC#Cc2ccc(-c3ccccc3)cc2)[C@@H](O)[C@@H](O)[C@@H]1O
4uma,CC(CP(=O)(O)O)C(=O)O
4lkq,Nc1nc(S)nc2[nH]ncc12
1li3,Oc1cccc(Cl)c1
5z5f,OC[C@@H]1O[C@H](O)[C@H](O)[C@H]1O
2wzf,O=c1ccn(C2OC(COP(=O)(O)OP(=O)(O)O)C(O)C2O)c(=O)[nH]1
2ra6,CCc1ccc(O)cc1
4lrr,O=C(Oc1ccc2c3c(cccc13)C(=O)O2)c1ccc([N+](=O)[O-])cc1
6rih,Cn1nc(-c2ccccc2)cc1C(=O)NC1CC1
5v7a,Cn1c(SCC(=O)[O-])nc2c(=O)[nH]c(=[NH2+])[nH]c21
5ewa,CC1(C)S[C@H]2CS[C@H](CS)[N@H+]2[C@@H]1C(=O)[O-]
1o86,[NH3+]CCCC[C@H]([NH2+][C@@H](CCc1ccccc1)C(=O)[O-])C(=O)N1CCC[C@H]1C(=O)[O-]
3upv,CC(C)[C@H](NC(=O)[C@H](CCC(=O)[O-])NC(=O)[C@H](CCC(=O)[O-])NC(=O)[C@@H](NC(=O)[C@@H](NC(=O)[C@@H]1CCC[NH2+]1)[C@@H](C)O)C(C)C)C(=O)N[C@@H](CC(=O)[O-])C(=O)[O-]
4p3h,O=C(Nc1ccc(-c2nnn[nH]2)cc1Cc1ccccc1)c1cccc(CC2CCCCC2)n1
4h75,C[C@H]([NH3+])C(=O)N[C@@H](CCCNC(N)=[NH2+])C(=O)N[C@H](C(=O)N[C@@H](CCCC[N+](C)(C)C)C(=O)N[C@@H](CCC(N)=O)C(=O)N[C@H](C(=O)N[C@@H](C)C(=O)N[C@@H](CCCNC(N)=[NH2+])C(=O)[O-])[C@@H](C)O)[C@@H](C)O
2vba,CC(=O)c1sc(Nc2ccccc2)nc1C
4c1t,OC[C@@H]1O[C@@H](O[C@H]2[C@H](O[C@@H]3CO[C@@H](O[C@@H]4CO[C@@H](O)[C@H](O)[C@H]4O)[C@H](O)[C@H]3O)OC[C@@H](O)[C@@H]2O)[C@H](O)[C@H]1O
3eqr,COC(C)(C)CCn1nc(Nc2c(C)cccc2C)c2cnc(Nc3ccc(N4CC[NH2+]CC4)cc3)nc21
3bzf,CSCC[C@H](NC(=O)[C@@H]([NH3+])C(C)C)C(=O)N[C@@H](C)C(=O)N1CCC[C@H]1C(=O)N[C@@H](CCCNC(N)=[NH2+])C(=O)N[C@@H](C)C(=O)N[C@@H](CC(C)C)C(=O)N[C@@H](CC(C)C)C(=O)N[C@@H](CC(C)C)C(=O)[O-]
2p3c,CC(C)[C@H](NC(=O)[C@H](C)NC(=O)OCc1ccccc1)C(=O)N[C@@H](Cc1ccccc1)[C@@H](O)[C@H](O)[C@H](Cc1ccccc1)NC(=O)[C@@H](NC(=O)[C@H](C)NC(=O)OCc1ccccc1)C(C)C
6pg4,Cc1ncc(CO)[nH]1
5cc2,O=C([O-])C1=Nc2cc(Cl)ccc2C(=O)C1
5jsj,O=C(c1ccc(C(=O)N2CCC(CC[NH+]3CCCC3)CC2)c(Nc2ccc(OC[NH+]3CCCC3)cc2)c1)N1CCC(CC[NH+]2CCCC2)CC1
3cyz,CC(=O)CCCCC/C=C/C(=O)[O-]
5yj8,Cn1c(=O)n(C)c2cc(C[NH3+])ccc21
2avs,CC(C)(C)NC(=O)[C@@H]1C[N@H+](Cc2cccnc2)CC[N@H+]1C[C@@H](O)C[C@@H](Cc1ccccc1)C(=O)N[C@H]1c2ccccc2C[C@H]1O
5jg1,COc1ccc(S(=O)(=O)N(CC(C)C)C[C@@H](O)[C@H](C[C@]23C[C@H]4C[C@H](C[C@H](C4)C2)C3)NC(=O)O[C@H]2CO[C@H]3OCCC[C@@H]23)cc1
1kuk,[NH3+]CCCC[C@H](NC(=O)[C@@H]1CCC(=O)N1)C(=O)N[C@@H](Cc1c[nH]c2ccccc12)C(=O)[O-]
1z1h,CC(C)CCN(C[C@@H](O)[C@@H]1Cc2ccc(cc2)OCCCC(=O)N[C@@H](C(C)C)C(=O)N1)S(=O)(=O)c1ccccc1
2cer,OC[C@@H]1[C@@H](O)[C@H](O)[C@@H](O)c2nc(CCc3ccccc3)cn21
6stl,[NH3+]CCS(=O)(=O)[O-]
1ohr,Cc1c(O)cccc1C(=O)N[C@@H](CSc1ccccc1)[C@H](O)C[N@@H+]1C[C@H]2CCCC[C@H]2C[C@H]1C(=O)NC(C)(C)C
4dv8,CO[C@H](C[C@H](CCCC[NH2+]Cc1ccc(F)cc1)C(=O)NO)c1ccc(F)cc1
4pcs,C[C@@H]1[NH2+][C@@H](C#Cc2ccccc2)[C@H](O)[C@@H]1O
4ahs,O=C([O-])c1cccc2ccoc12
2ymd,[NH3+]CCc1c[nH]c2ccc(O)cc12
1gpk,C/C=C1\[C@@H]2C=C(C)C[C@@]1([NH3+])c1ccc(=O)[nH]c1C2
1bxo,COC(=O)C1Cc2cccc(c2)CNC(=O)CC(NC(=O)C(NC(=O)CC(C)C)C(C)C)C(=O)NC(CC(C)C)P(=O)(O)O1
1m48,COC(=O)[C@H](Cc1ccc(C#Cc2ccccc2)cc1)NC(=O)C[C@H]1CCCN(C(N)=[NH2+])C1
4kow,CO[C@@]1(NC(=O)Cc2cccs2)C(=O)N2C(C(=O)[O-])=C(COC(N)=O)CS[C@@H]21
3l4z,O=S(=O)([O-])O[C@@H](CO)[C@H](O)C[S@+]1C[C@@H](O)[C@H](O)[C@H]1CO
1olu,Cc1ncc(C[n+]2csc(CCOP(=O)(O)OP(=O)(O)O)c2C)c(N)n1
4exs,C[C@H](CS)C(=O)N1CCC[C@H]1C(=O)[O-]
4ish,COc1cc([C@@H]2Nc3ccc(C(N)=[NH2+])cc3[C@H]3c4ccccc4C[C@@H]23)c(-c2ccc(C(=O)[O-])cc2)cc1O
6q3y,CCOc1cc([C@H]2CC[N@H+](C)CC2)ccc1Nc1ncc2c(n1)N(Cc1ccccc1)[C@H](CC)C(=O)N2C
3uz5,Clc1cc(Cl)c2[nH]nnc2c1
6r1b,C[N+](C)(C)CCOP(=O)(O)OCC(O)CO
6qr3,C[N@@H+]1CCC[C@H](Cn2ccc3ccc(-c4n[nH]c(N)c4C#N)cc32)C1
3eax,O=C(CC(=O)c1cccc(OCC2=CCCC=C2)c1)C(=O)N1CCN(C(=O)C(=O)CC(=O)c2cccc(OCC3C=CC=CC3)c2)CC1
3gv9,CC(=O)Nc1ccsc1C(=O)[O-]
1b7h,CCCC[C@H](NC(=O)[C@@H]([NH3+])CCCC[NH3+])C(=O)N[C@@H](CCCC[NH3+])C(=O)[O-]
6iiu,O=C([O-])CCn1c2c(c3ccccc31)C[C@H](NS(=O)(=O)c1ccc(F)cc1)CC2
6g9i,C[NH+](C)CCCN1c2ccccc2CCc2ccc(Cl)cc21
3k8c,O=C(NO)C(O)C(O)COP(=O)(O)O
4pin,C[NH+](C)[C@@H](Cc1c[nH]cn1)C(=O)[O-]
3t70,C[N@H+](C[C@H]1O[C@@H](n2ccc(=O)[nH]c2=O)C[C@@H]1O)C(c1ccccc1)c1ccccc1
3o4k,CCCCCCCCCCCCCCC(=O)O[C@H](COC(=O)CCCCCC)CO[C@H]1O[C@H](CO)[C@@H](O)[C@H](O[C@@H]2O[C@H](C)[C@H]([NH3+])[C@H](O)[C@H]2NC(C)=O)[C@H]1O
1a94,CCCC[C@H](NC(=O)[C@H](C)NC(=O)[C@H](CCC(=O)[O-])NC(=O)[C@H](Cc1ccccc1)NC(=O)[C@H](CC(C)C)NC(=O)[C@@H](NC(=O)[C@@H]([NH3+])CCCNC(N)=[NH2+])C(C)C)C(N)=O
3fwv,CSCC[C@H](NC(C)=O)C(=O)N[C@@H](CCC(=O)[O-])C(=O)N[C@@H](CCC(=O)[O-])C(=O)N[C@H](C(=O)N[C@@H](Cc1ccccc1)C(=O)[O-])C(C)C
5ahw,Nc1ncnc2c1ncn2C1OC2COP(=O)(O)OC2C1O
1p19,O=c1[nH]cnc2c1ncn2C1OC(COP(=O)(O)O)C(O)C1O
2qd8,CC(C)CN(C[C@@H](O)[C@H](Cc1ccccc1)NC(=O)O[C@H]1CO[C@H]2OCC[C@@H]12)S(=O)(=O)c1ccc2c(c1)OCO2
6jav,C=CCNc1nc(SCc2ccc(Cl)cc2)nc2sc3c(c12)CC[N@H+](C)C3
3ejp,O=C(C[C@H]1CC[C@@H](O)[C@@H]2[C@H](O)[C@H](O)C[N@@H+]12)c1ccccc1
3f1a,O=C(CNS(=O)(=O)c1ccccc1)NO
5n99,NC(=O)CC[C@@H]1NC(=O)[C@@]2(CC(N)=O)ON2C(=O)[C@H](CCC(N)=O)NC(=O)[C@H](Cc2c[nH]c3ccccc23)NC(=O)[C@H]2CCCN2C1=O
5l2s,CC[N@H+]1CC[N@@H+](Cc2ccc(Nc3ncc(F)c(-c4cc(F)c5nc(C)n(C(C)C)c5c4)n3)nc2)CC1
1apv,CNC(=O)C(F)(F)C(O)(O)[C@H](CC(C)C)NC(=O)[C@@H](NC(=O)[C@@H](NC(=O)CC(C)C)C(C)C)C(C)C
1rjk,C=C1[C@H](O)CC(=C/C=C2\CCC[C@@]3(C)[C@H]2CC[C@@H]3[C@@H](C)CCCC(C)(C)O)C[C@H]1O
4mre,Cc1cccc(N)c1N
3o9a,CC[C@H](C)CN(C[C@@H](O)[C@H](Cc1ccccc1)NC(=O)O[C@H]1CO[C@H]2OCC[C@@H]12)S(=O)(=O)c1ccc(OC)cc1
2qtt,Nc1ncnc2c([C@@H]3O[C@H](CO)[C@@H](O)[C@H]3O)n[nH]c12
2qi4,CC[C@H](C)CN(C[C@@H](O)[C@H](Cc1ccccc1)NC(=O)c1cccc(O)c1)S(=O)(=O)c1ccc2ncsc2c1
3bxe,O=C(CO)COP(=O)(O)O
3f7h,C[NH2+][C@@H](C)C(=O)N[C@H](C(=O)N1CC[C@H]2CC[C@H](NC(=O)C(c3ccccc3)c3ccccc3)[C@H]21)C(C)(C)C
3d1z,CC(C)CN(C[C@@H](O)[C@H](Cc1ccccc1)NC(=O)O[C@H]1CO[C@H]2OCC[C@@H]12)S(=O)(=O)c1ccc(N)cc1
5gsa,CS(=O)(=O)c1ccc(-c2cnc(NCc3ccco3)n3cnnc23)cc1
5qal,NC(=O)c1ccc(-c2cccc(C(=O)[O-])c2)cc1
4u54,C[NH2+]Cc1cccc(-c2cccnc2)c1
1sr7,C[C@@H]1C[C@H]2[C@@H]3CCC4=CC(=O)CC[C@]4(C)[C@@]3(Cl)[C@@H](O)C[C@]2(C)[C@@]1(OC(=O)c1ccco1)C(=O)CCl
2vwn,O=C(C[N@@H+]1C[C@H](O)[C@@H](NC(=O)c2ccc(Cl)s2)C1)Nc1ccc(-n2ccccc2=O)cc1F
6eyt,O=c1ccn(C2OC(COP(=O)(O)OP(=O)(O)O)C(O)C2O)c(=O)[nH]1
3qt6,O=C(O)C1CCCN1C(=O)COP(=O)(O)OP(=O)(O)O
5kat,c1ccc([P+](c2ccccc2)(c2ccccc2)c2ccccc2)cc1
1b51,[NH3+]CCCC[C@H]([NH3+])C(=O)N[C@@H](CO)C(=O)N[C@@H](CCCC[NH3+])C(=O)[O-]
1f8b,CC(=O)N[C@@H]1[C@@H](O)C=C(C(=O)[O-])O[C@H]1[C@H](O)[C@H](O)CO
2y7x,O=C1[C@@H](NS(=O)(=O)c2ccc3cc(Cl)ccc3c2)CCN1c1ccc2c(c1F)CC[NH2+]C2
4gql,NC(=O)C(CCC(=O)O)NC(=O)C(CCC(=O)O)NC(=O)C(Cc1cc(-c2ccc(-c3cccc(Cl)c3)cc2)no1)CP(=O)(O)c1ccc(Br)cc1
5g4o,C[NH+](C)Cc1ccc2c(c1)c1ccccc1n2CC(F)(F)F
4xtz,Nc1ncnc2c1ncn2[C@@H]1O[C@H](COS(=O)(=O)NC(=O)CCCC[C@@H]2SC[C@@H]3NC(=O)N[C@H]23)[C@@H](O)[C@@H]1F
5ulp,Nc1ncnc2c1ncn2[C@@H]1O[C@H](C[N@H+](CC[C@H]([NH3+])C(=O)[O-])Cc2ccc(F)cc2)[C@@H](O)[C@H]1O
3pcf,O=C([O-])c1ccc(O)c(F)c1
5ei3,[NH2+]=c1[nH]c(=O)c2c([nH]1)n([C@@H]1O[C@H](CNS(=O)(=O)C(F)(F)F)[C@@H](O)[C@H]1O)c[n+]2Cc1ccccc1
5hjq,O=P(O)(O)OC1C(O)C(O)C(OP(=O)(O)O)C(OP(=O)(O)O)C1O
2ydt,OC[C@@H]1O[C@@H](OC[C@@H]2[NH2+]C[C@H](O)[C@H]2O)[C@H](O)[C@H]1O
4zo5,COc1ccc(-n2c(CCN3C(=O)c4cccc(OC(C)C)c4C3=O)nc3ccccc3c2=O)cc1
1x8t,CC(OC1CC(C(=O)O)=CC(OP(=O)(O)O)C1O)(C(=O)O)P(=O)(O)O
3qqa,C[C@@H](CCC(=O)NCCS(=O)(=O)[O-])[C@H]1CC[C@H]2[C@H]3[C@H](C[C@H](O)[C@@]21C)[C@@]1(C)CC[C@H](O)C[C@@H]1C[C@H]3O
1y6r,CSC[C@H]1[NH2+][C@@H](c2c[nH]c3c(N)ncnc23)[C@H](O)[C@@H]1O
3uw4,C[NH2+][C@@H](C)C(=O)N[C@H](C(=O)N1CCC[C@H]1C(=O)Nc1snnc1-c1ccccc1)C1CCCCC1
2hzy,O=C(O)CCP(=O)(O)CC(=O)CC(=O)O
3hl8,CC(C)(C)C1=NN(c2nc3ccc(Cl)cc3s2)C(=O)C1
3n76,O=C([O-])[C@]1(O)C=C(/C=C/COc2ccccc2)[C@@H](O)[C@H](O)C1
1jaq,CC(C)C[C@H](C(=O)NO)C(=O)N[C@@H](C)C(=O)NCC(N)=O
4mmm,Oc1ccc(-c2ccccc2)cc1O
6qr2,N#Cc1c(-c2ccc3ccn(Cc4ccc[nH]c4=O)c3c2)n[nH]c1N
5lz5,C[C@@]1(c2ccccc2)CC(=O)N(CCOc2ccc(F)c(C#N)c2)C1
5gja,O=C([O-])c1ccccn1
4rlu,O=C(/C=C/c1ccc(O)cc1)c1ccc(O)cc1O
3k4d,O=C([O-])[C@H]1NC(=O)[C@H](O)[C@@H](O)[C@@H]1O
6gw4,C[C@H](CCC(=O)NCC(=O)[O-])[C@H]1CC[C@H]2[C@H]3[C@H](CC[C@@]21C)[C@@]1(C)CC[C@@H](O)C[C@H]1C[C@H]3O
6qmj,COc1cc([C@@H](CC(=O)[O-])c2ccc(C)c(CN(C)S(=O)(=O)c3ccccc3)c2)cc2nnn(C)c12
4w9f,Cc1ncsc1-c1ccc(CNC(=O)[C@@H]2C[C@@H](O)CN2C(=O)CC(C)(C)C)cc1
4lyw,CCc1c(C(=O)Nc2cc(S(=O)(=O)N(CC)CC)ccc2O)[nH]c(C)c1C(C)=O
5wa9,COC(=O)C(C)NP(=O)(O)OCC1OC(n2cnc3c(N)ncnc32)C(O)C1O
6n7d,COc1cc2n[nH]cc2cc1-c1[nH]ncc1NC(=O)c1cnn2cccnc12
4kfq,O=c1[nH]c2ccccc2n2c(S)nnc12
6cks,CCS(=O)(=O)c1ccc(OC)c(-c2cn(C)c(=O)c3ccc(-c4cnn(C)c4)cc23)c1
2x97,CC(=O)NC(CC(=O)O)C(=O)NC(Cc1ccccc1)P(=O)(O)CC(C)C(=O)NC(C)C(N)=O
1cps,CS(=N)(=N)C[C@@H](Cc1ccccc1)C(=O)[O-]
4pp0,NC(=[NH2+])NCCC[C@@H](C(=O)[O-])[NH+]1[C@@H](O)CC[C@@H]1C(=O)[O-]
6aox,CC(=O)N[C@H]1[C@@H](O)O[C@H](CO)[C@H](O)[C@@H]1O[C@@H]1O[C@H](CO)[C@H](O)[C@H](O)[C@H]1O
4lxd,O=C(NS(=O)(=O)c1ccc(NC2CCOCC2)c([N+](=O)[O-])c1)c1ccc(N2CC[NH+](CC3=C(c4ccc(Cl)cc4)CCOC3)CC2)cc1
3ppr,C[C@@H]1[NH2+]CC[C@@H](C(=O)[O-])[NH2+]1
4b76,[NH3+]Cc1ccc(F)c(Oc2ccccc2)c1F
3e6y,COC[C@@H]1O[C@H](O[C@@H]2C3=C(C(C)C)CC[C@]3(C)/C=C3\[C@@H](CC[C@]3(O)COC)[C@@H](C)[C@H]2O)[C@H](O)[C@H]2O[C@H]3O[C@@]12O[C@]3(C)CCOC=O
3d78,CCCCNS(=O)(=O)c1ccccc1
4kz7,CC1(C)[C@]2(C)CC[C@@]1(C(=O)[O-])OC2=O
5oa6,OC[C@H]1O[C@@H](O[C@@H]2[C@@H](O)[C@H](O[C@H]3[C@H](O)[C@@H](CO)O[C@@H](n4cc(CCCN5C=CCc6ccccc65)nn4)[C@@H]3O)O[C@H](CO)[C@H]2O)[C@H](O)[C@@H](O)[C@@H]1O
5o9q,OC[C@H]1O[C@@H](O[C@@H]2[C@@H](O)[C@H](O[C@H]3[C@H](O)[C@@H](CO)O[C@@H](n4cc(COCc5ccccc5)nn4)[C@@H]3O)O[C@H](CO)[C@H]2O)[C@H](O)[C@@H](O)[C@@H]1O
6st0,NC(=O)C[NH2+]CCS(=O)(=O)[O-]
3cke,C/C(=C\CC/C(C)=C/COP(=O)(O)OP(=O)(O)O)CCC=C(CF)CF
4pox,NC(=[NH2+])N/C=C/C[C@H]([NH2+][C@H](CCC(=O)[O-])C(=O)[O-])C(=O)[O-]
5oh7,O=C1CNC(=O)N1
6gj8,Cn1cnc(Cn2ccc3ccc(C[NH2+]Cc4[nH]c5ccccc5c4[C@H]4NC(=O)c5ccc(O)cc54)cc32)c1
1ela,CC(C)c1ccc(NC(=O)[C@@H]2CCCN2C(=O)[C@H](CCCC[NH3+])NC(=O)C(F)(F)F)cc1
6pgb,O=C(Cc1ccccc1)NCCCCc1nc(CO)c[nH]1
5f1r,O=C([O-])[C@@H]1CSc2c(C3CC3)c(Cc3cccc4ccccc34)cc(=O)n21
1fcz,CC1(C)CCC(C)(C)c2cc(C(=O)/C=C/c3ccc(C(=O)[O-])cc3)ccc21
1gnn,CC(=O)N[C@@H](CC1CCCCC1)[C@@H](O)C[C@H](C(=O)N[C@@H](CCC(N)=O)C(=O)N[C@@H](CCCNC(N)=[NH2+])C(N)=O)C(C)C
5a6x,CO[C@@H]1O[C@@H](C)[C@@H](O)[C@@H](O)[C@@H]1O
6qgh,CC1(C)CCC(c2ccc(Cl)cc2)=C(C[NH+]2CCN(c3ccc(C(=O)NS(=O)(=O)c4ccc(N[C@H](CC[NH+]5CCOCC5)CSc5ccccc5)c(S(=O)(=O)C(F)(F)F)c4)cc3)CC2)C1
1gyx,O=C([O-])c1ccccc1
3rzi,[NH3+][C@@H](Cc1c[nH]c2ccccc12)C(=O)[O-]
5szc,C[NH2+]CCCC[C@H](NC(=O)[C@@H](NC(=O)[C@H](CCCNC(N)=[NH2+])NC(=O)[C@H](C)[NH3+])[C@@H](C)O)C(=O)N[C@@H](CCC(N)=O)C(=O)N[C@H](C(=O)N[C@@H](C)C(=O)N[C@@H](CCCNC(N)=[NH2+])C(=O)N[C@@H](CCCC[NH3+])C(=O)N[C@@H](CO)C(=O)N[C@H](C(=O)NCC(=O)NCC(=O)N[C@@H](CCCCNC(C)=O)C(=O)N[C@@H](C)C(=O)[O-])[C@@H](C)O)[C@@H](C)O
4b9h,CC(=O)N[C@H]1[C@@H](O)O[C@H](CO)[C@@H](O[C@@H]2O[C@H](CO)[C@@H](O[C@@H]3O[C@H](CO)[C@@H](O[C@@H]4O[C@H](CO)[C@@H](O)[C@H](O)[C@H]4NC(C)=O)[C@H](O)[C@H]3NC(C)=O)[C@H](O)[C@H]2NC(C)=O)[C@@H]1O
5hey,CC(C)[C@H](NC(=O)[C@H](CO)NC(=O)[C@@H](NC(=O)[C@H](CCC(N)=O)NC(=O)[C@H](CCCC[NH3+])NC(=O)[C@H](Cc1ccc(O)cc1)NC(=O)[C@H](CC(N)=O)NC(=O)[C@@H]([NH3+])CCCC[NH3+])[C@@H](C)O)C(=O)[O-]
4nld,COc1ccc2c(c1)[C@@H]1C[C@]1(C(=O)N1[C@H]3CC[C@@H]1C[N@@H+](C)C3)Cn1c-2c(C2CCCCC2)c2ccc(C(=O)NS(=O)(=O)N(C)C)cc21
4zyv,Nc1nc2[nH]c(CCCCc3ccc(C(=O)N[C@@H](CCC(=O)[O-])C(=O)[O-])s3)cc2c(=O)[nH]1
2lct,CC(NC(=O)C(Cc1ccc(OP(=O)(O)O)cc1)NC(=O)C1CCCN1C(=O)C(CO)NC(=O)C(CCC(=O)O)NC(=O)C(Cc1ccc(OP(=O)(O)O)cc1)NC(=O)C(NC(=O)C(CCC(=O)O)NC(=O)C(NC(=O)C([NH3+])CC(=O)O)C(C)O)C(C)C)C(=O)NC(CC(=O)O)C(=O)N1CCCC1C(=O)NC(CCC(=O)O)C(=O)O
6ax4,CC(=O)N1CCCC1C(=O)NC(CC(C)C)C(=O)NC1Cc2cn(c[n+]2CCCCCCCCc2ccccc2)CCCCCNC(=O)C(C(C)OP(=O)(O)O)NC(=O)C(CO)NC1=O
6mia,O=c1c2c3c(sc2ncn1Cc1nn[nH]n1)CCCC3
5fdd,O=Cc1cc(Cc2ccccc2Cl)cc([N+](=O)[O-])c1O
4o1l,C#Cc1cn([C@@H]2O[C@H](CO)[C@@H](O)[C@H]2O)c2ncnc(N)c12
2w68,CC(=O)N[C@@H]1[C@@H](O)C[C@](O[C@H]2[C@@H](O)[C@@H](CO)O[C@@H](O[C@@H]3[C@@H](CO)O[C@@H](O)[C@H](O)[C@H]3O)[C@@H]2O)(C(=O)[O-])O[C@H]1[C@H](O)[C@H](O)CO
2pjb,CC(C)C(NS(=O)(=O)CC(Cc1ccccc1)NC(=O)OCc1ccccc1)P(=O)(O)CC(C(=O)O)c1cccc(C[NH3+])c1
5if6,CC(=O)[C@@]1(O)CC[C@H]2[C@@H]3CCC4=CC(=O)CC[C@]4(C)[C@H]3CC[C@@]21C
3pp1,CN1C(=O)C(F)C(Nc2ccc(I)cc2F)=C2C(=O)N(C[C@@H](O)CO)CN=C21
4gdy,Cc1ncc(COP(=O)(O)O)c(CNc2cc3cc(Oc4ccccc4)ccc3n3c(=O)[nH]nc23)c1O
1g9s,O=c1[nH]cnc2c1ncn2C1OC(COP(=O)(O)O)C(O)C1O
6cco,O=C([O-])c1cccc([C@H]2CCC[C@@H]2c2nc3cccc(O)c3[nH]2)c1
3mke,CC(C)(O/N=C(\C(=O)NCB(O)O)c1csc(N)n1)C(=O)[O-]
1q6m,O=P(O)(O)C(F)(F)c1ccc(CC(Cc2ccc(C(F)(F)P(=O)(O)O)cc2)(c2ccc(F)c(F)c2)n2nnc3ccccc32)cc1
5b5b,C=C1[C@H](O)CC(=C/C=C2\CCC[C@@]3(C)[C@H]2CC[C@@H]3[C@H](C)CCCC(O)(Cc2ccccc2)Cc2ccccc2)C[C@H]1O
2mip,CC[C@H](C)[C@H](NC(=O)[C@H](CCC(=O)[O-])NC(=O)[C@H](CC(C)C)[NH2+]C[C@H](Cc1ccccc1)NC(=O)[C@@H](NC(=O)[C@@H]([NH3+])Cc1ccccc1)C(C)C)C(N)=O
3hj0,Cc1cc(/C=C/c2cccc(C=O)c2)cc(C)c1O
3r5n,C=CCc1ccc(O)c(-c2cc(CC=C)ccc2O)c1
6o7g,CNC(=O)[C@H](Cc1c[nH]cn1)NC(=O)[C@H](CCCNC(N)=[NH2+])NC(=O)[C@H](CCCCNC(C)=O)NC(=O)[C@H](C)NC(=O)CNC(=O)CNC(C)=O
6dtx,N#Cc1cc2c(Oc3ccc(F)cc3OCCn3ccc(=O)[nH]c3=O)cc(F)cn2c1
4mti,CC[C@H]([NH2+]C)C(=O)N[C@H](C(=O)N1C[C@H]2CCC[N@@H+]2C[C@H]1C(=O)N[C@@H]1CCOc2ccccc21)C1CCCCC1
3ua8,CNC(=O)c1cn(-c2cc3c(=O)n(NS(C)(=O)=O)c(=O)[nH]c3cc2C(F)(F)F)cn1
6q35,[NH3+]Cc1ccc2sc(B([OH2+])[OH2+])cc2c1
1aqc,C[C@@H](O)[C@H](NC(=O)[C@@H]1CCCN1C(=O)[C@H](CC(N)=O)NC(=O)[C@H](CCC(=O)[O-])NC(=O)[C@H](Cc1ccc(O)cc1)NC(=O)C[NH3+])C(=O)N[C@@H](Cc1ccc(O)cc1)C(=O)N[C@@H](CCCC[NH3+])C(=O)N[C@@H](Cc1ccccc1)C(=O)N[C@@H](Cc1ccccc1)C(=O)[O-]
5afn,O=C1C[C@@H](CCc2ccccc2)CN1
5ndd,CCCc1cc(F)ccc1[C@H](O)c1ncc[nH]1
1kak,O=P(O)(O)C(F)(F)c1ccc2ccc(C(F)(F)P(=O)(O)O)cc2c1
3u0p,CCCCCCCC/C=C/CCCCCCCC(=O)OCC(O)COP(=O)(O)OCC[N+](C)(C)C
5wei,CCNC(=O)c1nc([C@@H]2CCCN2C(C)=O)[nH]c(=O)c1O
4b8p,CC(C)C[C@H](NC(=O)[C@@H](NC(=O)[C@@H]([NH3+])[C@@H](C)O)C(C)C)C(=O)NCC(=O)N[C@@H](CCCC[NH3+])C(=O)N[C@@H](CCCNC(N)=[NH2+])C(=O)N[C@@H](CCCC[NH3+])C(=O)[O-]
4yik,O=c1[nH]c(=O)n(C2CC3OC(c4ccccc4)(P(=O)(O)O)OCC3O2)cc1/C=C/P(=O)(O)O
4gne,C[C@H]([NH3+])C(=O)N[C@@H](CCCNC(N)=[NH2+])C(=O)N[C@H](C(=O)N[C@@H](CCCC[NH3+])C(=O)N[C@@H](CCC(N)=O)C(=O)N[C@H](C(=O)[O-])[C@@H](C)O)[C@@H](C)O
5etl,N#Cc1ccccc1CSc1nc2c(=O)[nH]c(N)nc2[nH]1
3vd7,OC[C@@H]1[C@H](O)[C@H](O)[C@@H](O)c2nnnn21
4bcb,N#[N+2]=N[C@H]1C[C@@H](C(=O)N2CCC[C@H]2C=N)N(C(=O)CCCc2ccccc2)C1
5gwz,Cc1cc(C(=O)N[C@@H](C)C(=O)N[C@H](C(=O)N[C@@H](CC(C)C)C(=O)N[C@H](/C=C/C(=O)OCc2ccccc2)C[C@@H]2C=CNC2=O)C(C)C)no1
5ai0,Nc1nonc1-c1ccccc1
5fpi,CC[C@H](C)[C@H](NC(=O)[C@H](CO)NC(=O)[C@H](CCCC[NH3+])NC(=O)[C@H](Cc1ccc(O)cc1)NC(=O)[C@@H]([NH3+])CCC(N)=O)C(=O)N[C@@H](CC(C)C)C(=O)[O-]
6gvh,CC(C)n1nc(-c2ccc3oc(N)nc3c2)c2c(Cl)nc(N)nc21
5khg,NC1=CCN(C2OC3COP(=O)(O)OC3C2O)C(=O)N1
6pit,CC(C)C[C@H](NC(=O)[C@@H]1C[C@]23C=C[C@H](O2)[C@H]2C(=O)N(C[C@@H](O)[NH2+]CCCC[C@H](NC(=O)[C@H](C)[NH3+])C(=O)N[C@@H](CC(C)C)C(=O)N[C@@H](Cc4c[nH]cn4)C(=O)N[C@@H](C)C(=O)N1)C(=O)[C@H]23)C(=O)N[C@@H](CCC(N)=O)C(=O)[O-]
6p8x,CCC(=O)N1CC(NC(=O)COc2ccc(Br)cc2C(=O)N2CC=C(c3ccccc3)C2)C1
5fp0,O=S(=O)(NC1CCCC1)c1cccc2[nH]c(-c3ccc(C(F)(F)F)cc3)nc12
3q2h,Cc1noc(C)c1CCC1CCN(S(=O)(=O)C[C@](C)(C[C@H](C)c2ncc(F)cn2)N(O)C=O)CC1
5e4w,C[C@@H](O)[C@H](NC(=O)[C@H](CCCNC(N)=[NH2+])NC(=O)[C@H](CCCC[NH3+])NC(=O)[C@H](CCCNC(N)=[NH2+])NC(=O)[C@H](CCCC[NH3+])NC(=O)[C@H](CO)NC(=O)[C@H](CCCNC(N)=[NH2+])NC(=O)[C@@H]([NH3+])CCCC[NH3+])C(=O)[O-]
6hrx,CC(C)Sc1nc2ncnc(N)c2[nH]1
6ev0,CN(C)c1c(Cc2cccc3ccccc23)cc(=O)n2c1SC[C@H]2C(=O)[O-]
3loo,Nc1ncnc2c1ncn2C1OC(COP(=O)(O)OP(=O)(O)OP(=O)(O)OP(=O)(O)OCC2OC(n3cnc4c(N)ncnc43)C(O)C2O)C(O)C1O
4xy2,CN1CC(c2cn(C)nc2COc2ccc(-c3cccc4c3ncn4C)cc2)=CCC1=O
5zdd,Nc1ncnc2c1ncn2C1OC(COP(=O)(O)OP(=O)(O)OCC2OC(O)C(O)C2O)C(O)C1O
3l0k,CC(=O)C1CC(=O)NC(=O)N1C1OC(COP(=O)(O)O)C(O)C1O
2fyv,O=C([O-])[C@@H](O)[C@@H](O)[C@H](O)[C@@H](O)C[N@@H+]1C[C@@H](O)[C@H](O)[C@H]1CO
6ap6,Cc1c(Cl)cccc1Nc1ccccc1C(=O)[O-]
5o83,CCC(=O)N1CC[C@H](Nc2ncnc3c2CN(c2cnc(OC)c(C(F)(F)F)c2)CC3)C1
2won,CCc1nn(CCO)c(CC)c1Oc1cc(C#N)cc(C#N)c1
3kze,C[C@H]([NH3+])C(=O)N[C@@H](CCCNC(N)=[NH2+])C(=O)N[C@@H](CCCC[NH3+])C(=O)N[C@@H](CCC(=O)[O-])C(=O)N[C@@H](Cc1ccc(O)cc1)C(=O)N[C@@H](Cc1ccc(O)cc1)C(=O)N[C@@H](C)C(=O)[O-]
3n46,O=C([O-])[C@H]1Cc2ccccc2N1C(=O)OCc1ccccc1
4cpx,COC(=O)N[C@H](C(=O)N[N@H+](CCC[C@@]1(O)Cc2ccc(cc2)C/C=C\CNC(=O)[C@H](C(C)C)NC1=O)Cc1ccc([C@H]2C=CCS2)cc1)C(C)(C)C
3gol,CC(=O)N1c2cccc(O)c2NC2=C(C(=O)CC(C)(C)C2)[C@@H]1c1ccc(Cl)cc1Cl
5mt4,O=C(NCc1ccccc1)Nc1ccccc1C(=O)[O-]
4b4g,CCCCS(=O)(=O)N(C)[C@@H]1C(=N)N(Cc2ccccc2)C(=O)NC1=O
4asy,CN(C(=O)c1ccccc1)[C@@H]1C(=N)N(Cc2ccccc2)C(=O)NC1=O
6fzp,CC(C)C[C@H](NC(=O)[C@@H]([NH3+])CO)C(=O)N[C@@H](CC(C)C)C(=O)N[C@@H](CCCC[NH3+])C(=O)N[C@@H](CCCC[NH3+])C(=O)N[C@@H](CC(C)C)C(=O)N[C@@H](CC(C)C)C(=O)N[C@@H](CC(C)C)C(=O)N[C@@H](C)C(=O)[O-]
1fhr,CCC(C)C(NC(=O)C(CC(=O)O)NC(=O)C([NH3+])CCC(=O)O)C(=O)NC(Cc1ccc(OP(=O)(O)O)cc1)C(=O)NC(Cc1ccc(O)cc1)C(=O)NC(CC(C)C)C(=O)NC(CC(=O)O)C(=O)O
1ox9,C[C@H]([NH3+])C(=O)N[C@@H](C)C(=O)N[C@@H](CC(N)=O)C(=O)N[C@@H](CC(=O)[O-])C(=O)N[C@@H](CCC(=O)[O-])C(=O)N[C@@H](CC(N)=O)C(=O)N[C@@H](Cc1ccc(O)cc1)C(=O)N[C@@H](C)C(=O)[O-]
5tig,CCCC(=O)C(=O)[O-]
3dab,CCC[C@H](NC(=O)[C@H](Cc1c[nH]c2ccccc12)NC(=O)[C@H](CC(C)C)NC(=O)[C@H](CC(=O)[O-])NC(=O)[C@H](CO)NC(=O)[C@H](Cc1ccccc1)NC(=O)[C@@H](NC(=O)[C@@H]([NH3+])CCC(=O)[O-])[C@@H](C)O)C(=O)N[C@@H](CC(C)C)C(=O)N[C@@H](CC(C)C)C(=O)N1CCC[C@H]1C(=O)N[C@@H](CCC(=O)[O-])C(=O)O
6jn4,C[C@H](CS)C(=O)N[C@H](B([OH2+])[OH2+])c1ccc(F)cc1
3u1y,C[C@@](CCc1ccc(-c2ccc(OCCC[NH+]3CCOCC3)cc2)cc1)(C(=O)NO)S(C)(=O)=O
4k76,CC(C)C[C@H](NC(=O)[C@H](CCCNC(N)=[NH2+])NC(=O)[C@@H](NC(=O)[C@@H](NC(=O)[C@@H]1CCCN1C(=O)[C@H](Cc1c[nH]c2ccccc12)NC(=O)[C@H](CCCNC(N)=[NH2+])NC(=O)[C@@H]([NH3+])CO)[C@@H](C)O)[C@@H](C)O)C(=O)[O-]
5l3f,CC[C@H](C)CCCCC(=O)N[C@H](CC[NH3+])C(=O)N[C@@H](C(=O)N[C@H](CC[NH3+])C(=O)N[C@@H]1CCNC(=O)[C@@H]([C@H](C)O)NC(=O)[C@H](CC[NH3+])NC(=O)[C@H](CC[NH3+])NC(=O)[C@H](CC(C)C)NC(=O)[C@H](Cc2ccccc2)NC(=O)[C@H](CC[NH3+])NC1=O)[C@H](C)O
3r0i,CN(O)C(=O)CCC(c1ccc(F)c(F)c1)P(=O)(O)O
2y4m,Nc1nc2c(ncn2C2OC(COP(=O)(O)OP(=O)(O)OC3OC(CO)C(O)C(O)C3O)C(O)C2O)c(=O)[nH]1
4p72,CNC(=O)COc1cccc(Nc2cc(Cl)ccn2)c1
4dkt,CC(=N)NCCC[C@H](NC(=O)[C@@H]([NH3+])CC(=O)[O-])C(N)=O
6eji,CC(=O)NC1C(OP(=O)(O)OP(=O)(O)OCC2OC(n3ccc(=O)[nH]c3=O)C(O)C2O)OC(CO)C(O)C1O
6fh7,CN1CC(C(=O)NCCCNC(=O)c2ccc(F)cc2)=CCC1=O
1q63,Nc1cc(CSc2ncc[nH]2)c2nc(N)[nH]c(=O)c2c1
4xii,COCCN(C[C@@H]1CCC[N@H+](C2CC3CCCCC3C2)C1)C(=O)C1CC([N+](=O)[O-])c2cccnc2C1O
5ets,[NH2+]=c1[nH]c(=O)c2[nH]c(SCc3ccc(Cl)cc3)nc2[nH]1
5o22,CO[C@H](CC(=O)[O-])[C@@H](C)C(=O)[C@H](C)/C=C(\C)[C@H]1OC(=O)[C@H](O)[C@H](O)/C=C/[C@H](C)CCC[C@@H]1C
2jle,Cc1[nH]nc2ccc(F)c(Oc3cc(C#N)cc(C#N)c3)c12
5knv,O=c1[nH]cnc2c1ncn2CCN(CCCCP(=O)(O)O)CCP(=O)(O)O
2o7n,N#CC1=C(c2cc(Cl)cc(Cl)c2)C(=O)N2CCC[C@]12Cc1ccc(C#N)cc1
3ogq,Cc1cccc(C)c1OCC(=O)N[C@@H](Cc1ccccc1)[C@@H](O)C[C@H](Cc1ccccc1)NC(=O)[C@H](C(C)C)N1CCCNC1=O
1jt1,C[C@@H](CS)C(=O)N1CCC[C@@H]1C(=O)[O-]
2pj4,N=C(N)Nc1cccc(C(OP(=O)(O)C(NC(=O)OCc2ccccc2)C2CCCCC2)C(=O)O)c1
3koo,O=C(NCc1ccc(Cl)cc1Cl)N1CCC(Oc2ncccn2)CC1
4qir,[NH3+]C(CCc1cccnc1)P(=O)(O)CC(Cc1ccccc1)C(=O)O
3ztc,Cc1cc(CC(=O)N2C[C@H](O)C[C@H]2C(=O)NCc2ccc(-c3ccccc3)cc2)on1
4m5o,O=C1N=C(c2ccccc2)C=CC1O
5cr7,O=C(Nc1ncnc2[nH]cnc12)c1cccc(-c2cccc(-n3cccc3)c2)c1
3b1t,CC(=N)NCCC[C@H](NC(=O)c1ccccc1C(=O)[O-])C(N)=O
1pum,OC[C@H]1O[C@@H](O)[C@H](O)[C@@H](O)[C@H]1O
4zz1,[NH2+]=c1[nH]c(=O)c2cc(CCCc3csc(C(=O)N[C@@H](CCC(=O)[O-])C(=O)[O-])c3)[nH]c2[nH]1
1xgj,O=C([O-])c1ccc(NS(=O)(=O)c2ccsc2C(=O)[O-])c(O)c1
5wlg,CC(C)C[C@H](NC(=O)[C@H](Cc1ccc(O)cc1)NC(=O)[C@H](CCCC[NH3+])NC(=O)[C@H](C)NC(=O)[C@H](CC(N)=O)NC(=O)[C@H](CC(C)C)NC(=O)[C@H](CC(C)C)NC(=O)[C@H](CCC(N)=O)NC(=O)[C@@H]([NH3+])CO)C(=O)[O-]
3bg8,NC(=[NH2+])NCCCCNC=O
5yqn,Cc1cc(C)nc(SCC(=O)Nc2cccc(COc3cccc(NC(=O)c4cnn(C)c4)c3)c2)n1
5e0g,CC(C)C[C@@H]1NC(=O)[C@@H](NC(=O)[O-])Cc2cn(nn2)CCNC(=O)CC[C@@H](CO)NC1=O
4gby,CCCCCCCCCO[C@@H]1O[C@H](CO)[C@@H](O)[C@H](O)[C@H]1O
1qf5,O=C(O)C(CCCN1C(=O)NC2(OC(COP(=O)(O)O)C(O)C2O)C1=O)[NH+](O)CO
3f38,Cc1cccc(C)c1O
3w5t,CCC(=O)O[C@@H]1CC[C@]2(C)[C@H]3CC[C@@]4(C)[C@@H](CC[C@@H]4[C@H](C)CCC(=O)[O-])[C@@H]3CC[C@@H]2C1
4dhn,O=C(COc1ccccc1P(=O)(O)O)NC1CCCC1
4jlh,CO[C@H](C(=O)[O-])c1c(C)nc2ccc(Br)cc2c1-c1ccc(Cl)cc1
6h5w,O=C(N[C@H]1CCS[C@H]2CCC[C@@H](C(=O)[O-])N2C1=O)[C@@H](S)Cc1ccccc1
3eqb,[NH3+]CCNc1nnc(-c2ccc(F)c(F)c2Nc2ccc(I)cc2F)o1
3uij,CC[C@H](C)[C@H](NC(=O)[C@@H]1CCCN1C(=O)[C@@H](NC(=O)[C@H](C)[NH3+])C(C)C)C(=O)[O-]
6g15,N=C1Nc2c(ncn2C2OC(COP(=O)(O)OP(=O)(O)OP(=O)(O)O)C(OP(=O)(O)OP(=O)(O)O)C2O)C(O)N1
4yux,[NH2+]=C1CSc2ccccc2N1
4n9b,Cn1nccc1C(=O)Nc1cccnc1
1eas,CNS(=O)(=O)Nc1ccc(-c2ccccc2)n(CC(=O)N[C@@H](C(C)C)[C@H](O)C(F)(F)F)c1=O
6ce8,O=C([O-])Cc1nc2ccccc2s1
5zt1,Nc1ncnc2c1ncn2C1OC(COP(=O)(O)OP(=O)(O)OP(O)(O)=S)C(O)C1O
6i75,Cc1ccc(S[C@@H]2O[C@H](CO)[C@H](O)[C@H](n3cc(-c4c(F)c(F)c(O)c(F)c4F)nn3)[C@H]2O)cc1
4tyl,Cc1cc2c(cc1N)n(C)c(=O)n2C
5wej,CC(C)C[C@@H](C(=O)N[C@H](CO)C[C@@H]1CCNC1=O)n1ccoc1=O
5brz,CC[C@H](C)[C@H](NC(=O)[C@@H]1CCCN1C(=O)[C@H](CC(=O)[O-])NC(=O)[C@@H](NC(=O)[C@@H]([NH3+])CCC(=O)[O-])C(C)C)C(=O)NCC(=O)N[C@@H](Cc1c[nH]cn1)C(=O)N[C@@H](CC(C)C)C(=O)N[C@@H](Cc1ccc(O)cc1)C(=O)[O-]
1z6f,C[C@@H](NC(=O)[C@H](CCCCNC(=O)OCc1ccccc1)NC(=O)CC[C@H](NC(=O)OC(C)(C)C)C(=O)[O-])B(O)O
4qok,CC[C@H](C)[C@H](NC(=O)CNC(=O)[C@H](C)NC(=O)[C@H](C)NC(=O)[C@@H]([NH3+])CCC(=O)[O-])C(=O)NCC(=O)N[C@H](C(=O)N[C@@H](CC(C)C)C(=O)N[C@H](C(=O)N[C@H](C(=O)[O-])C(C)C)[C@@H](C)O)[C@@H](C)CC
1bio,Nc1ccccc1CO
2asu,C[C@H](NC(=O)CNC(=O)[C@@H]([NH3+])CS)C(=O)N[C@@H](CCCNC(N)=[NH2+])C(=O)O
6b1h,N#C[C@@H]1CC[C@@H]([NH2+]OS(=O)(=O)[O-])CN1C=O
2jqk,CC[C@H](C)[C@H](NC(=O)[C@H](CCC(=O)[O-])NC(=O)[C@H](CCC(=O)[O-])NC(=O)[C@@H]([NH3+])CC(=O)[O-])C(=O)N[C@@H](CCC(=O)[O-])C(=O)N[C@@H](CCCNC(N)=[NH2+])C(=O)N[C@@H](CCC(N)=O)C(=O)N[C@@H](CC(C)C)C(=O)N[C@@H](CCCC[NH3+])C(=O)N[C@@H](C)C(=O)N[C@@H](CC(C)C)C(=O)NCC(=O)N[C@H](C(=O)N[C@@H](CC(=O)[O-])C(=O)[O-])C(C)C
5uwf,COc1ccc(Cn2c(=O)n3ncnc3c3c4c(sc32)CN(C(=O)[C@@H]2CC2(F)F)CC4)cc1
6hzv,N#Cc1ccc2ncc(-c3ncc4c(n3)n(C3CCOCC3)c(=O)n4CCO)n2c1
5-Apr,CC(C)C[C@@H]1NC(=O)C[C@H](O)[C@H](CC(C)C)NC(=O)[C@@H](NC(=O)[C@H](Cc2ccccc2)NC(=O)[C@@H]2CCC[NH2+]2)CSSCCNC(=O)CNC1=O
3u6w,CC(C)C(=O)C(=O)[O-]
1ikv,O=C1Nc2ccc(Cl)cc2[C@@](C#CC2CC2)(C(F)(F)F)O1
2wtj,C[NH+](C)CCNC(=O)c1cc([C]2SCC3OCCOC23)cnc1N
5wfd,CC[C@H](C)n1cc(C)c2c(C(=O)NCc3c(C)cc(C)[nH]c3=O)cc(-c3ccc(N4CC[NH2+]CC4)nc3)cc21
4h3a,CCCCCCCCOc1ccc(C(=O)CC(O)C(=O)[O-])cc1
3bjm,N=C[C@@H]1C[C@@H]2C[C@@H]2N1C(=O)[C@@H]([NH3+])[C@@]12C[C@@H]3C[C@@H](C[C@@](O)(C3)C1)C2
5dhf,CC[C@H](C)[C@H](NC(=O)[C@H](CCC(=O)[O-])NC(=O)[C@H](CCC(=O)[O-])NC(=O)[C@H](CC(C)C)NC(=O)[C@H](C)NC(=O)[C@H](CCC(N)=O)NC(=O)[C@H](CC(N)=O)NC(=O)[C@H](Cc1ccccc1)NC(=O)[C@H](CCC(=O)[O-])NC(=O)[C@@H](NC(=O)[C@H](CC[Se]C)NC(=O)[C@H](CCC(=O)[O-])NC(=O)[C@@H]([NH3+])Cc1ccccc1)[C@@H](C)O)C(=O)[O-]
5i24,[NH3+][C@@H]1C[C@H](O)[C@@H](O)[C@H](O)[C@H]1CO
5t2b,Cn1nc(-c2cnc(N)c(-c3cn[nH]c3)n2)nc1C1(c2ccccc2)CC1
3tam,CC1=CCN(Cc2[nH]nc3ncccc23)C(=O)C1Oc1cc(Cl)cc(C#N)c1
5t1a,CC(=O)C1=C(O)C(=O)N(c2ccc(Cl)cc2F)[C@@H]1C1CCCCC1
3zcz,C[C@@H](NC(=O)CCCC[C@@H]([NH3+])C(=O)[O-])[C@H](O)C(F)(F)F
5kgx,Cn1c([C@H](OC(C)(C)C)C(=O)[O-])c(-c2ccc3c(c2)CCCO3)c2ccccc21
5c0k,CC(C)[C@H](NC(=O)[C@H](C)[NH3+])C(N)=O
5xv7,CCc1cc2c(cc1N1CCC([NH+]3CCOCC3)CC1)C(C)(C)c1[nH]c3cc(C#N)ccc3c1C2=O
5wbq,CCc1cc2nc(C(F)(F)F)c(C#N)c(N3CC[C@](C)(O)C3)c2[nH]1
4jje,CC(=O)N[C@@H](Cc1cccnc1)C(=O)N[C@@H](CC(=O)[O-])C(=O)N[C@H](CC(=O)N[C@@H](CCC(C)C)C(=O)N[C@@H](CC(=O)[O-])C(C)=O)CC(C)C
2krd,CC[C@H](C)[C@H](NC(=O)[C@@H]([NH3+])CCCNC(N)=[NH2+])C(=O)N[C@@H](CO)C(=O)N[C@@H](C)C(=O)N[C@@H](CC(=O)[O-])C(=O)N[C@@H](C)C(=O)N[C@@H](CCSC)C(=O)N[C@@H](CCSC)C(=O)N[C@@H](CCC(N)=O)C(=O)N[C@@H](C)C(=O)N[C@@H](CC(C)C)C(=O)N[C@@H](CC(C)C)C(=O)NCC(=O)N[C@@H](C)C(=O)N[C@@H](CCCNC(N)=[NH2+])C(=O)N[C@@H](C)C(=O)N[C@@H](CCCC[NH3+])C(=O)[O-]
5kxc,CC(=O)N[C@H]1[C@H](Oc2ccc([N+](=O)[O-])cc2)O[C@H](CO)[C@@H](O[C@@H]2O[C@H](CO)[C@H](O)[C@H](O)[C@H]2NC(C)=O)[C@@H]1O
4ps8,COc1cc(-c2ccc3nc(NC(C)=O)sc3c2)cnc1OC
6c1s,COc1cc(-c2ccc3c(n2)CN(c2cnn(CC#N)c2)C3=O)cnc1OC
2n8t,CSCCC(NC(=O)C1CCCN1C(=O)C(COP(=O)(O)O)NC(=O)C(CC(C)C)NC(=O)C1CCCN1C(=O)C(C)[NH3+])C(=O)NC(COP(=O)(O)O)C(=O)N1CCCC1C(=O)N1CCCC1C(=O)NCC(=O)NC(Cc1ccc(O)cc1)C(=O)NC(CCCC[NH3+])C(=O)NC(CC(C)C)C(=O)NC(C(=O)O)C(C)C
6ez9,CC(C)C[C@H](OC(=O)N[C@@H](CCC(=O)[O-])C(=O)[O-])C(=O)[O-]
3t0t,CC(/N=N/C(=O)c1cc(Br)ccc1O)c1nc2ccccc2[nH]1
5ixq,CC[C@H](C)[C@H](NC(=O)[C@@H]1CCC[NH2+]1)C(=O)N1CCC[C@H]1C(=O)N1CCC[C@H]1C(=O)N[C@@H](CO)C(=O)N[C@@H](C)C(=O)N1C[C@H](O)C[C@H]1C(=O)N[C@@H](CO)C(=O)N[C@@H](CCCC[NH3+])C(=O)N[C@@H](CCCNC(N)=[NH2+])C(=O)N[C@@H](Cc1c[nH]cn1)C(=O)N[C@@H](CC(N)=O)C(=O)[O-]
2zx9,C[C@@H]1[NH2+][C@H](CNC(=O)[C@H](c2ccccc2)C2CCCC2)[C@@H](O)[C@H](O)[C@@H]1O
4ear,[NH2+]=c1[nH]c(=O)c2[nH]cc(C[N@H+]3C[C@H](O)[C@@H](CO)C3)c2[nH]1
2jst,FC(F)(F)[C@H](Cl)Br
4gvc,CC(NC(=O)C(Cc1ccc(OP(=O)(O)O)cc1)NC(=O)C(Cc1ccccc1)NC(=O)C(CCC(=O)O)NC(=O)C(CCC(=O)O)NC(=O)C(CCC(N)=O)NC(=O)C(CCCC[NH3+])NC(=O)C([NH3+])C(C)O)C(=O)O
6n4t,CC(C)[C@H](NC(=O)[C@H](Cc1cscn1)NC(=O)CCc1ccccc1)C(=O)N[C@@H](CCCNC(N)=[NH2+])[C@H](O)c1nc2ccccc2s1
6gip,Cc1c(-c2ccnc3ccccc23)ccc2c1C(=O)NC(C)N2
3pkd,CO[C@@H](C(=O)NC1Cc2ccccc2C1)[C@H](O)[C@@H](O)[C@H](O)/C=C/C(C)(C)C
4lkf,NC(=O)[C@H](Cc1ccc(O)cc1)NC(=O)[C@H](CCCC[NH3+])NC(=O)[C@H](Cc1c[nH]c2ccccc12)NC(=O)c1ccc(O[C@@H]2O[C@H](CO)[C@H](O)[C@H](O)[C@H]2O)cc1
5ofw,NC(=O)c1ccc(F)c(Cl)c1
3gpe,O=P(O)(O)OC1C(O)C(O)C(OP(=O)(O)O)C(OP(=O)(O)O)C1O
6ps3,COc1ccccc1OCC[NH2+]C[C@H](O)COc1cccc2[nH]c3ccccc3c12
3sgt,Cc1ccc(Oc2ccc(NC(=O)c3ccccc3C(=O)[O-])cc2)cc1C
6c3e,O=[N+]([O-])c1ccc2[nH]c(Cc3ccccc3)nc2c1
2cni,COC(=O)c1c(O)cccc1OCCCCCNC(=O)[C@H](Cc1ccc([C@@H]2CC(=O)NS2(=O)=O)c(Cl)c1)NS(=O)(=O)c1ccccc1
6s4u,CC(C)N1C(=O)C(NCCCCc2cccc(S(N)(=O)=O)n2)=C(c2ccccc2)S1(=O)=O
6esj,CC[N+](C)(CC)CCCN1c2cc(N)ccc2-c2ccc(N)cc2C1c1ccccc1
4d1d,O=C1NC(=O)[C@@H](Cc2ccc3ccccc3c2)N1
4hlc,Cc1cccc(Oc2cc(S(=O)(=O)N3CCC[C@H](n4cc(C)c(=O)[nH]c4=O)C3)ccc2C(=O)[O-])c1
6gev,CC(C)C[C@H]1COc2cc(F)ccc2N1C(=O)c1ccc2c(c1)NC(=O)CO2
2i72,O=CN(C=O)Cc1ccc2sc(B(O)O)cc2c1
5wfw,COc1cc2c(cc1OC)CC(NC(=O)c1nc([C@@H]3CCCN3C(=O)CSc3ccccc3Cl)[nH]c(=O)c1O)C2
3u3u,CCCCC/C=C\C/C=C\C=C\C=C\C[C@@H](O)CCCC(=O)[O-]
4qvm,CC(C)C[C@H](NC(=O)[C@H](Cc1ccccc1)NC(=O)c1cnccn1)B(O)O
5w5s,CC(=O)N[C@@H](CCCc1ccccc1)C(=O)N[C@H]1CCCNC(=O)CCNC(=O)[C@H](CO)NC(=O)[C@H](CC(C)C)NC(=O)[C@H](Cc2c[nH]c3ccccc23)NC(=O)[C@H](CCC(=O)[O-])NC(=O)[C@H](Cc2ccc(Cl)c(Cl)c2)NC(=O)[C@H](Cc2ccc(O)cc2)NC(=O)[C@H](CCC(=O)[O-])NC(=O)[C@H](CC(C)C)NC1=O
2ow2,COc1ccc(S(=O)(=O)[C@H](CC(=O)[O-])C(F)F)cc1
6b7e,CC1(C)OC(=O)c2ccccc2[C@H]1n1cncc1C(F)F
1joc,O=P(O)(O)OC1C(O)C(O)C(O)C(OP(=O)(O)O)C1O
5cnj,[NH3+][C@@]1(C(=O)[O-])C[C@@H](Sc2nnc[nH]2)[C@H]2[C@H](C(=O)[O-])[C@H]21
4pre,CC(C)[C@H](NC(=O)[C@@H]1CCCN1C(=O)[C@@H]([NH3+])Cc1c[nH]cn1)C(=O)NCC(=O)N[C@@H](CCC(N)=O)C(=O)N[C@@H](C)C(=O)N[C@@H](CC(=O)[O-])C(=O)N[C@@H](Cc1ccc(O)cc1)C(=O)N[C@@H](Cc1ccccc1)C(=O)N[C@@H](CCC(=O)[O-])C(=O)N[C@@H](Cc1ccc(O)cc1)C(=O)[O-]
1kdw,O=C([O-])c1ccc(B(O)O)cc1
4xnw,CNc1nc(I)nc2c1ncn2C1CC(OP(=O)(O)O)C2(COP(=O)(O)O)CC12
1yye,N#Cc1cc(-c2ccc(O)c(F)c2)cc2ccc(O)cc12
2zir,Cn1cncc1[C@@](O)(c1ccc(Cl)cc1)c1cc2cc(C(=O)N[NH+]3CCOCC3)cc(-c3ccccc3)c2o1
5mt0,O=C([O-])c1[nH]c2ccc(F)cc2c1NC(=O)[C@H]1C[C@@H]1c1ccccc1
2az9,CC(C)[C@H](NC(=O)[C@H](C)NC(=O)OCc1ccccc1)C(=O)N[C@H](CO)Cc1ccccc1
1efi,Nc1ccc(O[C@H]2O[C@H](CO)[C@H](O)[C@H](O)[C@H]2O)cc1
5x4q,O=C1Cc2cc(Nc3nc(NCc4cccnc4)ncc3Cl)ccc2N1
3jzg,C[C@H]([NH3+])C(=O)N[C@@H](CCCNC(N)=[NH2+])C(=O)N[C@@H](CCCC[N+](C)(C)C)C(=O)N[C@@H](CO)C(=O)[O-]
5gid,C=C1/C(=C/C=C2/CCC[C@@]3(C)[C@H]2CC[C@@H]3[C@H](C)C[C@H]2C[C@@](C)(O)C(=O)N2CCCCc2ccccc2)C[C@@H](O)C[C@@H]1O
3poa,CCC(C)C(NC(=O)C(CCCC[NH3+])NC(=O)C(CCC(=O)O)NC(=O)C(NC(=O)C1CCCN1C(=O)C(C)NC(=O)C([NH3+])C(C)O)C(C)OP(=O)(O)O)C(=O)O
1tmm,Nc1ncnc2c1ncn2C1OC(COP(=O)(O)CP(=O)(O)OP(=O)(O)O)C(O)C1O
4efg,C/C=C(C)/C=C/C=C(C)/C=C/C1=C(C)CCCC1(C)C
4cc2,CC(C)C[C@H](NC(=O)[C@H](C)NC(=O)[C@@H]1CCCN1C(=O)[C@@H]1CCCN1C(=O)[C@@H]1CCC[NH2+]1)C(=O)N1CCC[C@H]1C(=O)N[C@@H](CO)C(=O)N[C@@H](CO)C(=O)N[C@@H](C)C(=O)N1CCC[C@H]1C(=O)N[C@@H](CO)C(=O)NCC(=O)[O-]
5j4n,NC(=[NH2+])NCCCC[NH3+]
5n8b,CC(C)C[C@H](NC(=O)[C@H](Cc1ccc(O)cc1)NC(=O)[C@H](CC(=O)[O-])NC(=O)[C@@H]1CCCN1C(=O)[C@H](Cc1ccccc1)NC(=O)[C@H](C)[NH3+])C(=O)N[C@@H](C)C(=O)N[C@@H](CCC(=O)[O-])C(=O)N[C@@H](Cc1ccc(O)cc1)C(=O)N[C@@H](Cc1c[nH]cn1)C(=O)NCC(=O)NCC(N)=O
6hvs,CC(C)C[C@H](NC(=O)[C@H](Cc1ccccc1)N=[N+2]#N)C(=O)NCC(=O)N[C@H](CCS(C)(=O)=O)Cc1ccc(C[NH3+])cc1
3ggc,O=c1[nH]cnc2c1ncn2CCOCCP(=O)(O)O
6n93,CC(C)(COP(=O)(O)OP(=O)(O)OCC1OC(n2cnc3c(N)ncnc32)C(O)C1OP(=O)(O)O)C(O)C(=O)NCCC(=O)NCCO
3v4v,Cc1cc(C(F)(F)F)c(-c2ccc(C[C@H](NC(=O)c3c(Cl)cccc3Cl)C(=O)[O-])cc2)c(O)[n+]1C
3o9g,CCC(CC)CN(C[C@@H](O)[C@H](Cc1ccccc1)NC(=O)O[C@H]1CO[C@H]2OCC[C@@H]12)S(=O)(=O)c1ccc(CO)cc1
1ybg,CN(C(=O)c1cc(OS(=O)(=O)c2ccc3ccccc3c2)ccc1NS(=O)(=O)c1ccc2ccccc2c1)[C@@H](CC(=O)[O-])C(=O)[O-]
3ff6,O=C(c1c2ccccc2cc2ccccc12)N1CCC([N@@H+]2CCC[C@@H](C(=O)N3CCOCC3)C2)CC1
2vf6,O=P(O)(O)C(O)(Cc1cnc2ccccn12)P(=O)(O)O
4c1m,O=C(NO)c1c[nH]c(NCc2cc(C(F)(F)F)cc(C(F)(F)F)c2)[nH+]c1=O
4r3b,CC(C)([C@@H]([NH2+]CC(CO)CO)C(=O)[O-])[SH](=O)=O
5qah,COC(=O)C1=CC=C[C@H](c2cccc(C(=O)[O-])c2)C1
1pk0,Nc1ncnc2c1ncn2CCOCP(=O)(O)OP(=O)(O)OP(=O)(O)O
5nzo,Cn1nc(-c2ccccc2)cc1N
4w55,CCCc1ccccc1
4idv,COCCOc1cnc(N)nc1-c1c[nH]c2ccc(C#CC(C)(C)O)cc12
5a85,Cc1cc2ccnc(N[C@@H]3CC[NH2+]C[C@H]3OCC3CCCCC3)c2[nH]c1=O
3d1v,O=c1[nH]c(=S)[nH]c2ccccc12
2xp3,COc1ccccc1-c1ccc(C(=O)[O-])o1
1sre,O=C([O-])c1ccccc1/N=N/c1ccc(O)cc1
1w83,O=C(Nc1ccc(Cl)c(COc2cccnc2)c1)c1cc(F)cc(N2CCOCC2)c1
6e4v,CC(=O)N[C@H]1CCC[N+]2=C(/C=C(\C)CCO)O[Fe+7]345(OC(=[N+](CCC[C@@H]6NC(=O)[C@H](CCC[N+](=C(/C=C(\C)CCO)O3)O4)NC6=O)O5)/C=C/CCOC1=O)O2
1p06,C[C@H]([NH3+])C(=O)N[C@@H](C)C(=O)N1CCC[C@H]1C(=O)N[C@H](BO)Cc1ccccc1
3iet,CC(=O)N[C@H]1[C@@H](O[C@H](C)[C@H](NC(=O)C[NH3+])C(=O)N[C@@H](CCCC[NH3+])C(=O)N2CCC[C@H]2C(=O)N2CCC[C@H]2C(=O)N[C@@H](CC(C)C)C(=O)N[C@@H](CCC(=O)[O-])C(=O)N[C@@H](CCC(=O)[O-])C(=O)N[C@@H](CC(C)C)C(=O)[O-])O[C@H](CO)[C@H](O)[C@@H]1O
3pcb,O=C([O-])c1cccc(O)c1
3lmp,COc1cc(O)c2c(c1C(=O)NCc1cccc3ccccc13)OC1=CC(O)=C(C(C)=O)C(=O)[C@]12C
2ow7,O[C@@H]1C[S@@+]2CCCC[C@H]2[C@@H]1O
4pnw,O=C(Cn1c2c(c3cc(Br)ccc31)CC[C@@H](C(=O)[O-])C2)N[C@@H](Cc1ccccc1)C(=O)[O-]
1epp,CC[C@H](C)CNC(=O)C[C@H](O)[C@H](CC(C)C)NC(=O)[C@H](CCCCNC(=S)NC)NC(=O)[C@H](Cc1ccccc1)NS(=O)(=O)N(C)C
1pwp,Cc1cc(N)c2cc(NC(=O)Nc3ccc4nc(C)cc(N)c4c3)ccc2n1
5.00E+88,OC[C@H]1O[C@@H](S[C@@H]2O[C@H](CO)[C@H](O)[C@H](n3cc(-c4ccsc4)nn3)[C@H]2O)[C@H](O)[C@@H](n2cc(-c3ccsc3)nn2)[C@H]1O
3gs7,COc1ccccc1/C=N\OCCC(=O)[O-]
4mx5,[NH2+]=c1[nH]c(=O)c2ncc(C(=O)NCCNC(=O)[O-])nc2[nH]1
4pyv,CC(C)(C)OC(=O)N[C@@H]1C[NH2+]C[C@H](C(=O)N(Cc2cccc(Cl)c2Cl)C2CC2)C1
6gu4,CCn1cnc2c(Nc3cccc(Cl)c3)nc(N[C@@H]3CCCC[C@@H]3[NH3+])nc21
5m29,CC1=C2[C@@H](CCC(N)=O)C(C)(C)C3=N2[Co+2]24N5C(=C3)[C@@H](CCC(N)=O)[C@](C)(CC(N)=O)C5=C(C)C3=N2[C@@](C)([C@H]2[C@H](CC(N)=O)[C@@](C)(CCC(=O)NC[C@@H](C)O)C1=N24)[C@@](C)(CC(N)=O)[C@@H]3CCC(N)=O
6jjn,CC(=O)N[C@H]1[C@H](O[C@H]2[C@@H](O)[C@@H](CO)O[C@@H](O)[C@@H]2O)O[C@H](CO)[C@@H](O[C@@H]2O[C@H](CO)[C@H](O)[C@H](O[C@]3(C(=O)[O-])C[C@H](O)[C@@H](NC(C)=O)[C@H]([C@H](O)[C@H](O)CO)O3)[C@H]2O)[C@@H]1O[C@@H]1O[C@@H](C)[C@@H](O)[C@@H](O)[C@@H]1O
1n1g,Clc1nc(Br)nc2[nH]cnc12
5tg4,CC(C)(C)OC(=O)Nc1cccc(B(O)O)c1
5jnl,CN(O)C(=O)CC(CCCc1ccc(C(F)(F)F)cc1)CP(=O)(O)O
5bwb,O/N=C\c1nccn1CCCCCCCn1ccnc1/C=N/O
1nu8,CC[C@H](C)[C@H]([NH3+])C(=O)N1CCC[C@H]1[C@@H](O)[NH2+][C@H](C(=O)[O-])[C@@H](C)CC
3r93,CCC[C@H](NC(=O)CNC(=O)CNC(=O)[C@@H](NC(=O)[C@H](CO)NC(=O)[C@H](CCCC[N+](C)(C)C)NC(=O)[C@H](CCC)NC(=O)[C@H](C)NC(=O)[C@@H](NC(=O)[C@H](CCC(N)=O)NC(=O)[C@H](C)[NH3+])[C@@H](C)O)[C@@H](C)O)C(=O)N[C@@H](C)C(=O)[O-]
5dgj,CC[C@H](NC(=O)OC(C)(C)C)C(=O)N[C@@H](CC1CCCCC1)C(=O)N[C@H](CO)CCC(=O)NC
5qao,CS(=O)(=O)NCc1ccc(-c2cccc(C(=O)[O-])c2)cc1
5dpa,CCOC(=O)CC[C@H](C[C@@H]1CCNC1=O)NC(=O)[C@H](Cc1ccccc1)NC(C)=O
2fhy,O=S(=O)(Nc1nc2cc(Cl)ccc2o1)c1cc(Cl)ccc1Cl
6oag,Cc1ccc(-c2cc3c(NC(Cc4ccccc4)P(=O)(O)O)ncnc3s2)cc1Cl
5yqw,CC(=O)N[C@H]1[C@H](O[C@@H]2[C@@H](CO)O[C@@H](O)[C@H](NC(C)=O)[C@H]2O)O[C@H](CO)[C@@H](O)[C@@H]1O
1lhw,COc1cc2c(cc1O)CC[C@@H]1[C@@H]2CC[C@]2(C)[C@@H](O)CC[C@@H]12
2oc1,CCC[C@H](NC(=O)[C@H](CC(C)C)NC(=O)[C@@H](C/C=C/CC(C)C)C(C)C)[C@@H](O)C(=O)NCC(=O)N[C@H](C(=O)[O-])c1ccccc1
4zlo,C[NH+]1CCN(C2=Nc3cc(F)ccc3Nc3ccc(F)cc32)CC1
4is6,CC(C)C[C@H](NC(=O)[C@H](CCCNC(N)=[NH2+])NC(=O)[C@H](CCC(N)=O)NC(=O)[C@H](C)NC(=O)[C@H](CCC(=O)[O-])NC(=O)[C@@H](NC(=O)[C@H](Cc1c[nH]c2ccccc12)NC(=O)[C@H](CCC(=O)[O-])NC(=O)[C@@H]1CCCN1C(=O)[C@H](Cc1ccc(O)cc1)NC(=O)[C@H](CC(C)C)NC(=O)[C@H](CCC(N)=O)NC(=O)[C@@H]([NH3+])CCCNC(N)=[NH2+])[C@@H](C)O)C(=O)[O-]
4gsc,COC(=O)[C@H](Cc1cnc[nH]1)NC(=O)C[N@@H+](CCc1ccccc1)CC(=O)[O-]
5le1,O=C([O-])c1cccc2c1C(=O)N(Cc1c(F)cccc1Cl)C2
5khi,O=P1(O)OCC2OC(n3cnc4cncnc43)C(O)C2O1
1p04,CC[C@@H](C)[C@H](NC(=O)[C@@H]1CCCN1C(=O)[C@H](C)NC(=O)[C@H](C)[NH3+])B(O)O
4kil,Oc1cc2ccc(-c3ccc(F)cc3)cc2nc1O
2pl9,CC(C)C[C@H](NC(=O)[C@H](CO)NC(=O)[C@H](CC(=O)[O-])NC(=O)[C@H](CC(C)C)NC(=O)[C@H](CC(C)C)NC(=O)[C@H](CC(=O)[O-])NC(=O)[C@H](CC(=O)[O-])NC(=O)[C@@H](NC(=O)[C@H](CCC(N)=O)NC(=O)[C@H](CC(=O)[O-])NC(=O)[C@H](CCC(N)=O)NC(=O)[C@H](CO)NC(=O)[C@H](C)NC(=O)[C@@H](NC(=O)[C@@H](NC(=O)CNC(=O)[C@H](C)[NH3+])C(C)C)C(C)C)C(C)C)C(=O)NCC(=O)N[C@@H](Cc1ccccc1)C(=O)[O-]
4n7h,CC(C)[C@H](NC(=O)[C@H](CCC(=O)[O-])NC(=O)[C@H](C)NC(=O)[C@H](Cc1ccc(O)cc1)NC(=O)[C@H](CO)NC(=O)[C@@H]1CCCN1C(=O)[C@@H]1CCCN1C(=O)[C@H](C)NC(=O)[C@@H]([NH3+])CCC(=O)[O-])C(=O)[O-]
6rj6,Cc1cc2c(cc(C(=O)N[C@H](CO)c3ccc(S(=O)(=O)CC(=O)[O-])cc3)n2C)c(Cl)c1Cl
5kqd,CCCCCCCCCCCC(=O)SCCNC(=O)CCNC(=O)C(O)C(C)(C)COP(=O)(O)OP(=O)(O)OCC1OC(n2cnc3c(N)ncnc32)C(O)C1OP(=O)(O)O
2mji,O=C(c1ccccc1)c1ccc2n1CC[C@H]2C(=O)[O-]
4c6x,C=C/C(C)=C/[C@@]1(C)SC(=O)C(C)=C1O
223l,c1ccccc1
3axm,O=C(O)C(O)C(O)C(O)C(O)COP(=O)(O)O
5eak,Cn1cc(-c2cnc3c(-c4csc(C(=O)N[C@H]5CCCC[C@H]5[NH3+])c4)cnn3c2)cn1
5o55,C=C1Nc2cc(C(=O)N[C@@H](C)c3cnn(C)c3C)ccc2N(CC)C1=O
3g0c,Cn1c(=O)c2c(nc(N3CC[NH2+]CC3)n2Cc2ccccc2Cl)n(C)c1=O
5nn4,CC(=O)N[C@@H](CS)C(=O)[O-]
5fao,O=CN1C[C@H]([NH2+]OS(=O)(=O)[O-])CC[C@H]1C(=O)NO[C@H]1CC[NH2+]C1
3nf8,O=C([O-])c1c(CN2C(=O)Cc3cc(Cl)ccc32)ccc2c1OCCO2
3wp0,CC(C)CC(NC(=O)C(CO)NC(=O)C(CCCC[NH3+])NC(=O)C(CCCC[NH3+])NC(=O)C(CC(C)C)NC(=O)C(COP(=O)(O)O)NC(=O)C(CCCC[NH3+])NC(=O)C(NC(=O)C(CCCNC(=N)N)NC(=O)C(CO)NC(=O)C(C)[NH3+])C(C)C)C(=O)NC(CCCNC(=N)N)C(=O)NC(CCC(N)=O)C(=O)NC(CO)C(=O)NC(Cc1ccccc1)C(=O)O
4pio,C[NH+](C)[C@@H](Cc1c[nH]cn1)C(=O)[O-]
1tsl,O=C1OC(c2ccc(O)c(Cl)c2)(c2ccc(O)c(Cl)c2)c2cccc3cccc1c23
4d1c,O=C1N=C(Cc2cccc(Br)c2)C(=O)N1
2yit,CCC/C(=N\NC(N)=[NH2+])c1ccc(NC(=O)c2cc3cc(OC)ccc3[nH]2)cc1
3upf,O=C(Nc1cccc(C(=O)Nc2ccc(S(=O)(=O)[O-])c3cc(S(=O)(=O)[O-])cc(S(=O)(=O)[O-])c23)c1)Nc1cccc([C@]2(O)Nc3ccc(S(=O)(=O)[O-])c4cc(S(=O)(=O)[O-])cc(c34)S(=O)(=O)O2)c1
3vp3,CCCc1nnc(N)s1
3ggv,COC(=O)N[C@H](C(=O)N[C@H](Cc1ccc(-c2ccccn2)cc1)C[C@H](O)[C@H](Cc1ccccc1)NC(=O)[C@@H](n1ccn(Cc2cccc(C(C)(C)O)n2)c1=O)C(C)(C)C)C(C)(C)C
3tgs,CC1(C)CC(NC(=O)C(=O)Nc2ccc(Cl)cc2)CC(C)(C)[NH2+]1
6max,O=C1c2ccccc2C(=O)c2c(O)c(O)cc(O)c21
6c5q,Cc1c(C)n(Cc2cccc(OC(C)(C)C(=O)[O-])c2)c2ccc(C(=O)N[C@@H](C)c3ccc(C(C)(C)C)cc3)cc12
5orb,COc1ccc(SCC(=O)Nc2c3c(nn2C)CCC3)cc1
4uct,Cc1cn2nc(N)nc2nc1OC(C)C
4b5b,Cc1cccc(S(=O)(=O)N(C)[C@@H]2C(=N)N(Cc3ccccc3)C(=O)NC2=O)c1
5t23,C[C@@H](c1nc(-c2cnc(N)c(-n3nnc4ccccc43)n2)nn1C)[NH+]1CCOCC1
4um9,CC(C)C[C@H](NC(=O)[C@H](CC(=O)[O-])NC(=O)CNC(=O)[C@H](CCCNC(N)=[NH2+])NC(=O)CNC(=O)[C@H](Cc1c[nH]cn1)NC=O)C(=O)NCC(=O)N[C@@H](CCCNC(N)=[NH2+])C(=O)N[C@@H](CC(C)C)C(=O)N[C@@H](CCCC[NH3+])C(=O)N[C@@H](CCCC[NH3+])C(N)=O
4qwu,CC(C)C[C@H](NC(=O)[C@H](Cc1ccccc1)NC(=O)c1cnccn1)B(O)O
2z4z,CCCCC/C=C/CC(C/C=C/CCCCC)(P(=O)(O)O)P(=O)(O)O
2pzi,NC(=O)c1c(NC(=O)C2CC2)sc2c1CCCC2
5ksv,CSCC[C@H]([NH3+])C(=O)N[C@@H](C)C(=O)N[C@H](C(=O)N1CCC[C@H]1C(=O)N[C@@H](CC(C)C)C(=O)N[C@@H](CC(C)C)C(=O)N[C@@H](CCSC)C(=O)N[C@@H](CCC(N)=O)C(=O)N[C@@H](C)C(=O)N[C@@H](CC(C)C)C(=O)N1CCC[C@H]1C(=O)N[C@@H](CCSC)C(=O)[O-])[C@@H](C)O
1zhl,CC(C)C[C@H]([NH3+])C(=O)N1CCC[C@H]1C(=O)N[C@@H](CCC(=O)[O-])C(=O)N1CCC[C@H]1C(=O)N[C@@H](CC(C)C)C(=O)N1CCC[C@H]1C(=O)N[C@@H](CCC(N)=O)C(=O)NCC(=O)N[C@@H](CCC(N)=O)C(=O)N[C@@H](CC(C)C)C(=O)N[C@H](C(=O)N[C@@H](C)C(=O)N[C@@H](Cc1ccc(O)cc1)C(=O)[O-])[C@@H](C)O
3iu9,Nc1n[nH]c(SCc2ccc(Cl)cc2Cl)n1
5tzo,CCC(=O)N(c1ccccc1)[C@H]1CC[N@H+](CCc2ccccc2)CC1
6gu7,Cc1ncc(-c2ccnc(Nc3ccc(S(C)(=O)=O)cc3)n2)n1C(C)C
3hdm,O=C([O-])c1ccc(-c2c[nH]c3ncc(-c4ccccc4)cc23)cc1
2q6c,CC(C)n1c(CC[C@@H](O)C[C@@H](O)CC(=O)[O-])c(-c2ccc(F)cc2)c2c3ccccc3n(-c3ccccc3)c(=O)c21
4pd5,N=c1ccn([C@@H]2O[C@H](CO)[C@@H](O)C2(F)F)c(=O)[nH]1
1pwy,Nc1nc2c(ncn2COCCO)c(=O)[nH]1
6k5t,CCC(C)C(NC(=O)C(CS)NC(=O)CNC(=O)C(C)NC(=O)C(NC(=O)C([NH3+])CC(=O)O)C(C)O)C(=O)NC(C(=O)NC(C(=O)NC(COP(=O)(O)O)C(=O)NC(CC(=O)O)C(=O)NC(COP(=O)(O)O)C(=O)NC(CCC(=O)O)C(=O)O)C(C)CC)C(C)C
4umt,COc1cc(OCC#Cc2ccc3ccncc3c2)ccc1C[NH+]1CC[NH2+]CC1
1bji,CCCN(CCc1ccccc1)C(=O)[C@@H]1OC(C(=O)[O-])=C[C@H]([NH3+])[C@H]1NC(C)=O
5kv8,COCc1cn([C@H]2C=C(C(=O)[O-])O[C@@H]([C@H](O)[C@H](O)CO)[C@@H]2NC(=O)C(C)C)nn1
4cu1,Cc1cc(N)nc(/C=C/c2cncc([C@@H](C[NH3+])Cc3cc(C)cc(N)n3)c2)c1
3twv,C[C@@H](O)[C@H](NC(=O)[C@H](CCCNC(N)=[NH2+])NC(=O)[C@@H]([NH3+])CCC(N)=O)C(=O)N[C@@H](CCC(N)=O)C(=O)N1CCC[C@H]1C(=O)N[C@@H](CC(=O)[O-])C(=O)NCC(=O)N[C@@H](CCC(N)=O)C(=O)N[C@@H](CO)C(=O)N[C@@H](Cc1ccccc1)C(=O)N[C@@H](CCCNC(N)=[NH2+])C(=O)N[C@@H](CO)C(N)=O
5elf,CC(=O)N[C@H]1[C@@H](O[C@H]2[C@@H](O)[C@@H](CO)O[C@@H](O[C@@H]3[C@@H](CO)O[C@H](O)[C@H](O)[C@H]3O[C@@H]3O[C@@H](C)[C@@H](O)[C@@H](O)[C@@H]3O)[C@@H]2O[C@@H]2O[C@@H](C)[C@@H](O)[C@@H](O)[C@@H]2O)O[C@H](CO)[C@H](O)[C@@H]1O
5zwh,C=C1[C@H](O)CC(=C/C=C2\CCC[C@@]3(C)[C@H]2CC[C@@H]3[C@H](C)C(=O)C#C/C=C/C)C[C@H]1O
5trk,O=C([O-])CNC(=O)c1ccc(OCc2ccc(Cl)cc2)c(NC(=O)c2ccccc2)c1
5iz8,CC(=O)N[C@@H](C)C(=O)NCC(=O)N[C@@H](CCC(=O)[O-])C(=O)N[C@@H](C)C(=O)N[C@@H](CC(C)C)C(=O)N[C@@H](C)C(=O)N[C@@H](CC(=O)[O-])C(N)=O
3wqh,Cc1cc2ncc(C(=O)NCC(C)(C)[NH2+]CC(=O)N3CCC[C@H]3C#N)cn2n1
2l1b,CC(C)C[C@H](NC(=O)[C@@H]([NH3+])CCC(N)=O)C(=O)N[C@@H](C)C(=O)N[C@H](C(=O)N[C@@H](CCCC[NH3+])C(=O)N[C@@H](C)C(=O)N[C@@H](C)C(=O)N[C@@H](CCCNC(N)=[NH2+])C(=O)N[C@@H](CCCC[N+](C)(C)C)C(=O)N[C@@H](CO)C(=O)N[C@@H](C)C(=O)N1CCC[C@H]1C(=O)N[C@@H](C)C(=O)N[C@H](C(=O)NCC(=O)[O-])[C@@H](C)O)[C@@H](C)O
5qae,O=C([O-])c1cccc(-c2cccc(F)c2)c1
1kl5,NC(=O)CC[C@H](NC(=O)[C@@H]1CCCN1C(=O)[C@H](Cc1cnc[nH]1)NC(=O)[C@@H]([NH3+])CO)C(=O)N[C@H](C=O)Cc1ccccc1
5wf3,O=C(NCCOc1ccccc1)c1nc([C@@H]2CCCN2C(=O)CSc2ccccc2Cl)[nH]c(=O)c1O
1k3t,C=CC(C)(C)C1=Cc2cc3c(cc2O[C@H]1O)O[C@H](C(C)(C)O)C3
6hq4,Nc1ncnc2c1ncn2C1OC2COP(=O)(O)OC2C1O
4j81,[NH3+]CCCC[C@H]([NH3+])C(=O)N1CCC[C@H]1C(=O)N[C@@H](Cc1c[nH]cn1)C(=O)N[C@@H](CO)C(=O)N[C@@H](CC(=O)[O-])C(=O)[O-]
6e0r,Cc1cc(-n2cc(S(=O)(=O)C3COC3)c3ccc(N[C@@H](C)c4ccc(F)cn4)nc32)n[nH]1
6d5w,Fc1ccc(CN2C3=[NH+]CCCN3c3ccccc32)cc1
4uru,COc1ccc(S(=O)(=O)Nc2nccs2)cc1
4cpq,C=CCNC(=O)[C@@H](NC(=O)[C@@](O)(CCC[N@H+](Cc1ccc(-c2cccnc2)cc1)NC(=O)[C@@H](NC(=O)OC)C(C)(C)C)Cc1ccc(CC=C)cc1)C(C)C
2qt5,CC(C)[C@H](NC(=O)[C@H](CCC(=O)[O-])NC(=O)[C@@H](NC(=O)C[NH3+])[C@@H](C)O)C(=O)[O-]
2p8o,O=[V+9]1(=O)(=O)ONC(c2ccccc2)=[O+]1
3er5,CC[C@H](C)[C@H](NC(=O)[C@@H](NC(=O)C[C@H](O)[C@H](CC(C)C)NC(=O)[C@H](Cc1cnc[nH]1)NC(=O)[C@H](Cc1ccccc1)NC(=O)[C@@H]1CCCN1C(=O)[C@H](Cc1cnc[nH]1)NC(=O)[C@@H]1CCC[NH2+]1)C(C)C)C(=O)N[C@@H](Cc1cnc[nH]1)C(=O)N[C@@H](CCCC[NH3+])C(=O)[O-]
6g9b,C[NH+](C)CCCN1c2ccccc2CCc2ccccc21
5bpa,CCOC(=O)c1cc2cc(-c3cc(C(=O)NCc4ccc(C(=O)[O-])cc4)nn3C)ccc2[nH]1
2lsv,CSCC[C@H](NC(=O)[C@H](CCC(=O)[O-])NC(=O)[C@@H](NC(=O)[C@H](CC(=O)[O-])NC(=O)[C@H](C)[NH3+])[C@@H](C)O)C(=O)N[C@@H](CCC(=O)[O-])C(=O)N[C@@H](CCC(=O)[O-])C(=O)N[C@H](C(=O)N[C@@H](CC(=O)[O-])C(=O)[O-])C(C)C
4usj,NC(=[NH2+])NCCC[C@H]([NH3+])C(=O)[O-]
2x4o,CC(C)C[C@H](NC(=O)[C@@H](NC(=O)[C@@H](NC(=O)[C@H](CS)NC(=O)[C@H](CC(C)C)NC(=O)[C@@H]1CCCN1C(=O)[C@@H](NC(=O)[C@H](CC(C)C)NC(=O)[C@@H]([NH3+])CCCC[NH3+])[C@@H](C)O)C(C)C)[C@@H](C)O)C(=O)[O-]
2cfg,CN(C)c1cccc(OCCCCc2cc[n+]3c4c2ccc2ccc[n+](c24)[Ru+7]324([n+]3ccccc3-c3cccc[n+]32)[n+]2ccccc2-c2cccc[n+]24)c1
2vl8,O=c1ccn(C2OC(COP(=O)(O)OP(=O)(O)O)C(O)C2O)c(=O)[nH]1
3qvv,N#Cc1cc2ccc(O)cc2oc1=O
3zvy,C[C@H]([NH3+])C(=O)N[C@@H](CCCNC(N)=[NH2+])C(=O)N[C@H](C(=O)N[C@@H](CCCC[NH3+])C(=O)N[C@@H](CCC(N)=O)C(=O)[O-])[C@@H](C)O
1guw,C[C@H]([NH3+])C(=O)N[C@@H](CCCNC(N)=[NH2+])C(=O)N[C@H](C(=O)N[C@@H](CCCC[NH+](C)C)C(=O)N[C@@H](CCC(N)=O)C(=O)N[C@H](C(=O)N[C@@H](C)C(=O)N[C@@H](CCCNC(N)=[NH2+])C(=O)N[C@@H](CCCC[NH+](C)C)C(=O)N[C@@H](CO)C(=O)N[C@H](C(=O)NCC(=O)NCC(=O)N[C@@H](CCCC[NH3+])C(=O)N[C@@H](C)C(=O)N1CCC[C@H]1C(=O)NCC(=O)NCC(=O)[O-])[C@@H](C)O)[C@@H](C)O)[C@@H](C)O
5t36,CC(C)(C)C(=O)N[C@H]1CCC[C@H]1CNc1cc(Cl)ccc1C(=O)[O-]
6n97,CC(C(=O)NCCNC(=O)CCNC(=O)C(O)C(C)(C)COP(=O)(O)OP(=O)(O)OCC1OC(n2cnc3c(N)ncnc32)C(O)C1OP(=O)(O)O)S(=O)(=O)O
4wks,CC[B+]O
4cd8,OC[C@H]1O[C@@H](O[C@H]2[C@H](O)[C@H](O)c3nccn3[C@@H]2CO)[C@@H](O)[C@@H](O)[C@@H]1O
1il5,Nc1nc(O)c(N)c(O)n1
4fe9,OC[C@H]1O[C@H](O[C@@H]2[C@@H](CO)O[C@H](O[C@@H]3[C@@H](CO)O[C@H](O[C@@H]4[C@@H](CO)O[C@H](O)[C@H](O)[C@H]4O)[C@H](O)[C@H]3O)[C@H](O)[C@H]2O)[C@H](O)[C@@H](O)[C@@H]1O
6mbo,COc1cc2c(cc1OCCCN1C=CCC1)N[C@@H](C1CCCCC1)C[NH2+][C@H]2[NH2+][C@H]1CC[N@H+](C(C)C)CC1
6n3l,Cn1c(Nc2ccc(C(F)(F)F)cc2)nc2cc(Oc3cc(NC(=O)C4CC4)ncn3)ccc21
6g9a,O=C1c2cc(-c3nc(NC4CCOCC4)ncc3Cl)ccc2CN1CC[NH+]1CCOCC1
4z68,CC[C@H](C)[C@H](NC(=O)[C@@H]([NH3+])CCC(=O)[O-])C(=O)N[C@@H](CCCNC(N)=[NH2+])C(=O)N[C@@H](CCC(=O)[O-])C(=O)N[C@@H](CCC(N)=O)C(=O)NCC(=O)N[C@@H](CC(=O)[O-])C(=O)NCC(=O)N[C@@H](C)C(=O)N[C@@H](CCC(=O)[O-])C(=O)N[C@@H](CC(=O)[O-])C(=O)N[C@@H](CCC(=O)[O-])C(=O)[O-]
6g0w,NC(=O)c1ccc(Oc2cccc(C(=O)N3CCC(c4ccc(F)cc4)CC3)c2)cc1
6haj,O=S(=O)([O-])c1cc2c(O)c(c1)Cc1cc(S(=O)(=O)[O-])cc(c1O)Cc1cc(S(=O)(=O)[O-])cc(c1O)Cc1cc(S(=O)(=O)[O-])cc(c1O)Cc1cc(S(=O)(=O)[O-])cc(c1O)Cc1cc(S(=O)(=O)[O-])cc(c1O)Cc1cc(S(=O)(=O)[O-])cc(c1O)Cc1cc(S(=O)(=O)[O-])cc(c1O)C2
2m41,CC(C)C[C@H](NC(=O)[C@H](Cc1ccccc1)NC(=O)[C@@H]1CCCN1C(=O)[C@@H](NC(=O)[C@H](CC(C)C)NC(=O)[C@H](CO)NC(=O)[C@H](Cc1c[nH]cn1)NC(=O)[C@H](Cc1c[nH]c2ccccc12)NC(=O)[C@@H]1CCCN1C(=O)[C@H](Cc1ccccc1)NC(=O)[C@@H]([NH3+])C(C)C)C(C)C)C(=O)N[C@@H](C)C(=O)N1CCC[C@H]1C(=O)N[C@@H](CO)C(=O)N[C@@H](CCC(N)=O)C(=O)[O-]
2o7v,CCO[PH](=O)OCC
3vyf,CC(C)CC(CC(C)C)NC(=O)[C@@H]1C[NH2+]C[C@H]([N+]2CC(=O)N(c3ccccc3Cl)CC2(C)C)C1
5bms,Clc1c(CNc2nccc(Nc3cc(C4CC4)[nH]n3)n2)ccc2[nH]cnc12
5zyi,CCCCCc1ccc(-c2ccc(S(=O)(=O)CCO)cc2)cc1[C@H]1C[C@H]1c1ccccn1
4gs6,COc1cc(O)c2c(c1)/C=C/C[C@H](O)[C@H](O)C(O)CCC[C@H](C)OC2=O
6msn,O=C([O-])C[C@H](S)C(=O)[O-]
4a9s,NC(=O)c1ccc2[nH]c(-c3ccc(Oc4cccc(O)c4)cc3)nc2c1
5ai8,Cc1ccc2nc(N)sc2c1
2r0y,CC(=O)NCCCC[C@H]([NH3+])C(=O)[O-]
4w9e,CC(C)(C)CC(=O)N1C[C@H](O)C[C@H]1C(=O)NCc1ccc(-c2cncs2)cc1
6h8c,CC[C@H](C)[C@H](NC(=O)CNC(=O)[C@H](Cc1c[nH]c2ccccc12)NC(=O)[C@H](CCC(=O)[O-])NC(=O)[C@H](CC(N)=O)NC(=O)[C@H](CC(=O)[O-])NC(=O)[C@H](CCC(=O)[O-])NC(=O)[C@H](Cc1cnc[nH]1)NC(=O)[C@@H](NC(=O)[C@@H](NC(=O)[C@H](CCC(=O)[O-])NC(=O)[C@H](CCSC)NC(=O)[C@H](C)NC(=O)C[NH3+])[C@@H](C)CC)[C@@H](C)CC)C(=O)N[C@@H](CCC(=O)[O-])C(=O)N[C@@H](CC(C)C)C(=O)N[C@H](C(=O)N[C@@H](CO)C(=O)N[C@@H](CCC(=O)[O-])C(=O)[O-])C(C)C
2pmk,Nc1ncnc2c1ncn2C1OC(COP(=O)(O)OP(=O)(O)O)C2OC3(OC21)C([N+](=O)[O-])=CC([N+](=O)[O-])=CC3[N+](=O)[O-]
5qck,O=C([O-])c1ccc(NC(=O)[C@@H]2[C@@H](c3ccccc3)CCN2C(=O)/C=C/c2cc(Cl)ccc2-n2cnnn2)cc1
4i06,C[NH2+][C@](CCCC[B-](O)([OH2+])[OH2+])(CC[NH+]1CCCCC1)C(=O)[O-]
3fdt,C[C@H]([NH3+])C(=O)N[C@@H](CCCNC(N)=[NH2+])C(=O)N[C@H](C(=O)N[C@@H](C)C(=O)N[C@@H](CCC(N)=O)C(=O)N[C@H](C(=O)N[C@@H](C)C(=O)N[C@@H](C)C(=O)N[C@@H](CCCC[N+](C)(C)C)C(=O)N[C@@H](CO)C(=O)[O-])[C@@H](C)O)[C@@H](C)O
5ygf,NC(=[NH2+])NCCC[C@H](NC(=O)CNC(=O)[C@H](CCC(N)=O)NC(=O)[C@@H]([NH3+])CC(=O)[O-])C(=O)NCC(=O)N[C@@H](CCCNC(N)=[NH2+])C(=O)N[C@@H](CCCNC(N)=[NH2+])C(=O)N[C@@H](CCCNC(N)=[NH2+])C(=O)N1CCC[C@H]1C(=O)[O-]
4ryc,COCCCOc1cc(C(=O)N(C[C@@H]2C[NH2+]C[C@H]2NS(=O)(=O)c2ccc(C)cc2)C(C)C)ccc1OC
4y24,OC[C@H]1O[C@@H](S[C@@H]2O[C@H](CO)[C@H](O)[C@H](n3cc(-c4cccc(F)c4)nn3)[C@H]2O)[C@H](O)[C@@H](n2cc(-c3cccc(F)c3)nn2)[C@H]1O
6bqg,C[N@@H+]1C[C@H](C(=O)N[C@]2(C)O[C@@]3(O)[C@@H]4CCCN4C(=O)[C@H](Cc4ccccc4)N3C2=O)C=C2c3cccc4[nH]cc(c34)C[C@H]21
6qad,CCCC[NH2+][C@@H](Cc1c[nH]c2ccccc12)C(=O)NCC[C@H]1CC[C@H]([NH+](C)C)CC1
2w3l,Cc1c(Cl)c(C(=O)N(c2ccccc2)c2ccccc2)nn1-c1ccccc1C(=O)N1Cc2ccccc2C[C@H]1C[NH3+]
5mxk,CC(=O)Nc1ccc2c(c1)CCCC2=O
5xpn,C=C1[C@H](O)CC(=C/C=C2\CCC[C@@]3(C)[C@H]2CC[C@@H]3[C@H](C)CCC[C@H](OC)c2ccc(O)cc2)C[C@H]1O
2jdy,CO[C@H]1O[C@H](CO)[C@@H](O)[C@H](O)[C@@H]1O
5iua,Nc1nc(NCCC[NH+]2CCN(c3ccccc3)CC2)nc2nc(-c3ccco3)nn12
4m5j,COc1ccc(C(=O)CSc2nc3nc(N)[nH]c(=O)c3[nH]2)cc1
2f6z,CNC(=O)[C@@H]1Cc2ccc(NS(=O)(=O)[O-])cc2CN1C(=O)CCc1cccc(NS(=O)(=O)[O-])c1
5j79,Cc1ccc(O)cc1Nc1ccnc2ccc(S(C)(=O)=O)cc12
4yuz,Cc1ccc(COc2cccc3nc(N)nc(N)c23)cc1
5fb1,C[C@H]([NH3+])C(=O)N[C@@H](CCCNC(N)=[NH2+])C(=O)N[C@H](C(=O)N[C@@H](CCCC[NH3+])C(=O)N[C@@H](CCC(N)=O)C(=O)N[C@H](C(=O)N[C@@H](C)C(=O)N[C@@H](CCCNC(N)=[NH2+])C(=O)[O-])[C@@H](C)O)[C@@H](C)O
5c1y,CC(C)OC(=O)N[C@@H](Cc1ccccc1)C(=O)N[C@H](CO)C[C@@H]1CC[NH2+][C@@H]1O
3hyg,O=C(C[C@@H](Cc1cccc(O)c1)C(=O)N[C@H]1c2ccccc2C[C@H]1O)NO
4rvt,CCCCCC(=O)c1c(O)c(-c2ccc(O)cc2)c[nH]c1=O
3uig,CC([NH3+])C(=O)NC(CCCNC(=N)N)C(=O)NC(C(=O)NC(CCCC[NH3+])C(=O)NC(CCC(N)=O)C(=O)O)C(C)OP(=O)(O)O
4w9n,Oc1cc(Cl)ccc1Oc1ccc(Cl)cc1Cl
4puk,CNc1nc2cc3c(=O)[nH]c(=[NH2+])[nH]c3cc2[nH]1
6hs0,Clc1cccc(C[NH+]2CC[NH2+]CC2)c1
6dzv,CC[C@H]1C[C@@H]2C[C@H]3c4[nH]c5ccc(OC)cc5c4CC[N@@H+](C2)[C@@H]13
2cem,COC(=O)N[C@H](C(=O)N[N@H+](Cc1ccc(-c2ccccn2)cc1)C[C@@](O)(Cc1ccccc1)C(=O)N[C@H]1c2ccccc2C[C@H]1O)C(C)(C)C
2y1g,CC(=O)N(O)CCC(c1ccc(Cl)c(Cl)c1)P(=O)(O)O
4igk,CC([NH3+])C(=O)NC(CS)C(=O)NC(COP(=O)(O)O)C(=O)N1CCCC1C(=O)NC(CCC(N)=O)C(=O)NC(Cc1ccccc1)C(=O)NCC(=O)O
5yg4,Cc1n[nH]c2c1[C@]1(C(C#N)=C(N)O2)c2cc(N3CCC(CC(=O)[O-])CC3)cc(F)c2CC1(C)C
2vaq,C=C[C@H]1[C@H](O[C@@H]2O[C@H](CO)[C@@H](O)[C@H](O)[C@H]2O)OC=C(C(=O)OC)[C@H]1CC[NH2+]CCc1c[nH]c2ccccc12
1fwu,CC(=O)N[C@H]1[C@H](O)O[C@H](CO)[C@@H](O[C@@H]2O[C@H](CO)[C@H](O)[C@H](OS(=O)(=O)[O-])[C@H]2O)[C@@H]1O[C@@H]1O[C@@H](C)[C@@H](O)[C@@H](O)[C@@H]1O
6n3f,NC(=[NH2+])NCCC[C@H](NC(=O)[C@@H]([NH3+])CO)C(=O)N[C@@H](Cc1c[nH]c2ccccc12)C(=O)N[C@@H](CC(=O)[O-])C(=O)[O-]
6etg,[NH3+]NC(=O)c1ccc(-c2nn[nH]n2)cc1
4p4d,O=C(O)CCC(NP(=O)(O)OCCNC(=O)c1ccccc1)C(=O)O
2q72,C[NH+](C)CCCN1c2ccccc2CCc2ccccc21
1j81,CSCC[C@H](NC(=O)[C@H](Cc1c[nH]cn1)NC(=O)[C@H](CCC(N)=O)NC(=O)[C@H](CCCNC(N)=[NH2+])NC(=O)[C@H](CCC(=O)[O-])NC(=O)[C@H](Cc1ccccc1)NC(=O)[C@H](CCCC[NH3+])NC(=O)[C@H](C)NC(=O)[C@H](C)NC(=O)[C@H](C)NC(=O)[C@@H](NC(=O)[C@H](CCC(=O)[O-])NC(=O)[C@@H]([NH3+])CCCC[NH3+])[C@@H](C)O)C(=O)N[C@@H](CC(=O)[O-])C(=O)N[C@@H](CO)C(N)=O
4umq,COc1cc(O)cc(Nc2ccc(C(=O)Nc3ccccc3)c(OCCC[NH3+])c2)c1
3pm1,CCN1c2cc(N)ccc2-c2ccc(N)cc2C1c1ccccc1
4fhi,CCC(CC)(c1ccc(OCC(=O)NO)c(C)c1)c1ccc(OC[C@H](O)C(C)(C)C)c(C)c1
1pw6,NC(=[NH2+])N[C@@H](C(=O)NCC(=O)N1CCC(c2cc(-c3cccc(Cl)c3Cl)n[nH]2)CC1)C1CCCCC1
4phv,O=C(N[C@H]1c2ccccc2C[C@H]1O)[C@H](Cc1ccccc1)CC(O)C[C@@H](Cc1ccccc1)C(=O)N[C@H]1c2ccccc2C[C@H]1O
4no8,CC(C)C[C@H](NC(=O)OCc1ccccc1)C(=O)N[C@@H](CC(C)C)C(=O)N[C@@H](CC(C)C)[C@H](O)C(=O)Nc1ccccc1
2l12,C[C@H]([NH3+])C(=O)N[C@@H](CCCNC(N)=[NH2+])C(=O)N[C@H](C(=O)N[C@@H](CCCC[NH3+])C(=O)N[C@@H](CCC(N)=O)C(=O)N[C@H](C(=O)N[C@@H](C)C(=O)N[C@@H](CCCNC(N)=[NH2+])C(=O)N[C@@H](CCCC[N+](C)(C)C)C(=O)N[C@@H](CO)C(=O)N[C@H](C(=O)NCC(=O)NCC(=O)N[C@@H](CCCC[NH3+])C(=O)N[C@@H](C)C(=O)[O-])[C@@H](C)O)[C@@H](C)O)[C@@H](C)O
1onp,O=C[N+](=O)CCCP(=O)(O)O
1qx1,OC[C@H]1OC[C@@H](F)[C@@H](O)[C@@H]1O
3lpf,COc1cccc(NC(=S)N(CCO)Cc2cc3cc(C)c(C)cc3[nH]c2=O)c1
5ar5,COCCNC(=O)c1ccc2c(c1)nc(-c1c[nH]c(-c3ccc(Cl)cc3)n1)n2CCOC
1mv0,CC(C)C[C@H]([NH3+])C(=O)N[C@@H](CC(C)C)C(=O)N1CCC[C@H]1C(=O)N[C@H](C(=O)N1CCC[C@H]1C(=O)N1CCC[C@H]1C(=O)N[C@@H](CC(C)C)C(=O)N[C@@H](CO)C(=O)N1CCC[C@H]1C(=O)N[C@@H](CO)C(=O)N[C@@H](CCCNC(N)=[NH2+])C(=O)N[C@@H](CCCNC(N)=[NH2+])C(=O)N[C@@H](CO)C(=O)NCC(=O)O)[C@@H](C)O
4mx0,CCC(CC)[C@H](NC(C)=O)[C@@H]1[C@H](O)[C@@H](C(=O)[O-])C[C@H]1NC(N)=[NH2+]
5xvw,CC[C@H](C)[C@H]([NH3+])C(=O)N[C@@H](CC(C)C)C(=O)N[C@@H](C)C(=O)N[C@@H](Cc1c[nH]c2ccccc12)C(=O)NCC(=O)N[C@@H](CCCNC(N)=[NH2+])C(=O)NCC(=O)NCC(=O)N[C@H](C(=O)N[C@@H](CCCNC(N)=[NH2+])C(=O)N[C@@H](CO)C(=O)N[C@@H](CC(N)=O)C(=O)[O-])[C@@H](C)O
2g5t,N=C[C@@H]1CCCN1C(=O)[C@@H]1CC[C@H](COc2cc(C(=O)[O-])ccc2Cl)[NH2+]1
2jmj,C[C@H]([NH3+])C(=O)N[C@@H](CCCNC(N)=[NH2+])C(=O)N[C@H](C(=O)N[C@@H](CCCC[N+](C)(C)C)C(=O)N[C@@H](CCC(N)=O)C(=O)N[C@H](C(=O)N[C@@H](C)C(=O)N[C@@H](CCCNC(N)=[NH2+])C(=O)N[C@@H](CCCC[NH3+])C(=O)[O-])[C@@H](C)O)[C@@H](C)O
4pn1,C[C@H]([NH3+])C(=O)N[C@H](C(=O)N1CCC[C@H]1C(=O)N[C@@H](C)C(=O)N[C@@H](Cc1c[nH]c2ccccc12)C(=O)N[C@@H](CC(N)=O)C(=O)[O-])[C@@H](C)O
1ke3,OB(O)c1ccc(-c2ccc(B(O)O)cc2)cc1
4hlw,c1ccc(OCCSc2nc3ccccc3[nH]2)cc1
4mwx,CC(=O)N[C@@H]1[C@@H](NC(N)=[NH2+])C[C@H](C(=O)[O-])O[C@H]1[C@H](O)[C@H](O)CO
3vvz,CCNc1cc2c(cc1C)C(c1ccccc1C(=O)OCC)c1cc(C)c(NCC)cc1O2
1q66,Nc1nc2c(CSc3ccccc3)cc(C[NH3+])cc2c(=O)[nH]1
6hck,CC(C)C[C@H]([NH3+])C(=O)N[C@@H](CC(C)C)C(=O)[O-]
2ovq,CC(C)CC([NH3+])C(=O)N1CCCC1C(=O)NC(CO)C(=O)NCC(=O)NC(CC(C)C)C(=O)NC(CC(C)C)C(=O)NC(C(=O)N1CCCC1C(=O)N1CCCC1C(=O)NC(CCC(N)=O)C(=O)NC(COP(=O)(O)O)C(=O)NCC(=O)O)C(C)OP(=O)(O)O
2wcx,Cn1c(-c2ccccc2)c(C2CCCCC2)c2sc(C(=O)[O-])cc21
3f9w,CC(C)C[C@H](NC(=O)[C@@H](NC(=O)[C@H](CCCC[NH3+])NC(=O)[C@H](CCCNC(N)=[NH2+])NC(=O)[C@H](Cc1c[nH]cn1)NC(=O)[C@H](CCCNC(N)=[NH2+])NC(=O)[C@H](C)[NH3+])C(C)C)C(=O)N[C@H](C=O)CCCNC(N)=[NH2+]
3sn8,O=C[C@H](Cc1ccccc1)NC(=O)[C@H](Cc1ccccc1)NC(=O)CCc1ccccc1
5h8x,O=S(=O)(Nc1ccc(O)c(O)c1)c1ccc(-c2ccccc2)cc1
4g68,O=C1OC[C@@H](O[C@@H]2OC[C@@H](O[C@@H]3OC[C@@H](O)[C@H](O)[C@H]3O)[C@H](O)[C@H]2O)[C@H](O)[C@H]1O
4obp,Nc1ncnc2ccc(-c3ccnc(F)c3)nc12
5gvn,Cc1n[nH]c2c1[C@](c1cc(F)cc(-c3cccc(CCC(=O)[O-])c3)c1)(C(C)C)C(C#N)=C(N)O2
2v10,CC/C=C/NC(=O)[C@H](C)C[C@H](O)[C@@H]([NH3+])C[C@H](Cc1ccc(OC)c(OCCCOC)c1)C(C)C
1hp0,Nc1nccc2c1ncn2[C@@H]1O[C@H](CO)[C@@H](O)[C@H]1O
6dlj,O=C([O-])/C(O)=C/C(=O)c1ccccc1[N+](=O)[O-]
4qwl,CC(C)C[C@H](NC(=O)[C@H](CCc1ccccc1)NC(=O)C[NH+]1CCOCC1)C(=O)N[C@@H](Cc1ccccc1)C(=O)N[C@@H](CC(C)C)[C@@H](O)[C@H](C)CO
3zmh,O=CC[C@@H](NC(=O)OC1CCCC1)c1ccccc1
6czi,CC1=N/C(=C\c2cc(F)c(O)c(F)c2)C(=O)N1C
4yv1,O=C(Oc1cccc2cccnc12)N1CCCCC1
6qtq,CC(C)[C@H](NC(=O)[C@H](C)NC(=O)[C@H](Cc1ccc(O)cc1)NC(=O)[C@@H]([NH3+])CCCNC(N)=[NH2+])C(=O)N[C@H](C(=O)N1CCC[C@H]1C(=O)[O-])C(C)C
3skh,O=C([O-])c1c(-c2ccccc2F)c2cc(Cl)ccc2n1Cc1ccccc1
2fuu,C[C@H]([NH3+])C(=O)N[C@@H](CCCNC(N)=[NH2+])C(=O)N[C@H](C(=O)N[C@@H](CCCC[N+](C)(C)C)C(=O)N[C@@H](CCC(N)=O)C(=O)N[C@H](C(=O)N[C@@H](C)C(=O)N[C@@H](CCCNC(N)=[NH2+])C(=O)N[C@@H](CCCC[NH3+])C(=O)N[C@@H](CO)C(=O)N[C@H](C(=O)NCC(=O)NCC(=O)N[C@@H](CCCC[NH3+])C(=O)N[C@@H](C)C(=O)[O-])[C@@H](C)O)[C@@H](C)O)[C@@H](C)O
5xag,COc1ccc([C@H]2[C@H](CO)C(=O)N2c2cc(OC)c(OC)c(OC)c2)cc1O
3arn,CC(C)(CCCOCn1ccc(=O)[nH]c1=O)NS(=O)(=O)c1ccccc1
4nyj,[NH3+]CC(=O)N[C@H]1CC[N@H+](Cc2c[nH]c3ccccc23)CC1
6fii,C=C(Cl)/C=C/[C@@H](O)CC(=C)C[C@H]1O[C@@H]2[C@H](C)[C@@H](OC(=O)C[C@H]3C[C@H](OC(C)=O)C[C@@]4(C[C@@](C)(O)C[C@H](CC(=C)[C@@H](C)[C@H](OC(C)=O)[C@H](C)C(=O)C[C@@H]5C[C@H](OC)C[C@@]6(C[C@@H](O)C[C@H](/C=C\CCC[C@H]7O[C@](O)(C[C@H](O)[C@H]7C)[C@H]2O)O6)O5)O4)O3)[C@@H]1O
5abw,Cc1noc(C)c1C1=C[C@H](C(=O)NCc2ccc(S(C)(=O)=O)cc2)C(=O)N(c2cccc(Cl)c2)C1C
3hhm,C=C1C(=O)O[C@H](COC)[C@@]2(C)C1=C(O)C(=O)[C@H]1[C@@H]3CCC(=O)[C@@]3(C)C[C@@H](OC(C)=O)[C@@H]12
6n19,O=C([O-])CCCC(=O)Nc1ccc(C(=O)[O-])c(C(=O)[O-])c1
1d8m,COc1ccc(S(=O)(=O)N2CN(Cc3ccccc3)C(=O)C[C@@H]2C(=O)NO)cc1
6cjy,O=C1NCc2cc(Nc3ncnc4[nH]cnc34)ccc21
5xmp,Cc1n[nH]c2c1[C@](c1cc(-c3ccc(S(=O)(=O)N(C)CC(F)(F)F)cc3)cc(C(F)(F)F)c1)(C(C)C)C(C#N)=C(N)O2
1pmx,CSCC[C@H](NC(=O)[C@@H]1CSSC[C@H](NC(=O)[C@H](CC(N)=O)NC(=O)[C@@H]([NH3+])CCCNC(N)=[NH2+])C(=O)N[C@@H](Cc2ccccc2)C(=O)N[C@@H](CCC(=O)[O-])C(=O)N[C@@H](CO)C(=O)N[C@@H](C(C)C)C(=O)N[C@@H](C)C(=O)N[C@@H](C)C(=O)N[C@@H](CC(C)C)C(=O)N[C@@H](CCCNC(N)=[NH2+])C(=O)N[C@@H](CCCNC(N)=[NH2+])C(=O)N1)C(=O)N[C@@H](Cc1ccc(O)cc1)C(=O)NCC(=O)[O-]
5t66,O=C([O-])c1cccc2c1OB(O)[C@@H](NC(=O)C1CCCCC1)C2
4p0w,CC1CCC[C@@H]2[C@@](C)(CC3=CC(=O)C=CC3=O)[C@H](C)CC[C@]12C
3pz3,COc1ccc(S(=O)(=O)N2Cc3cc(-c4ccc(CO)o4)ccc3N(Cc3cncn3C)C[C@H]2Cc2ccc(OC(=O)NCc3ccccc3)cc2)cc1
6iam,CC(C)C[C@H](NC(=O)[C@H](Cc1c[nH]cn1)NC(=O)[C@@H](NC(=O)CNc1ccc2c(c1)NNc1cc(NC(=O)[C@H](C)NC(=O)[C@H](CCCNC(N)=[NH2+])NC(=O)[C@H](C)NC(=O)[C@@H]([NH3+])CO)ccc1CC2)C(C)C)C(=O)N[C@@H](CCCNC(N)=[NH2+])C(=O)N[C@@H](CCCC[NH3+])C(=O)N[C@@H](CO)C(N)=O
5bnj,Cn1cc(-c2ccc(-c3cncc(Cl)c3N3CCC4(CCNC4=O)CC3)cc2)cn1
3u4o,Nc1cc(Cn2c(C(=O)[O-])c(C3C=CC=NC3=O)c3cc(Cl)ccc32)ccn1
6hky,CON(C)C(=O)N1[NH2+][C@@H](c2cc(F)ccc2F)S[C@@]1(CCC[NH3+])c1ccccc1
2ff1,O=c1[nH]cnc2c([C@@H]3[NH2+][C@H](CO)[C@@H](O)[C@H]3O)c[nH]c12
5xgh,Oc1cc(NCc2ccc(F)cc2)cc(-c2nc(N3CCOCC3)c3sccc3n2)c1
4gq6,C[C@H](NC(=O)[C@@H]([NH3+])CO)C(=O)N[C@@H](CCCNC(N)=[NH2+])C(=O)N[C@@H](Cc1c[nH]c2ccccc12)C(=O)N[C@@H](CCCNC(N)=[NH2+])C(=O)N[C@@H](Cc1ccccc1)C(=O)N1CCC[C@H]1C(=O)N[C@@H](C)C(=O)N[C@@H](CCCNC(N)=[NH2+])C(=O)N1CCC[C@H]1C(=O)NCC(=O)N[C@H](C(=O)[O-])[C@@H](C)O
1il9,Cc1nc2c(=O)[nH]c(N)nc2o1
5tpc,CC(=O)N[C@@H]1[C@@H](O)C[C@](O[C@H]2[C@@H](O)[C@@H](CO)O[C@@H](O[C@@H]3[C@@H](NC(C)=O)[C@H](O[C@H]4[C@@H](CO)O[C@@H](O)[C@H](O)[C@H]4O[C@]4(C(=O)[O-])C[C@H](O)[C@@H](NC(C)=O)[C@H]([C@H](O)[C@H](O)CO)O4)O[C@H](CO)[C@@H]3O)[C@@H]2O)(C(=O)[O-])O[C@H]1[C@H](O)[C@H](O)CO
5wzs,Cc1c(C(=O)C(N)=O)c2c(OCC(=O)[O-])cccc2n1Cc1cccc2ccccc12
3haw,CCCC[C@@H](C[NH2+][C@@H](CCCC)C(=O)N[C@@H](CCC(N)=O)C(=O)N[C@@H](CCCNC(N)=[NH2+])C(N)=O)NC(=O)[C@@H](NC(=O)[C@@H](NC(C)=O)[C@@H](C)O)[C@@H](C)CC
5v86,CCCC[N@H+]1CC[C@H](N(Cc2ccccc2)C(=O)Nc2ccc(Cl)c(Cl)c2)CC1
3m9f,COC(=O)N[C@H](C(=O)N[C@@H](C)CCC[C@@H](CO)N(CCC(C)C)S(=O)(=O)c1ccc(N)cc1)C(c1ccccc1)c1ccccc1
2xm9,Oc1ccc(-c2cc[nH]n2)cc1-c1nc(N[C@H]2CC[NH2+]C2)c2ccccc2n1
4fi9,CSCC[C@H](NC(=O)[C@@H]1CCCN1C(=O)[C@H](Cc1ccc(O)cc1)NC(=O)[C@@H]([NH3+])Cc1ccccc1)C(=O)N[C@@H](CC(C)C)C(=O)N[C@@H](CCCNC(N)=[NH2+])C(=O)N[C@@H](Cc1ccc(O)cc1)C(=O)N[C@H](C(=O)N[C@@H](CC(N)=O)C(=O)NCC(=O)N1CCC[C@H]1C(=O)N1CCC[C@H]1C(=O)N1CCC[C@H]1C(=O)N[C@H](C(=O)[O-])[C@@H](C)O)[C@@H](C)O
5ake,O=C(Nc1ccc2c(c1)-c1ccccc1S2(=O)=O)N1CCC(F)(F)CC1
6eo9,CC(=O)OC[C@H]1O[C@@H](OCCCOc2cccc(OCc3cc(-c4ccc(Cl)s4)on3)c2NC(=O)[C@H]2CC[N@H+](C(C)C)CC2)[C@H](OC(C)=O)[C@@H](OC(C)=O)[C@@H]1OC(C)=O
4ln7,Oc1cc(-c2ccc(F)cc2)c(-c2ccc(F)cc2)nc1O
5lt6,CCCCC[NH2+][C@@H](CC[C@H]([NH3+])C(=O)[O-])C[C@H]1O[C@@H](n2cnc3c(N)ncnc32)[C@H](O)[C@@H]1O
1jd6,CC(C)C[C@H](NC(=O)[C@H](Cc1ccc(O)cc1)NC(=O)[C@H](Cc1ccccc1)NC(=O)[C@@H]1CCCN1C(=O)[C@@H](NC(=O)[C@H](C)[NH3+])C(C)C)C(=O)N1CCC[C@H]1C(=O)N[C@H](C=O)CCC(=O)[O-]
6die,O=C([O-])c1ccc(C(=O)[O-])c(C(=O)[O-])c1
3kqs,[NH2+]=c1[nH]c2ccccc2[nH]1
4g19,[NH3+][C@@H](CCC(=O)N[C@@H](CS)C(=O)NCC(=O)[O-])C(=O)[O-]
2w78,[NH3+]CCCC[C@H](NC(=O)[C@H]([NH3+])CO)C(=O)NCC=O.[NH3+][C@H]1CCCCNC(=O)[C@H](CO)NC(=O)[C@@H](CCC[N+](=O)C=O)NC1=O
3rq7,CC(=O)N1CCCC1C(=O)NC(CC(C)C)C(=O)NC(Cc1cncn1CCCCCCCCc1ccccc1)C(=O)NC(CO)C(=O)NC(C(N)=O)C(C)OP(=O)(O)O
6dcy,Cc1occ(O)c(=O)c1C(=O)[O-]
4jpa,C[C@]1(CS(=O)(=O)N2CCN(c3ncc(OCc4cccc(C#N)c4)cn3)CC2)NC(=O)NC1=O
6cee,Cn1c(=O)c(CCC(=O)[O-])nc2ccccc21
4bdk,COc1ccc(CNC(=O)c2ccc3nccnc3c2)cc1
3wi2,CC(C)c1nc2ccc(OCc3ccc4ccccc4n3)cc2n1-c1ccccc1
1lcj,CC[C@H](C)[C@H](NC(=O)[C@@H]1CCCN1C(=O)[C@@H](NC(=O)[C@H](CCC(=O)[O-])NC(=O)[C@H](CCC(=O)[O-])NC(=O)[C@H](Cc1ccc(O)cc1)NC(=O)[C@H](CCC(N)=O)NC(=O)[C@@H]1CCCN1C(=O)[C@@H]([NH3+])CCC(=O)[O-])[C@@H](C)CC)C(=O)N[C@@H](Cc1ccc(O)cc1)C(=O)N[C@@H](CC(C)C)C(=O)[O-]
1hww,O[C@@H]1[C@H](O)C[N@H+]2CCC[C@@H](O)[C@H]12
5tkd,CNc1cc(Nc2cc(C)cc(C)c2)nn2c(C(N)=O)cnc12
3kjf,CC(=O)[C@H](CC(=O)[O-])NC(=O)[C@@H]1C=C2CCCC[C@@H]2n2c(=O)n(C[C@H](CCC(=O)[O-])NC(=O)Cc3ccccc3)c(=O)n21
2bkt,COc1ccccc1COCCCOc1ccc(N2C(=O)C[NH2+]C[C@H]2COc2ccc3c(c2)NCCC3)cc1
5vb9,CSCC[C@@H]1NC(=O)[C@H](CC(=O)[O-])NC(=O)[C@H](Cc2ccc(O)cc2)NC(=O)[C@H](CCC(=O)[O-])NC(=O)[C@H](CC(C)C)NC(=O)[C@H](C(C)C)NC(=O)[C@H](Cc2c[nH]c3ccccc23)NC(=O)[C@@H]([NH3+])CSSC[C@@H](C(=O)N[C@@H](CCCNC(N)=[NH2+])C(=O)[O-])NC(=O)[C@H](Cc2cnc[nH]2)NC(=O)[C@H](CC(C)C)NC(=O)[C@H](C)NC(=O)CNC(=O)[C@H](Cc2ccccc2)NC1=O
3nij,CC[C@H](C)[C@H](NC(=O)[C@@H]([NH3+])Cc1c[nH]cn1)C(=O)N[C@@H](C)C(=O)[O-]
3l6x,CC(C)C[C@H](NC(=O)[C@H](CCC(N)=O)NC(=O)[C@H](CO)NC(=O)[C@H](CC(C)C)NC(=O)[C@H](CC(=O)[O-])NC(=O)[C@H](Cc1ccccc1)NC(=O)[C@H](CC(=O)[O-])NC(=O)[C@H](CCC(N)=O)NC(=O)[C@H](CC(=O)[O-])NC(=O)[C@H](CCC(=O)[O-])NC(=O)[C@H](CCC(=O)[O-])NC(=O)CNC(=O)CNC(=O)CNC(=O)[C@H](CCC(=O)[O-])NC(=O)[C@H](CCC(=O)[O-])NC(=O)[C@@H]([NH3+])CC(=O)[O-])C(=O)N[C@@H](Cc1c[nH]cn1)C(=O)[O-]
6pyb,COc1cc(C[C@H]2COC[C@@H]2Cc2ccc(O)c(OC)c2)ccc1O
1bky,Cn1ccc(N)nc1=O
2wbb,Cc1ccc(S(=O)(=O)NC(=O)Nc2ncc(Br)s2)cc1
5lb7,CC(C)C[C@H](NC(=O)[C@H](Cc1ccccc1)NC(=O)[C@@H]([NH3+])CO)C(=O)[O-]
3wyk,O=c1ccn(-c2cccc(C(F)(F)F)c2)nc1-c1ccnn1-c1ccccc1
1cs4,Nc1ncnc2c1ncn2C1CC(OP(=O)(O)O)C(CO)O1
4jhq,O=C(CCCCCNC(=O)CCCC[C@@H]1SC[C@@H]2NC(=O)N[C@H]12)NCCCCCC(=O)C1=C2C3=C4[C@@H]1[Fe+10]2341567C2=C1C5C6=C27
6ewk,O[NH2+]Cc1nc(CCCCC[NH+]2CCOCC2)ccc1O
4w53,Cc1ccccc1
4m5n,[NH2+]=c1[nH]c(=S)[nH]c2[nH]cnc12
4odk,NC(=O)CNC(=O)[C@H](CCC(=O)[O-])NC(=O)[C@H](Cc1ccc(O)cc1)NC(=O)[C@H](CC(N)=O)NC(=O)[C@H](CC(N)=O)NC(=O)[C@H](Cc1ccc(O)cc1)NC(=O)[C@H](CCCC[NH3+])NC(=O)[C@@H]([NH3+])Cc1c[nH]cn1
6apw,O=C1N[C@@H]2[C@H](CCCCCc3cn(Cc4ccc(C(=O)[O-])cc4)nn3)S[CH][C@@H]2N1
1n5z,CSCC[C@H]([NH3+])C(=O)N1CCC[C@H]1C(=O)N1CCC[C@H]1C(=O)N[C@H](C(=O)N[C@@H](CC(C)C)C(=O)N1CCC[C@H]1C(=O)N[C@@H](Cc1cnc[nH]1)C(=O)N[C@@H](CCCNC(N)=[NH2+])C(=O)N[C@@H](CC(=O)[O-])C(=O)N[C@@H](Cc1c[nH]c2ccccc12)C(=O)O)[C@@H](C)O
4bfr,C[C@H]1Cc2ccccc2N1C(=O)Cc1nc(N2CCOCC2)cc(=O)[nH]1
5fkj,CC[N+](CC)(CCCCCn1c(C)cc(=O)n(CCCCC[N+](CC)(CC)Cc2ccccc2[N+](=O)[O-])c1=O)Cc1ccccc1[N+](=O)[O-]
2fts,CC[C@H](C)[C@H](NC(=O)[C@H](CO)NC(=O)[C@@H]([NH3+])Cc1ccccc1)C(=O)N[C@H](C(=O)NCC(=O)N[C@@H](CO)C(=O)N[C@@H](CC(C)C)C(=O)N1CCC[C@H]1C(=O)N[C@@H](CCCNC(N)=[NH2+])C(=O)N[C@@H](CC(=O)[O-])C(=O)N[C@@H](Cc1ccccc1)C(=O)N[C@@H](CCC(=O)[O-])C(=O)N[C@@H](CC(C)C)C(=O)O)C(C)C
2xp6,Cc1nc(-c2cccc(Cl)c2)[nH]c1C(=O)[O-]
5ak4,Cc1[nH]ncc1-c1ccccc1
6d4a,Cc1cc(C(=O)NC[C@@H](O)[C@@H](O)[C@@H]2O[C@@](OC[C@H]3O[C@@H](O[C@@H]4[C@@H](CO)O[C@@H](OCC[NH3+])[C@H](O)[C@H]4O)[C@H](O)[C@@H](O)[C@H]3O)(C(=O)[O-])C[C@H](O)[C@H]2NC(=O)Cn2cc(C3CCCCC3)nn2)cc(C)c1O
4hnc,O=C([O-])C(O)(c1ccccc1)c1ccccc1
4btl,CC[NH+](CC)CCNS(=O)(=O)c1ccc(Oc2c(Cl)cccc2[N+](=O)[O-])cc1
4dgr,CCC[NH+](CCC)Cc1cc(C(=O)[O-])ccc1N1C(=O)CCC1(CO)CO
3mo0,COc1cc2nc(NCCC[N+](C)C)nc(NC3CC[N+](Cc4ccccc4)CC3)c2cc1OC
5cyv,CC(C)(COP(=O)(O)OP(=O)(O)OCC1OC(n2cnc3c(N)ncnc32)C(O)C1OP(=O)(O)O)C(O)C(=O)NCCC(=O)NCCSC(=O)CCc1ccc(O)cc1
4mm7,C[NH+](C)C[C@@H](c1ccc(O)cc1)C1(O)CCCCC1
6kdx,Cc1cc(C)n2nc(CCNc3ccc4ccccc4n3)nc2n1
6nt2,CCOCC1(COCC)CCC(c2[nH]ncc2C[N@@H+](C)CC[NH2+]C)CC1
1we2,O=C([O-])C1=C[C@@H](O)[C@@H](O)[C@H](O)C1
2zx5,C[C@@H]1[NH2+][C@H](CNC(=O)CCc2c[nH]c3ccccc23)[C@@H](O)[C@H](O)[C@@H]1O
5lp6,COc1cc2c(c(OC)c1OC)-c1ccc(SC)c(=O)cc1[C@H](NC(C)=O)CC2
4x7h,COc1cc2nccc(Oc3ccc(NC(=O)c4c(-c5ccncc5)n(C)n(-c5ccccc5)c4=O)nc3)c2cc1OC
1idb,Cc1cccc(C)c1OCC(=O)N[C@@H](Cc1ccccc1)[C@H](O)C[N@@H+]1CC[C@@H](S(=O)(=O)c2ccncc2)C[C@H]1C(=O)NC(C)(C)C
6mjq,CCCCCCCCCCCCCCCCCCCCCCCCCC(=O)N[C@@H](CO[C@H]1O[C@H](CO)[C@H](OCc2ccc(C(F)(F)F)cc2)[C@H](O)[C@H]1O)[C@H](O)[C@H](O)CCCCCCCCCCCCCC
5dp5,CCOC(=O)CC[C@H](C[C@@H]1CCNC1=O)NC(=O)[C@@H](CC(=O)[C@@H]([NH3+])C(C)C)Cc1ccc(F)cc1
4yrc,Nc1ccc2cccc(O)c2n1
4mw5,COc1cc(Cl)cc(C[NH2+]CCCNC(=O)Nc2ccccc2)c1
1db4,Cc1c(CC(N)=O)c2cc(OCCCP(=O)(O)O)ccc2n1Cc1ccccc1
3nok,CCCCCCCCCC[N+2](C)(C)=O
1wc6,Nc1ncnc2c1ncn2C1OC(COP(=O)(S)OP(=O)(O)OP(=O)(O)O)C(O)C1O
5yy6,Cc1cccc(C)c1-n1c(=O)c2cc(C(=O)[C@@H]3C(=O)CCC[C@H]3O)ccc2n(C)c1=O
4tpm,OCC1CCN(c2nccnc2OC2CN(c3ccc4ccccc4n3)C2)CC1
5m6h,C[C@@H]1C[N@H+](CC(=O)N2CC(C)(C)c3ncc(Cc4ccccc4)cc32)[C@@H](C(=O)N2CCOCC2)C[NH2+]1
1x78,N#CCc1cc(O)cc2cc(-c3ccc(O)cc3)oc12
4flj,CO[C@@H](C(=O)NC[C@@H]1CCCN(C(=O)C2CC2)C1)[C@H](O)[C@@H](O)[C@H](O)/C=C/C(C)(C)C
4ryl,O=C(NCC(=O)N1CCCC1)Nc1ccc2cnccc2c1
2g1y,CCc1nc(N)nc(N)c1-c1ccc2c(c1)N(CCCOC)C(=O)C(C)(C)O2
3d4f,C[C@](COC(=O)Cc1ccc(O)c(O)c1)([C@@H](Nc1c(C=O)cc2ccccn12)C(=O)[O-])[S@@H+](=O)[O-]
4xub,Cc1cn(CCn2cnc(-c3cnn(C)c3)c2-c2ccc(C=N)cc2)nn1
3avb,CC[C@H](C)[C@@H]1NC(=O)[C@H](CCCC[NH3+])NC(=O)[C@H](CC(C)C)NC(=O)[C@H](CO)NC(=O)[C@H](CC(=O)[O-])NC(=O)[C@H](CC(C)C)NC(=O)[C@H](CC(N)=O)NC(=O)[C@H](CC(=O)[O-])NC1=O
4bds,Nc1c2ccccc2nc2ccccc12
4aif,CCC[C@H](NC(=O)[C@@H]([NH3+])CO)C(=O)N[C@@H](CCSC)C(=O)N[C@@H](C)C(=O)N[C@@H](CCC(=O)[O-])C(=O)N[C@H](C(=O)N[C@@H](CC(=O)[O-])C(=O)[O-])C(C)C
1mxo,O=C(Cc1cccs1)N[C@H](B(O)O)c1cccc(C(=O)[O-])c1
1l6y,O=C([O-])CCCCCCCCC(=O)[O-]
3pdc,O=C(CC1CCCC1)Nc1nc2cc(Cl)ccc2o1
3kry,COCC[N@H+]1CC[C@@](C(=O)N=O)(S(=O)(=O)c2ccc(Oc3ccc(OC(F)(F)F)cc3)cc2)CC1
5wdl,CC(=O)[C@H](CCCNC(N)=[NH2+])NC(=O)C[NH3+]
1lhe,CC(=O)N[C@H](Cc1ccccc1)C(=O)N1CCC[C@H]1C(=O)N[C@@H](CCCCC(N)=[NH2+])B(O)O
1bkm,CC(=O)NC(Cc1ccc(OP(=O)(O)O)cc1)C(=O)NC(CCC(=O)O)C(=O)NC(CCC1CCCCC1)C(N)=O
3g1m,O=C(Cc1cccs1)N1CCC(c2nc(-c3cccs3)no2)CC1
6guf,CCn1cnc2c(Nc3cccc(Cl)c3)nc(N[C@@H]3CCCC[C@@H]3[NH3+])nc21
3t2t,CO[C@@H]1O[C@H](CO)[C@H](O)[C@H](OC(=O)c2ccc(C)cc2)[C@@H]1OC(C)=O
2pja,CC(C)C(NC(=O)C(Cc1ccccc1)NC(=O)OCc1ccccc1)P(=O)(O)CC(C(=O)O)c1cccc(NC(=N)N)c1
1slg,C[C@@H](O)[C@H](NC(=O)[C@H](CC(N)=O)NC(=O)[C@H](CCC(N)=O)NC(=O)[C@@H]1CCCN1C(=O)[C@H](Cc1c[nH]cn1)NC(=O)[C@H](CO)NC(=O)[C@@H]([NH3+])Cc1ccccc1)C(=O)[O-]
6fjf,COc1cc2cc(c1Cl)N(C)C(=O)C[C@H](OC(=O)CCCCc1cn(CCCNC(=O)c3ccc(C(=O)[O-])c(-c4c5ccc(=O)cc-5oc5cc(O)ccc45)c3)nn1)[C@]1(C)O[C@H]1[C@H](C)[C@@H]1C[C@@](O)(NC(=O)O1)[C@H](OC)C/C=C/C(C)C2
1a37,[NH3+]CC(=O)NCC(=O)NCC(=O)NC(COP(=O)(O)O)C(=O)NCC(=O)NCC(=O)NCC(=O)O
4xcb,C[NH2+][C@H]1C[C@@H]([NH3+])[C@H](O)[C@@H](O[C@@H]2O[C@H](CO)[C@H](O)[C@@H]3O[C@]4(O[C@H]23)O[C@H]([C@@H]([NH3+])CO)[C@H](O)[C@H](O)[C@H]4O)[C@@H]1O
4mp2,O=C(c1cc(Br)c(O)cc1O)N1Cc2ccccc2C1
5ddb,FC(F)c1nnc(N2CCN(c3ncnc4sc(CC(F)(F)F)cc34)CC2)s1
4h4b,O=C1c2ccc(S(=O)(=O)[O-])cc2C(=O)c2ccc(S(=O)(=O)[O-])cc21
1pi4,O=C(Cc1cccs1)N[C@H](B(O)O)c1ccccc1
6p5w,Cc1ccc([C@H]2c3c(C)nn(-c4ccccc4)c3N[C@@H](O)[C@H]2NC(=O)c2cccc(C)c2)cc1
4qh8,CC[C@H](C)[C@H](NC(=O)[C@H](CC(=O)[O-])NC(=O)[C@H](CS)NC(=O)[C@H](CCC(N)=O)NC(=O)[C@@H](NC(=O)CNC(=O)[C@@H](NC(=O)[C@@H](NC(=O)[C@H](CO)NC(=O)[C@H](CO)NC(=O)[C@H](C)[NH3+])[C@@H](C)O)[C@@H](C)O)[C@@H](C)O)C(N)=O
6d6t,CCOC(=O)c1ncn2c1CN(C)C(=O)c1cc(F)ccc1-2
3gus,O=[N+]([O-])c1ccc(SCCCCCCO)c2nonc12
5w5o,CN1CCN(CCOc2cc3ncc(-c4cc(N)nc(Cl)c4)n3cc2S(=O)(=O)C(C)(C)C)CC1
4bcc,CC(C)(C)OC(=O)NCc1cn([C@H]2C[C@@H](C(=O)N3CCC[C@H]3C=N)N(C(=O)CCCc3ccccc3)C2)nn1
6ge0,COc1cccc([C@@H](C)NC(=O)CN2Cc3ccc(-c4nc(NC5CCOCC5)ncc4Cl)cc3C2=O)c1
4his,O=C([O-])c1ccc2nc(-c3cc(Cl)cc(Cl)c3)oc2c1
5eml,O=C(COc1cccc2cccnc12)NC[C@@H](O)C[N@@H+]1CCc2ccccc2C1
3lj7,O=CNC1CCCCC1
4tk2,CC[C@H](C)[C@H](NC(=O)[C@H](CC(N)=O)NC(=O)[C@@H]([NH3+])Cc1ccccc1)C(=O)N[C@H](C(=O)NCC(=O)N[C@H](C(=O)N[C@H](C(=O)N[C@@H](Cc1ccc(O)cc1)C(=O)N1CCC[C@H]1C(=O)[O-])[C@@H](C)O)[C@@H](C)O)C(C)C
6q6y,O=S(=O)(Nc1cc(-c2ccccc2)cnc1Cl)c1ccccc1
3aje,C[C@@H](O)[C@H]([NH3+])C(=O)[O-]
5h14,Cc1cc(C)n(-c2cc(N3CCc4ccccc4C3)ccc2[N+](=O)[O-])n1
1rhm,O=C([O-])C[C@@H](CO)NC(=O)c1cncc(-c2ccc(C(=O)[O-])cc2)c1
1.00E+03,CO[C@H]1O[C@H](COS(=O)(=O)O)[C@@H](O[C@@H]2O[C@@H](C(=O)[O-])[C@@H](O[C@H]3O[C@H](COS(=O)(=O)O)[C@@H](O[C@@H]4O[C@H](C(=O)[O-])[C@@H](O[C@H]5O[C@H](COS(=O)(=O)O)[C@@H](OC)[C@H](OC)[C@H]5OS(=O)(=O)O)[C@H](OC)[C@H]4OC)[C@H](OS(=O)(=O)O)[C@H]3OS(=O)(=O)O)[C@H](OC)[C@H]2OS(=O)(=O)O)[C@H](OS(=O)(=O)O)[C@H]1OS(=O)(=O)O
4b12,Cc1c(C(=O)CCc2ccccc2)oc2cccc(OC3CC[NH2+]CC3)c12
3k23,COc1ccc(F)cc1C(C)(C)C[C@@](O)(CNc1cc(C)cc2c1cnn2-c1cccc(C(=O)N2CCC[C@@H]2C(N)=O)c1)C(F)(F)F
4lgu,C[NH2+][C@@H](C)C(=O)N[C@H](C(=O)N1C[C@H]2CCC[N@@H+]2C[C@H]1C(=O)N[C@@H]1CCOc2ccccc21)C1CCCCC1
4mw6,C=CCc1cc(Cl)cc(C[NH2+]CCCNC(=O)Nc2ccsc2)c1OCc1ccccc1
4b95,O=C(NCc1ccc(Cl)cc1)[C@@H]1C[C@@H](O)CN1C(=O)c1ccccc1Cl
2zis,Cn1cncc1[C@@](O)(c1ccc(C#N)cc1)c1cc2cc([N+](=O)[O-])cc(-c3cccc(C#N)c3)c2o1
1kyn,O=C(c1ccc2ccccc2c1)C(c1cccc2ccccc12)P(=O)(O)O
5lsc,O=C(CSc1nnc(-c2ccccc2C(=O)[O-])[nH]1)Nc1nc2ccccc2s1
6q39,[NH3+][C@@]1(C(=O)[O-])C[N@@H+](C[C@@H]2CCCC[NH2+]2)C[C@@H]1CCC[B-]([OH2+])([OH2+])[OH2+]
2n14,COc1ccc(C2=N[C@@H](c3cccc(Cl)c3)[C@@H](c3ccc(Cl)cc3)N2C(=O)N2CCNC(=O)C2)c(OC(C)C)c1
5xmr,Cc1n[nH]c2c1[C@](c1cc(-c3ccc(S(=O)(=O)Cc4ccccc4)cc3)cc(C(F)(F)F)c1)(C(C)C)C(C#N)=C(N)O2
3.00E+01,Cc1cc(C#N)cc(Oc2ccc(Cc3n[nH]c4nnccc34)cc2Br)c1
5g42,NC(=O)n1ccc2cc(Cl)ccc21
5jek,CCC(C)C(NC(=O)C(C)NC(=O)C(CC(C)C)NC(=O)C(CC(=O)O)NC(=O)C(CCC(=O)O)NC(=O)C(Cc1ccccc1)NC(=O)C(CS)NC(=O)CNC(=O)C([NH3+])CO)C(=O)NC(COP(=O)(O)O)C(=O)NC(C)C(=O)NC(CO)C(=O)NC(C(=O)NC(CO)C(=O)O)C(C)O
3s53,CC(C)CN(C[C@@H](O)[C@H](Cc1ccccc1)NC(=O)O[C@H]1CO[C@H]2OCC[C@@H]12)S(=O)(=O)c1ccc(N)cc1
3vtc,C=C1[C@H](O)CC(=C/C=C2\CCC[C@@]3(C)[C@H]2CC[C@@H]3[C@H](C)CC#C[C@H](O)C[C@]23C[C@H]4C[C@H](C[C@H](C4)C2)C3)C[C@H]1O
5wag,O=C(O)c1cn(CB(O)OP(=O)(O)O)nn1
3rw9,N=CCCSC[C@H]1O[C@@H](n2cnc3c(N)ncnc32)[C@H](O)[C@@H]1O
4whq,Oc1ccc(F)cc1O
5ale,Oc1ccc(Cl)cc1-c1ccno1
6fgl,CC(=O)N(c1cc(O)ccc1C)c1cn(C(C)=O)c2ccccc12
3e8u,CC(=O)N[C@H](C(=O)N[C@@H](CCC(N)=O)C(=O)NCC(=O)N[C@@H](CO)C(=O)NCC(=O)N[C@@H](C)C(=O)N[C@@H](Cc1ccccc1)C(=O)NCC(=O)N[C@@H](CCCNC(N)=[NH2+])C(N)=O)C(C)C
5wf5,CCNC(=O)[C@H]1O[C@@H](n2cnc3c(NCC(c4ccccc4)c4ccccc4)nc(C(=O)NCCNC(=O)NC4CCN(c5ccccn5)CC4)nc32)[C@H](O)[C@@H]1O
2f18,OC[C@H]([NH2+]C[C@H]1[NH2+]C[C@H](O)[C@@H]1O)c1ccccc1
6f4x,Nc1ncnc2c([C@@H]3O[C@H](CO)[C@@H](O)[C@H]3O)n[nH]c12
5l4e,CCC[C@@H](C)C1(CC)C(=O)NC(=S)NC1=O
5ajp,CC(C)[C@H](NC(=O)[C@@H]1CCCN1C(=O)[C@H](CO)NC(=O)[C@@H]1CCCN1C(=O)[C@@H](NC(=O)[C@@H]([NH3+])[C@@H](C)O)[C@@H](C)O)C(=O)N1CCC[C@H]1C(=O)N[C@H](C(=O)N[C@H](C(=O)N[C@@H](CO)C(=O)N[C@H](C(=O)N[C@H](C(=O)N[C@@H](CO)C(=O)N[C@@H](C)C(N)=O)[C@@H](C)O)[C@@H](C)O)[C@@H](C)O)[C@@H](C)O
2uxx,Cc1cc2c(cc1C)N1C(O)CC(c3ccccc3)C13C(=O)NC(=O)NC3N2CC(O)C(O)C(O)COP(=O)(O)OP(=O)(O)OCC1OC(n2cnc3c(N)ncnc32)C(O)C1O
4m4q,O=c1[nH]c(-c2ccc(F)cc2)c(-c2ccc(-c3nnn[nH]3)cc2)cc1O
5nmf,CC[C@H](C)[C@H](NC(=O)[C@@H](NC(=O)[C@H](CC(N)=O)NC(=O)[C@H](Cc1ccc(O)cc1)NC(=O)[C@H](CC(C)C)NC(=O)[C@@H]([NH3+])CO)[C@@H](C)O)C(=O)N[C@@H](C)C(=O)N[C@H](C(=O)N[C@@H](CC(C)C)C(=O)[O-])[C@@H](C)O
5ech,C/C=C/CC[C@H]1C(=O)CC[C@@H]1CC(=O)[O-]
4p0x,CC(C)C1=CC2=CC(=O)[C@H]3C(C)(C)CCC[C@]3(C)C2=C(O)C1=O
3nfl,CC[C@H](C)[C@H]([NH3+])C(=O)N[C@@H](CCC(=O)[O-])C(=O)N[C@@H](CO)C(=O)N[C@@H](CC(=O)[O-])C(=O)N[C@H](C(=O)[O-])C(C)C
4od9,COc1ccc(CNC(=O)[C@@H](Cc2ccccc2)NC(=[NH2+])NC(=O)Cc2ccc(OC)c(OC)c2)cc1OC
9abp,OC[C@H]1O[C@@H](O)[C@H](O)[C@@H](O)[C@H]1O
5mqx,Nc1ncnc2c1ncn2C1OC(COP(=O)(O)OP(=O)(O)OCC2OC(O)C(O)C2O)C(O)C1O
5aia,O=C([O-])c1cc(C2CCCCC2)ccc1O
2y5l,O=C(Nc1ncc(Br)s1)NS(=O)(=O)c1cccc(Cl)c1
4ncm,C[C@H](Nc1nc(-c2c[nH]c3ncc(Cl)cc23)ncc1F)C(=O)N(C)C
3c3o,CC(C)C[C@H](NC(=O)[C@H](C)NC(=O)[C@H](CCC(=O)[O-])NC(=O)[C@H](CCC(=O)[O-])NC(=O)[C@@H]([NH3+])CC(=O)[O-])C(=O)N[C@@H](CCCC[NH3+])C(=O)N[C@@H](CCC(N)=O)C(=O)N[C@@H](CC(C)C)C(=O)N[C@@H](C)C(=O)N[C@@H](CCC(=O)[O-])C(=O)N[C@@H](Cc1c[nH]c2ccccc12)C(=O)N[C@H](C(=O)N[C@@H](CO)C(=O)[O-])C(C)C
4fs3,Cc1c(CN(C)C(=O)CCc2cnc3c(c2)CCC(=O)N3)oc2ccccc12
3usn,CNC(=O)[C@H](Cc1ccccc1)NC(=O)Nc1nnc(S)s1
2nv7,O/N=C/c1ccc(-c2ccc(O)cc2)c2ccccc12
7cpa,CC(C)C(NC(=O)C(Cc1ccccc1)NC(=O)OCc1ccccc1)P(=O)(O)OC(Cc1ccccc1)C(=O)O
1hge,CO[C@]1(C(=O)[O-])C[C@H](O)[C@@H](NC(C)=O)[C@H]([C@H](O)[C@H](O)CO)O1
2vwf,CC[C@H](C)[C@H]([NH3+])C(=O)N[C@@H](CCC(N)=O)C(=O)N1CCC[C@H]1C(=O)N1CCC[C@H]1C(=O)N1CCC[C@H]1C(=O)N[C@H](C(=O)N[C@@H](CC(N)=O)C(=O)N[C@@H](CCCNC(N)=[NH2+])C(=O)N[C@@H](CC(N)=O)C(=O)N[C@@H](CC(C)C)C(=O)N[C@@H](CCCC[NH3+])C(=O)N1CCC[C@H]1C(=O)N[C@@H](CC(=O)[O-])C(=O)N[C@H](C=O)CCCNC(N)=[NH2+])C(C)C
1avd,O=C([O-])CCCC[C@@H]1SC[C@@H]2NC(=O)N[C@H]12
1u8t,CC[C@H](C)[C@H](NC(=O)[C@@H]([NH3+])CO)C(=O)N[C@@H](CC(C)C)C(=O)N[C@@H](CO)C(=O)N[C@@H](CCC(N)=O)C(=O)N[C@@H](C)C(=O)N[C@@H](CCC(=O)[O-])C(=O)N[C@H](C(=O)N[C@@H](CC(=O)[O-])C(=O)N[C@@H](C)C(=O)N[C@@H](CC(C)C)C(=O)N[C@@H](CC(C)C)C(=O)N[C@@H](CC(N)=O)C(=O)[O-])[C@@H](C)CC
1o0o,Nc1ncnc2c1ncn2C1OC(COP(=O)(O)O)C(O)C1OP(=O)(O)O
3i3d,CC(C)S[C@@H]1O[C@H](CO)[C@H](O)[C@H](O)[C@H]1O
3gv6,C[C@H](NC(=O)[C@@H](NC(=O)[C@@H]([NH3+])CCC(N)=O)[C@@H](C)O)C(=O)N[C@@H](CCCNC(N)=[NH2+])C(=O)N[C@@H](CCCC[N+](C)(C)C)C(=O)N[C@@H](CO)C(=O)[O-]
2ql5,CSCC[C@H](NC(=O)[C@@H]([NH3+])CC(=O)[O-])C(=O)N[C@@H](CCC(N)=O)C(=O)N[C@H](C=O)CC(=O)[O-]
6hy7,NC(=[NH2+])NCCC[C@H](NC(=O)[C@@H]1CSSC[C@@H]2NC(=O)[C@@H](NC(=O)C[NH3+])CSSC[C@H](NC(=O)[C@H](CCCNC(N)=[NH2+])NC(=O)[C@@H]3CCCN3C(=O)[C@H](CC(=O)[O-])NC(=O)[C@H](CO)NC2=O)C(=O)N[C@@H](CCCNC(N)=[NH2+])C(=O)N[C@@H](CC2=CCC(=O)C=C2)C(=O)N[C@@H](CCCNC(N)=[NH2+])C(=O)N1)C(N)=O
6bl1,C[C@@H]1C(=O)[C@H](C#N)C[C@]2(c3ccccc3)c3nc(Nc4ccccc4)ncc3CC[C@@H]12
2q7m,CC(C)(C)Sc1c(CC(C)(C)C(=O)[O-])n(Cc2ccc(Cl)cc2)c2ccc(OCc3ccc4ccccc4n3)cc12
1pcg,CC[C@H](C)[C@H](NC(=O)[C@@H](CS)NC(=O)[C@@H]([NH3+])CCCC[NH3+])C(=O)N[C@@H](CC(C)C)C(=O)N[C@@H](CS)C(=O)N[C@@H](CCCNC(N)=[NH2+])C(=O)N[C@@H](CC(C)C)C(=O)N[C@@H](CC(C)C)C(=O)N[C@@H](CCC(N)=O)C(=O)[O-]
5up3,CC(C)n1cnnc1-c1cccc(N2Cc3ccccc3C2=O)n1
3ued,CC([NH3+])C(=O)NC(CCCNC(=N)N)C(=O)NC(C(=O)NC(CCCC[NH3+])C(=O)NC(C)C(=O)NC(C)C(=O)O)C(C)OP(=O)(O)O
5lyw,Cc1ccccc1OC[C@H]1CCCN1c1ncnc2nc[nH]c12
2ly0,c1csc(-c2cc(C[NH2+][C@]34C[C@H]5C[C@H](C[C@H](C5)C3)C4)no2)c1
3wns,C=CCNC=S
5om9,CC(C)C[C@H](C(=O)[O-])[C@H](C)S
3dtc,CC(C)Oc1ccc2c(ccc3c2c2c(c4c5ccccc5n(CCO)c34)C=NC2=O)c1
6fmk,CC(=O)N[C@@H](C)C(=S)N1C[C@H](O)C[C@H]1C(=S)NCc1ccc(-c2scnc2C)cc1
1bqm,COc1ccc2c(c1)N(C(=O)OC(C)C)[C@@H](CSC)C(=S)N2
4x3e,C[C@H]([NH3+])C(=O)N[C@@H](CCC(N)=O)C(=O)N[C@@H](CCCNC(N)=[NH2+])C(=O)N[C@@H](CCCC[N+](C)(C)C)C(=O)N[C@@H](Cc1ccccc1)C(=O)N[C@@H](C)C(=O)N[C@@H](CCC(N)=O)C(=O)N[C@@H](CO)C(=O)[O-]
1qw7,CCOP(=O)(Cc1ccc(C)cc1)OCC
6b1j,O=CN1C[C@H]([NH2+]OS(=O)(=O)[O-])CC[C@H]1C(=O)NNC(=O)[C@@H]1CCC[NH2+]C1
3u4h,Nc1nc2c(O)n3cnc-2[n+]1C1OC(COP(=O)(O)OP(=O)(O)OCC2OC3C(O)C2O)C(O)C1O
3ewz,N#Cc1cn(C2OC(COP(=O)(O)O)C(O)C2O)c(=O)[nH]c1=O
5tjx,Cc1nc(N)cc2c1CNC(=O)c1cnn(c1)Cc1ccc(Cn3cccn3)cc1OCCC/C=C/CCO2
5qaz,O=C([O-])c1cccc(-c2ccc3[nH]ccc3c2)c1
3v3l,Nc1ncnc2c1ncn2C1OC(COP(=O)(O)O)C(O)C1OC1OC(COP(=O)(O)O)C(O)C1O
1at6,CC(=O)N[C@H]1[C@H](O[C@@H]2[C@@H](CO)O[C@@H](O[C@@H]3[C@@H](CO)O[C@@H](O)[C@H](NC(C)=O)[C@H]3O)[C@H](NC(C)=O)[C@H]2O)O[C@H](CO)[C@@H](O)[C@@H]1O
5gwy,Cc1cc(C(=O)N[C@@H](C)C(=O)N[C@H](C(=O)N[C@@H](CC(C)C)C(=O)N[C@H](/C=C\C(=O)OCc2ccccc2)C[C@@H]2CCNC2=O)C(C)C)no1
4dve,O=C([O-])CCCC[C@@H]1SC[C@@H]2NC(=O)N[C@H]12
5diq,O=C([O-])c1ccccc1OCc1cccc2ccccc12
1v0n,O[C@H]1[C@H](O)CO[C@@H](O[C@@H]2CC[NH2+]C[C@H]2O)[C@@H]1O
1o45,CC(=O)NC(Cc1ccc(OP(=O)(O)O)c(CO)c1)C(=O)NC1CCCCN(Cc2ccc(-c3ccccc3)cc2)C1=O
3dcq,CC[C@H](NC(=O)C[C@@H]1O[C@@H](C)[C@@H](O)[C@@H](O)[C@@H]1O)C(=O)N1CCC[C@H]1C(=O)N[C@@H](CC(C)C)C(N)=O
5nib,CCS(=O)(=O)c1ccc(CC(=O)Nc2cc(-c3cccnc3OCc3cccc(C#N)c3)cs2)cc1
4edz,Cc1cc2ccccc2c(-c2ccc(C(=O)NCC[N+]3CCOCC3)cc2)n1
7hvp,CC[C@H](C)[C@H](NC(=O)[C@@H]1CCC[N@@H+]1C[C@H](O)[C@H](Cc1ccccc1)NC(=O)[C@H](CC(N)=O)NC(=O)[C@H](CC(C)C)NC(=O)[C@H](CO)NC(C)=O)C(=O)N[C@H](C(=O)OC)C(C)C
6fzf,CC(C)C[C@H](NC(=O)[C@H](CC(C)C)NC(=O)[C@H](CC(C)C)NC(=O)[C@H](CCCC[NH3+])NC(=O)[C@H](CCCC[NH3+])NC(=O)[C@H](CC(C)C)NC(=O)[C@H](CC(C)C)NC(=O)[C@H](CO)NC(=O)[C@@H]1CCCN1C(=O)[C@@H]([NH3+])CCC(=O)[O-])C(=O)N[C@@H](C)C(=O)N1CCC[C@H]1C(=O)N[C@@H](C)C(=O)[O-]
3d9p,CC(O)C(NC(=O)C1CCCN1C(=O)C(COP(=O)(O)O)NC(=O)C(Cc1ccc(O)cc1)NC(=O)C(CO)NC(=O)C1CCC[NH2+]1)C(=O)NC(COP(=O)(O)O)C(=O)N1CCCC1C=O
4n7e,Cc1cccc(NC(=O)c2ccc(C(F)(F)F)cc2C(=O)[O-])n1
5oyd,CC(=O)N[C@@H]1O[C@H](CO)[C@@H](O[C@@H]2O[C@H](CO[C@H]3OC[C@@H](O)[C@H](O)[C@H]3O)[C@@H](O[C@@H]3O[C@H](CO[C@H]4OC[C@@H](O)[C@H](O)[C@H]4O)[C@@H](O[C@@H]4O[C@H](CO)[C@@H](O)[C@H](O)[C@H]4O)[C@H](O)[C@H]3O)[C@H](O)[C@H]2O)[C@H](O)[C@H]1O
4p4j,O=C(O)CCC(NP(=O)(O)OCC(NC(=O)c1ccccc1)C(=O)O)C(=O)O
2g79,CC1=C(/C=C/C(C)=C/C=C/C(C)=C/C=O)C(C)(C)CCC1
2lcs,CC[C@H](C)[C@H](NC(=O)[C@H](Cc1ccccc1)NC(=O)[C@H](CCCC[NH3+])NC(=O)C[NH3+])C(=O)N1CCC[C@H]1C(=O)N[C@@H](CO)C(=O)N[C@@H](CCCNC(N)=[NH2+])C(=O)N1CCC[C@H]1C(=O)N[C@@H](C)C(=O)N1CCC[C@H]1C(=O)N[C@@H](CCCC[NH3+])C(=O)N1CCC[C@H]1C(=O)N1CCC[C@H]1C(=O)N[C@@H](CO)C(=O)N[C@@H](CO)C(=O)N[C@@H](C)C(=O)[O-]
1qwu,OC[C@]1(F)OC[C@@H](O)[C@@H](O)[C@@H]1O
3lk0,C[N+](C)CCCN1c2ccccc2Sc2ccc(Cl)cc21
5ai4,CN(CCO)c1ccc(Br)cn1
3zs0,O=c1[nH]c(=S)n(Cc2ccc(F)cc2)c2[nH]cnc12
5b56,C[C@H](NC(=O)CNC(=O)[C@H](CC(N)=O)NC(=O)[C@H](CCCNC(N)=[NH2+])NC(=O)[C@@H](NC(=O)[C@H](CCCNC(N)=[NH2+])NC(=O)[C@H](CCCNC(N)=[NH2+])NC(=O)[C@H](CCC(N)=O)NC(=O)[C@@H]([NH3+])CCC(N)=O)[C@@H](C)O)C(=O)N[C@@H](CO)C(=O)N[C@@H](CCCC[NH3+])C(=O)N[C@@H](CO)C(=O)[O-]
5fbe,COC(=O)c1ccccc1CNC(=O)N1CCC[C@H]1C(=O)Nc1cccc(OC(F)(F)F)c1
4yhq,CC(C)CN(C[C@@H](O)[C@H](Cc1ccccc1)NC(=O)O[C@H]1CO[C@H]2OCC(F)(F)[C@H]21)S(=O)(=O)c1ccc(N)cc1
1utt,CN1c2ccc([C@H]3CN(Cc4ccccc4)C(=O)CO3)cc2CS1(=O)=O
4p4i,O=C(O)CCC(NP(=O)(O)OCC(NC(=O)c1ccccc1)C(=O)O)C(=O)O
2qhc,Cc1cccc(C)c1OCC(=O)N[C@@H](Cc1ccccc1)[C@@H](O)C[C@H](Cc1ccccc1)NC(=O)[C@H](C(C)C)N1CCCNC1=O
4q9m,Cc1onc(-c2ccccc2Cl)c1C(=O)Nc1ccc(C(C)C)cc1
5wqk,Cc1cc(=O)nc(SCC(=O)c2cccc3ccccc23)[nH]1
5kdr,CCCCCC(=O)N[C@@H](CC(=O)N[C@H](C(=O)[C@@H]1C(=O)NC(=O)[C@H]1C)C(C)C)c1ccccc1
4l7b,O=C([O-])[C@H]1CCCC[C@H]1C(=O)N1CCc2ccccc2[C@H]1CN1C(=O)c2ccccc2C1=O
4pkw,CNC(=O)[C@H](Cc1c[nH]c2ccccc12)NC(=O)[C@@H](CC(=O)NO)CC(C)C
6f5u,CC(C)COC[C@@H](CN(Cc1ccccc1)c1ccccc1)[NH+]1CC=CC1
4hzw,CO[C@H]([C@H](O)CO)[C@@H]1OC(C(=O)[O-])=C[C@H](NC(N)=[NH2+])[C@H]1NC(C)=O
3s9y,Nc1c(F)c(=O)[nH]c(=O)n1C1OC(COP(=O)(O)O)C(O)C1O
4fcf,OC[C@H]1O[C@H](O[C@@H]2[C@@H](CO)O[C@@H](OCCCCCCC3CCCCC3)[C@H](O)[C@H]2O)[C@H](O)[C@@H](O)[C@@H]1O
4dxj,CCC[NH2+]CC(P(=O)(O)O)P(=O)(O)O
3st6,C=C(O[C@H]1C=CC=C(C(=O)[O-])C1=O)C(=O)[O-]
3njq,O=C([O-])c1ccc(NC(=O)c2cccc(CC3CCCCC3)n2)c(Cc2ccccc2)c1
4oon,CC(C)(O/N=C(\C(=O)N[C@H](C=O)CO/N=C(\C[C@@H](C(=O)[O-])N1C(=O)c2cc(O)c(O)cc2C1=O)C(=O)[O-])c1csc(N)n1)C(=O)[O-]
5ceo,N#Cc1ccnc(Nc2cc([C@H]3CC[N@H+](C4COC4)CC3)cc(N3CCC(F)(F)C3)n2)c1
1xo2,O=c1c(O)c(-c2ccc(O)c(O)c2)oc2cc(O)ccc12
5yzc,NC(=O)c1ccc([N+](=O)[O-])cc1NC(=O)Cc1ccccc1
3gxz,CC(=O)N[C@H]1[C@H](O[C@@H]2[C@@H](CO)O[C@@H](O)[C@H](NC(C)=O)[C@H]2O)O[C@H](CO)[C@@H](O[C@@H]2O[C@H](CO[C@H]3O[C@H](CO[C@H]4O[C@H](CO)[C@@H](O)[C@H](O)[C@@H]4O[C@H]4O[C@H](CO)[C@@H](O)[C@H](O)[C@@H]4O)[C@@H](O)[C@H](O[C@H]4O[C@H](CO)[C@@H](O)[C@H](O)[C@@H]4O)[C@@H]3O)[C@@H](O)[C@H](O[C@H]3O[C@H](CO)[C@@H](O)[C@H](O)[C@@H]3O[C@H]3O[C@H](CO)[C@@H](O)[C@H](O)[C@@H]3O[C@H]3O[C@H](CO)[C@@H](O)[C@H](O)[C@@H]3O)[C@@H]2O)[C@@H]1O
1kds,O=[N+]([O-])c1cccc(B(O)O)c1
3rwj,CC(C)C[C@H](NC(=O)[C@@H]([NH3+])Cc1c[nH]cn1)C(=O)N[C@@H](CCC(=O)[O-])C(=O)N[C@H](C(=O)N[C@@H](CCC(N)=O)C(=O)NCC(=O)N[C@@H](Cc1ccc(O)cc1)C(=O)N[C@@H](Cc1c[nH]c2ccccc12)C(=O)[O-])C(C)C
4gjc,Cc1ccc(S(=O)(=O)N[C@H]2C[NH2+]C[C@@H](C(=O)NCC3c4ccccc4Oc4ccccc43)C2)cc1
5hf1,CC(C)[C@H](NC(=O)[C@H](CO)NC(=O)[C@H](Cc1ccccc1)NC(=O)[C@H](CCC(N)=O)NC(=O)[C@H](CCCC[NH3+])NC(=O)[C@H](Cc1ccc(O)cc1)NC(=O)[C@H](C)[NH3+])C(=O)[O-]
5ezh,O=C(NCC1CCN(c2ccccn2)CC1)N1CCCC1
6cha,OB(O)CCc1ccccc1
5j71,O=S(=O)(c1ccc(O)cc1O)N1Cc2ccc(NC3CC[NH2+]CC3)cc2C1
6b1f,N#C[C@@H]1CC[C@@H]([NH2+]OS(=O)(=O)[O-])CN1C=O
5pzn,CNC(=O)c1c(-c2ccc(F)cc2)oc2ccc(-c3cccc(C(=O)NC(C)(C)C)c3)cc12
4umj,CCCCC[NH+](C)CCC(O)(P(=O)(O)O)P(=O)(O)O
6kjf,CCC(C)(C)C(=O)O[C@H]1C[C@@H](C)C=C2C=C[C@H](C)[C@H](CC[C@@H](O)C[C@@H](O)CC(=O)[O-])[C@H]21
6rsa,O=c1[c][c]n([C]2O[C]([C][O-])[C]3O[V+9](=O)(=O)(=O)O[C]32)c(=O)[n-]1
2gga,O=C(O)C[NH2+]CP(=O)(O)O
4zt3,Fc1ccc2[nH]c(NCCC[NH2+]Cc3cc(Cl)cc(Cl)c3)nc2n1
4dma,CC[C@H](C)[C@H](NC(=O)[C@H](CCCC[NH3+])NC(=O)[C@@H]([NH3+])Cc1c[nH]cn1)C(=O)N[C@@H](CC(C)C)C(=O)N[C@@H](Cc1c[nH]cn1)C(=O)N[C@@H](CCCNC(N)=[NH2+])C(=O)N[C@@H](CC(C)C)C(=O)N[C@@H](CC(C)C)C(=O)N[C@@H](CCC(N)=O)C(=O)N[C@@H](CCC(=O)[O-])C(=O)NCC(=O)[O-]
4x7o,Cc1nc(N)c2c(-c3ccc4c(ccn4C(=O)Cc4cc(F)cc(C(F)(F)F)c4)c3)cn(C)c2n1
4qws,CC(C)C[C@H](NC(=O)[C@H](CCc1ccccc1)NC(=O)C[NH+]1CCOCC1)C(=O)N[C@@H](Cc1ccccc1)C(=O)N[C@@H](CC(C)C)[C@@H](O)[C@H](C)CO
2ksp,CC(C)C[C@H]([NH3+])C(=O)N[C@@H](CCC(=O)[O-])C(=O)N[C@@H](CO)C(=O)N[C@@H](CCCC[NH3+])C(=O)N1CCC[C@H]1C(=O)N[C@@H](Cc1ccc(O)cc1)C(=O)N[C@@H](CC(N)=O)C(=O)N1CCC[C@H]1C(=O)N[C@@H](Cc1ccccc1)C(=O)N[C@@H](CCC(=O)[O-])C(=O)N[C@@H](CCC(=O)[O-])C(=O)N[C@@H](CCC(=O)[O-])C(=O)N[C@@H](CCC(=O)[O-])C(=O)N[C@@H](CCC(=O)[O-])C(=O)N[C@@H](CC(=O)[O-])C(=O)[O-]
5ivs,COC(=O)N[C@H](C(=O)Nc1ccccc1CC[C@@H]1C[NH2+][C@H](COC(=O)NCc2ccccc2)CO1)C(c1ccccc1)c1ccccc1
3avj,CC[C@H](C)[C@@H]1NC(=O)[C@H](CCCC[NH3+])NC(=O)[C@H](CC(C)C)NC(=O)[C@H](C)NC(=O)[C@H](CC(=O)[O-])NC(=O)[C@H](CCSC)NC(=O)[C@H](CC(N)=O)NC(=O)[C@H](CC(=O)[O-])NC1=O
5qb1,CC(=O)Nc1cccc(-c2cc(C(=O)[O-])cc(-c3cccc(NC(C)=O)c3)c2)c1
3nf9,O=C([O-])c1c(CN2C(=O)Cc3ccc(Cl)cc32)ccc2c1OCO2
6drx,CCN(CC)C(=O)N[C@H]1C=C2c3cccc4[nH]cc(c34)C[C@H]2[N@H+](C)C1
6ms1,CC(C)C[C@H](NC(=O)[C@H](Cc1ccc(O)cc1)NC(=O)[C@H](CO)NC(=O)C[NH3+])C(=O)N[C@H](C(=O)N[C@H](C(=O)N[C@@H](CO)C(=O)N[C@H](C(=O)[O-])C(C)C)[C@@H](C)O)C(C)C
3t0l,O=C(COc1ccccc1P(=O)(O)O)Nc1ccccc1C(F)(F)F
3gyn,CC(C)CC[C@]1(C)CN(C2CCCC2)C(=O)C(C2=Nc3ccc(NS(C)(=O)=O)cc3S(=O)(=O)N2)=C1O
4m5m,[NH2+]=c1[nH]c(=S)c2[nH]cnc2[nH]1
6r12,O=C1C[C@H](NC(=O)Cc2ccccc2)C(=O)N1
5lws,Cc1c(C=O)c(-c2nnc3c4c(C[n+]5cc6c(C)n(C)c(C)c6c(Cl)n5)n(C)c(C)c4cnn23)c(C)n1C
1agw,O=CN1CCN(c2ccc(/C=C3\C(=O)Nc4ccccc43)cc2)CC1
2wxp,CS(=O)(=O)N1CC[NH+](Cc2cc3nc(-c4cccc5n[nH]cc45)nc(N4CCOCC4)c3s2)CC1
1tkc,Cc1nc(C)c(C[n+]2csc(CCOP(=O)(O)OP(=O)(O)O)c2C)c(N)n1
6f7i,CO[C@@H](C)c1c(NC(=O)Nc2cnc(C(=O)N3CCCC3)c(Cl)c2)cnc2cc(Cl)nn12
6bkx,C[C@@H]1C(=O)[C@@H](C#N)C[C@]2(C)c3nc(Nc4ccccc4)ncc3CC[C@@H]12
6sen,CSCC[C@H](NC(=O)[C@@H]1CCCN1C(=O)[C@@H](NC(C)=O)C(C)C)C(=O)N[C@@H](CCCNC(N)=[NH2+])C(=O)N[C@@H](C)C(=O)N[C@@H](CCCNC(N)=[NH2+])C(=O)N[C@@H](CCC(N)=O)C(=O)N[C@@H](CC(C)C)C(=O)N1CCC[C@H]1C(=O)N[C@@H](C)C(=O)N[C@@H](CO)C(=O)N[C@@H](Cc1ccccc1)C(=O)N[C@@H](Cc1c[nH]c2ccccc12)C(=O)N[C@@H](CCC(=O)[O-])C(=O)N[C@@H](CCC(=O)[O-])C(=O)N1CCC[C@H]1C(N)=O
4g55,O=C1N/C(=N/S(=O)(=O)c2cccc3ccccc23)S/C1=C\c1ccc(Br)cc1
1oxq,CC[C@H](C)[C@H](NC(=O)[C@@H]1CCCN1C(=O)[C@@H](NC(=O)[C@H](C)[NH3+])C(C)C)C(=O)[O-]
5h6v,CC(=O)N[C@@H](CCCC[NH3+])C(=O)N[C@H](C=O)CCCNC(N)=[NH2+]
3avk,CC[C@H](C)[C@@H]1NC(=O)[C@H](CCCC[NH3+])NC(=O)[C@H](CC(C)C)NC(=O)[C@H](CO)NC(=O)[C@H](CC(=O)[O-])NC(=O)[C@H](CCC(=O)[O-])NC(=O)[C@H](CC(N)=O)NC(=O)[C@H](CC(=O)[O-])NC1=O
3qak,CCNC(=O)[C@H]1O[C@@H](n2cnc3c(NCC(c4ccccc4)c4ccccc4)nc(C(=O)NCCNC(=O)NC4CCN(c5ccccn5)CC4)nc32)[C@H](O)[C@@H]1O
1meu,O=C1N(Cc2ccc(CO)cc2)[C@H](Cc2ccccc2)[C@H](O)[C@@H](O)[C@@H](Cc2ccccc2)N1Cc1ccc(CO)cc1
3o9h,CCC(CC)CN(C[C@@H](O)[C@H](Cc1ccccc1)NC(=O)O[C@H]1CO[C@H]2OCC[C@@H]12)S(=O)(=O)c1ccc2c(c1)OCO2
2gvz,C/N=C1\CCCC=C1C(=O)OC1C(COP(=O)(O)OP(=O)(O)OP(=O)(O)O)OC(n2cnc3c(N)ncnc32)C1O
3oe6,CC1(C)C[n+]2c(CS/C(=N/C3CCCCC3)NC3CCCCC3)csc2N1
1ong,O=C[C@H]1C=NC(C(=O)[O-])=CS[C@H]1c1cn2c(n1)COCC2
6fbv,CCc1c(Cl)c(O)c(Cl)c(O)c1C(=O)O[C@H]1[C@H](O)[C@H](OC)[C@H](OC/C2=C\C=C\C[C@H](O)/C(C)=C/[C@H](CC)[C@@H](O[C@@H]3OC(C)(C)[C@@H](OC(=O)C(C)C)[C@H](O)[C@@H]3O)/C(C)=C/C(C)=C/C[C@@H]([C@@H](C)O)OC2=O)O[C@@H]1C
5kya,CC(C)[C@@H]1c2nn(-c3cccc(S(C)(=O)=O)c3)cc2CN1c1ncc(CO)c(C(F)(F)F)n1
4eqj,CC(C)[C@H](NC(=O)[C@H](Cc1ccc(O)cc1)NC(=O)[C@H](Cc1ccccc1)NC(=O)[C@@H](NC(=O)[C@H](C)[NH3+])[C@@H](C)O)C(=O)N[C@@H](C)C(=O)[O-]
2hw2,CO[C@H]1/C=C/O[C@@]2(C)Oc3c(C)c(O)c4c(O)c(c(/C=N/N5CC[NH+](C)CC5)c(O)c4c3C2=O)NC(=O)/C(C)=C\C=C\[C@H](C)[C@H](O)[C@@H](C)[C@@H](O)[C@@H](C)[C@H](OC(C)=O)[C@@H]1C
1nd5,O=P(O)(O)C([NH2+]Cc1ccccc1)c1ccccc1
5zdg,Nc1ncnc2c1ncn2C1OC(COP(=O)(O)OP(=O)(O)OCC2OC(O)C(O)C2O)C(O)C1O
4kxm,CC(C)=CCNc1ncnc2c1ncn2C1OC(COP(=O)(O)O)C(O)C1O
4eg5,O=C1C/C(=N\CCC[NH2+]Cc2cc(Cl)cc(Cl)c2)Nc2ccccc21
5w8h,O=C([O-])c1csc(-n2nc(-c3ccc(F)cc3)cc2C(F)(F)F)n1
3g7l,C[C@H](NC(=O)[C@@H](NC(=O)[C@H](CCC(N)=O)NC(=O)[C@@H]([NH3+])CCCC[NH3+])[C@@H](C)O)C(=O)N[C@@H](CCCNC(N)=[NH2+])C(=O)N[C@@H](CCCC[N+](C)(C)C)C(=O)N[C@@H](CO)C(=O)[O-]
2vj1,O=Cc1ccccc1
5i89,C[C@@H]1CC(=O)Nc2cccc(-c3ccc4c(c3)c(C3CC3)nn4C)c2N1
4p4f,O=C(O)CCC(NP(=O)(O)OCc1ccc(-c2ccccc2)cc1)C(=O)O
3ual,N=C(N)NCCCC([NH3+])C(=O)NC(CO)C(=O)NC(Cc1ccccc1)C(=O)NC(COP(=O)(O)O)C(=O)NC(CCC(=O)O)C(=O)N1CCCC1C(=O)NC(Cc1ccccc1)C(=O)NCC(=O)O
3oyn,CCN1C[C@H](C)n2c(c(O)c3c(=O)n(Cc4ccc(F)c(Cl)c4)nc(C(=O)NC)c32)C1=O
6fne,Cc1ccc2c(c1[N+](=O)[O-])C(=O)C[C@@H](C(F)(F)F)O2
6.00E+86,CC(=O)NCCCC[C@H](NC(=O)[C@@H](NC(=O)[C@H](CCCNC(N)=[NH2+])NC(=O)[C@H](C)[NH3+])[C@@H](C)O)C(=O)N[C@@H](CCC(N)=O)C(=O)N[C@H](C(=O)N[C@@H](C)C(=O)N[C@@H](CCCNC(N)=[NH2+])C(=O)[O-])[C@@H](C)O
6d3z,CC[C@H](C)[C@@H]1NC(=O)[C@@H]2CCCN2C(=O)[C@@H]2CCCN2C(=O)[C@H](CCCNC(N)=[NH2+])NC(=O)[C@H](CO)NC(=O)[C@H](CCCC[NH3+])NC(=O)[C@H](Cc2ccc(O)cc2)NC(=O)[C@@H]2CSSC[C@H](NC1=O)C(=O)N[C@@H](Cc1ccccc1)C(=O)N1CCC[C@H]1C(=O)N[C@@H](CC(N)=O)C(=O)N1O[C@H]1C(=O)N[C@@H](CCCNC(N)=[NH2+])C(=O)N2
5enb,Cc1ccccc1NC(N)=S
1vyj,CC[C@H](C)[C@H](NC(=O)[C@H](CCCC[NH3+])NC(=O)[C@H](CCCC[NH3+])NC(=O)[C@H](CCC(N)=O)NC(=O)[C@H](CC(C)C)NC(=O)[C@@H](NC(=O)[C@H](C)NC(=O)[C@@H]([NH3+])CO)C(C)C)C(=O)N[C@H](C(=O)N[C@@H](CC(=O)[O-])C(=O)N[C@@H](Cc1ccc(O)cc1)C(=O)N[C@@H](Cc1ccccc1)C(=O)N[C@@H](Cc1cnc[nH]1)C(=O)N1CCC[C@H]1C(=O)N[C@@H](CCCC[NH3+])C(=O)N[C@@H](CCCC[NH3+])C(=O)[O-])[C@@H](C)O
1g9c,NC(=[NH2+])c1ccc2[nH]c(Cc3nc4ccc(C(N)=[NH2+])cc4[nH]3)nc2c1
6bcr,CC(C)CC(NC(=O)C(NC(=O)C(CC(N)=O)NC(=O)C(CO)NC(=O)C([NH3+])Cc1ccc(O)cc1)C(C)OP(=O)(O)O)C(=O)N1CCCC1C(=O)NC(C(=O)NC(CCCNC(=N)N)C(=O)NC(CCCC[NH3+])C(=O)O)C(C)C
5kez,CC(C)[C@H](NC(=O)[C@H](Cc1c[nH]c2ccccc12)NC(=O)[C@@H]1CSCC(=O)N[C@H](Cc2ccc(O)cc2)C(=O)N2CCC[C@H]2C(=O)N[C@@H](Cc2ccc(O)cc2)C(=O)N[C@@H](CO)C(=O)N1)C(=O)N[C@@H](CCCNC(N)=[NH2+])C(=O)N[C@@H](Cc1c[nH]cn1)C(N)=O
4mzj,CC[C@H](C)[C@H](NC(=O)[C@H](Cc1c[nH]cn1)NC(=O)[C@H](C)NC(=O)[C@H](CCC(N)=O)NC(=O)[C@@H](NC(=O)[C@H](CCCNC(N)=[NH2+])NC(=O)[C@@H]1CCC/C=C\CCC[C@H](NC(=O)[C@H](CC(N)=O)NC(=O)[C@H](CCCC[NH3+])NC(C)=O)C(=O)N2CCC[C@H]2C(=O)N[C@@H](CO)C(=O)N[C@@H](CC(C)C)C(=O)N1)C(C)C)C(=O)N[C@@H](CCCNC(N)=[NH2+])C(=O)N[C@@H](CCCC[NH3+])C(=O)N[C@@H](CCCC[NH3+])C(=O)N[C@@H](CCSC)C(=O)N[C@H](C(=O)[O-])C(C)C
3t1l,CO[C@@H]1O[C@H](CO)[C@H](O)[C@H](OC(=O)c2ccc(C)cc2)[C@@H]1OC(C)=O
4w57,CCCCc1ccccc1
4qvl,CC(C)C[C@H](NC(=O)[C@H](Cc1ccccc1)NC(=O)c1cnccn1)B(O)O
6f9r,CC(=O)N[C@@H](CC(=O)[O-])C(=O)NC[C@H](CC1(C(=O)N[C@@H](Cc2ccc(O)cc2)C(=O)[O-])CCCC1)C(=O)[O-]
5gr9,CC[C@H](C)[C@H](NC(=O)[C@@H]1CCCN1C(=O)[C@H](CC(N)=O)NC(=O)[C@@H]1C[C@@H](O)CN1C(=O)CNC(=O)[C@H](CO)NC(=O)[C@@H]1C[C@@H](O)CN1C(=O)[C@@H](NC(=O)[C@H](CCC(=O)[O-])NC(=O)[C@@H]([NH3+])Cc1c[nH]cn1)C(C)C)C(=O)N[C@@H](CO)C(=O)N[C@@H](CC(N)=O)C(=O)[O-]
5mxo,CC(OP(=O)(O)O)C(NC(=O)C(CCCC[NH3+])NC(=O)C([NH3+])Cc1ccccc1)C(=O)O
5myn,Clc1ccc(Nc2nc(-c3ccccn3)cs2)nc1
5j7s,CCC(=O)Nc1ccccc1Nc1nc(Nc2ccc(N3CC[NH+](C)CC3)cc2)ncc1Cl
4hbn,Nc1ncnc2c1ncn2C1OC2COP(=O)(O)OC2C1O
3zxv,COc1ccc2cc(-c3nc(C(C)(C)C)[nH]c3-c3ccnc(N)c3)ccc2c1
1qxw,CCCC[C@H]([NH3+])C(O)(O)C[NH2+]C1CC1
1vea,[NH3+]C(Cc1cnc[nH]1)C(=O)Nc1ccc2ccccc2c1
2j9h,CCCCCCSC[C@H](NC(=O)CC[C@H]([NH3+])C(=O)[O-])C(=O)NCC(=O)[O-]
2lyw,CC[C@H](C)[C@H](NC(=O)[C@H](Cc1ccc(O)cc1)NC(=O)[C@@H]1CCCN1C(=O)[C@H](CCCNC(N)=[NH2+])NC(=O)[C@H](CCCNC(N)=[NH2+])NC(=O)[C@@H]1CCCN1C(=O)[C@H](CCCC[NH3+])NC(=O)[C@H](CC(N)=O)NC(=O)[C@H](CCC(=O)[O-])NC(=O)[C@H](Cc1ccc(O)cc1)NC(=O)[C@H](CC(C)C)NC(=O)[C@@H]1CCC(=O)N1)C(=O)N[C@@H](CC(C)C)C(=O)[O-]
5yc1,CC(C)C[C@H](NC(=O)[C@@H]([NH3+])CCCNC(N)=[NH2+])C(=O)N[C@@H](CCCNC(N)=[NH2+])C(=O)N[C@@H](C)C(=O)N[C@@H](CCCNC(N)=[NH2+])C(=O)[O-]
2ban,CCc1c(C)[nH]c(=O)c(N(C)CCOC)c1Cc1cccc(C)c1
5d2a,C[C@H](NC(=O)[C@@H]1CCCN1C(=O)[C@H](C)NC(=O)c1ccc(O[C@@H]2O[C@H](CO)[C@H](O)[C@H](O)[C@H]2O)cc1)C(=O)N[C@@H](CCCC[NH+]1OC1(O)[C@H](C)NC(=O)[C@@H]1CCCN1C(=O)[C@H](C)NC(=O)C[C@@H]1O[C@@H](C)[C@@H](O)[C@@H](O)[C@@H]1O)C(=O)N[C@@H](Cc1ccccc1)C(=O)N[C@@H](CS)C(=O)[O-]
2q93,COc1ccccc1-c1ccc(C(=O)[O-])o1
2onc,N#Cc1ccccc1Cn1c(N2CCC[C@@H]([NH3+])C2)[nH+]c2ccccc2c1=O
2l6e,CC[C@H](C)[C@H]([NH3+])C(=O)N[C@H](C(=O)N[C@@H](Cc1ccccc1)C(=O)N[C@@]1(C)CCC/C=C\CCC[C@@](C)(C(=O)N[C@@H](Cc2ccc(O)cc2)C(=O)N[C@@H](Cc2ccc(O)cc2)C(=O)NCC(=O)N[C@@H](CCCC[NH3+])C(=O)N[C@@H](CCCC[NH3+])C(=O)N[C@@H](CCCC[NH3+])C(=O)[O-])NC(=O)[C@H](CC(C)C)NC(=O)[C@H](CC(C)C)NC(=O)[C@H](CC(=O)[O-])NC1=O)[C@@H](C)O
3wab,[NH3+]CCCCC[C@@H](CS)C(=O)[O-]
3q4l,CC(=O)N[C@@H](CCC(N)=O)C(=O)N[C@@H](CC1CCCCC1)C(=O)N[C@@H](CC(=O)[O-])C(=O)N[C@@H](CC(C)C)C(=O)N[C@@H](Cc1ccc(Cl)c(Cl)c1)C(=O)[O-]
6e0q,C=C1C=C(O)C(=O)C(O)C=C1C(=O)[O-]
6oxu,CC[C@H](C)CN(C[C@@H](O)[C@H](Cc1ccccc1)NC(=O)O[C@H]1CO[C@H]2OCC[C@@H]12)S(=O)(=O)c1ccc([C@@H](C)O)cc1
4an1,O=C(NCc1ccccc1)N1CCC[C@H]1C(=O)N1CCC[C@H]1[C@@H](O)CO
2oph,CC(=O)N(C)[C@H]1CC[C@H]([C@H](C)[C@H]([NH3+])C(=O)N2CC[C@H](F)C2)CC1
5n7g,CC(C)CC(NC(=O)C(NC(=O)C(NC(=O)C(COP(=O)(O)O)NC(=O)C1CCCN1C(=O)C(C)[NH3+])C(C)O)C(C)O)C(=O)O
3w0l,O=C(CO)C(O)C(O)C(O)COP(=O)(O)O
5vnb,CC(=O)NCCCC[C@H](NC(=O)[C@H](CCCNC(N)=[NH2+])NC(=O)[C@H](C)NC(=O)[C@H](C)NC(=O)[C@H](CCCCNC(C)=O)NC(=O)[C@@H](NC(=O)[C@H](C)[NH3+])[C@@H](C)O)C(=O)N[C@@H](CO)C(=O)N[C@@H](C)C(=O)N1CCC[C@H]1C(=O)[O-]
5boy,CCOC(=O)c1cc2cc(-c3cncn3C)ccc2[nH]1
5.00E+80,Cc1c(Cl)cccc1NC(=O)CCCn1nc(C)c2c(C)n(-c3ccccc3)nc2c1=O
5ajz,N#Cc1c[nH]c2ccc(Oc3ccc(NC(=O)C[NH3+])cc3)cc12
2n7b,CC(=O)N[C@@H]1[C@@H](O)C[C@](O[C@H]2[C@@H](O)[C@@H](COS(=O)(=O)[O-])O[C@@H](O[C@@H]3[C@@H](CO)O[C@@H](OCCC[NH3+])[C@H](NC(C)=O)[C@H]3O[C@@H]3O[C@@H](C)[C@@H](O)[C@@H](O)[C@@H]3O)[C@@H]2O)(C(=O)[O-])O[C@H]1[C@H](O)[C@H](O)CO
4lw1,O=C([O-])c1ccc(-c2ccc(F)c(Cl)c2)o1
3n5h,O=C([O-])Cc1c(C(=O)[O-])[nH]c2c(Cl)ccc(Cl)c12
5fat,O=CN1C[C@H]([NH2+]OS(=O)(=O)[O-])CC[C@H]1C(=O)NNC(=O)C1C[NH2+]C1
2iiv,C[C@@H]1C(=O)NCCCN1C(=O)C[C@H]([NH3+])Cc1cc(F)c(F)cc1F
5o4z,Nc1ncnc2c1ncn2C1OC(COP(=O)(O)OC2C(COP(=O)(O)O)OC(n3cnc4c(N)ncnc43)C2O)C(O)C1O
4ahv,[NH3+]Cc1ccccc1-n1cccn1
1q9d,CCC[C@@H](C(=O)NCCc1ccc(O)cc1)N1C(=O)[C@@H]2Cc3ccccc3CN2C(=O)[C@@H]1Cc1ccc(O)cc1
1t29,CCC(C)C([NH3+])C(=O)NC(CO)C(=O)NC(CCCNC(=N)N)C(=O)NC(CO)C(=O)NC(C(=O)NC(COP(=O)(O)O)C(=O)N1CCCC1C(=O)NC(C(=O)NC(Cc1ccccc1)C(=O)NC(CC(N)=O)C(=O)NC(CCCC[NH3+])C(=O)NC(CCC(N)=O)C(=O)O)C(C)O)C(C)O
1p10,CC(C)[C@H](NC(=O)[C@@H]1CCCN1C(=O)[C@H](C)NC(=O)[C@H](C)[NH3+])B(O)O
1opi,NC(=[NH2+])NCCC[C@H](NC(=O)[C@H](CO)NC(=O)[C@H](CCCNC(N)=[NH2+])NC(=O)[C@H](CCCC[NH3+])NC(=O)[C@H](CCCNC(N)=[NH2+])NC(=O)[C@H](CCCC[NH3+])NC(=O)[C@H](CCCC[NH3+])NC(=O)[C@H](CO)NC(=O)[C@@H]1CCC[NH2+]1)C(=O)N[C@@H](Cc1c[nH]c2ccccc12)C(=O)N[C@@H](CC(N)=O)C(=O)N[C@@H](CCC(N)=O)C(=O)N[C@@H](CC(=O)[O-])C(=O)[O-]
3zke,CSCC[C@H](NC(=O)CNC(=O)[C@@H]([NH3+])C(C)C)C(=O)N[C@@H](Cc1c[nH]cn1)C(=O)N[C@@H](CO)C(=O)N[C@@H](CCCC[NH3+])C(=O)NCC(=O)N[C@H](C(=O)N[C@@H](CCC(N)=O)C(=O)N[C@H](C(=O)N[C@@H](C)C(=O)[O-])[C@@H](C)O)[C@@H](C)O
1rs4,Nc1nc2nn(-c3cccc(C(=O)NCc4cc(Cl)cc(Cl)c4)c3)nc2c(=O)[nH]1
6sal,O=C([O-])c1ccc(NCc2c(-c3c(Cl)cccc3C(F)(F)F)noc2-c2cc[nH]c2)cc1
3olg,C[C@H]1O[C@H](O[C@@H]2[C@@H](CO)O[C@H](O[C@@H]3C(CO)=C[C@@H]([NH2+][C@H]4[C@H](O)[C@@H](O)[C@@H](O[C@@H]5[C@@H](CO)O[C@H](O[C@@H]6[C@@H](CO)O[C@@H](O)[C@H](O)[C@H]6O)[C@H](O)[C@H]5O)O[C@@H]4C)[C@H](O)[C@H]3O)[C@H](O)[C@H]2O)[C@H](O)[C@@H](O)[C@@H]1[NH2+][C@@H]1C=C(CO)[C@@H](O)[C@H](O)[C@H]1O
3lq4,Cc1ncc(C[n+]2csc(CCOP(=O)(O)OP(=O)(O)O)c2C)c(N)n1
3tkm,Cc1cc(SCc2sc(-c3ccc(C(F)(F)F)c(F)c3)nc2C)ccc1OCC(=O)[O-]
4mk8,COc1c(CCc2ccc(NS(C)(=O)=O)cc2)cc(-c2ccc[nH]c2=O)cc1C(C)(C)C
6g47,CC(=O)N[C@@H]1[C@@H](O)C[C@](O)(C(=O)[O-])O[C@H]1[C@H](O)[C@@H](CO)O[C@]1(C(=O)[O-])C[C@H](O)[C@@H](NC(C)=O)[C@H]([C@H](O)[C@H](O)CO)O1
5dva,O=C([O-])c1cccc(-c2ccncc2)c1
1rhq,CC(=O)N[C@H](C(=O)N[C@H](C=O)CC(=O)[O-])C(C)C
5ksx,Cc1ccc(-c2cc3c(NC(Cc4ccccc4)C(=O)NP(=O)(O)O)ncnc3s2)cc1
6h96,COc1c(NC(=O)c2ccc(NC(=O)c3ccc(N4C(=N)C[C@H](NC(=O)c5ccc(NC(=O)/C(C)=C/c6ccc(O)cc6)cc5)C4=O)cc3)c(OC)c2O)ccc(C(=O)[O-])c1O
4az3,Cc1ccccc1[C@H](CC(=O)[O-])NC(=O)c1cc(OC[C@H](O)C(C)(C)C)n(-c2ccccc2F)n1
4c71,C=C/C(C)=C/[C@@]1(C)SC(=O)C(CCCCN=[N+2]#N)=C1O
2h5d,COC(=O)CCC(=O)N[C@@H](C)C(=O)N[C@@H](C)C(=O)N1CCC[C@H]1C(=O)N[C@H](B(O)O)C(C)C
4yxd,CC(C)Oc1cccc(NC(=O)c2ccccc2C(F)(F)F)c1
2fq6,Cc1ncc(COP(=O)(O)O)c(/C=N/NC(=O)CNC(=O)c2ccccc2C(F)(F)F)c1O
6rni,CS[C@@H]1C[NH2+][C@H](C(=O)N[C@H](C[NH3+])Cc2ccc(-c3ccc(C#N)cc3)cc2)C1
5b5p,O=C(NCc1cccc(OCCSc2ncn[nH]2)c1)c1nc2ccccc2c(=O)[nH]1
1bl4,CC[C@H](C(=O)N1CCCC[C@H]1C(=O)O[C@H](CCc1ccc(OC)c(OC)c1)c1cccc(OCC(=O)[O-])c1)c1cc(OC)c(OC)c(OC)c1
3kc3,Nc1nccc(Nc2cc(-c3cc4ccccc4o3)c3[nH]ncc3c2)n1
4p4e,O=C(O)CCC(NP(=O)(O)OCCCCc1ccccc1)C(=O)O
3lm1,CC(=O)N[C@H]1[C@@H](Oc2ccc([N+](=O)[O-])cc2)O[C@H](CO)[C@H](O)[C@@H]1O
4dcd,CC(C)C[C@H](NC(=O)OCc1ccccc1)C(=O)N[C@H](CO)C[C@@H]1CCNC1=O
6m7i,Nc1c(-c2nn[nH]n2)cnn1-c1ccc(Cl)cc1Cl
3e9h,Nc1ncnc2c1ncn2[C@@H]1O[C@H](COS(=O)(=O)NC(=O)[C@@H]([NH3+])CCCC[NH3+])[C@@H](O)[C@H]1O
6h7m,CC(C)(C)[NH2+]C[C@H](O)c1ccc(O)c(CO)c1
3vrw,C=C1[C@H](O)CC(=CC[C@H]2CCC[C@@]3(C)[C@H]2CC[C@@H]3[C@H](C)[C@@H](CCCC)CC(O)(CC)CC)C[C@H]1O
5trs,COC[C@H](NC(=O)[C@H](CC(=O)NOC(C)(C)C)NC(=O)c1cc(C)on1)C(=O)NCc1cccc2ccccc12
6ezi,CC[C@H](NC(=O)C[NH3+])C(=O)N[C@H](C(=O)N[C@@H](CCCC[NH3+])C(=O)N[C@@H](CCCC[NH3+])C(=O)N[C@H](C(=O)N[C@@H](CCCC[NH3+])C(=O)N[C@@H](CC(C)C)C(=O)[O-])[C@@H](C)O)[C@@H](C)O
6dge,CC(=[NH2+])NCCCC[C@H]([NH3+])C(=O)[O-]
1w6h,CC(C)C[C@H](NC(=O)[C@H](C)NC(=O)C[C@H](O)[C@H](COCc1ccc(Br)cc1)NC(=O)[C@@H](NC(=O)c1ccccn1)C(C)C)C(N)=O
3qup,O=C(c1cc2cc(F)ccc2[nH]1)N1C[C@]2(CC[N@@H+]([C@@H]3CCC[NH2+]C3)C2)c2ccccc21
2ltx,CSCC[C@H](NC(=O)[C@@H]1CCCN1C(=O)[C@H](Cc1ccc(O)cc1)NC(=O)[C@H](CCCNC(N)=[NH2+])NC(=O)[C@H](CO)NC(=O)[C@H](Cc1ccc(O)cc1)NC(=O)[C@@H]1CCCN1C(=O)[C@@H]1CCCN1C(=O)[C@@H]1CCCN1C(=O)[C@@H]1CCCN1C(=O)[C@H](CO)NC(=O)[C@H](CCC(=O)[O-])NC(=O)[C@H](CC(C)C)NC(=O)[C@@H]([NH3+])CCC(=O)[O-])C(=O)N[C@@H](CC(=O)[O-])C(=O)[O-]
6q9s,C[C@@H](c1ccc(Cl)cc1Cl)n1cnc(-c2ccccc2)c1-c1c(C(=O)Nc2cc(C(=O)[O-])ccc2N2CCC(N3CCCOC3=O)CC2)[nH]c2cc(Cl)ccc12
5ewh,Oc1cccc2cnccc12
3d20,CC(C)CN(C[C@@H](O)[C@H](Cc1ccccc1)NC(=O)O[C@H]1CO[C@H]2OCC[C@@H]12)S(=O)(=O)c1ccc(N)cc1
3sm0,CNc1nc2cc3c(=O)[nH]cnc3c(CC[NH2+]CC3CCCC3)c2[nH]1
5i2z,CC(=O)N[C@@H]1[C@@H](OC(C)=O)[C@H](OC(C)=O)[C@@H](COC(C)=O)O[C@H]1n1cc(CN([C@@H](C(=O)[O-])C(C)C)S(=O)(=O)c2ccc(-c3ccccc3)cc2)nn1
5two,O=C(NCc1ccccc1)c1ccc2c(ccn2Cc2ccc(Cl)c(F)c2)c1
5zk3,O=C(O[C@H]1C[N@H+]2CC[C@@H]1CC2)C(O)(c1ccccc1)c1ccccc1
1dis,COc1cc(Cc2cnc(N)nc2N)cc(OCCC[C@@H](CCC(=O)[O-])C(=O)[O-])c1Br
6qyp,CCc1sc2ncnc(O[C@H](Cc3ccccc3)C(=O)[O-])c2c1-c1cc(N2CC[NH+](C)CC2)c(O)c(Cl)c1C
6b67,CCC(C)C1NC(=O)C(COP(=O)(O)O)NC(=O)C(CCSC)NC(=O)CSCC(C(N)=O)NC(=O)C(C)NC(=O)C(C(C)C)NC(=O)C(Cc2ccc(OP(=O)(O)O)cc2)NC1=O
4ezk,CC(C)(O)[C@H]1CC[N@H+](Cc2ccc3nc(-c4cccc5n[nH]cc45)nc(N4CCOCC4)c3n2)CC1
3e0q,[NH3+]C1[NH2+]C(O)NC(=O)C1Br
1u3s,Oc1ccc2cc(-c3noc4cc(O)ccc34)ccc2c1
4zg9,O=C([O-])CCN1C(=O)[C@@H]2Cc3c(n(Cc4ccc(F)cc4)c4ccccc34)CN2C1=O
3m8q,Cc1cc(C#N)cc(C)c1Oc1ccnc(NC2CC[N+](Cc3ccc(S(C)(=O)=O)cc3)CC2)n1
1ax2,CC(=O)N[C@H]1[C@@H](O)O[C@H](CO)[C@@H](O[C@@H]2O[C@H](CO)[C@H](O)[C@H](O)[C@H]2O)[C@@H]1O
5xs8,CC(=O)N[C@H]1[C@H](O)O[C@H](COS(=O)(=O)[O-])[C@H](OS(=O)(=O)[O-])[C@@H]1O[C@@H]1OC(C(=O)[O-])=C[C@H](O)[C@H]1O
5trj,O=C([O-])COc1ccccc1C(=O)Nc1c(OCc2ccc(Cl)cc2)cccc1C(=O)[O-]
6ob0,N#Cc1cc(-c2ccc3c(c2)Oc2ccccc2C=C3C(=O)NCC[NH+]2CCOCC2)ccc1O
2w85,CC(C)C[C@H](NC(=O)[C@H](CCC(=O)[O-])NC(=O)[C@H](CCC(N)=O)NC(=O)[C@H](Cc1ccccc1)NC(=O)[C@H](Cc1ccccc1)NC(=O)[C@H](CCCC[NH3+])NC(=O)[C@H](CCC(=O)[O-])NC(=O)[C@H](CCC(N)=O)NC(=O)[C@@H]([NH3+])CO)C(=O)N[C@@H](Cc1ccccc1)C(=O)N[C@@H](CC(=O)[O-])C(=O)N[C@@H](CO)C(=O)[O-]
6j06,Cc1ccc(C/C(=C\COP(=O)(O)OP(=O)(O)O)CO)cc1
2zmj,C=C1[C@H](O)CC(=C/C=C2\CCC[C@@]3(C)[C@H]2CC[C@@H]3[C@@H](C)/C=C/C[C@@H](O)C[C@]23C[C@H]4C[C@H](C[C@H](C4)C2)C3)C[C@H]1O
3km4,C[NH2+]C[C@H](CC1CCCCC1)NC(=O)N1CCC[C@@H]([C@@](O)(CCCNC(C)=O)c2cccc(Cl)c2)C1
4wkv,CCCCCCCCB([OH2+])[OH2+]
2yjq,OC[C@H]1O[C@@H](O[C@@H]2[C@@H](CO)O[C@@H](O[C@H]3[C@H](O)C[NH2+]O[C@@H]3CO)[C@H](O)[C@H]2O)[C@H](O)[C@@H](O)[C@@H]1O
3vp4,CCc1nnc(N)s1
3mg6,COc1ccc2c(c1)[C@H](CC(=O)N[C@H](C(=O)N[C@@H](CCc1ccccc1)C(=O)NCc1ccc(C)cc1)[C@@H](C)O)CC2=O
4amz,O=C(NCc1ccccc1)C1=CCC[C@H]1C(=O)N1CCC[C@H]1[C@@H](O)CO
2z7g,CCCCCC[C@H]([C@H](C)O)n1cnc2c(N)ncnc21
4aph,CC[C@H](C)[C@H](NC(=O)[C@H](Cc1ccc(O)cc1)NC(=O)[C@@H](NC(=O)[C@H](CCCNC(N)=[NH2+])NC(=O)[C@H](C)[NH3+])C(C)C)C(=O)N[C@@H](Cc1c[nH]cn1)C(N)=O
1xz8,O=c1ccn(C2OC(COP(=O)(O)O)C(O)C2O)c(=O)[nH]1
6h1i,Cc1ccc2cc(C(=O)Nc3cc(NC(=O)c4ccc5c(c4)OCCO5)ccc3C)ccc2n1
6g9h,CN(C(=O)CN1Cc2ccc(-c3nc(NC4CCOCC4)ncc3Cl)cc2C1=O)C(C)(C)C
5ajy,Cn1cc(-c2c[nH]c3ccc(Oc4ccc(NC(=O)C[NH3+])cc4)cc23)cn1
3fqk,CNC(=O)c1c(-c2ccc(F)cc2)oc2cc(N(CCO)S(C)(=O)=O)c(C3CC3)cc12
6ew6,Nc1ncnc(Nc2ccccc2Cl)n1
5fa7,CC(=O)NNC(=O)[C@@H]1CC[C@@H]([NH2+]OS(=O)(=O)[O-])C[N@H+]1CO
2v12,CCCCNC(=O)[C@H](C)C[C@H](O)[C@@H]([NH3+])C[C@H](CNC(=O)c1ccccc1OCCCOC)C(C)C
5lz2,N#Cc1cccc(S(=O)(=O)NC2CC2)c1
4y85,Nc1nnc(-c2c[nH]c3ncc(-c4c[nH]c5ccccc45)cc23)o1
1y2f,Cc1ccc(Nc2nccc(-c3ccnc(N4CC[NH+](CC[NH3+])CC4)c3)n2)cc1Cl
5alk,CCCCc1nc2n[nH]c(N)c2c2c1CSC(C)(C)C2
6hpg,CSCC[C@H](NC(=O)[C@H](CCCC[NH3+])NC(=O)[C@H](CO)NC(=O)C[NH3+])C(=O)N[C@@H](CCC(=O)[O-])C(=O)N[C@@H](CCC(=O)[O-])C(=O)N[C@H](C(=O)N[C@@H](CC(=O)[O-])C(=O)[O-])C(C)C
4hpy,CC(C)C[C@H](NC(=O)[C@H](C)NC(=O)[C@H](Cc1c[nH]cn1)NC(=O)[C@@H](NC(=O)[C@H](CCCC[NH3+])NC(=O)[C@H](CCC(N)=O)NC(=O)[C@H](CCCC[NH3+])NC(=O)[C@@H]([NH3+])CCCC[NH3+])C(C)C)C(=O)N[C@@H](Cc1ccccc1)C(=O)N[C@@H](Cc1ccc(O)cc1)C(=O)N[C@@H](CCCC[NH3+])C(=O)[O-]
3ske,Nc1cc(Cn2c(C(=O)[O-])c(-n3c(=O)[nH]c4cscc4c3=O)c3cc(C(F)(F)F)ccc32)ccn1
3r42,CC(C)[C@H](NC(=O)[C@@H]([NH3+])CCC(N)=O)C(=O)N1CCC[C@H]1C(=O)N[C@@H](CO)C(=O)N[C@@H](CC(=O)[O-])C(=O)N1CCC[C@H]1C(=O)N[C@@H](Cc1ccc(O)cc1)C(=O)N[C@@H](CC(N)=O)C(=O)[O-]
2a4w,Cc1c(N)nc([C@H](CC(N)=O)[NH2+]C[C@H]([NH3+])C(N)=O)nc1C(=O)N[C@H](C(=O)N[C@H](C)[C@@H](O)[C@H](C)C(=O)N[C@H](C(=O)NCCc1nc(-c2nc(C(=O)NCCC[S+](C)C)cs2)cs1)[C@@H](C)O)[C@@H](O[C@@H]1O[C@@H](CO)[C@@H](O)[C@H](O)[C@@H]1O[C@H]1O[C@H](CO)[C@@H](O)[C@H](OC(N)=O)[C@@H]1O)c1cnc[nH]1
6bed,CO[C@H]1/C=C/O[C@@]2(C)Oc3c(C)c(O)c4c(O)c(c(/C=N/N5CC[NH+](C)CC5)c(O)c4c3C2=O)NC(=O)/C(C)=C\C=C\[C@H](C)[C@H](O)[C@@H](C)[C@@H](O)[C@@H](C)[C@H](OC(C)=O)[C@@H]1C
3peq,CCCCN(c1cccc(-c2ccc(SC)cc2)c1C)S(=O)(=O)c1ccc(OCC(=O)[O-])c2ccccc12
5teg,CCCC[C@H](NC(=O)[C@H](CCCNC(N)=[NH2+])NC(=O)[C@H](Cc1cnc[nH]1)NC(=O)[C@H](CCCNC(N)=[NH2+])NC(=O)[C@@H]([NH3+])CCCC[NH3+])C(=O)N[C@H](C(=O)N[C@@H](CC(C)C)C(=O)N[C@@H](CCCNC(N)=[NH2+])C(=O)[O-])C(C)C
6mo0,[NH3+]Cc1ccc(-c2ncc(OCC3CC[NH2+]CC3)nc2-c2ccc(-c3ccoc3)cc2)cc1
1a08,CCCCCN(CCCCC)C(=O)C(CCC(=O)O)NC(=O)C(Cc1ccc(C(F)(F)P(=O)(O)O)cc1)NC(C)=O
6fel,CC(C)CC(NC(=O)C(CO)NC(=O)C(C)[NH3+])C(=O)NC(COP(=O)(O)O)C(=O)NC(C)C(=O)N1CCCC1C(=O)O
4i32,CC[C@H](C)[C@H](NC(=O)[C@H](CCCNC(N)=[NH2+])NC(=O)CNC(=O)[C@@H](NC(=O)[C@@H](NC(=O)[C@@H](NC(=O)[C@@H](NC(=O)[C@H](CO)NC(=O)CNC(=O)C[NH3+])C(C)C)C(C)C)[C@@H](C)CC)C(C)C)C(=O)N[C@H](C(=O)N[C@@H](CC(C)C)C(=O)N[C@@H](CO)C(=O)[O-])[C@@H](C)CC
4bkz,[NH3+]CCCNC(=O)c1n[nH]c2c1ccc1n[nH]c(Nc3cccc(F)c3)c12
4fe6,C/N=C(\C)C1C(=O)Nc2ccc(S(=O)(=O)N(CC(C)C)C[C@@H](O)[C@H](Cc3ccccc3)NC(=O)O[C@H]3CO[C@H]4OCC[C@@H]34)cc21
5k0s,Oc1cc(NCCC[NH2+]Cc2cc(Cl)cc(Cl)c2)nc2ccccc12
2q94,O=C([O-])c1ccc(-c2ccccc2OC(F)(F)F)o1
2n3k,CC[C@H](C)[C@H](NC(=O)[C@H](CCCC[NH3+])NC(=O)[C@H](CC(C)C)NC(=O)[C@@H]1CCCN1C(=O)[C@H](CC(N)=O)NC(=O)[C@H](CCC(N)=O)NC(=O)[C@H](CO)NC(=O)[C@H](CCCNC(N)=[NH2+])NC(=O)[C@H](CCC(N)=O)NC(=O)[C@@H](NC(=O)[C@H](CCCNC(N)=[NH2+])NC(=O)[C@H](Cc1c[nH]c2ccccc12)NC(=O)[C@@H]([NH3+])[C@@H](C)O)C(C)C)C(=O)N[C@@H](CCCNC(N)=[NH2+])C(=O)N[C@@H](CC(C)C)C(=O)N[C@H](C(=O)N[C@@H](CCCNC(N)=[NH2+])C(=O)[O-])[C@@H](C)O
6oco,N#Cc1cnc(-c2cccnc2)nc1N1C[C@@H]2C[C@H]1CN2c1cccc(Cl)c1
6rne,N#Cc1ccc(-c2ccc(C[C@@H](C[NH3+])NC(=O)[C@@H]3C[C@H](F)C[NH2+]3)cc2)cc1
5xmv,Cc1n[nH]c2c1[C@](c1cc(-c3ccccc3Cl)cc(C(F)(F)F)c1)(C(C)C)C(C#N)=C(N)O2
6i10,O=C1c2cnn([C@@H]3CCS(=O)(=O)C3)c2NCN1Cc1ccc(Cl)c(Cl)c1
1tkt,CCCc1c(OC2CCCCC2)c2cc(Cl)ccc2[nH]c1=O
4mk7,COc1ccc(-c2ccc[nH]c2=O)cc1C(C)(C)C
5i38,OCC1C=C(O)C(O)=CO1
6o0h,COC(=O)c1cc(Cl)c(O)c(S(=O)(=O)Nc2cc(-c3ccccc3)c(F)cc2F)c1
4cc6,OCCNc1cc(-c2n[nH]c3cnccc23)nc(C(F)(F)F)c1
6fiv,CC(C)[C@H](NC(=O)[C@H](C)NC(=O)OCc1ccccc1)C(=O)N[C@H](CO)Cc1ccccc1
5l8t,Cc1ncccc1N[C@@H]1CCCS(=O)(=O)C1
2cnh,CN1CCOc2cc(S(=O)(=O)N[C@@H](Cc3ccc([C@@H]4CC(=O)NS4(=O)=O)cc3)c3nc4ccccc4[nH]3)ccc21
4qz2,COc1ccc(C[C@H](NC(=O)[C@H](C)NC(=O)C[NH+]2CCOCC2)C(=O)N[C@@H](Cc2ccccc2)[C@@H](O)[C@H](C)CO)cc1
3gqo,Nc1ncnc2c1ncn2C1OC(COP(=O)(O)OP(=O)(O)OCC2OC(O)C(O)C2O)C(O)C1O
1c2t,Nc1nc2ccc(C[C@H](C(=O)[O-])c3ccc(C(=O)N[C@@H](CCC(=O)[O-])C(=O)[O-])cc3)cc2c(=O)[nH]1
3p8e,CCCC[C@@H]([NH3+])[NH2+]CCC[C@H]([NH3+])C(=O)[O-]
2cbr,CC1(C)CCC(C)(C)c2cc(NC(=O)c3ccc(C(=O)[O-])cc3)ccc21
5n20,CC(=O)Nc1cc(Nc2cc(NC3C=C3)n3ncc(C#N)c3n2)ccc1N1CC[C@@H]([NH+](C)C)C1
1d8e,CC[C@H](C)[C@H](NC(=O)[C@@H](NC(=O)[C@H](CS)NC(=O)[C@H](CCCC[NH3+])NC(=O)[C@@H]([NH3+])[C@@H](C)O)C(C)C)C(=O)N[C@@H](CCSC)C(=O)[O-]
5yy9,CC[C@H](NC(=O)[C@@H]1CCCN1C(=O)[C@H](C)[NH3+])C(=O)N[C@@H](CCCNC(N)=[NH2+])C(=O)N[C@@H](CCCNC(N)=[NH2+])C(=O)N[C@H](C(=O)N[C@@H](C)C(=O)N[C@@H](CCCNC(N)=[NH2+])C(=O)N[C@@H](CCCC[N+](C)(C)C)C(=O)N[C@@H](CCC(N)=O)C(=O)N[C@@H](CC(C)C)C(=O)N1CCC[C@H]1C(=O)[O-])[C@@H](C)O
5svi,C[C@H]([NH3+])C(=O)N[C@@H](CCCNC(N)=[NH2+])C(=O)N[C@H](C(=O)N[C@@H](CCCC[NH3+])C(=O)N[C@@H](CCC(N)=O)C(=O)N[C@H](C(=O)N[C@@H](C)C(=O)N[C@@H](CCCNC(N)=[NH2+])C(=O)[O-])[C@@H](C)O)[C@@H](C)O
4mm9,COCCCC[C@@H]([NH2+]OCC[NH3+])c1ccc(C(F)(F)F)cc1
4wuy,Cc1cn(CC[NH+]2CCN(c3ccccc3-c3cc(C#N)cc(C(=O)NCCC[NH+]4CCCC4)c3)CC2)c2ccccc12
4kb7,CNC(=O)c1c(-c2ccc(F)cc2)oc2cc(N(CC[C@H]3OB([OH2+])c4ccccc43)S(C)(=O)=O)c(C3CC3)cc12
6rqk,OC[C@@H]1[C@@H](O)[C@H](O)[C@H](O)c2nccn21
5n49,Cc1cc2c(cc1N1C(=O)c3cccc4cccc(c34)C1=O)n(C)c(=O)n2C
2mc1,CC(NC(=O)C(Cc1ccc(OP(=O)(O)O)cc1)NC(=O)C1CCCN1C(=O)C(CO)NC(=O)C(CCC(=O)O)NC(=O)C(Cc1ccc(O)cc1)NC(=O)C(NC(=O)C(CCC(=O)O)NC(=O)C(NC(=O)C([NH3+])CC(=O)O)C(C)O)C(C)C)C(=O)NC(CC(=O)O)C(=O)N1CCCC1C(=O)NC(CCC(=O)O)C(=O)O
2yln,[NH3+][C@@H](CS)C(=O)[O-]
6qyo,CCc1sc2ncnc(O[C@H](Cc3ccccc3)C(=O)[O-])c2c1-c1ccc(OCC[N@H+]2CC[N@H+](C)CC2)c(Cl)c1C
1me7,NC(=O)c1ncn(C2OC(COP(=O)(O)O)C(O)C2O)n1
3gk2,C[NH+]1CCN(c2ccccc2/C=N\NC(N)=S)CC1
5oah,O=C(NCCCC[C@H](NC(=O)c1cccc(O)c1O)C(=O)[O-])c1cccc(O)c1O
5djp,O=C([O-])c1cc2c(-c3cccc4ccccc34)cccc2[nH]1
1q4k,CSCCC([NH3+])C(=O)NC(CCC(N)=O)C(=O)NC(CO)C(=O)NC(C(=O)N1CCCC1C(=O)NC(CC(C)C)C(=O)O)C(C)OP(=O)(O)O
4hyb,CC[C@H](C)[C@H](NC(=O)[C@H](CC1CCCCC1)NC(=O)[C@H](Cc1ccc(O)cc1)NC(=O)[C@@H]([NH3+])CC(C)C)C(=O)N1CCC[C@H]1C(=O)N[C@@H](CCCNC(N)=[NH2+])C(=O)N1CCC[C@H]1C(N)=O
3iu8,Fc1ccc(CSc2ncn[nH]2)cc1
3muk,CCC(=O)NCCCC[C@H](NC(=O)[C@@H](NC(=O)[C@H](C)[NH3+])[C@@H](C)O)C(=O)N[C@@H](C)C(=O)N[C@@H](C)C(=O)N[C@@H](C)C(=O)N[C@@H](CCCC[NH3+])C(=O)[O-]
2clo,O=P(O)(O)OCCNS(=O)(=O)c1ccc2ccccc2c1
5yid,CSC[C@H](NC(=O)Cc1ccccc1)C(=O)N[C@@H](Cc1ccccc1)[C@H](O)C(=O)N1[CH]SC(C)(C)[C@H]1C(=O)N[C@H]1c2ccccc2C[C@H]1O
4ocz,CC(C)C(=O)N1CCC(NC(=O)Nc2ccc(C(F)(F)F)cc2)CC1
4hvb,Cc1ccc(-c2ccc3ncc4c(c3n2)n(C2CCN(C(=O)[C@H](C)O)CC2)c(=O)n4C)cn1
3eyl,CC[C@H]([NH3+])C(=O)N[C@@H]1C(=O)N2[C@H](CC[C@H]2C(=O)NC(c2ccccc2)c2ccccc2)CC[C@@H]1CC[NH3+]
4kvm,CC(NC(=O)C(CO)[NH2+]C(O)CSCCNC(=O)CCNC(=O)C(O)C(C)(C)COP(=O)(O)OP(=O)(O)OCc1oc(-n2cnc3c(N)ncnc32)c(O)c1OP(=O)(O)O)C(=O)NC(CO)C(=O)NC(CCC(=O)O)C(=O)O
4lh7,NC(=O)c1cc2c(N)ncc(C(N)=O)c2s1
2bzz,Nc1ncnc2c1ncn2C1OC(COP(=O)(O)OP(=O)(O)OP(=O)(O)OP(=O)(O)OP(=O)(O)OCC2OC(n3cnc4c(N)ncnc43)C(O)C2O)C(O)C1O
6o9b,CC(C)C[C@H](NC(=O)[C@H](CO)NC(=O)[C@@H]1CCCN1C(=O)[C@H](C)NC(=O)[C@@H](NC(=O)[C@@H]([NH3+])[C@@H](C)O)[C@@H](C)O)C(=O)N[C@@H](CO)C(=O)NCC(=O)N[C@@H](CCCC[NH3+])C(=O)[O-]
4k3k,CC(C)CCC(=O)N[C@@H](Cc1ccccc1)C(=O)[O-]
4fcm,[NH3+][C@@H](CO)C(=O)NCC(=O)N[C@@H](Cc1ccccc1)C(=O)N[C@@H](CO)C(=O)N[C@@H](Cc1ccccc1)C(=O)[O-]
6oxt,CC[C@H](C)CN(C[C@@H](O)[C@H](Cc1ccccc1)NC(=O)O[C@H]1CO[C@H]2OCC[C@@H]12)S(=O)(=O)C1CCC([C@H](C)O)CC1
6hbm,OC[C@@H]1O[C@@H](O)[C@H](O)[C@H]1O
6f55,CC[C@H](C)[C@H](NC(=O)[C@@H]1CCCN1C(=O)[C@@H]1CCCN1C(=O)[C@@H]1CCCN1C(=O)[C@H](CC(N)=O)NC(=O)[C@@H]1CCCN1C(=O)[C@H](C)NC(=O)[C@@H]1CCCN1C(=O)CNC(=O)[C@H](CCCC[NH3+])NC(=O)[C@@H]([NH3+])[C@@H](C)O)C(=O)N[C@@H](CC(C)C)C(=O)N[C@@H](CCCC[NH3+])C(=O)N[C@H](C(=O)N[C@@H](Cc1c[nH]c2ccccc12)C(=O)[O-])C(C)C
3vva,C/C(=C\Cc1c(O)c(Cl)c(C)c(C=O)c1O)CC/C=C(\C)[C@H](C)O
6bd1,CSCCC(NC(=O)C(COP(=O)(O)O)NC(=O)C(CO)NC(=O)C(CO)NC(=O)C([NH3+])CCCNC(=N)N)C(=O)NC(C)C(=O)NC(C)C(=O)O
1r5g,CCSCC[C@@H]([NH3+])[C@H](O)C(=O)N[C@@H](C)c1cccc2ccccc12
1r58,CC(C)SCC[C@@H]([NH3+])[C@H](O)C(=O)NNC(=O)c1cccc(Cl)c1
1.00E+72,OC[C@H]1[NH+]=C(NO)[C@H](O)[C@@H](O)[C@@H]1O
3q92,CSc1ccccc1Nc1nc(N2CC[NH2+]CC2)nc2c(NCC3CC3)ncnc12
4q0a,C[C@H](CCC(=O)[O-])[C@H]1CC[C@H]2[C@@H]3CC[C@@H]4C[C@H](O)CC[C@]4(C)[C@H]3CC[C@@]21C
4cd6,OC[C@H]1O[C@@H](O[C@H]2[C@H](O)C[NH2+]C[C@@H]2CO)[C@@H](O)[C@@H](O)[C@@H]1O
4jof,CC[C@H](C)[C@H](NC(=O)[C@@H](NC(=O)[C@H](CO)NC(=O)[C@@H](NC(=O)[C@@H]1CCCN1C(=O)[C@H](CC(C)C)NC(=O)[C@@H]([NH3+])CCCNC(N)=[NH2+])[C@@H](C)O)[C@@H](C)CC)C(=O)[O-]
4j4o,CCc1ccccc1NC(=O)CSc1nc2cccnc2[nH]1
5kzp,CC[C@H](C)[C@@H]1NC(=O)[C@H](CC(C)C)NC(=O)[C@H](CCC(N)=O)NC(=O)[C@@H]([NH3+])CSSC[C@@H](C(=O)N[C@@H](CCCC[NH3+])C(=O)[O-])NC(=O)[C@H](CC(N)=O)NC(=O)[C@H]([C@@H](C)CC)NC(=O)[C@H](Cc2c[nH]cn2)NC(=O)[C@H](Cc2c[nH]c3ccccc23)NC(=O)[C@H](CO)NC(=O)CNC(=O)[C@H](CC(N)=O)NC(=O)[C@H]([C@@H](C)O)NC(=O)[C@H](CC(N)=O)NC1=O
2tsr,Cc1nc2ccc(CN(C)c3ccc(C(=O)N[C@@H](CCC(=O)[O-])C(=O)[O-])s3)cc2c(=O)[nH]1
2q9y,CC[N+](CC)(CC)Cc1ccccc1
2pjc,CC(C)C(NC(=O)C(Cc1ccc(O)cc1)NC(=O)OCc1ccccc1)P(=O)(O)OC(C(=O)O)c1cccc(NC(=N)N)c1
5e8r,CC(C)Oc1ccc(-c2c[nH]cc2C[N@@H+](C)CC[NH3+])cc1
6bg3,C[C@@H](O)O[C@H]1C[N@@H+](Cc2ccccc2)CC[C@@H]1NC(=O)Nc1cccc(C(F)(F)F)c1
5mk1,CC(C)C[C@H](NC(=O)[C@H](C)NC(=O)[C@@H]([NH3+])CCC(=O)[O-])C(=O)N[C@@H](CCCC[NH3+])C(=O)N[C@@H](CCC(N)=O)C(=O)N[C@@H](CC(C)C)C(=O)N[C@@H](C)C(=O)N[C@@H](CCC(=O)[O-])C(=O)N[C@@H](Cc1c[nH]c2ccccc12)C(=O)N[C@H](C(=O)N[C@@H](CO)C(=O)[O-])C(C)C
4lke,NC(=O)CNC(=O)[C@H](Cc1c[nH]c2ccccc12)NC(=O)c1ccc(O[C@@H]2O[C@H](CO)[C@H](O)[C@H](O)[C@H]2O)cc1
2i47,CC#CCOc1ccc(S(=O)(=O)CC2(C(=O)NO)CCN(S(=O)(=O)c3c(C)noc3C)CC2)cc1
2r2l,COC(=O)N1CCC(CN([C@H]2Cc3cc(C#N)ccc3N(Cc3cncn3C)C2)S(=O)(=O)c2ccccn2)CC1
3avz,CC(=O)N[C@@H](CO)C(=O)N[C@@H](C)C(=O)N[C@H](C(=O)N[C@@H](CC1CCCCC1)C(=O)N[C@H](C=O)Cc1c[nH]cn1)C(C)C
1hqh,[NH2+]=C(N=O)NCC[C@H]([NH3+])C(=O)[O-]
2kgi,C[C@H]([NH3+])C(=O)N[C@@H](CCCNC(N)=[NH2+])C(=O)N[C@H](C(=O)N[C@@H](CCCC[N+](C)(C)C)C(=O)N[C@@H](CCC(N)=O)C(=O)N[C@H](C(=O)N[C@@H](C)C(=O)N[C@@H](CCCNC(N)=[NH2+])C(=O)N[C@H](C)CCCC[NH3+])[C@@H](C)O)[C@@H](C)O
1i8j,O=C([O-])CCCCCCCCC(=O)[O-]
3e0p,Cc1ccc(CO[C@@H]2C[C@@H](C(=O)N[C@@H](CCCC[NH3+])[C@H](O)c3nc4ccccc4o3)N(C(=O)[C@@H](CCc3ccccc3)NC(=O)OCc3ccccc3)C2)cc1
3gw5,C[NH2+]C[C@H](CC1CCCCC1)NC(=O)N1CCC[C@@H]([C@@](O)(CCCCOC)c2cccc(Cl)c2)C1
4yyl,O=C(COc1ccc(F)cc1)c1ccc(O)c(O)c1O
5jm4,CCCCCC[C@](C)(NC(=O)CNC(=O)[C@@H]([NH3+])CCC(N)=O)C(=O)N[C@H](C(=O)N[C@@H](CC(=O)[O-])C(=O)N[C@@](C)(CCCCCC)C(=O)N[C@@H](CC(C)C)C(=O)N[C@@H](CC(=O)[O-])C(=O)N[C@@H](CC(C)C)C(=O)N[C@@H](C)C(=O)N[C@@H](CC(C(=O)[O-])C(=O)[O-])C(N)=O)[C@]12C[C@H]3C[C@H](C[C@H](C3)C1)C2
1k2i,O=C/C=C/c1ccc(O)cc1O
4av0,COc1ccc(C#CCO[C@H]2O[C@H](CO)[C@@H](O)[C@H](O)[C@@H]2O)cc1
2euf,CC(=O)c1c(C)c2cnc(Nc3ccc(N4CC[NH2+]CC4)cn3)nc2n(C2CCCC2)c1=O
2pg2,CCN(CC)C(=O)c1c(NC(=O)c2cccs2)sc2c1CCCC2
4ufz,CC(C)(C)c1nc(-c2nccs2)c2c(N)c(C#N)c(N)nc2n1
4tmr,COC(=O)c1ccc(-c2cc(C#N)cc([C@@]3(C(C)C)C(C#N)=C(N)Oc4[nH]nc(C)c43)c2)s1
5wfm,O=C(NCCS(=O)(=O)c1ccccc1)c1nc([C@@H]2CCCN2C(=O)CSc2ccccc2Cl)[nH]c(=O)c1O
6hrw,O=C1C[C@@H]2CC[C@H](C1)[N@@H+]2CCc1ccc(Cl)cc1
3ken,[NH3+][C@@H](CSC(c1ccccc1)(c1ccccc1)c1ccccc1)C(=O)[O-]
6hq3,Nc1ncnc2c1ncn2C1OC2COP(=O)(O)OC2C1O
6qs1,CC[C@H](C)[C@H](NC(=O)[C@H](CCCC[NH3+])NC(=O)[C@@H]1CCCN1C(=O)[C@H](CCCNC(N)=[NH2+])NC(=O)[C@@H]1CCCN1C(=O)[C@@H]1CCCN1C(=O)[C@H](CC(C)C)NC(=O)CNC(=O)[C@@H]1CCC(=O)N1)C(=O)N1CCC[C@H]1C(=O)N1CCC[C@H]1C(=O)[O-]
3fjz,O=C(O)C[NH2+]CP(=O)(O)O
4oef,CO[C@@H]1O[C@@H](C(=O)[O-])[C@@H](O[C@H]2O[C@H](COS(=O)(=O)[O-])[C@@H](O)[C@H](O)[C@H]2NS(=O)(=O)[O-])[C@H](O)[C@H]1OS(=O)(=O)[O-]
4iuu,C[NH2+]CCCC[C@H](NC(=O)[C@H](CCCNC(N)=[NH2+])NC(=O)[C@H](C)NC(=O)[C@@H](NC(=O)[C@H](CCC(N)=O)NC(=O)[C@H](CCCC[NH3+])NC(=O)[C@@H]([NH3+])[C@@H](C)O)[C@@H](C)O)C(=O)N[C@@H](CO)C(=O)[O-]
1htg,CC1(C)S[C@H]([C@H](NC(=O)Cc2ccccc2)C(=O)NCc2ccccc2)[NH2+][C@H]1C(=O)N[C@H](Cc1ccccc1)[C@H](O)CC(=O)NCc1nc2ccccc2[nH]1
2fda,CC(C)[C@H](NC(N)=O)C(=O)N[C@@H](CCCNC(N)=[NH2+])[C@H](O)c1nccs1
6i8b,CC1(C)C(=[NH2+])Nc2cc(OCCC[N@@H+]3Cc4ccc(OCCc5cn(CC(=O)N6CCC(CC[NH+]7CCCC7)CC6)nn5)cc4C3)c(OCC3CC3)cc21
1o4k,O=P(O)(OCc1ccccc1)Oc1ccccc1CO
1y1m,[NH3+]C1(C(=O)[O-])CCCC1
5nvz,CC(=O)C1(C(=O)N[C@H](C(=O)N2C[C@H](O)C[C@H]2C(=O)NCc2ccc(-c3scnc3C)cc2)C(C)(C)C)CC1
3qiz,CO[C@H](C[C@H](CC[N+](C)CCCc1ccc(F)c(C)c1)C(=O)N=O)c1ccc(F)cc1
4z0d,CC[C@H](C)[C@@H]1NC(=O)[C@H](C)NC(=O)[C@H](CCC(N)=O)NC(=O)[C@@H]2CCCN2C(=O)[C@@H]2CCCN2C(=O)[C@H](C)NC(=O)[C@H](CCSC)NC(=O)[C@H](CCCNC(N)=[NH2+])NC(=O)[C@H]([C@@H](C)O)NC(=O)[C@H]([C@@H](C)O)NC(=O)[C@H](Cc2c[nH]c3ccccc23)NC(=O)[C@@H]([NH3+])CSSC[C@@H](C(=O)[O-])NC1=O
5w38,CC(=O)N[C@H]1CO[C@H](CO)[C@@H](O[C@@H]2O[C@H](CO)[C@@H](O[C@@H]3O[C@H](CO)[C@@H](O)[C@H](O)[C@@H]3O)[C@H](O)[C@H]2NC(C)=O)[C@@H]1O
5cqx,CC[C@H](C)[C@H](NC(=O)[C@H](C)NC(=O)[C@H](CCC(=O)[O-])NC(=O)[C@@H]([NH3+])Cc1c[nH]cn1)C(=O)N[C@@H](CC(=O)[O-])C(=O)N[C@@H](Cc1c[nH]c2ccccc12)C(=O)NCC(=O)N[C@@H](CCC(=O)[O-])C(=O)N1CCC[C@H]1C(=O)N[C@@H](CCCC[NH3+])C(=O)N[C@@H](CC(=O)[O-])C(=O)N[C@@H](CCCC[NH3+])C(=O)N[C@@H](CCC(=O)[O-])C(=O)N[C@H](C(=O)N[C@@H](Cc1c[nH]c2ccccc12)C(=O)[O-])C(C)C
5vdr,O=c1nc[nH]c2c1ncn2C1OC2COP(=O)(O)OC3C(COP(=O)(O)OC2C1O)OC(n1cnc2c(=O)nc[nH]c21)C3O
1rst,C[C@H]([NH3+])C(=O)N[C@@H](Cc1c[nH]c2ccccc12)C(=O)N[C@@H](CCCNC(N)=[NH2+])C(=O)N[C@@H](Cc1c[nH]cn1)C(=O)N1CCC[C@H]1C(=O)N[C@@H](CCC(N)=O)C(=O)N[C@@H](Cc1ccccc1)C(=O)NCC(=O)NCC(=O)[O-]
3oad,COCCc1ccc(Cl)c(CN(C(=O)[C@H]2C[NH2+]CC[C@]2(O)c2ccc(OCCOc3c(Cl)cc(C)cc3Cl)nc2)C2CC2)c1
3dvp,CC(C)[C@H](NC(=O)[C@H](CC(=O)[O-])NC(=O)[C@H](CCCNC(N)=[NH2+])NC(=O)[C@@H](NC(=O)[C@H](C)[NH3+])[C@@H](C)O)C(=O)N[C@@H](C)C(=O)N[C@H](C(=O)N[C@@H](CO)C(=O)N1CCC[C@H]1C(=O)[O-])[C@@H](C)O
5ix1,C[C@H]([NH3+])C(=O)N[C@@H](CCCNC(N)=[NH2+])C(=O)N[C@H](C(=O)N[C@@H](CCCC[N+](C)(C)C)C(=O)N[C@@H](CCC(N)=O)C(=O)N[C@H](C(=O)N[C@@H](C)C(=O)N[C@@H](CCCNC(N)=[NH2+])C(=O)N[C@@H](CCCC[NH3+])C(=O)[O-])[C@@H](C)O)[C@@H](C)O
3ns7,Cc1nc2ccccc2n1CCNC(=O)C[C@H](C(=O)N[C@H](CO)CC(=O)[O-])C(C)C
6b22,N#C[C@@H]1CC[C@@H]([NH2+]OS(=O)(=O)[O-])CN1C=O
6b0y,CCC(=O)N1CCN(c2ncnc3cc(-c4ccccc4F)c(Cl)cc23)CC1
5y6d,C[C@H](CS)C(=O)N[C@@H](C(=O)[O-])c1ccc(F)cc1
5ml8,O=S(=O)(c1ccc(S(=O)(=O)N(Cc2ccc(Cl)cc2)C2CCCC2)cc1)N(Cc1ccccc1)CC1CC[NH2+]CC1
3qzq,CCOC(=O)CC[C@H](C[C@@H]1CCNC1=O)NC(=O)[C@@H](CC(=O)[C@@H](NC(=O)c1cc(C)on1)C(C)C)Cc1ccc(F)cc1
3o1d,CC[C@H](C)[C@H](NC(=O)[C@H](CCCC[NH3+])NC(=O)[C@H](Cc1c[nH]cn1)NC(=O)[C@H](C)[NH3+])C(=O)N[C@@H](CC(C)C)C(=O)N[C@@H](Cc1c[nH]cn1)C(=O)N[C@@H](CCCNC(N)=[NH2+])C(=O)N[C@@H](CC(C)C)C(=O)N[C@@H](CC(C)C)C(=O)N[C@@H](CCC(N)=O)C(=O)[O-]
5aki,c1cc(-c2cc(NCC3CCCCC3)n[nH]2)ccn1
2ay7,O=C([O-])CCCc1ccccc1
6b7h,COc1cccc(C(=O)N[C@H]2C[C@@]([NH3+])(C(=O)[O-])[C@@H]3[C@@H](C(=O)[O-])[C@H]23)c1
2hdu,CC(=O)Nc1sccc1C(=O)[O-]
6g28,Nc1ncnc2c1ncn2C1OC(COP(=O)(O)OP(=O)(O)OCC2OC(O)C(O)C2O)C(O)C1O
6njz,CSCC[C@H](NC(=O)[C@@H]1CCCN1C(=O)[C@@H](NC(=O)[C@H](CO)NC(=O)[C@H](CC(=O)[O-])NC(=O)[C@@H]1CCCN1C(=O)[C@H](Cc1ccc(O)cc1)NC(=O)[C@H](C)NC(=O)[C@H](CO)NC(=O)[C@@H]([NH3+])Cc1ccc(O)cc1)C(C)C)C(=O)[O-]
2y5k,CNC(=O)Nc1cc(OC)cc(NC(=O)NS(=O)(=O)c2cc(C)c(CCOC)s2)n1
4z2o,CC(C)C[C@H](NC(=O)[C@H](CO)NC(=O)[C@H](CCC(=O)[O-])NC(=O)[C@H](CO)NC(=O)[C@@H](NC(=O)[C@@H](NC(=O)[C@H](C)NC(=O)[C@@H]([NH3+])C(C)C)[C@@H](C)O)C(C)C)C(=O)N[C@@H](CC(C)C)C(=O)N[C@H](C(=O)N[C@@H](CCC(=O)[O-])C(=O)[O-])[C@@H](C)O
5ejw,Cc1ccccc1Cn1c(=[NH2+])n(C[C@H](O)c2ccc(Cl)c(Cl)c2)c2ccccc21
3nii,CC[C@H](C)[C@H](NC(=O)[C@@H]([NH3+])CCCC[NH3+])C(=O)N[C@@H](C)C(=O)[O-]
4kz5,Cc1onc(-c2ccccc2Cl)c1C(=O)NCC(=O)[O-]
5tq1,CC(C)C(NC(=O)C(CO)NC(=O)C([NH3+])CO)C(=O)NC(Cc1ccc(OP(=O)(O)O)cc1)C(=O)NC(C(=O)N1CCCC1C(=O)NC(CC(=O)O)C(=O)NC(CCC(=O)O)C(=O)O)C(C)C
4mzh,C[C@H]([NH3+])C(=O)N[C@@H](CCCNC(N)=[NH2+])C(=O)N[C@H](C(=O)N[C@@H](CCCC[N+](C)(C)C)C(=O)N[C@@H](CCC(N)=O)C(=O)N[C@H](C(=O)N[C@@H](C)C(=O)[O-])[C@@H](C)O)[C@@H](C)O
6p3w,CC(C)C[C@H](NC(=O)[C@H](CCC(=O)[O-])NC(=O)[C@H](CC(C)C)NC(=O)[C@H](CCCNC(N)=[NH2+])NC(=O)[C@H](CCCC[NH3+])NC(=O)[C@H](CCCNC(N)=[NH2+])NC(=O)[C@H](C)[NH3+])C(=O)[O-]
5kv9,CC(C)C(=O)N[C@@H]1[C@@H](n2cc(-c3ccccc3)nn2)C=C(C(=O)[O-])O[C@H]1[C@H](O)[C@H](O)CO
5eq0,CC[NH+](CC)CCCC[C@H](NC(=O)[C@H](CC(C)C)NC(=O)[C@H](C)NC(=O)[C@H](Cc1ccccc1)NC(=O)c1ccc(C(C)(C)C)cc1)C(=O)N[C@@H](CO)C(=O)OC
5uqx,CCc1c(-c2ccc(C(=O)NC)nc2)cnc(N)c1-c1ccc(O)cc1
4yx9,O=C([O-])Cc1cc(I)c(Oc2ccc(O)c(I)c2)c(I)c1
5g3m,NC(=O)c1ccc(Cc2ccccc2)cc1
3emh,CC(C)[C@H](NC(=O)[C@H](CCC(=O)[O-])NC(=O)[C@H](C)NC(=O)[C@H](CCCNC(N)=[NH2+])NC(=O)[C@H](C)[NH3+])C(=O)N[C@@H](Cc1c[nH]cn1)C(=O)[O-]
6esy,Cc1ccc2c(c1)S[C](c1ccc(N(C)C)cc1)N2C
5tyn,O[B+]c1cc(Br)cc([N+]2=CCC=C2)c1
4ea3,O=C(NCCC[N+]1CCC2(CC1)OCc1ccccc12)[C@H]1CCC[N+]1Cc1ccccc1
2v85,CNC(=[NH2+])NCCC[C@H](NC(=O)[C@H](C)[NH3+])C(=O)N[C@H](C(=O)N[C@@H](CCCC[N+](C)(C)C)C(=O)N[C@@H](CCC(N)=O)C(=O)N[C@H](C(=O)N[C@@H](C)C(=O)N[C@@H](CCCNC(N)=[NH2+])C(=O)N[C@@H](CCCC[NH3+])C(=O)N[C@@H](C)C(=O)N[C@@H](C)C(=O)NCC(=O)[O-])[C@@H](C)O)[C@@H](C)O
5yco,CC(C)C[C@H](NC(=O)[C@H](CC(=O)[O-])NC(=O)[C@H](CC(C)C)NC(=O)[C@H](CC(C)C)NC(=O)[C@@H](NC(=O)[C@@H]([NH3+])CCC(N)=O)[C@@H](C)O)C(=O)N[C@@H](Cc1ccccc1)C(=O)N[C@@H](Cc1ccccc1)C(=O)[O-]
1sts,C[C@@H](O)[C@H](NC(=O)[C@H](CC(N)=O)NC(=O)[C@H](CCC(N)=O)NC(=O)[C@@H]1CCCN1C(=O)[C@H](Cc1c[nH]cn1)NC(=O)[C@H](CS)NC(=O)[C@@H]([NH3+])Cc1ccccc1)C(N)=O
1n1v,CC(=O)N[C@@H]1[C@@H](O)C=C(C(=O)[O-])O[C@H]1[C@H](O)[C@H](O)CO
1c3e,Nc1nc2ccc(C[C@@H](C(=O)[O-])c3ccc(C(=O)N[C@@H](CCC(=O)[O-])C(=O)[O-])cc3)cc2c(=O)[nH]1
1rwx,O=C[C@H](CC(=O)[O-])NC(=O)[C@@H](CCCCNC(=O)c1ccc(Oc2cnc3ccccc3n2)cc1)c1cccs1
6qmd,Cn1nnc2cc([C@H](CC(=O)[O-])c3ccc(Cl)cc3)ccc21
3hx3,CC1=C(/C=C/C(C)=C/C=C\C(C)=C\C=O)C(C)(C)CCC1
3px9,[NH2+]=c1[nH]c(=O)c2ncc(C(=O)NCc3ccco3)nc2[nH]1
4mbp,OC[C@H]1O[C@H](O[C@@H]2[C@@H](CO)O[C@H](O[C@@H]3[C@@H](CO)O[C@H](O[C@@H]4[C@@H](CO)O[C@H](O)[C@H](O)[C@H]4O)[C@H](O)[C@H]3O)[C@H](O)[C@H]2O)[C@H](O)[C@@H](O)[C@@H]1O
2ydm,C=C(C[Se-])C(=O)N1CCC[C@H]1C(=O)[O-]
6cmr,CC1([NH3+])CCN(c2cnc(-c3cccc(Cl)c3Cl)c(N)n2)CC1
5npd,OC[C@H]1[C@@H]2[NH2+][C@@H]2[C@H](O)[C@@H](O)[C@@H]1O
4iuv,C[NH2+]CCCC[C@H](NC(=O)[C@H](CCCNC(N)=[NH2+])NC(=O)[C@H](C)NC(=O)[C@@H](NC(=O)[C@H](CCC(N)=O)NC(=O)[C@H](CCCC[NH2+]C)NC(=O)[C@@H]([NH3+])[C@@H](C)O)[C@@H](C)O)C(=O)N[C@@H](CO)C(=O)N[C@H](C(=O)[O-])[C@@H](C)O
3vqs,O=C(NCc1ccc(OC(F)(F)F)c(F)c1)[C@H]1CN(c2nc3nc(C4CC4)ncc3s2)CCN1S(=O)(=O)c1ccc(C(F)(F)F)cc1
3mxy,CC(C)C(NC(=O)C(Cc1ccc(OP(=O)(O)O)cc1)NC(=O)C[NH3+])C(=O)NC(CC(N)=O)C(=O)N1CCCC1C(=O)NC(C(=O)NC(Cc1ccc(O)cc1)C(=O)O)C(C)O
1nu3,CCCC(CCC)C(N)=O
5n8t,CC(C)C[C@@H]([NH3+])C(=O)N[C@H](Cc1c[nH]c2ccccc12)C(=O)N[C@H](CCC(N)=O)C(=O)N[C@H](Cc1c[nH]cn1)C(=O)N[C@H](CCC(=O)[O-])C(=O)N[C@H](C)C(=O)N[C@@H](C(=O)N[C@H](Cc1c[nH]c2ccccc12)C(=O)N[C@H](CCCC[NH3+])C(=O)[O-])[C@H](C)O
6nng,COc1cc(-c2nccc3[nH]c(-c4ccc5cc[nH]c5c4)nc23)cc(OC)c1OC
5zcu,O=S(=O)(NCc1ccccn1)c1ccc(Br)c2ccccc12
6fvl,CC(=O)N[C@@H](CCC(N)=O)C(=O)N[C@@H](CC1CCCCC1)C(=O)N[C@@H](CC(=O)[O-])C(=O)N[C@@H](CC(C)C)C(=O)N[C@@H](Cc1ccccc1)C(=O)[O-]
5m6u,C[C@H](Nc1ncnc(N)c1C#N)c1nn2cccc2c(=O)n1-c1ccccc1
1u65,CCc1c2c(nc3ccc(OC(=O)N4CCC([NH+]5CCCCC5)CC4)cc13)-c1cc3c(c(=O)n1C2)COC(=O)[C@]3(O)CC
5mwg,Cn1c(=O)c(=O)n(C)c2cc(N3CCCCC3)c(NS(=O)(=O)c3ccc4c(c3)CCCC4)cc21
4odm,CC[C@H](C)[C@H](NC(=O)[C@H](Cc1ccccc1)NC(=O)[C@@H]1CCCN1C(=O)[C@H](CCCC[NH3+])NC(=O)[C@@H]([NH3+])CCSC)C(=O)N[C@@H](Cc1ccccc1)C(=O)[O-]
4jg8,COc1cc(-c2n[nH]c3ccc(C[C@@H](C#N)C(=O)NC(C)(C)CO)cc23)cc(OC)c1OC
5bs0,CC[C@H](C)[C@H](NC(=O)[C@@H]1CCCN1C(=O)[C@H](CC(=O)[O-])NC(=O)[C@H](CO)NC(=O)[C@@H]([NH3+])CCC(=O)[O-])C(=O)N[C@H](C(=O)N[C@@H](C)C(=O)N[C@@H](CCC(N)=O)C(=O)N[C@@H](Cc1ccc(O)cc1)C(=O)[O-])C(C)C
5w1v,CC[C@H](C)[C@H](NC(=O)[C@H](CC(C)C)NC(=O)[C@@H](NC(=O)[C@H](CCCNC(N)=[NH2+])NC(=O)[C@@H]1CCCN1C(=O)[C@H](C)NC(=O)[C@H](CCSC)NC(=O)[C@@H]([NH3+])C(C)C)[C@@H](C)O)C(=O)N[C@@H](CC(C)C)C(=O)[O-]
1f1j,CC(=O)N[C@@H](CC(=O)[O-])C(=O)N[C@@H](CCC(=O)[O-])C(=O)N[C@H](C(=O)N[C@H](CO)CC(=O)[O-])C(C)C
4bxn,Cc1ccc(C(=O)N(CCC[NH3+])[C@@H](C2=C(Cc3ccccc3)C(O)c3ccc(Cl)cc3O2)C(C)C)cc1
3hb8,O=c1ccn(C2CC(O)C(COP(=O)(O)O)O2)c(=O)[nH]1
3h0s,Cc1ccc2c(c1)C(=O)CC1(CCN(C(=O)c3cccc4cn[nH]c34)CC1)O2
5fqc,[NH3+]Cc1ccc(C(=O)N[C@H]2Cc3cccc(C(=O)[O-])c3O[B-]2(O)O)cc1
6jjm,CC(=O)N[C@H]1[C@H](O[C@H]2[C@@H](CO)O[C@@H](O[C@@H]3[C@@H](CO)O[C@@H](O)[C@H](O)[C@H]3O)[C@H](O)[C@H]2O[C@]2(C(=O)[O-])C[C@H](O)[C@@H](NC(C)=O)[C@H]([C@H](O)[C@H](O)CO)O2)O[C@H](CO)[C@@H](O)[C@@H]1O
2woa,O=C([O-])C[C@@H](O)CCc1ccc2c(c1)Cc1ccccc1-2
1g1e,CC[C@H](C)[C@H](NC(=O)[C@H](CC(N)=O)NC(=O)[C@H](CCSC)NC(=O)[C@@H]([NH3+])CCCNC(N)=[NH2+])C(=O)N[C@@H](CCC(N)=O)C(=O)N[C@@H](CCSC)C(=O)N[C@@H](CC(C)C)C(=O)N[C@@H](CC(C)C)C(=O)N[C@@H](CCC(=O)[O-])C(=O)N[C@@H](C)C(=O)N[C@@H](C)C(=O)N[C@@H](CC(=O)[O-])C(=O)N[C@@H](Cc1ccc(O)cc1)C(=O)N[C@@H](CC(C)C)C(=O)N[C@@H](CCC(=O)[O-])C(=O)N[C@@H](CCCNC(N)=[NH2+])C(=O)[O-]
2fjm,COC(=O)c1ccc(C(C/C=C/c2ccccc2)(Cc2ccc(C(F)(F)P(=O)(O)O)cc2)n2nnc3ccccc32)cc1
3muf,O=C(O)C1=CC(OP(=O)(O)O)C(O)C(O)C1
4ng9,CCOc1cc([C@@H](Nc2ccc3c(N)nccc3c2)C(=O)NCc2cccc(S(N)(=O)=O)c2)ccc1OC(C)C
3oag,Cc1cc(Cl)c(OCCOc2ccc([C@H]3CC[NH2+]C[C@@H]3C(=O)N(Cc3cc(C[NH2+]C4CC4)ccc3Cl)C3CC3)cn2)c(Cl)c1
4e5g,O=C([O-])/C(O)=C/C(=O)c1ccccc1
1a86,CC(C)C[C@H](C(=O)NO)C(=O)N[C@@H](CC(=O)[O-])C(=O)NCc1ccccc1
5l01,Nc1nc(O[C@H](c2ccc(Cl)cc2-c2ccccc2)C(F)(F)F)cc(N2CCC3(CC2)C[NH2+][C@H](C(=O)[O-])C3)n1
1rdi,CO[C@@H]1O[C@@H](C)[C@@H](O)[C@@H](O)[C@@H]1O
4jhz,CO[C@H]1CC[C@H](OC)[C@@H](NC(=O)C[N@H+]2CC[N@H+](Cc3ccc4c(c3)OCO4)CC2)C1
1h3c,C=CC[N@@H+](C)CCCCCCOc1ccc2c(-c3ccc(Br)cc3)nsc2c1
5tqf,CN1Cc2cc(ccc2S(=O)(=O)C2CC2)NC(=O)CCc2cccc(c2)[C@@H](Nc2ccc3c(N)nccc3c2)C1=O
1pfy,CSCC[C@H]([NH3+])C(=O)NS(=O)(=O)OC[C@H]1O[C@@H](n2cnc3c(N)ncnc32)[C@H](O)[C@@H]1O
5w7i,CC(C)[C@H](NC(=O)[C@H](C)NC(=O)[C@H](C)NC(=O)[C@@H]1CCCN1C(=O)[C@H](CCC(N)=O)NC(=O)[C@H](CO)NC(=O)[C@H](C)NC(=O)[C@@H](NC(=O)[C@@H](NC(=O)C[NH3+])C(C)C)C(C)C)C(=O)[O-]
1uze,C[C@H]([NH2+][C@@H](CCc1ccccc1)C(=O)[O-])C(=O)N1CC=C[C@H]1C(=O)[O-]
3pa8,CC(=O)NCC(=O)N[C@@H](CO)C(=O)N[C@@H](CC(C)C)C(C)=O
2p8n,Nc1ncnc2[nH]cnc12
1fd7,O=C(NCc1ccccc1)c1cccc(O[C@H]2O[C@H](CO)[C@H](O)[C@H](O)[C@H]2O)c1
4j78,CC(C)C[C@H](NC(=O)[C@H](CC(C)C)NC(=O)[C@H](CCCC[NH3+])NC(=O)[C@@H](NC(=O)[C@@H]([NH3+])CCCC[NH3+])[C@@H](C)O)C(=O)[O-]
6fmf,NC(=[NH2+])NCCC[C@H](NC(=O)c1sccc1NS(=O)(=O)c1cc(-c2ccc(C[NH3+])cc2)cc2ccoc12)C(=O)[O-]
5urk,O=C1CC2=NC(=O)N(c3cccc(OCc4ccccc4)c3)CC2=CN1Cc1ccccc1
5ax9,COc1ccc(C#N)cc1-c1ccnc(Nc2ccc(N3CCOCC3)c(OC)c2)c1
6ccn,CC(C)(CO)[C@@H](O)C(=O)NCCc1nc2c(O)cccc2[nH]1
2b1q,OC[C@H]1O[C@H](O[C@H]2O[C@H](CO)[C@@H](O)[C@H](O)[C@H]2O)[C@H](O)[C@@H](O)[C@@H]1O
6m9f,CC(C)CC(=O)N[C@@H](Cc1ccc(O)cc1)C(=O)N[C@@H](CC(C)C)C(=O)N[C@@H](Cc1ccc(O)cc1)C(=O)[O-]
4tzn,CSCC[C@H]([NH3+])C(=O)N[C@@H](CCCNC(N)=[NH2+])C(=O)N[C@@H](Cc1ccc(O)cc1)C(=O)NCC(=O)N[C@@H](CCC(N)=O)C(=O)N[C@@H](CO)C(=O)N1CCC[C@H]1C(=O)N[C@@H](CC(N)=O)C(=O)N[C@@H](CCSC)C(=O)[O-]
1x8s,CSCC[C@H](NC(=O)[C@H](CCC(=O)[O-])NC(=O)[C@H](CCCNC(N)=[NH2+])NC(=O)[C@@H]([NH3+])Cc1c[nH]cn1)C(=O)N[C@@H](C)C(=O)N[C@H](C(=O)N[C@@H](CC(=O)[O-])C(=O)N[C@@H](CS)C(=O)N1CCC[C@H]1C(=O)[O-])C(C)C
5tus,O=C(N/N=C\c1c(O)ccc2ccccc12)c1ccccc1O
3ith,C=Cc1cc(N(C)C)nc(S(C)(=O)=O)n1
1tg5,CC(C)(C)n1nc(-c2ccc(Cl)cc2Cl)c(C(=O)c2ccc(S(C)(=O)=O)cc2Cl)c1O
2uyi,CCN(CC)C(=O)c1c(NC(=O)c2cccs2)sc2c1C[C@H](C)CC2
1zub,CC[C@H](C)[C@H](NC(=O)CNC(=O)[C@H](CCC(=O)[O-])NC(=O)[C@@H]([NH3+])CCC(=O)[O-])C(=O)N[C@@H](Cc1c[nH]c2ccccc12)C(=O)N[C@@H](C)C(=O)[O-]
4zjj,CCN1c2ccc(F)cc2N=C(N[C@H]2CCN(C(=O)NC(C)(C)C)C2)c2cc(Cl)ccc21
3rt4,CCCCCCCCCCCC(O)CC(=O)NC1C(OP(=O)(O)O)OC(CO)C(O)C1OC(=O)CC(O)CCCCCCCCCCC
3snb,CC(=O)N[C@@H](CC(=O)[O-])C(=O)N[C@@H](CO)C(=O)N[C@@H](Cc1ccccc1)C(=O)N[C@@H](CC(=O)[O-])C(=O)N[C@H](C=O)CCC(N)=O
4len,O=C([O-])/C=C/c1c(B(O)O)sc2ccccc12
4egh,O=C(c1ccc(O)cc1)N1CCOCC1
5i0l,CC(=O)N[C@H]1[C@H](NC(=S)NCCN([C@@H](C(=O)[O-])C(C)C)S(=O)(=O)c2ccc(-c3ccccc3)cc2)O[C@H](COC(C)=O)[C@@H](OC(C)=O)[C@@H]1OC(C)=O
6a6w,CC(C)C[C@H](NC(=O)[C@@H]1CCCN1C(=O)C[NH3+])C(=O)N[C@@H](CO)C(=O)N[C@@H](CC(=O)[O-])C(=O)N[C@@H](CC(N)=O)C(=O)N[C@@H](CCC(=O)[O-])C(=O)N[C@@H](CCC(=O)[O-])C(=O)N[C@@H](Cc1ccccc1)C(=O)N[C@@H](CCC(=O)[O-])C(=O)N[C@@H](CC(N)=O)C(=O)N[C@H](C(=O)N[C@H](C(=O)N[C@@H](CCCC[NH3+])C(=O)N[C@@H](CC(N)=O)C(=O)NCC(=O)N[C@@H](Cc1c[nH]cn1)C(=O)[O-])C(C)C)C(C)C
2qx0,Nc1nc2c(c(=O)[nH]1)N=C(CO)CN2
6mjj,CCCCCCCCCCCCCCCCCCCCCCCCCC(=O)N[C@@H](CO[C@H]1O[C@H](CO)[C@H](OCc2ccc(Cl)c(Cl)c2)[C@H](O)[C@H]1O)[C@H](O)[C@H](O)CCCCCCCCCCCCCC
3v2w,CCCCCCc1cccc(NC(=O)C([NH3+])CCP(=O)(O)O)c1
6bw2,Cc1cc(OCCCc2c3n(c4c(-c5c(C)nn(C)c5C)cccc24)CCCN(Cc2cccc(C(=O)[O-])c2)C3=O)cc(C)c1Cl
3ztd,COC(=O)c1ccc(CNC(=O)[C@@H]2C[C@@H](O)CN2C(=O)Cc2cc(C)no2)cc1
3qw8,NC(=[NH2+])NCCC[C@H](NC(=O)[C@@H]([NH3+])CS)C(=O)NCC(=O)N[C@@H](CS)C(N)=O
5iq6,O=C(N[C@@H](Cc1ccc(O)cc1)C(=O)[O-])c1cc(-c2ccccc2)c(=O)n2c1sc1ccc(OC3CCCCC3)cc12
4urx,Brc1ccc(C[NH+]2CC=CC2)cc1
1tfq,C[NH2+][C@@H](C)C(=O)N[C@H](C(=O)N1CCC[C@H]1C(=O)N[C@@H]1CCCc2ccccc21)C(C)(C)C
3ti8,CO[C@H]([C@H](O)CO)[C@@H]1O[C@@H](C(=O)[O-])C[C@H](NC(N)=[NH2+])[C@H]1NC(C)=O
4iz0,Cc1cc(NS(=O)(=O)c2cc(Cl)c(Cl)cc2Cl)no1
5zgg,O=C(CCc1cccnc1)c1ccccc1O
4mmf,O[C@]1(c2ccc(Cl)cc2)c2ccccc2C2=[N+]1CCN2
4ool,Nc1nc(/C(=N/OCc2cc(=O)c(O)cn2O)C(=O)N[C@H](C=O)CO/N=C(\CCC(=O)[O-])C(=O)[O-])cs1
3gur,[NH3+][C@@H](CCC(=O)N[C@@H](CS[C@]1(SCCCCCCO)C=CC([N+](=O)[O-])c2nonc21)C(=O)NCC(=O)[O-])C(=O)[O-]
5gtr,CC[C@H](C)[C@@H]1NC(=O)C[C@H](NC(=O)[C@@H]([NH3+])CCC[NH2+]C([NH3+])[NH3+])C(=O)NC[C@@H](C(=O)N[C@@H](CCC[NH2+]C([NH3+])[NH3+])C(=O)N[C@@H](CC(C)(C)C)C(=O)N[C@@H](CC(C)(C)C)C(=O)N[C@@H](CCC(N)=O)C(N)=O)NC(=O)[C@H](CC(C)(C)C)NC1=O
4x9v,CC(=O)N1CC2CC1C(=O)NC(CC(C)C)C(=O)NC(C(=O)NC(CO)C(=O)NC(C(N)=O)C(C)OP(=O)(O)O)Cc1cn(c[n+]1CCCCCCCCc1ccccc1)CCCCCCCCO2
5ioy,O=C(NCC1CCCC1)N1CCCC1
3m94,CN(C)c1nc(=O)c2c([nH]1)n(C1OC(COP(=O)(O)OP(=O)(O)O)C(O)C1O)c[n+]2C
4o12,N#CN/C(Nc1ccncc1)=[NH+]\CCCCCCOc1ccc(Cl)cc1
6n53,[N-]=[N+]=NC1C(O)C(COP(=O)(O)O)OC1n1ccc(=O)[nH]c1=O
2flu,CC(C)C[C@H](NC(=O)[C@H](Cc1ccccc1)NC(=O)[C@H](CCC(=O)[O-])NC(=O)CNC(=O)[C@@H](NC(=O)[C@H](CCC(=O)[O-])NC(=O)[C@H](C)NC(=O)[C@H](CC(=O)[O-])NC(=O)[C@H](CC(C)C)NC(=O)[C@H](CCC(N)=O)NC(=O)[C@H](CC(C)C)NC(=O)[C@H](CCC(N)=O)NC(=O)[C@H](C)NC(=O)[C@H](Cc1ccccc1)NC(=O)[C@H](Cc1ccccc1)NC(=O)[C@H](C)[NH3+])[C@@H](C)O)C(=O)[O-]
6asu,Cc1ccc(/C(O)=C/C(=O)C(=O)[O-])cc1
2b7f,CSCC[C@H](NC(=O)[C@@H](NC(=O)C[C@H](O)[C@H](CC(C)C)NC(=O)[C@@H](NC(=O)[C@H](CCC(N)=O)NC(=O)[C@@H]1CCCN1C(=O)[C@H](C)NC(C)=O)C(C)C)C(C)C)C(=O)N[C@@H](Cc1c[nH]cn1)C(=O)N1CCC[C@H]1C(=O)[O-]
4e1e,CCCCCC[NH2+]CC(P(=O)(O)O)P(=O)(O)O
5ezg,O=C(NCC1CCN(c2ncccn2)CC1)N1CCCC1
2ien,CC(C)CN(C[C@@H](O)[C@H](Cc1ccccc1)NC(=O)O[C@H]1CO[C@H]2OCC[C@@H]12)S(=O)(=O)c1ccc(N)cc1
3bti,COc1ccc2c(c1OC)CN1CCc3cc4c(cc3C1=C2)OCO4
1gca,OC[C@H]1O[C@@H](O)[C@H](O)[C@@H](O)[C@H]1O
1nu1,CCCCCCCCCc1cc(O)c2ccccc2[n+]1[O-]
1sqp,CO/C(=C/C(N)=O)[C@H](C)[C@H](/C=C/c1csc(-c2csc([C@@H](C)/C=C/C=C/C(C)C)n2)n1)OC
3hab,CS(=O)(=O)c1ccc2c(c1)nc1n2C[C@H]([NH3+])[C@@H](c2cc(F)c(F)cc2F)C1
4u58,NC(=O)[C@H](CCCC[NH3+])NC(=O)c1ccc(-c2cccnc2)cc1
2w6z,CC(C)=CC[n+]1cnc(N)c2nc[nH]c21
4i80,CC(=O)N[C@@H](CCCNC(N)=[NH2+])C(=O)N[C@@H](Cc1c[nH]c2ccccc12)C(=O)N[C@H]1CCCCCCCNC(=O)[C@@H]2CCCN2C(=O)[C@H](CCCNC(N)=[NH2+])NC(=O)[C@H](C)NC(=O)[C@@H]2CCCN2C(=O)[C@H](Cc2ccccc2)NC1=O
6ei4,Cc1ccccc1C(=O)N1CC[NH+](Cc2ccc(F)cc2)CC1
6oie,C/C=C/C(=O)NCCCC[C@H](NC(=O)CNC(=O)CNC(=O)[C@@H](NC(=O)[C@H](CO)NC(=O)[C@H](CCCC[NH3+])NC(=O)[C@H](CCCNC(N)=[NH2+])NC(=O)[C@H](C)NC(=O)[C@@H](NC(=O)[C@H](CCC(N)=O)NC(=O)[C@H](CCCC[NH3+])NC(=O)[C@@H](NC(=O)[C@H](CCCNC(N)=[NH2+])NC(=O)[C@H](C)[NH3+])[C@@H](C)O)[C@@H](C)O)[C@@H](C)O)C(=O)N[C@@H](C)C(=O)N1CCC[C@H]1C(=O)[O-]
6ijl,CCCOC(=O)N1CCN(C(=O)c2ccc3ccc(-c4ccc(C5([NH3+])CC5)cc4)nc3c2)C[C@H]1C
3n45,O=C([O-])[C@@H]1Cc2ccccc2N1C(=O)OCc1ccccc1
5z89,COCCOCCOCCOCCOCCOc1ccc(C(C)(C)CC(C)(C)C)cc1
4y3b,CC(C)CC(NC(=O)C(COP(=O)(O)O)NC(=O)C1CCCN1C(=O)C(NC(=O)C([NH3+])CCCNC(=N)N)C(C)O)C(=O)N1CCCC1C(=O)NC(C(=O)O)C(C)O
5all,C[C@@H]1C[C@H](C[NH3+])C[C@H](CO)C1
1t2v,CC[C@H](C)[C@H](NC(=O)[C@H](CC(=O)[O-])NC(=O)[C@H](Cc1ccc(O)cc1)NC(=O)[C@H](C)NC(=O)[C@H](C)NC(=O)C[NH3+])C(=O)N[C@@H](CO[P+](O)(O)O)C(=O)N[C@@H](CCC(N)=O)C(=O)N[C@H](C(=O)N[C@@H](Cc1ccccc1)C(=O)N1CCC[C@H]1C(=O)N[C@@H](Cc1ccccc1)C(=O)N[C@@H](C)C(=O)N[C@@H](C)C(=O)O)C(C)C
4cfm,Cc1ccccc1-c1nc2c(OCC3CCCCC3)nc(N)nc2[nH]1
5vjn,O=P(O)(O)OCC1[NH2+]C(COP(=O)(O)O)C(O)C1O
6qfq,Cc1n[nH]c(C)c1-c1cccc2c(CCCOc3cccc4ccccc34)c(C(=O)[O-])[nH]c12
4eqc,CCn1c(=O)c(-c2ccc(-c3cncs3)cc2Cl)cc2cnc(Nc3ccc(N4CC[NH+](C)CC4)cc3)nc21
5ur6,Cc1ccc(CS(=O)(=O)Nc2ccc(C#N)c(C3CC3)c2)cc1
4uwf,O=c1cc(N2CCOCC2)[nH+]c2n1CC[C@@H](C(F)(F)F)N2c1cc(F)cc(F)c1
5m34,CC1=C2N3=C(C=C4N5=C(C(C)=C6N7[C@H]([C@H](CC(N)=O)[C@@]6(C)CCC(=O)NC[C@@H](C)O)[C@]6(C)N(=C1[C@@H](CCC(N)=O)[C@]6(C)CC(N)=O)[Co+2]753)[C@@H](CCC(N)=O)C4(C)C)[C@@H](CCC(N)=O)[C@]2(C)CC(N)=O
1zpc,CC(C)[C@H](NC(=O)[C@H](O)c1cccc(Cl)c1)C(=O)N[C@@H](CCCNC(N)=[NH2+])[C@H](O)c1nccs1
5v49,CN(CC[NH2+][C@@H]1CCNc2c(Cl)cc(Cl)cc21)c1nc2nc(Cl)ccc2[nH]1
2chz,CC(=O)Nc1nc(C)c(-c2ccc(Cl)c(S(=O)(=O)NCCO)c2)s1
3px8,[NH2+]=c1[nH]c(=O)c2ncc(C(=O)[O-])nc2[nH]1
6fkz,CC(C)C[C@H](NC(=O)[C@@H](NC(=O)CNC(=O)c1ccccc1)C(C)C)C(=O)N[C@@H](CCCCNC(=O)C[C@H](Sc1ccccc1)C(=O)[O-])C(=O)N[C@@H](CCC(=O)[O-])C(=O)N[C@@H](Cc1ccc(O)cc1)C(=O)NCC(=O)N[C@H](C(=O)[O-])C(C)C
4g34,Nc1nccc2scc(-c3ccc4c(ccn4C(=O)Cc4ccccc4)c3)c12
4dhm,O=C(COc1ccccc1P(=O)(O)O)Nc1cccc(C(F)(F)F)c1
1juy,O=C1NC(=O)C2(N1)OC(COP(=O)(O)O)C(O)C2O
6gj5,O=C1N[C@H](c2c([C@H]3CCC[NH2+]3)[nH]c3ccccc23)c2ccccc21
5vqu,Cc1c(Oc2ccccc2OCCn2ccc(=O)[nH]c2=O)cc(N(C)C(=O)CF)c2ccc(C#N)cc12
2nmy,CC(C)(C)NC(=O)[C@@H]1C[C@@H]2CCCC[C@@H]2C[N@H+]1C[C@@H](O)[C@H](Cc1ccccc1)NC(=O)[C@H](CC(N)=O)NC(=O)c1ccc2ccccc2n1
4x3i,C[C@H]([NH3+])C(=O)N[C@H](C(=O)N[C@@H](CCCNC(N)=[NH2+])C(=O)N[C@@H](CC(N)=O)C(=O)N[C@@H](Cc1ccccc1)C(=O)N[C@@H](CO)C(=O)NCC(=O)[O-])[C@@H](C)O
6b1y,N=C1CC[C@@H](C(=O)NNC(=O)[C@@H]2CC[NH2+]C2)N(C=O)C1
4py2,O=C(NCCC[NH2+]Cc1cc(Cl)cc(Cl)c1)Nc1ccsc1
3dbs,CS(=O)(=O)N1CC[NH+](Cc2cc3nc(-c4cccc5[nH]ncc45)nc(N4CCOCC4)c3s2)CC1
3fyz,C[C@](COC(N)=O)([C@@H](Nc1c(CO)cc2cc(C(N)=O)ccn12)C(=O)[O-])[S@@H+](=O)[O-]
5o5f,CCn1c(=O)c(=O)[nH]c2cc(C(=O)N[C@H](c3cccc(F)c3)c3nccn3C)ccc21
5tks,COC(=O)Nc1ccc2c(c1)CCCCCCC[C@H](NC(=O)/C=C/c1cc(Cl)ccc1-n1cnnn1)c1nc-2c(Cl)[nH]1
5i22,CC(C)C[C@H](NC(=O)[C@H](CC(N)=O)NC(=O)[C@H](CCCNC(N)=[NH2+])NC(=O)CNC(=O)[C@H](CCCNC(N)=[NH2+])NC(=O)[C@H](CCCNC(N)=[NH2+])NC(=O)[C@H](CCCNC(N)=[NH2+])NC(=O)[C@H](CCCNC(N)=[NH2+])NC(=O)[C@@H]1CCCN1C(=O)[C@@H]1CCCN1C(=O)[C@H](C)NC(=O)[C@@H](NC(=O)[C@@H]1CCCN1C(=O)[C@@H](NC(=O)[C@@H](NC(=O)[C@@H]([NH3+])CO)[C@@H](C)O)C(C)C)C(C)C)C(=O)N[C@H](C(=O)[O-])[C@@H](C)O
6peb,O=C(Nc1ccc(CN2C(=O)c3ccccc3C2=O)cc1)N1CC(c2cccnc2)C1
4gts,COc1ccc(S(=O)(=O)N2Cc3cc(-c4ccc(C=O)o4)ccc3N(Cc3cncn3C)C[C@H]2Cc2ccc(O)cc2)cc1
2yne,Cc1nn(C)c(C)c1Cc1nnc(-c2sc3ccccc3c2OC2CC[NH2+]CC2)o1
4edu,CCC[C@H](NC(=O)[C@H](CC(C)C)NC(=O)[C@H](CC(C)C)NC(=O)[C@H](CCCNC(N)=[NH2+])NC(=O)[C@H](Cc1c[nH]cn1)NC(=O)[C@H](C)[NH3+])C(=O)N[C@@H](CCCC[NH2+]C)C(=O)NCC(=O)[O-]
6iot,NC(=[NH2+])NCCC[C@H]([NH3+])C(=O)[O-]
5u5h,COc1ccc(F)c(C[C@@H]2CCc3c(C(C)C)nc(N)n3C2)c1
6ggg,CNC(=O)C[C@H]1COc2cc(F)c(CC(C)C)cc2N1C(=O)c1ccc2c(c1)NC(=O)CO2
2bgd,COc1ccc(-c2ccccc2)cc1N1CC(=O)NS1(=O)=O
2eg8,O=C([O-])c1[nH]c(=O)[nH]c(=O)c1F
3ur9,COC(=O)N[C@@H](CC(C)C)C(=O)N[C@H](CO)C[C@@H]1CCNC1=O
5l44,CCC(C)C(NC(C)=O)C(=O)NC(Cc1ccc(O)cc1)C(=O)NC(Cc1ccc(O)cc1)P(=O)(O)O
4r1e,CC[C@H](C)[C@H](NC(=O)[C@H](Cc1c[nH]cn1)NC(=O)[C@H](C)NC(=O)[C@H](CCC(N)=O)NC(=O)[C@@H](NC(=O)[C@H](CCCNC(N)=[NH2+])NC(=O)[C@H](CC(C)C)NC(=O)[C@H](CC(C)C)NC(=O)[C@H](CO)NC(=O)C[NH3+])C(C)C)C(=O)N[C@@H](CCCNC(N)=[NH2+])C(=O)N[C@@H](CCCC[NH3+])C(=O)N[C@@H](CCCC[NH3+])C(=O)N[C@@H](CCSC)C(=O)N[C@H](C(=O)[O-])C(C)C
1o5p,C[NH2+][C@H]1[C@@H](O[C@@H]2/C3=C/C#C[C@H]4O[C@@]4([C@H]4COC(=O)O4)C#CC3=C[C@H]2OC(=O)c2c(O)ccc3c(C)cc(OC)cc23)O[C@H](C)[C@H](O)[C@@H]1O
3qpo,COc1cc2ncnc(N3CCC[C@@H](c4ccccc4)C3)c2cc1OCCc1ccccn1
4an9,O=C(c1ccc(F)c(F)c1Nc1ccc(I)cc1F)N1CC(O)C1
6ibv,[OH2+][B-]([OH2+])([OH2+])c1cc2cc(CBr)ccc2s1
3l0e,Cn1cnc(S(=O)(=O)N(Cc2ccc(-c3cccc(S(C)(=O)=O)c3)cc2)Cc2c(F)cccc2Cl)c1
4kij,O=C([O-])c1cc(O)c(O)c(Oc2cccc([N+](=O)[O-])c2)c1
1oj5,CC[C@H](NC(=O)[C@@H](NC(=O)[C@H](CC(C)C)NC(=O)[C@H](CC(=O)[O-])NC(=O)[C@H](CCC(N)=O)NC(=O)[C@H](CCC(=O)[O-])NC(=O)[C@@H](NC(=O)[C@@H]1CCCN1C(=O)[C@@H]1CCCN1C(=O)[C@@H]([NH3+])CC(C)C)[C@@H](C)O)[C@@H](C)O)C(=O)N[C@@H](CC(C)C)C(=O)N[C@@H](CC(C)C)C(=O)N[C@@H](C)C(=O)N[C@@H](CCC(=O)[O-])C(=O)O
4zy5,[NH3+][C@H]1CC[C@H](CNc2nccc(Nc3cc(C4CC4)n[nH]3)n2)CC1
5o4t,Cn1c(=O)c(=O)n(C)c2ccccc21
4p0v,CC(C)C1=CC2=C(C(O)C1=O)[C@@]1(C)CCCC(C)(C)[C@@H]1C(=O)C2
6o6g,O=C([O-])c1ccc2c(c1)N(CC1CCC1)C[C@H](c1ccc(Cl)cc1Cl)CO2
3e6k,[NH3+][C@@H](CCCC[B-](O)([OH2+])[OH2+])C(=O)[O-]
6r4v,CCCCC[NH+](C)CCC(O)(P(=O)(O)O)P(=O)(O)O
4nzo,O=P(O)(O)OC1C(OCc2ccccc2)C(OP(=O)(O)O)C(OP(=O)(O)O)C(OCc2ccccc2)C1OP(=O)(O)O
6bw4,CC[C@H](NC(=O)[C@H](CCCC[NH3+])NC(=O)[C@H](CC)NC(=O)[C@H](C)NC(=O)[C@H](CCCNC(N)=[NH2+])NC(=O)[C@H](C)NC(=O)[C@H](CCCC[NH3+])NC(=O)[C@H](C)NC(=O)[C@H](CCCNC(N)=[NH2+])NC(=O)[C@@H]([NH3+])CCS)C(=O)[O-]
2r9b,CC(C)C[C@@H](C[NH2+][C@@H](CC(C)C)C(=O)N[C@@H](CCC(N)=O)C(=O)N[C@@H](Cc1ccccc1)C(=O)[O-])NC(=O)[C@H](CO)NC(=O)[C@H](Cc1ccccc1)NC(=O)[C@@H]1CCCN1C(=O)[C@@H]([NH3+])CCCC[NH3+]
1csi,CC(C)(COP(=O)(O)OP(=O)(O)OCC1OC(n2cnc3c(N)ncnc32)C(O)C1OP(=O)(O)O)C(O)C(=O)NCCC(=O)NCCCC(=O)O
4mwc,Cc1sc2ccccc2c1C[NH2+]CCCNC(=O)Nc1ccsc1
5j7b,CC(C)(C)S(=O)(=O)c1ccc2nccc(Nc3[nH]nc4ccc(F)cc34)c2c1
2a0t,CCC(C)C(NC(=O)C(CCC(=O)O)NC(=O)C(CC(C)C)NC(=O)C(NC(=O)C(CC(=O)O)NC(=O)C1CCCN1C(=O)C(CC(=O)O)NC(=O)C([NH3+])CC(N)=O)C(C)OP(=O)(O)O)C(=O)NC(Cc1ccc(O)cc1)C(=O)NC(CO)C(=O)O
2lbv,CCCCCCCCCCCCCCCCCCCC(=O)[O-]
2wo9,CC(=O)c1ccc(-c2ccc(CC[C@H](O)CC(=O)[O-])cc2)cc1
5c7b,C[C@@H]1C[N@H+](CC(=O)N2CCCC2)CC[NH2+]1
5gvp,Cc1n[nH]c2c1[C@](c1cc(-c3cccc(CCC(=O)[O-])c3)cc(C(F)(F)F)c1)(C(C)C)C(C#N)=C(N)O2
2z7h,C[NH+](CCCCc1ccccc1)CCC(O)(P(=O)(O)O)P(=O)(O)O
2h96,CCOc1nc(C(=O)NCc2cc(OC)ccc2OC)ccc1C#N
2x6y,CC(=O)N[C@H]1[C@H](O[C@H]2[C@@H](O[C@H]3O[C@H](CO[C@@H]4O[C@@H](C)[C@H](O)[C@@H](O)[C@H]4O)[C@@H](O)[C@H](O)[C@H]3O)[C@@H](CO)O[C@H](O[C@H]3[C@H](O)[C@@H](CO[C@H]4O[C@H](CO)[C@@H](O)[C@H](O)[C@H]4O)O[C@@H](O)[C@@H]3NC(C)=O)[C@@H]2O)O[C@H](CO)[C@@H](O)[C@@H]1O
2g71,O=S(=O)(NCCC(F)(F)F)c1ccc2c(c1)C[NH2+][C@@H](CF)C2
4aq3,CCCCN(CCCC)C(=O)c1nn(-c2ccc(C(=O)NS(=O)(=O)c3ccc4ccc(I)cc4c3)cc2C(=O)N2CCc3ccccc3C2)c(C)c1Cl
4hco,CC1=CC(=O)C(C(C)C)=CC1=O
5ux4,[NH3+]C1[NH2+][C@@]2(CO1)c1cc(-c3cccnc3F)ccc1Oc1c2cc([C@@H]2C=CCOC2)nc1F
5alp,O=C(Nc1ccc([N+](=O)[O-])cc1)N1CCS[C@@H](c2ccccc2)C1
3rjw,COc1cc2c(NC3CC[N+](C(C)C)CC3)nc(C3CCCCC3)nc2cc1OCCC[N+]1CCCC1
4oyt,[NH2+]=C1N=C2NC[C@@H](CNc3ccc(C(=O)N[C@@H](CCC(=O)[O-])C(=O)[O-])cc3)N(C=O)[C@@H]2C(=O)N1
4htp,CC(C)[C@H](NC(=O)[C@H](CCC(=O)[O-])NC(=O)[C@H](Cc1c[nH]c2ccccc12)NC(=O)[C@H](CCC(N)=O)NC(=O)[C@@H]1CCCN1C(=O)[C@@H](NC(=O)[C@H](C)[NH3+])C(C)C)C(=O)N[C@@H](Cc1ccccc1)C(=O)N[C@@H](Cc1ccccc1)C(=O)N[C@@H](C)C(=O)[O-]
4s3f,C#CCCOP(=O)(O)OP(=O)(O)O
4lbl,CC(=O)N[C@@H]1[C@@H](O)C[C@](O[C@H]2[C@@H](O)[C@@H](CO)O[C@@H](O[C@@H]3[C@@H](CO)O[C@@H](O)[C@H](O)[C@H]3O)[C@@H]2O)(C(=O)[O-])O[C@H]1[C@H](O)[C@H](O)CO
1zyr,CNC(=O)[C@@H](C)[C@H]1C(=O)/C(=C(O)/C=C/C(C)=C/[C@@H](C)[C@H]2O[C@@]3(C)O[C@H](C=C[C@@]34CO4)[C@@H]2C)C(=O)N1[C@@H]1CC[C@H](O)[C@H](C)O1
2emt,CSCC[C@H](NC(=O)[C@H](Cc1cnc[nH]1)NC(=O)[C@@H](NC(=O)[C@H](CCCC[NH3+])NC(=O)[C@H](C)NC(=O)[C@H](CO)NC(=O)[C@H](C)NC(=O)[C@@H]([NH3+])CCCNC(N)=[NH2+])[C@@H](C)O)C(=O)N[C@@H](Cc1ccc(O)cc1)C(=O)N1CCC[C@H]1C(=O)N[C@H](C(=O)N[C@@H](CCCNC(N)=[NH2+])C(=O)N[C@@H](CC(N)=O)C(=O)N[C@@H](Cc1ccc(O)cc1)C(=O)N[C@@H](CO)C(=O)N1CCC[C@H]1C(=O)O)C(C)C
1oth,[NH3+]C(CCCNC(=O)CP(=O)(O)O)C(=O)O
2vev,O=C1C[C@@H](c2ccc(C[C@H](NS(=O)(=O)c3cccc(C(F)(F)F)c3)c3ncc(Cc4ccccc4)[nH]3)cc2)S(=O)(=O)N1
4lg6,CCC[C@H](NC(=O)[C@@H]1CCCN1C(=O)[C@H](CC(C)C)NC(=O)[C@@H](NC(=O)[C@@H]1CCCN1C(=O)[C@H](CC(C)C)NC(=O)[C@H](CCC)NC(=O)[C@@H]1CCCN1C(=O)[C@@H](NC(=O)[C@H](C)[NH3+])[C@@H](C)O)[C@@H](C)O)C(=O)N[C@@H](C)C(=O)N[C@H](C(=O)N1CCCC1)C(C)C
4tyb,N#C[C@@H](c1ccccc1)[NH+]1CCOCC1
4p0n,COc1nc2cccnc2n1[C@H]1C[C@H](Nc2nc3ccccc3s2)C1
5jmw,Cc1ccc(CCCC(CC(=O)N(C)O)CP(=O)(O)O)cc1
3zxr,CC(C)(C)c1nc(-c2cnc3ccccc3c2)c(-c2ccncc2)[nH]1
1pig,C[C@H]1O[C@H](O[C@@H]2[C@@H](CO)O[C@H](O[C@@H]3C(CO)=C[C@H]([NH2+][C@H]4[C@H](O)[C@@H](O)[C@@H](O[C@@H]5[C@@H](CO)O[C@H](O[C@@H]6[C@@H](CO)O[C@@H](O)[C@H](O)[C@H]6O)[C@H](O)[C@H]5O)O[C@@H]4C)[C@H](O)[C@H]3O)[C@H](O)[C@H]2O)[C@H](O)[C@@H](O)[C@@H]1[NH3+]
4gvu,C/C=C1\NC(=O)[C@@H](NC(=O)[C@H](CCC(N)=O)NC(=O)CCCCC)[C@@H](C)O[C@@H](O)[C@H](C(C)C)[NH2+][C@H](O)[C@H](Cc2ccc(O)cc2)[N@H+](C)[C@@H](O)[C@H](Cc2ccccc2)[N@@H+]2[C@@H](O)[C@H](CC[C@H]2O)NC1=O
2hug,C[C@H]([NH3+])C(=O)N1CCC[C@H]1C(=O)N1CCC[C@H]1C(=O)NCC(=O)N[C@H](C(=O)N[C@@H](C)C(=O)N[C@@H](CCCNC(N)=[NH2+])C(=O)N[C@@H](CCCNC(N)=[NH2+])C(=O)N[C@@H](CCCC[NH3+])C(=O)N[C@@H](CCCNC(N)=[NH2+])C(=O)N[C@@H](CCCC[NH3+])C(=O)N[C@@H](C)C(=O)N[C@@H](CC(=O)[O-])C(=O)N[C@@H](CO)C(=O)[O-])[C@@H](C)O
2x6j,CC(=O)N[C@@H]1[NH2+]C(C)[C](c2ccc(Cl)c(S(=O)(=O)NCCO)c2)S1
1bt6,CC[C@H](C)[C@H](NC(=O)[C@H](CCC(=O)[O-])NC(=O)[C@H](Cc1cnc[nH]1)NC(=O)[C@@H](NC(=O)[C@@H](NC(=O)[C@H](CO)NC(C)=O)[C@@H](C)O)C(C)C)C(=O)N[C@@H](CC(C)C)C(=O)N[C@@H](CO)C(=O)N[C@@H](CCCC[NH3+])C(=O)N[C@@H](CC(C)C)C(=O)N[C@@H](CO)C(=O)O
4pri,CC(C)[C@H](NC(=O)[C@@H]1CCCN1C(=O)[C@@H]([NH3+])Cc1cnc[nH]1)C(=O)NCC(=O)N[C@@H](CCC(=O)[O-])C(=O)N[C@@H](C)C(=O)N[C@@H](CC(=O)[O-])C(=O)N[C@@H](Cc1ccc(O)cc1)C(=O)N[C@@H](Cc1ccccc1)C(=O)N[C@@H](CCC(=O)[O-])C(=O)N[C@@H](Cc1ccc(O)cc1)C(=O)[O-]
1zd3,O=C([O-])CCCNC(=O)NC1CCCCC1
4x9r,CC(=O)N1CC2CC1C(=O)NC(CC(C)C)C(=O)NC(C(=O)NC(CO)C(=O)NC(C(N)=O)C(C)OP(=O)(O)O)Cc1cn(c[n+]1CCCCCCCCc1ccccc1)CCCCCCO2
3wq5,[NH2+]=C(Cc1ccccc1)N[C@@H]1O[C@H](CO[C@@H]2OC[C@@H](O)[C@H](O)[C@H]2O)[C@@H](O)[C@H](O)[C@H]1O
2z50,CCCCCCC(O)(P(=O)(O)O)P(=O)(O)O
3h0q,Cc1ccc2cc(CC3CCN(C(=O)c4cc(-c5ccccc5)nc5ccccc45)CC3)ccc2n1
6cn8,C/C=C/C[C@@H]1NC(=O)[C@H](CC(C)C)N2C(=O)[C@H](C[C@H](C)[C@H]2O)N(C)C(=O)[C@H](C)NC(=O)[C@H](Cc2ccc(O)c([N+](=O)[O-])c2)NC(=O)[C@H](CC(C)C)N(C)C(=O)[C@@]2(Cc3cn(C(C)(C)[C@@H](C)O)c4ccccc34)ON2C1=O
4kqo,CCN1CCN(C(=O)N[C@@H](C(=O)N[C@H](C=O)[C@@H]2[NH2+][C@@H](C(=O)[O-])C(C)(C)S2)c2ccccc2)C(=O)C1=O
1tkz,CCCc1c(SC2CCCCC2)c2cc(Cl)ccc2[nH]c1=O
3u78,COc1cc2c(N)nc(NCCC[N+](C)C)nc2cc1OCCCCC[NH3+]
3rx7,OC[C@H]1O[C@@H](O[C@@H]2[C@@H](CO)O[C@@H](O[C@@H]3[C@@H](CO)O[C@@H](O[C@H]4[C@H](O)C[NH2+]C[C@@H]4CO)[C@H](O)[C@H]3O)[C@H](O)[C@H]2O)[C@H](O)[C@@H](O)[C@@H]1O
3n7r,O=C(N[C@@H]1CC[C@@H](c2cccc(F)c2F)CN(CC(F)(F)F)C1=O)N1CCC(n2c(=O)[nH]c3ncccc32)CC1
6cwf,CO[C@@H]1O[C@@H]2CO[C@](C)(C(=O)[O-])O[C@H]2[C@H](O)[C@@H]1NC(C)=O
4y6s,Cc1ccc(C(CC(=O)N(C)O)CP(=O)(O)O)cc1
3ny3,CC[C@H](C)[C@H](NC(=O)[C@@H]([NH3+])CCCNC(N)=[NH2+])C(=O)N[C@@H](Cc1ccccc1)C(=O)N[C@@H](CO)C(=O)[O-]
4yyi,CC(=O)NCCCC[C@H](NC(=O)C[NH3+])C(=O)NCC(=O)NCC(=O)N[C@@H](CCCCNC(C)=O)C(=O)NCC(=O)[O-]
3zhf,NC(=O)C[C@H](NC(=O)[C@H](Cc1ccccc1)NC(=O)[C@H](CC(=O)[O-])NC(=O)[C@H](Cc1c[nH]c2ccccc12)NC(=O)[C@H](CC(=O)[O-])NC(=O)[C@@H]1CCC[NH2+]1)C(N)=O
1a5v,CC(=O)Nc1cc(S(=O)(=O)O)cc2cc(S(=O)(=O)O)cc(O)c12
1q95,O=C(O)CC(NC(=O)CP(=O)(O)O)C(=O)O
3d25,CC(C)C[C@H](NC(=O)[C@H](CC(C)C)NC(=O)[C@H](CC(=O)[O-])NC(=O)[C@H](CC(=O)[O-])NC(=O)[C@H](Cc1c[nH]cn1)NC(=O)[C@H](CC(C)C)NC(=O)[C@@H]([NH3+])C(C)C)C(=O)N[C@@H](CCC(=O)[O-])C(=O)N[C@@H](C)C(=O)[O-]
4yab,Cc1nc(-c2ccc3c(c2)CC(=O)N3C)cs1
5fjw,C[Se]CC[C@H](NC(=O)[C@H](CCC(=O)[O-])NC(=O)[C@H](Cc1c[nH]c2ccccc12)NC(=O)[C@H](CC(N)=O)NC(=O)[C@H](Cc1c[nH]c2ccccc12)NC(=O)[C@H](CC(=O)[O-])NC(=O)[C@@H]([NH3+])CC(=O)[O-])C(=O)N[C@@H](CCC(=O)[O-])C(=O)N[C@@H](CC(=O)[O-])C(=O)[O-]
5f6u,CCOC(=O)CCc1ccc(-c2ccccc2O)c(O)c1
5bot,CCOC(=O)c1cc2cc(C(N)=O)ccc2[nH]1
4eej,C/C=C(C)/C=C/C=C(C)/C=C/C1=C(C)CCCC1(C)C
3olf,Cc1cc(C(=O)[O-])ccc1NC(=O)[C@H](C1CCCCC1)n1c(-c2ccc(Cl)cc2)nc2cc(F)c(F)cc21
6ezh,COc1c(C(=O)CC[C@H]2CC[N@H+](CC3CCCCC3)CC2)cc(Cl)c2[nH]ccc12
5uvc,O=C(NCc1ccccc1)c1cccc(NCc2n[nH]c(-c3ccncc3)n2)c1
1dub,CC(=O)CC(=O)SCCNC(=O)CCNC(=O)C(O)C(C)(C)COP(=O)(O)OP(=O)(O)OCC1OC(n2cnc3c(N)ncnc32)C(O)C1OP(=O)(O)O
2ea2,CCc1ccc(NS(=O)(=O)c2ccc(F)cc2)c(C(=O)[O-])c1C
4rxz,CC(C)C[C@H](NC(=O)[C@H](CC(C)C)NC(=O)[C@H](CC(N)=O)NC(=O)[C@H](Cc1c[nH]c2ccccc12)NC(=O)[C@H](Cc1ccc(O)cc1)NC(=O)[C@H](CCC(=O)[O-])NC(=O)[C@H](C)NC(=O)[C@H](Cc1ccccc1)NC(=O)[C@H](CO)NC(=O)[C@@H]([NH3+])[C@@H](C)O)C(=O)N[C@@H](CO)C(=O)[O-]
6qfw,CC12C3(C)C4(C)C5(C)C1(C)[Ir+9]23451([ClH+])[n+]2ccc(O)cc2C(=O)[N@@H+]1CCCc1ccc(S(N)(=O)=O)cc1
6fmi,CC(=O)N[C@@H](C)C(=O)N1C[C@H](O)C[C@H]1C(=S)NCc1ccc(-c2scnc2C)cc1
4o91,CC[N@H+]1CC[N@H+](Cc2ccc(NC(=O)c3ccc(C)c(Oc4ccnc5[nH]ccc45)c3)cc2C(F)(F)F)CC1
5mk3,CC[C@H](C)[C@H](NC(=O)[C@H](CC(=O)[O-])NC(=O)[C@@H]([NH3+])CC(=O)[O-])C(=O)N[C@@H](CCCC[NH3+])C(=O)N[C@@H](CCC(N)=O)C(=O)N[C@@H](CC(C)C)C(=O)N[C@@H](C)C(=O)N[C@@H](C)C(=O)N[C@@H](Cc1c[nH]c2ccccc12)C(=O)N[C@@H](C)C(=O)N[C@H](C(=O)[O-])[C@@H](C)O
3upi,C[C@@H]1COc2c1ccc1c2c(C2C=CC=NC2=O)c(C(=O)NS(C)(=O)=O)n1Cc1cc(F)ccc1F
4jjs,CC(C)N(c1ccc(Oc2ccccc2C(F)(F)F)cc1C(=O)[O-])C(=O)[C@H]1CC[C@H](C)CC1
2l65,CC[NH2+][C@H]1CO[C@@H](O[C@@H]2[C@@H](O)[C@H]([NH2+]O[C@H]3C[C@H](O)[C@H](SC(=O)c4c(C)c(I)c(O[C@@H]5O[C@@H](C)[C@H](O)[C@@H](OC)[C@H]5O)c(OC)c4OC)[C@@H](C)O3)[C@@H](C)O[C@H]2O[C@H]2C#C/C=C\C#C[C@]3(O)CC(=O)[C@H](NC(=O)OC)[C@H]2[C@@H]3CCSSSC)C[C@@H]1OC
1fq7,CNC(=O)[C@H](CC(C)C)C[C@H](O)[C@H](CC1CCCCC1)NC(=O)[C@H](Cc1cnc[nH]1)NC(=O)[C@H](Cc1ccccc1)NC(=O)OC(C)(C)C
3eht,CC[C@H](C)[C@H](NC(=O)[C@@H](NC(=O)[C@H](CCC(=O)[O-])NC(=O)[C@H](CCSC)NC(=O)[C@H](CC(C)C)NC(=O)[C@H](CCCC[NH3+])NC(=O)[C@H](CCCNC(N)=[NH2+])NC(=O)[C@H](CC(N)=O)NC(=O)[C@H](CO)NC(=O)[C@H](Cc1c[nH]cn1)NC(=O)[C@H](C)[NH3+])[C@@H](C)CC)C(N)=O
4y63,C[C@H](N=[N+2]#N)C(=O)NC[C@H]1O[C@@H](n2ccc(=O)[nH]c2=O)[C@H](O)[C@@H]1O
6mkq,NC(=O)[C@@H]1CC[C@@H]([NH2+]OS(=O)(=O)[O-])CN1C=O
3zev,CC[C@H](C)[C@H](NC(=O)[C@H](Cc1ccc(O)cc1)NC(=O)[C@@H]1CCCN1C(=O)[C@H](CCCNC(N)=[NH2+])NC(=O)[C@H](CCCNC(N)=[NH2+])NC(=O)CNC(=O)C[NH3+])C(=O)N[C@@H](CC(C)C)C(=O)[O-]
4p44,CCC(C)C(NC(=O)c1ccc(F)cc1)C(=O)NC(COP(=O)(O)NC(CCC(=O)O)C(=O)O)C(=O)O
1aze,CC(C)[C@H]([NH3+])C(=O)N1CCC[C@H]1C(=O)N1CCC[C@H]1C(=O)N1CCC[C@H]1C(=O)N[C@H](C(=O)N1CCC[C@H]1C(=O)N1CCC[C@H]1C(=O)N[C@@H](CCCNC(N)=[NH2+])C(=O)N[C@@H](CCCNC(N)=[NH2+])C(=O)N[C@@H](CCCNC(N)=[NH2+])C(=O)[O-])C(C)C
3is9,COC(=O)CCCC=C(c1cc(C#N)c(OC)c(C(=O)OC)c1)c1cc(C#N)c(OC)c(C(=O)OC)c1
6dn6,CC[C@H](C)[C@@H]1NC(=O)CCCNC(=O)[C@H](CC(N)=O)NC(=O)[C@H](CC(N)=O)NC(=O)[C@H](CC(N)=O)NC1=O
4z7n,CC(C)[C@H](NC(=O)[C@H](CC(=O)[O-])NC(=O)CNC(=O)[C@H](C)[NH3+])C(=O)[O-]
4wph,C[C@H](NC(=O)[C@H](CS)NC(=O)[C@H](CCCC[NH3+])NC(=O)[C@H](CCCNC(N)=[NH2+])NC(=O)[C@@H]1CCC[NH2+]1)C(=O)N[C@@H](CCCNC(N)=[NH2+])C(=O)N[C@@H](CCCC[NH3+])C(=O)N[C@H](C(=O)N[C@@H](CCCNC(N)=[NH2+])C(=O)[O-])[C@@H](C)O
6fe5,CC(C)C[C@H](NC(=O)N[C@@H](CCC(=O)[O-])C(=O)[O-])C(=O)[O-]
5jyp,O=C(Cc1ccccc1)Nc1nnc([C@H]2CCC[C@H](c3nnc(NC(=O)Cc4ccccc4)s3)C2)s1
4ps0,CC(=O)[C@H](CC(=O)[O-])NC(=O)[C@@H]1C[C@@H](O)CN1C(=O)[C@H](CCC(N)=O)NC(=O)[C@H](CC(C)C)NC(=O)CC[NH3+]
5eym,CCNC(=O)C#Cc1ccc2c(c1)NC(=O)C2/C(=N/c1ccc(C[NH+](C)C)cc1)c1ccccc1
4gk7,CCCCCCC/C=C/C=C/C(=O)N[C@H](C(=O)N[C@H]1/C=C/CCNC(=O)CC[C@H](C(C)C)NC1=O)[C@@H](C)O
2q92,O=C([O-])c1ccc(-c2ccccc2[N+](=O)[O-])o1
2pcu,CC(C)[C@H](NC(=O)[C@@H]1CCCN1C(=O)[C@H](CCCNC(N)=[NH2+])NC(=O)[C@H](CC(N)=O)NC(=O)[C@@H]([NH3+])Cc1ccccc1)C(=O)[O-]
3nzi,CSCC[C@H]([NH3+])C(=O)N[C@@H](Cc1ccccc1)C(=O)N[C@@H](C)C(=O)N[C@@H](CC(C)C)C(=O)N[C@H](B(O)O)C(C)C
3lbj,C[NH+](C)CCC[N@H+](C)[C@H]1CCN(C(=O)c2[nH]c3cc(Cl)ccc3c2-c2c(-c3ccccc3)ncn2Cc2ccc(Cl)cc2)C1
5eyz,CC(C)[C@H](NC(=O)[C@H](CCC(=O)[O-])NC(=O)[C@@H](NC(=O)[C@H](CCC(=O)[O-])NC(=O)[C@H](CCCNC(N)=[NH2+])NC(=O)C[NH3+])[C@@H](C)O)C(=O)[O-]
4exh,CC(=O)N[C@H](C(=O)N[C@H](C(=O)N[C@@H](CC(C)C)[C@@H](O)CC(N)=O)C(C)C)C(C)C
4uia,CC(C)CCNC(=O)[C@@H](CC1CCCCC1)NC(=O)N[C@@H](CCCC[NH3+])C(=O)[O-]
3g86,CS(=O)(=O)Nc1ccc2c(c1)S(=O)(=O)C=C(c1c(O)c3cc(F)ccc3n(Cc3ccc(F)cc3)c1=O)N2
2ewp,C[NH+](C)CCOc1ccc(/C(=C(/CCCO)c2ccccc2)c2ccc(O)cc2)cc1
5eps,CN1C(=O)CNc2ccccc21
3wzq,[NH2+]=C1N[C@@H]2[C@H](CCCCC(=O)NCCCCCC(=O)[O-])SC[C@@H]2N1
2vpg,C[C@H]([NH3+])C(=O)N[C@@H](CCCNC(=[NH2+])N(C)C)C(=O)N[C@H](C(=O)N[C@@H](CCCC[NH+](C)C)C(=O)N[C@@H](CCC(N)=O)C(=O)N[C@H](C(=O)N[C@@H](C)C(=O)[O-])[C@@H](C)O)[C@@H](C)O
5hna,CCCCCCCCCCOc1cc(O)cc(COc2cc(Cl)c(S(N)(=O)=O)cc2C(=O)[O-])c1
4obz,COc1ccc(CC(=O)NC(=[NH2+])NCc2ccc(C)cc2)cc1OC
6ilq,CCCCC1NC(C(C)C)=C(CC(=O)OCC)C(=O)N1Cc1ccc(-c2ccccc2[C@@H]2NC(=O)O[NH2+]2)cc1
4nru,Cc1ccc(C(=O)Nc2ccc(S(=O)(=O)[O-])c3cccc(S(=O)(=O)[O-])c23)cc1NC(=O)c1cccc([N+](=O)[O-])c1
4e3l,O=S(=O)(NCB(O)O)c1ccc(-c2nn[nH]n2)c(Cl)c1
6mlw,O=P(O)(O)CC1OC(CO)C(O)C(O)C1F
5lss,CCC[NH2+][C@@H](CC[C@@H]([NH3+])C(=O)[O-])C[C@H]1O[C@@H](n2cnc3c(N)ncnc32)[C@H](O)[C@@H]1O
5hm3,Nc1ncnc2c1ncn2[C@@H]1O[C@H](COS(=O)(=O)NC(=O)CCCCCCCCCCOc2ccccc2)[C@@H](O)[C@H]1O
4my6,CC(=O)N[C@@H](Cc1ccccc1Cl)C(=O)N1CCC[C@]12C=C[C@@H]1CC[C@@H](C(=O)N3CC[C@@H]4C=C[C@H]5CC[C@@H](C(=O)[O-])N5C(=O)[C@H]43)N1C2=O
6j10,Cc1cc(C2CCCCC2)n(O)c(=O)c1
4l7d,Cc1cccc2c1CCN(C(=O)[C@@H]1CCCC[C@@H]1C(=O)[O-])[C@@H]2CN1Cc2ccccc2C1=O
6f5w,C#CCO[C@@H]1O[C@@H](C)[C@@H](O)[C@@H](O)[C@@H]1O
2jjk,O=C(NCCCCCCCNC(=O)NS(=O)(=O)c1cccc(Cl)c1)NS(=O)(=O)c1cccc(Cl)c1
4ok3,O=C([O-])Cc1cn(Cc2cccc(Cl)c2)c2ccccc12
3rwd,CC[C@H](C)[C@H]([NH3+])C(=O)N[C@@H](CCCNC(N)=[NH2+])C(=O)N[C@@H](Cc1ccc(O)cc1)C(=O)N1CCC[C@H]1C(=O)N[C@@H](CCCC[NH3+])C(=O)N[C@H](C(=O)N[C@@H](Cc1ccccc1)C(=O)NCC(=O)N[C@@H](Cc1c[nH]c2ccccc12)C(=O)N[C@@H](CC(C)C)C(=O)N[C@@H](Cc1c[nH]c2ccccc12)C(=O)[O-])[C@@H](C)O
3hbo,CCCC[C@@H](C[NH2+][C@@H](CCCC)C(=O)N[C@@H](CCC(N)=O)C(=O)N[C@@H](CCCNC(N)=[NH2+])C(N)=O)NC(=O)[C@@H](NC(=O)[C@@H](NC(C)=O)[C@@H](C)O)[C@@H](C)CC
6mim,C/C=C/C(=O)NCCCC[C@H](NC(=O)[C@H](CCCNC(N)=[NH2+])NC(=O)[C@H](C)NC(=O)[C@@H](NC(=O)[C@@H]([NH3+])CCC(N)=O)[C@@H](C)O)C(=O)N[C@@H](CO)C(=O)[O-]
1gcz,CCOC(=O)c1cc2ccc(O)cc2oc1=O
1bug,NC(=S)Nc1ccccc1
1nxy,O=C(Cc1cccs1)N[C@H](B(O)O)c1cccc(C(=O)[O-])c1
2j4k,O=c1ccn(C2OC(COP(=O)(O)O)C(O)C2O)c(=O)[nH]1
3iqj,CC(NC(=O)C([NH3+])CCC(N)=O)C(=O)NC(CO)C(=O)NC(C(=O)NC(COP(=O)(O)O)C(=O)NC(C(=O)N1CCCC1C(=O)NC(CO)CC(N)=O)C(C)O)C(C)O
6mso,O=C([O-])C[C@H](S)C(=O)[O-]
6m9t,CCCC[C@](C)(O)C/C=C/[C@H]1[C@H](O)CC(=O)[C@@H]1CCCCCCC(=O)[O-]
4j70,CC[C@H](C)[C@H](CO)[C@@H](O)C(=O)N[C@H]1C[C@H]1C[C@@H](CCc1ccccc1)NC(=O)[C@H](C)NC(=O)OCc1ccccc1
6uyy,CCC(C)C(NC(=O)C(CCCNC(=N)N)NC(=O)C(CCC(=O)O)NC(=O)C(CCC(=O)O)NC(=O)C(C)NC(=O)C([NH3+])CCC(=O)O)C(=O)NC(C(=O)NC(C(=O)NC(CC(C)C)C(=O)NC(COP(=O)(O)O)C(=O)NC(CC(=O)O)C(=O)O)C(C)C)C(C)CC
4phw,O=C(c1ccc(Oc2ncccc2C2CCOCC2)cc1)c1nc2ccccc2[nH]1
2w6n,Nc1ncc(C(=O)N(Cc2ccccc2)Cc2ccccc2)o1
3g70,O=C(C1=C(c2ccc(/C=C\COc3c(F)ccc(F)c3Cl)cc2)C[C@@H]2C[NH2+]C[C@H]1[NH2+]2)N(Cc1cccc(Cl)c1Cl)C1CC1
6iik,Cc1cc(C(=O)C[NH+]2CCCC2)c(C)n1-c1ccc(F)cc1
5a0c,CC1=C(C#N)[C@@H](c2ccc(C#N)cc2S(C)(=O)=O)NC(=O)N1c1cccc(C(F)(F)F)c1
5or9,Cn1nc2c(c1NC(=O)[C@@H]1CCCN1S(=O)(=O)c1ccc(F)cc1)CCC2
4mfe,O=C([O-])C(=O)CO
6uyx,CCC(C)C(NC(=O)C(CCCNC(=N)N)NC(=O)C(CCC(=O)O)NC(=O)C(CCC(=O)O)NC(=O)C(C)[NH3+])C(=O)NC(C(=O)NC(C(=O)NC(CC(C)C)C(=O)NC(C=O)COP(=O)(O)O)C(C)C)C(C)CC
6ccu,CCC[C@H](NC(=O)[C@H](Cc1c[nH]cn1)NC(=O)[C@@H]1C=CC[NH2+]1)C(=O)N[C@H](C(=O)[O-])C(C)C
4oyo,Cc1[nH]ncc1-c1ccccc1Cl
6hvu,Cc1ncc(C(=O)N[C@@H](CC(C)C)C(=O)N[C@@H](CC2CCCCC2)C(=O)N[C@H](CCS(C)(=O)=O)Cc2ccc(C[NH3+])cc2)s1
6h12,O=C(Nc1cc(COCc2cn(CCNc3c4ccccc4nc4ccccc34)nn2)ccn1)Nc1cccc2c1[C@H]1CCCCN1C2=O
6jid,O=C(c1ccc2c(c1)CS(=O)(=O)N2)N1CCc2[nH]c(-c3ccccc3)nc(=O)c2C1
5wvd,C[N@H+]1CC[C@H](C(=O)Nc2ncc(-c3ccccc3)s2)CC1
4pct,C#C[C@@H]1[NH2+][C@@H](C)[C@@H](O)[C@H]1O
2n0u,CC(C)Oc1cc(C#N)ccc1C1=N[C@@H](c2cccc(Cl)c2)[C@@H](c2ccc(Cl)cc2)N1C(=O)N1CCNC(=O)C1
5n1y,CSCC[C@H]([NH3+])C(=O)N[C@H](C(=O)N[C@@H](Cc1c[nH]c2ccccc12)C(=O)NCC(=O)N1CCC[C@H]1C(=O)N[C@@H](CC(=O)[O-])C(=O)N1CCC[C@H]1C(=O)N[C@@H](CC(C)C)C(=O)N[C@@H](Cc1ccc(O)cc1)C(=O)N[C@H](C(=O)[O-])C(C)C)C(C)C
1yz3,Clc1ccc2c(c1Cl)C[NH2+]CC2
2w9r,CC(C)C[C@H]([NH3+])C(=O)N[C@H](C(=O)N[C@@H](CCCC[NH3+])C(=O)N[C@@H](CO)C(=O)N[C@@H](CCCC[NH3+])C(=O)N[C@@H](C)C(=O)N[C@H](C(=O)N[C@@H](CC(N)=O)C(=O)N[C@@H](CC(C)C)C(=O)N[C@@H](CC(C)C)C(=O)N[C@H](C=O)Cc1ccc(O)cc1)[C@@H](C)O)C(C)C
3tc5,CC1CC2C3CCC4=CC(=O)C=CC4(C)C3(F)C(O)CC2(C)C1(O)C(=O)COP(=O)(O)O
1inq,CC(C)C[C@H](NC(=O)[C@H](Cc1ccc(O)cc1)NC(=O)[C@H](Cc1c[nH]c2ccccc12)NC(=O)[C@@H](NC(=O)CNC(=O)[C@@H](NC(=O)[C@@H](NC(=O)[C@H](CO)NC(=O)[C@@H]([NH3+])CO)C(C)C)C(C)C)C(C)C)C(=O)[O-]
3bpr,CC(C)n1cnc2c(Nc3cccc(Cl)c3)nc(NCCO)nc21
4esi,[NH2+]=c1[nH]c(=O)c2ncc(C(=O)NCc3cn[nH]n3)nc2[nH]1
1fgi,Cc1c[nH]c(/C=C2\C(=O)Nc3ccccc32)c1CCC(=O)[O-]
3vru,C=C1[C@H](O)CC(C/C=C2\CCC[C@@]3(C)[C@H]2CC[C@@H]3[C@H](C)CCC(C)(C)O)C[C@H]1O
4piq,C[C@@H](O)[C@H](NC(=O)Cc1cc(Cl)cc(Cl)c1)C(=O)NCC(=O)NCC=N
3wuv,CC[C@H](C)[C@H](NC(=O)[C@H](Cc1ccc(O)cc1)NC(=O)[C@@H](NC(=O)[C@@H]1CCCN1C(=O)[C@H](Cc1ccc(O)cc1)NC(=O)[C@@H]1CCCN1C(=O)[C@@H]1CCCN1C(=O)CNC(=O)[C@H](CCC(N)=O)NC(=O)[C@H](C)NC(=O)[C@@H]([NH3+])CCC(N)=O)[C@@H](C)O)C(=O)N1CCC[C@H]1C(=O)N1CCC[C@H]1C(=O)[O-]
2aei,C[C@@H](CCc1ccccc1)Nc1c(F)c(Oc2cccc(C(N)=[NH2+])c2)nc(Oc2ccccc2C(=O)[O-])c1F
5gvm,Cc1n[nH]c2c1[C@](c1cc(-c3cccc(CC(=O)[O-])c3)cc(C(F)(F)F)c1)(C(C)C)C(C#N)=C(N)O2
3t4p,CC[C@H](C)[C@H](NC(=O)[C@H](CO)NC(=O)[C@H](Cc1c[nH]c2ccccc12)NC(=O)[C@@H]([NH3+])CC(=O)[O-])C(=O)[O-]
3qiy,O=C(CCC[N+](Cc1ccc(Cl)cc1)Cc1ccc(Cl)cc1)NO
3k15,CC(O)C(NC(=O)C1CCCN1C(=O)C([NH3+])COP(=O)(O)O)C(=O)NC(Cc1ccccc1)C(N)=O
5oax,O=C1Oc2ccc(F)c(F)c2C/C1=C\O[C@H]1[C@@H](O)[C@@H](CO)O[C@@H](S[C@@H]2O[C@H](CO)[C@H](O)[C@H](n3cc(-c4cccc(F)c4)nn3)[C@H]2O)[C@@H]1O
4lh5,Cc1nc2c(c(-c3ccc4c(c3)CCCO4)c1[C@H](OC(C)(C)C)C(=O)[O-])CCCC2
1p01,CC(C)[C@H](NC(=O)[C@@H]1CCCN1C(=O)[C@H](C)NC(=O)OC(C)(C)C)B(O)O
2oqv,CS(=O)(=O)c1cccc(-c2cc(N3CC[C@H](c4cc(F)c(F)cc4F)[C@@H]([NH3+])C3)ncn2)c1
1ugp,CCCC(=O)[O-]
2xzg,Nc1ccc(CN2C(=O)c3cccc4cc(S(=O)(=O)[O-])cc(c34)C2=O)cc1
1c6y,CC(C)(C)NC(=O)[C@@H]1C[N@H+](Cc2cccnc2)CC[N@H+]1C[C@@H](O)C[C@@H](Cc1ccccc1)C(=O)N[C@H]1c2ccccc2C[C@H]1O
2gg2,Nc1n[nH]c(N)c1/N=N/c1cccc(C(F)(F)F)c1
2piy,CC(C)C(NS(=O)(=O)CCCc1ccccc1)P(=O)(O)CC(C(=O)O)c1cccc(C[NH3+])c1
3zlo,O=C([O-])c1nc(-c2ccc3cccc(/N=N/c4nc5ccccc5s4)c3c2)sc1CCCCc1ccccc1
5mih,O[C@@H]1[C@@H](O)[C@H](Oc2ccccc2)O[C@H]([C@H]2CO2)[C@@H]1O
4ju3,Cc1ccc(S(=O)(=O)Nc2ccc(Oc3ccc(C(=O)[O-])cc3)cc2C(=O)[O-])cc1
1y2g,CC(=O)N(C)c1cccc(-c2nnc3ccc(-c4ccccc4)nn23)c1
3oeu,Cc1ccccc1CCC(=O)N[C@H](C(=O)N[C@@H](CCc1ccccc1)C(=O)NCc1ccccc1Cl)[C@@H](C)O
2gfk,O=C([O-])c1c(-c2ccccc2)oc(-c2ccccc2)c1C(=O)[O-]
5ak6,OCCSc1ccc(Cl)cn1
4mji,CC[C@H](C)[C@H](NC(=O)[C@H](CO)NC(=O)[C@@H]1CCCN1C(=O)[C@@H](NC(=O)[C@@H](NC(=O)[C@H](Cc1ccccc1)NC(=O)[C@H](C)NC(=O)[C@@H]([NH3+])[C@@H](C)O)[C@@H](C)O)[C@@H](C)CC)C(=O)[O-]
4jps,Cc1nc(NC(=O)N2CCC[C@H]2C(N)=O)sc1-c1ccnc(C(C)(C)C(F)(F)F)c1
5ofv,Cc1ccc(F)cc1C(=O)[O-]
2qch,O=c1[nH]c(=O)n(C2CC(O)C(COP(=O)(O)O)O2)cc1I
2h9p,C[C@H]([NH3+])C(=O)N[C@@H](CCCNC(N)=[NH2+])C(=O)N[C@H](C(=O)N[C@@H](C)C(=O)O)[C@@H](C)O
1f9e,CC(C)[C@H](NC(=O)[C@H](CCC(=O)[O-])NC(=O)[C@@H](CC(=O)[O-])NC(=O)OCc1ccccc1)C(=O)N[C@H](C=O)CC(=O)[O-]
6agk,COc1cc(C(=O)c2cccc(-c3ccc(C)c(O)c3)n2)cc(OC)c1OC
5akg,Nc1nnc(-c2cccs2)s1
5inh,OB(O)c1ccccc1OCc1cccc(Cl)c1
6fv1,CC(C)C[C@H](NC(=O)/C=C/c1ccccc1)C(=O)N[C@@H](C[C@@H]1CCNC1=O)[C@@H](O)C(=O)NCc1ccccc1
4k2f,N#C[C@@H](c1ccc(Cl)cc1)c1cccc(Cl)n1
4lph,Cc1ccc(-c2cc3c(NCP(=O)(O)O)ncnc3s2)cc1
6ek3,NC(=O)c1ccc(Oc2ccc(C(N)=O)cc2)cc1
3d32,CC(C)C[C@H](NC(=O)[C@H](Cc1cnc[nH]1)NC(=O)[C@H](CCC(=O)[O-])NC(=O)[C@H](Cc1c[nH]c2ccccc12)NC(=O)[C@@H](NC(=O)[C@H](Cc1ccc(O)cc1)NC(=O)[C@@H](NC(=O)[C@H](C)NC(=O)[C@@H]([NH3+])CC(=O)[O-])[C@@H](C)O)[C@@H](C)O)C(=O)N[C@@H](C)C(=O)N[C@@H](Cc1c[nH]c2ccccc12)C(=O)N1CCC[C@H]1C(=O)O
4k78,CC(C)C[C@H](NC(=O)[C@H](CCCNC(N)=[NH2+])NC(=O)[C@@H](NC(=O)[C@H](CC(=O)[O-])NC(=O)[C@H](CCC(N)=O)NC(=O)[C@H](Cc1c[nH]c2ccccc12)NC(=O)[C@H](CCCNC(N)=[NH2+])NC(=O)[C@H](CO)NC(=O)[C@H](CC(N)=O)NC(=O)[C@H](C)[NH3+])[C@@H](C)O)C(=O)[O-]
3o9l,COCCCc1ccc(Cl)c(CN(C(=O)[C@H]2C[NH2+]CC[C@@H]2c2ccc(OCCOc3c(Cl)cc(C)cc3Cl)cc2)C2CC2)c1
4a9r,NC(=O)c1ccc2[nH]c(-c3ccc(Oc4ccc(Cl)cc4)cc3)nc2c1
3azb,Clc1cccc(COc2ccc(Cl)c3cccnc23)c1
6bqj,COc1ccc2c(O[C@@H]3C[C@@H](C(=O)N[C@@H](CC(F)F)C(=O)NS(=O)(=O)C4C=C4)N(C(=O)[C@@H](NC(=O)OC(C)(C)C)C(C)(C)C)C3)cc(-c3ccccc3)nc2c1
6iin,Cc1cc(C(=O)C[NH+]2CCC(O)CC2)c(C)n1-c1ccc(C#N)cc1
1oiy,NC(=O)c1ccc(Nc2nc(OCC3CCCCC3)c3nc[nH]c3n2)cc1
2g8n,O=S(=O)(Nc1ccc(Cl)cc1)c1ccc2c(c1)C[NH2+][C@@H](CO)C2
3s1y,[NH3+]CC[N@H+]1CCC[C@H](NC(=O)N2CC[C@@H](NS(=O)(=O)[O-])[C@H]2CO)CC1
4cdr,CCCOC[C@H](NC(=O)[C@@H](NC(=O)[C@@H]1CCCN1C(=O)[C@@H](NC(=O)[C@@H](NC(C)=O)C(C)C)[C@@H](C)O)C(C)C)C(=O)N[C@H](C(=O)N[C@@H](C)C(N)=O)[C@@H](C)O
4qg7,COc1c(C[N@@H+]2CCC[C@H](n3cc(C)c(=O)[nH]c3=O)C2)ccc(C(=O)[O-])c1Oc1cccc(Cl)c1
6o2p,CC(C)(C)c1cc(C(C)(C)C)c(NC(=O)C2C=Nc3ccccc3C2=O)cc1O
4ycw,C[C@H]1CCC[C@H](C[C@H]2Cc3cc(O)cc(O)c3C(=O)O2)O1
1rhj,CCCCCC[N@H+](C)C[C@@H](O)[C@H](CC(=O)[O-])NC(=O)[C@H](CC)n1cc(C(C)(C)C)nc(NCc2nonc2C)c1=O
4qw0,CC(C)C[C@H](NC(=O)[C@H](Cc1ccccc1)NC(=O)c1cnccn1)B(O)O
6mil,CCCC(=O)NCCCC[C@H](NC(=O)[C@H](CCCNC(N)=[NH2+])NC(=O)[C@H](C)NC(=O)[C@@H](NC(=O)[C@H](CCC(N)=O)NC(=O)[C@@H]([NH3+])CCCC[NH3+])[C@@H](C)O)C(=O)N[C@@H](CO)C(=O)[O-]
6gvi,CC(C)n1nc(-c2ccc3oc(N)nc3c2)c2c(N)nc(N)nc21
1g6g,CC(C)CC(NC(=O)C([NH3+])CO)C(=O)NC(CCC(=O)O)C(=O)NC(C(=O)NC(C(=O)NC(CCC(=O)O)C(=O)NC(C)C(=O)NC(CC(=O)O)C(=O)O)C(C)OP(=O)(O)O)C(C)C
3vsw,COCCCOc1ccccc1N1CC[N+](C[C@H]([NH3+])[C@@H](O)C[C@H](C(=O)NCC(C)(C)C(N)=O)C(C)C)CC1=O
2bub,[NH3+][C@@H](CC(=O)N1CCC[C@H]1CNC(=O)c1ccccc1)Cc1ccccc1F
4u5u,NC(=O)[C@H](CCCC[NH3+])[NH2+]Cc1cccc(-c2cccnc2)c1
4e5f,O=C1Cc2ccccc2C(=O)[N+]1=O
5cgv,O=C([O-])/C(O)=C/C(=O)[C@]1(Cc2ccc(Cl)cc2)CC[N@@H+](Cc2ccccc2)CC1
4bvb,NC(=O)[C@H]1CCCc2c1[nH]c1ccc(Cl)cc21
4k3o,CC(C)C[C@H](NC(=O)[C@H](CC(=O)[O-])NC(=O)[C@H](C)NC(=O)[C@H](CCC(N)=O)[NH2+][C@H](C)O)C(=O)N[C@@H](Cc1ccccc1)C(=O)[O-]
4k69,CCC[C@@H](CC(=O)[O-])n1c(=O)n(Cc2cc(Br)cc3c2CC(=O)N3)c2ccccc21
3i81,C[C@@]1(C(=O)Nc2ccc(F)nc2)CCCN1c1nc(Nc2cc(C3C=C3)[nH]n2)c2cccn2n1
2vr0,CCCCCCCc1cc(O)c2ccccc2[n+]1[O-]
5wa7,O=C(NCCOc1ccccc1)c1nc([C@@H]2CCCN2C(=O)CCc2ccccc2Cl)[nH]c(=O)c1O
5dtj,Clc1ccc(OCCCCCn2ccnc2)c(Cl)c1
5vad,O=C(NC1Cc2ccccc2C1)c1nccnc1NC(=O)C1CCCCC1
5c87,O=c1[nH]ccc2ccccc12
5fwg,[NH3+][C@@H](CCC(=O)N[C@@H](CS[C@@H]1c2ccccc2-c2ccccc2[C@H]1O)C(=O)NCC(=O)[O-])C(=O)[O-]
5ar8,CS(=O)(=O)c1cccc(Nc2nccc(-c3sc(N4CCOCC4)nc3-c3cccc(NS(=O)(=O)c4c(F)cccc4F)c3)n2)c1
4o28,O=C(NCc1ccc(S(=O)(=O)c2cc(F)cc(F)c2)cc1)c1ccc2nccn2c1
4hbv,CN1Cc2cc(Br)ccc2NC1=O
3qzv,CC(=O)NCCCC[C@H](NC(=O)CNC(=O)[C@H](CC(C)C)NC(=O)CNC(=O)[C@H](CCCC[NH3+])NC(=O)C[NH3+])C(=O)[O-]
5ovh,COc1cc2nc(C)nc(N[C@H](C)c3ccc(-c4ccccc4CO)s3)c2cc1OC
5ab1,OC[C@H]1O[C@H](OCCCCCCCOCc2cn(C[C@H]3O[C@@H]4O[C@@H]5[C@@H](CO)O[C@H](O[C@@H]6[C@@H](CO)O[C@H](O[C@@H]7[C@@H](CO)O[C@H](O[C@@H]8[C@@H](CO)O[C@H](O[C@@H]9[C@@H](CO)O[C@H](O[C@@H]%10[C@@H](CO)O[C@H](O[C@H]3[C@H](O)[C@H]4O)[C@H](O)[C@H]%10O)[C@H](O)[C@H]9O)[C@H](O)[C@H]8O)[C@H](O)[C@H]7O)[C@H](O)[C@H]6O)[C@H](O)[C@H]5O)nn2)[C@@H](O)[C@@H](O)[C@@H]1O
2ie4,C=C1[C@@H]([C@@H](O)C[C@H](C)[C@H]2O[C@@]3(CCCCO3)CC[C@H]2C)O[C@@H]2CC[C@@]3(CC[C@H](/C=C/[C@@H](C)[C@@H]4CC(C)=C[C@@]5(O[C@H](C[C@@](C)(O)C(=O)[O-])CC[C@H]5O)O4)O3)O[C@H]2[C@@H]1O
2i2b,Nc1ncnc2c1ncn2[C@@H]1OC[C@@H](O)[C@H]1O
6f8b,O=C(CS)Nc1ccc(Cl)c(Cl)c1
5w14,O=C(Cc1cccs1)N[C@@H](Cn1cc(-c2cccc(C(=O)[O-])c2)nn1)B(O)O
4yh3,COc1ccc(/C=C(/C(=O)N2CC(=O)Nc3ccccc32)c2ccccc2)cc1
4gnf,C[C@H]([NH3+])C(=O)N[C@@H](CCCNC(N)=[NH2+])C(=O)N[C@H](C(=O)N[C@@H](CCCC[NH3+])C(=O)N[C@@H](CCC(N)=O)C(=O)N[C@H](C(=O)N[C@@H](C)C(=O)N[C@@H](CCCNC(N)=[NH2+])C(=O)N[C@@H](CCCC[NH3+])C(=O)[O-])[C@@H](C)O)[C@@H](C)O
4pz8,C[C@H]([NH3+])C(=O)N[C@@H](Cc1c[nH]c2ccccc12)C(=O)N[C@@H](CC(N)=O)C(=O)N[C@@H](CO)C(=O)[O-]
3fq7,Cc1ncc(COP(=O)(O)O)c(CNc2cccc(C(=O)O)c2)c1O
3c45,CS(=O)(=O)c1ccc(-c2noc([C@@H](CC3C=C3)[C@H]([NH3+])C(F)=C3CCCC3)n2)c(Cl)c1
4w5a,CC([NH3+])C(=O)NC(CCCNC(=N)N)C(=O)NC(C(=O)NC(CCCC[NH3+])C(=O)NC(CCC(N)=O)C(=O)NC(C(=O)NC(C)C(=O)NC(CCCNC(=N)N)C(=O)NC(CCCC[N+](C)(C)C)C(=O)NC(COP(=O)(O)O)C(=O)NC(C(=O)O)C(C)O)C(C)O)C(C)O
3zlv,COC[n+]1ccc(C(N)=O)cc1
4iut,C[C@H](NC(=O)[C@@H](NC(=O)[C@H](CCC(N)=O)NC(=O)[C@H](CCCC[NH3+])NC(=O)[C@@H]([NH3+])[C@@H](C)O)[C@@H](C)O)C(=O)N[C@@H](CCCNC(N)=[NH2+])C(=O)N[C@@H](CCCC[NH+](C)C)C(=O)N[C@@H](CO)C(=O)[O-]
4bdb,C/C(=N\O)c1ccc(O)cc1O
1g42,[Cl+]1C2C13[Cl+]C3C21C23Cl4Cl2C413
4mao,COc1cc(-c2n[nH]c3ccc(C[C@@H](C#N)n4cncn4)cc23)cc(OC)c1OC
5w3i,COCCNC(=O)c1nc([C@@H]2CCCN2C(=O)COc2ccccc2)[nH]c(=O)c1O
6fpu,C[C@@H]1O[C@@H]2CO[C@@]3(CNc4nc5cc6c(=O)[nH]c(=[NH2+])[nH]c6cc5[nH]4)OCO[C@H]3[C@@H]2O1
2bw7,C[C@]12CC[C@@H]3c4cc(O)c(O)cc4CC[C@H]3[C@@H]1CC[C@@H]2O
4u7v,CC(C)[C@H]([NH3+])C(=O)N[C@@H](Cc1ccccc1)C[C@H](O)[C@H](Cc1ccccc1)NC(=O)OCc1cncs1
5dp6,CCOC(=O)CC[C@H](C[C@@H]1CCNC1=O)NC(=O)[C@H](Cc1ccccc1)NC(=O)CCC1CC1
5hl9,CC1(C)S[C@H]([C@@H](C=O)NC(=O)[C@H]([NH3+])c2ccccc2)[NH2+][C@H]1C(=O)[O-]
5uwi,CSCC[C@H](NC(=O)[C@H](C)NC(=O)[C@H](CO)NC(=O)[C@@H](NC(=O)[C@@H](NC(=O)[C@H](CCC(=O)[O-])NC(=O)[C@H](C)NC(=O)[C@H](CCC(=O)[O-])NC(=O)[C@H](Cc1ccc(O)cc1)NC(=O)[C@@H]([NH3+])CO)[C@@H](C)O)C(C)C)C(=O)N[C@@H](C)C(=O)N[C@@H](CC(C)C)C(=O)N[C@@H](CC(C)C)C(=O)N[C@@H](CO)C(=O)N[C@H](C(=O)NCC(=O)[O-])C(C)C
4wyz,O=c1ccn(C2OC(CO)C(OP(=O)(O)O)C2O)c(=O)[nH]1
5acb,C[NH+](C)CCCC(=O)Nc1ccc(C(=O)N2CCC[C@@H](Nc3ncc(Cl)c(-c4c[nH]c5ccccc45)n3)C2)cc1
4b6q,O=C1[C@@H](O)[C@H](O)C[C@](O)(C(=O)[O-])[C@H]1Cc1ccc2sccc2c1
1tpz,Nc1nc2c(ncn2C2OC(COP(=O)(O)OP(=O)(O)O)C(O)C2O)c(=O)[nH]1
6i97,CC1=[N+]2CCCCCNC(=O)CCC3=[N+]4CCCCCNC(=O)CCC5=[N+](CCCCC[NH3+])O[Fe+7](O1)(O5)(O3)(O2)O4
6bfn,COc1cc(N2CCOCC2)ccc1NC(=O)c1cccc(-c2ccn[nH]2)n1
2f9b,Nc1ccc2[nH]c(-c3cc(CC(=O)[O-])cc(-c4cccc([N+](=O)[O-])c4)c3O)cc2n1
5xjm,CC[C@H](C)[C@H](NC(=O)[C@@H]1CCCN1C(=O)[C@H](Cc1c[nH]cn1)NC(=O)[C@@H](NC(=O)[C@H](Cc1ccc(O)cc1)NC(=O)[C@@H](NC(=O)[C@H](CCCNC(N)=[NH2+])NC(=O)C[NH2+]C)C(C)C)[C@@H](C)CC)C(=O)[O-]
4y62,O=C(NC[C@H]1O[C@@H](n2ccc(=O)[nH]c2=O)[C@H](O)[C@@H]1O)[C@@H](CO)n1cc(-c2ccccc2)nn1
5eud,COc1cc(C)c(C[NH2+]C[C@@H](NC(=O)c2cc(C)on2)c2ccc(C#CCO)cc2)cc1C
2cv3,CC(C)C[C@@H]1NC(=O)[C@@H](NC(=O)[C@@H]([NH3+])[C@@H](C)O)[C@@H](C)OC(=O)C[C@@H]2NC(=O)[C@@H]3COC(=O)C[C@H](NC(=O)[C@H](Cc4c[nH]c5ccccc45)NC2=O)C(=O)N[C@H](C(=O)[O-])CC(=O)NCCCC[C@H](NC1=O)C(=O)N[C@@H](Cc1ccccc1)C(=O)N1CCC[C@H]1C(=O)N3
2clf,O=C(NCCOP(=O)(O)O)c1ccc(OC(F)(F)F)cc1
3qpp,COc1cc2ncnc(N3CCC[C@@H](c4ccccc4)C3)c2cc1OCCc1ccc2ccccc2n1
6bw8,Cc1cc(OCCCc2c3n(c4c(-c5c(C)nn(C)c5C)c(Cl)ccc24)CCCN(c2cccc4c(C(=O)[O-])cn(C)c24)C3=O)cc(C)c1Cl
4h5c,CC(C)Oc1ccc(-c2ccnc(NC(P(=O)(O)O)P(=O)(O)O)c2)cc1
6ggn,COc1ncc(-c2nc3c(n2C(C)C)[C@H](c2ccc(Cl)cc2C)N(c2cc(Cl)ccc2C)C3=O)c(OC)n1
5i25,CC[C@H](C)[C@H](NC(=O)[C@@H]1CCCN1C(=O)[C@@H]([NH3+])CC(N)=O)C(=O)N[C@@H](CO)C(=O)N[C@@H](CC(=O)[O-])C(=O)N[C@@H](Cc1ccccc1)C(=O)N1CCC[C@H]1C(=O)N[C@@H](CC(=O)[O-])C(=O)[O-]
5djr,O=C([O-])c1cc2c(-c3cccc4[nH]ccc34)cccc2[nH]1
2mlm,O=C(CNC(=O)c1ccccc1S)N[C@]12C[C@H]3C[C@H](C[C@H](C3)C1)C2
5swg,Oc1ccccc1O
2xb9,COc1ccc(C[C@H]2C(=O)[C@@H](O)[C@H](O)C[C@]2(O)C(=O)[O-])cc1
4edy,O=C(NCC[N+]1CCOCC1)c1ccc(-c2c(CO)ccc3ccccc23)cc1
4gtv,CCN(CC)C(=O)Oc1ccc(C[C@@H]2CN(Cc3cncn3C)c3ccc(C#N)cc3CN2S(=O)(=O)c2ccc(OC)cc2)cc1
4o7d,CC(=O)CC[C@H]([NH3+])C(=O)[O-]
4hze,[NH3+][C@](CCCCB([OH-])([OH2+])[OH2+])(CC[NH+]1CCCCC1)C(=O)[O-]
1ff1,CC(C)C[C@H](NC(=O)[C@H](Cc1ccccc1)NC(=O)[C@@H]1CCCN1C(=O)[C@H](CC(N)=O)NC(=O)[C@@H](NC(=O)[C@@H]([NH3+])CO)[C@@H](C)O)C(=O)[O-]
4ojr,Cc1c(-c2c([C@H](OC(C)(C)C)C(=O)[O-])n(C)c(=O)c3ccccc23)cc(F)c2c1CCCO2
1jjk,O=c1cc(O)n(C2OC(COP(=O)(O)O)C(O)C2O)c(O)n1
6nd3,C[N+](C)(C)CCO
4qhp,[NH3+]Cc1ccc(CC(CP(=O)(O)C([NH3+])CCc2ccccc2)C(=O)O)cc1
5v40,CCOC(=O)c1c(-c2ccccc2)oc2ccc(O)c(C[NH+](C)C)c12
4oz2,Cc1[nH]ncc1-c1ccc(F)cc1
5w4s,CC(=O)NC(CC(=O)O)C(=O)NC(CCC(N)=O)C(=O)NC(CO)C(=O)NC(CC(=O)O)C(=O)NC(Cc1ccccc1)C(=O)NC(CCC(=O)O)C(=O)NCC(=O)NC(Cc1ccccc1)C(=O)NC(COP(=O)(O)O)C(=O)NC(Cc1ccc(O)cc1)C(N)=O
3avl,CC[C@H](C)[C@@H]1NC(=O)[C@H](CCCC[NH3+])NC(=O)[C@H]([C@@H](C)O)NC(=O)[C@H](C)NC(=O)[C@H](CC(=O)[O-])NC(=O)[C@H](CC(C)C)NC(=O)[C@H](CC(N)=O)NC(=O)[C@H](CC(=O)[O-])NC1=O
3sfi,O=C(CCCC(F)(F)F)N1CCC(c2nc(-c3nccs3)no2)CC1
3oz1,CC[C@H]([NH2+]C)C(=O)N[C@@H]1C(=O)N2[C@H](CC[C@H]2C(=O)NC(c2ccccc2)c2ccccc2)CC[C@@H]1CC[NH2+]Cc1ccccc1
3h1z,CC(C)C[C@H](NC(=O)[C@@H]1CCCN1C(=O)[C@H](CO)NC(=O)[C@H](Cc1ccc(O)cc1)NC(=O)[C@@H](NC(=O)[C@H](Cc1c[nH]c2ccccc12)NC(=O)[C@H](CO)NC(=O)[C@H](CCCNC(N)=[NH2+])NC(=O)[C@H](CCC(=O)[O-])NC(=O)[C@H](CC(=O)[O-])NC(=O)[C@@H](NC(=O)[C@@H]1C=CCN1C(=O)[C@H](Cc1ccccc1)NC(=O)[C@@H]([NH3+])Cc1ccc(O)cc1)[C@@H](C)O)C(C)C)C(=O)N[C@@H](Cc1c[nH]cn1)C(=O)[O-]
6nm4,COc1cc(OC)cc(-c2noc(N3CC[N@@H+](C)C4(CCN(c5ccnc(C)c5)CC4)C3)n2)c1
1i7m,NC(=[NH2+])NNC1=CCc2c(C(N)=[NH2+])cccc21
4mha,CCCCNc1ncc(C(=O)NCc2ccc(S(N)(=O)=O)cc2)c(N[C@H]2CC[C@H](O)CC2)n1
2xui,Nc1ccc2c(c1)C(c1ccccc1)N(CCCCCCc1cnnn1CCNc1c3ccccc3nc3ccccc13)c1cc(N)ccc1-2
5i13,Oc1ccc(C/N=N/c2ccc(Cl)cc2)c(O)c1O
4gb9,CN(C)c1nc2ccccc2n1-c1nc(N2CCOCC2)c2nc(C[N@H+]3CC[C@H](C(C)(C)O)CC3)n(C)c2n1
1imx,C[C@H](CCC(=O)N(CCCNC(=O)[C@H](O)[C@@H](O)[C@H](O)[C@H](O)CO)CCCNC(=O)[C@H](O)[C@@H](O)[C@H](O)[C@H](O)CO)[C@H]1CC[C@H]2[C@@H]3CC[C@@H]4C[C@H](O)CC[C@]4(C)[C@H]3C[C@H](O)[C@@]21C
2i4p,CCCCCCCN(CCc1ccc(O[C@@](C)(CC)C(=O)[O-])cc1)c1nc2ccccc2o1
4hai,Cc1cc(C)c(S(=O)(=O)N2CCC(C(=O)NC3CCCCCC3)CC2)c(C)c1
5xig,O=C1CCC[NH2+][C@@H]1CCCn1cnc2ccccc2c1=O
4s2i,NC(=O)[C@@H]1CC[C@@H]([NH2+]OS(=O)(=O)[O-])CN1C=O
5tri,O=C([O-])c1cccc(OCc2ccc(Cl)cc2)c1N1Cc2ccccc2C1=O
5kgn,CC(C)C[C@H](NC(=O)[C@H](Cc1ccc(O)cc1)NC(=O)[C@@H]1CSCC(=O)N[C@H](Cc2ccc(O)cc2)C(=O)N[C@@H](CC(=O)[O-])C(=O)N[C@@H](Cc2ccc(O)cc2)C(=O)N2CCC[C@H]2C(=O)NCC(=O)N[C@@H](CC(=O)[O-])C(=O)N[C@@H](Cc2ccc(O)cc2)C(=O)N1)C(=O)N[C@@H](Cc1ccc(O)cc1)C(N)=O
2wti,NC(=O)c1ccc(-c2cc([C]3SCC4OCCOC34)cnc2N)cc1
5v42,CCOC(=O)c1c(-c2ccccc2)oc2ccc(O)c(C[NH+]3CCCC3)c12
5icv,CSCCC(NC(=O)CSCCNC(=O)CCNC(=O)C(O)C(C)(C)COP(=O)(O)OP(=O)(O)OCc1oc(-n2cnc3c(N)ncnc32)c(O)c1OP(=O)(O)O)C(=O)NC(CCCC[NH3+])C(=O)NC(C)C(=O)NC(C(=O)O)C(C)C
1oi9,Oc1ccc(Nc2nc(OCC3CCCCC3)c3nc[nH]c3n2)cc1
6ex0,N=C1Nc2c(ncn2C2OC(COP(=O)(O)OP(=O)(O)OP(=O)(O)O)C(OP(=O)(O)OP(=O)(O)O)C2O)C(O)N1
2xcs,COc1ccc2ncc(C#N)c(CC[N+]3CCC([NH2+]Cc4cc5c(cn4)OCS5)CC3)c2c1
5dhh,Cc1cccc2c1CC[C@H](C[N@H+]1CC[C@H](c3c(Cl)cccc3Cl)CC1)C[C@@H]2O
6afj,CCCCOC(=O)CN1C(=O)[C@@H](O)c2ccccc21
4w50,CC(C)[C@@H]1NC(=O)[C@@H](NC(=O)[C@H](Cc2ccc(O)cc2)NC(=O)[C@@H]2CCCN2C(=O)[C@H](C)[NH3+])CSSC[C@@H](C(=O)[O-])NC(=O)[C@H](CO)NC(=O)[C@H](Cc2c[nH]c3ccccc23)NC(=O)[C@H](CO)NC(=O)CNC(=O)[C@H](CCCNC(N)=[NH2+])NC(=O)[C@H](Cc2ccc(O)cc2)NC1=O
5ttf,CCNc1nc(NC2CC[NH2+]CC2)c2cc(OC)c(OC)cc2n1
4ijh,O=C([O-])c1sc2cc(-n3c(S)nnc3-c3ccc(F)cc3)ccc2c1Cl
5kre,O=CN1CCCC[C@@H]1c1ccccc1
5ow1,O=P(O)(O)C(F)(F)c1cccc(-c2cccc(C3CCCCC3)c2O)c1
6mck,Cc1cc2c(C(N)=O)cccc2n1-c1nc2c(c(NCc3ccccc3)n1)COCC2
3qvu,O=[N+]([O-])c1ccc(O)cc1
5t4e,CC#CCn1c(N2CCC[C@@H]([NH3+])C2)nc2c1c(=O)[nH+]c1n2CCCN1Cc1nc(C)c2ccccc2n1
5tgy,FC(F)(F)C1=C2C=CC3=[N+]2[Zn-5]24n5c1ccc5C(C(F)(F)F)=C1C=CC(=[N+]12)C(C(F)(F)F)=c1ccc(n14)=C3C(F)(F)F
4r17,C[C@@H]1[NH2+][C@@H]1C=O
4mk2,N#Cc1cccc(-c2c[nH]c(=O)c(O)c2)c1
5he2,COc1cccc(OC)c1CNC(=O)c1cc([C@@H]2NC(=O)NC(C)=C2C(=O)Nc2ccc3n[nH]cc3c2)ccc1F
3o95,CCc1nc(CC(C)(C)C)c(C[NH3+])c(-c2ccc(C)cc2)c1CC(=O)[O-]
4xkc,CC1=CC2=[N+]3C1=CC1=[N+]4C(=CC5=[N+]6C(=CC7=[N+](C(=C2)C(C)=C7)[Mg@@-2]346)C(C)=C5CCC(=O)[O-])C(CCC(=O)[O-])=C1C
3c6t,N#Cc1cc(Cl)cc(Oc2cc(Cl)cc(OCC(=O)Nc3ccc(S(N)(=O)=O)cc3Cl)c2)c1
6chl,Cc1cc(=O)n2nc(N[C@H](CC#N)c3cccc(Cl)c3)nc2[nH]1
2xgs,O=c1ccn(C2OC(COP(=O)(O)CP(=O)(O)O)C(O)C2O)c(=O)[nH]1
6szj,COc1cccc(-c2nn(C(C)(C)C)c(N)c2C(N)=O)c1
3gl6,C[C@H]([NH3+])C(=O)N[C@@H](CCCNC(N)=[NH2+])C(=O)N[C@H](C(=O)N[C@@H](CCCC[N+](C)(C)C)C(=O)N[C@@H](CCC(N)=O)C(=O)N[C@H](C(=O)N[C@@H](C)C(=O)N[C@H](C=O)CCCNC(N)=[NH2+])[C@@H](C)O)[C@@H](C)O
2jbv,Cc1cc2c(cc1C)N(CC(O)C(O)C(O)COP(=O)(O)OP(=O)(O)OCC1OC(n3cnc4c(N)ncnc43)C(O)C1O)C1NC(=O)NC(=O)C1N2
4qsk,Nc1ncnc2c1ncn2C1OC(CO[PH](=O)O)C(O)C1O
4dpt,O=C(O)CC(O)(CF)CCOP(=O)(O)OP(=O)(O)O
6qtw,CSCC[C@H](NC(=O)[C@H](CCC(N)=O)NC(=O)[C@H](CC(=O)[O-])NC(=O)[C@@H]([NH3+])CCC(=O)[O-])C(=O)N[C@H](C(=O)N1CCC[C@H]1C(=O)N[C@@H](CO)C(=O)[O-])C(C)C
5tyl,OB(O)c1ccc2ccccc2c1
3q2a,Nc1ccc(C(=O)[O-])cc1
1ms0,CC(=O)N[C@@H]1[C@@H](O)CC(C(=O)[O-])O[C@H]1[C@H](O)[C@H](O)CO
4h5e,CC(C)CCOP(=O)(O)OP(=O)(O)O
4g3f,N#Cc1cccc(-c2csc(Nc3cc(F)ccc3O)n2)c1
1y2a,CC[C@H](C)[C@H](NC(=O)CNC(=O)[C@@H](NC(=O)[C@H](Cc1c[nH]c2ccccc12)NC(=O)[C@H](Cc1c[nH]cn1)NC(=O)[C@H](CCCC[NH3+])NC(=O)[C@H](CO)NC(=O)[C@@H](NC(=O)[C@H](CCCC[NH3+])NC(=O)C[NH3+])[C@@H](C)CC)[C@@H](C)O)C(=O)[O-]
4qlu,CC1=C(C(=O)N[C@H](C)C(=O)N[C@@H](Cc2c[nH]c3ccccc23)C(=O)N[C@@H](CC2CCCCC2)[C@@H](O)[C@H](C)CO)Cc2ccccc21
4e5d,COc1ccc2nc(-c3ccccc3F)sc2c1
3l81,C[C@@H](O)[C@H]([NH3+])C(=O)N[C@@H](Cc1ccc(O)cc1)C(=O)N[C@@H](CCCC[NH3+])C(=O)N[C@@H](Cc1ccccc1)C(=O)N[C@@H](Cc1ccccc1)C(=O)N[C@@H](CCC(=O)[O-])C(=O)N[C@@H](CCC(N)=O)C(=O)[O-]
4x6x,O=C([O-])CCc1ccc(OC2CCN(C(=O)N[C@H]3[C@H](c4ccccc4)[C@@H]3c3ccccc3)CC2)cc1
3m3o,CC(=O)N[C@H]1[C@@H](Oc2ccc([N+](=O)[O-])cc2)O[C@H](CO)[C@H](O)[C@@H]1O[C@@H]1O[C@H](CO)[C@H](O)[C@H](O)[C@H]1O
1g9b,NC(=[NH2+])c1ccc2[nH]c(Cc3nc4ccc(C(N)=[NH2+])cc4[nH]3)nc2c1
1h36,C[N@@H+](C/C=C/COc1ccc(C(=O)c2ccc(Br)cc2)cc1)C1CC1
1kne,C[C@H](NC(=O)[C@@H](NC(=O)[C@@H]([NH3+])CCC(N)=O)[C@@H](C)O)C(=O)N[C@@H](CCCNC(N)=[NH2+])C(=O)N[C@@H](CCCC[N+](C)(C)C)C(=O)N[C@H](C=O)CO
2ieo,CC(C)CN(C[C@@H](O)[C@H](Cc1ccccc1)NC(=O)O[C@H]1CO[C@H]2OCC[C@@H]12)S(=O)(=O)c1ccc(N)cc1
1n3z,O=c1ccn(C2OC(CO)C(OP(=O)(O)O)C2O)c(=O)[nH]1
3b5j,Nc1ncnc2c1ncn2C1OC(COP(=O)(O)OP(=O)(O)O)C2OC3(OC21)C([N+](=O)[O-])=CC([N+](=O)[O-])=CC3[N+](=O)[O-]
3n5u,CC[C@H](C)[C@H](NC(=O)[C@H](CC(=O)[O-])NC(=O)[C@H](Cc1ccccc1)NC(=O)[C@H](CCCNC(N)=[NH2+])NC(=O)[C@H](CC(C)C)NC(=O)[C@H](CCCC[NH3+])NC(=O)[C@@H]([NH3+])CCCC[NH3+])C(=O)[O-]
1bqn,COc1ccc2c(c1)N(C(=O)OC(C)C)[C@@H](CSC)C(=S)N2
4kov,CO/N=C(\C(=O)N[C@@H]1C(=O)N2C(C(=O)[O-])=C(COC(N)=O)CS[C@H]12)c1ccco1
5ujv,CC1=CC(=O)CC(C)(C)[C@@]1(O)/C=C/C(C)CC(=O)[O-]
1gux,CC(C)C[C@H](NC(=O)[C@@H]([NH3+])CC(=O)[O-])C(=O)N[C@@H](Cc1ccc(O)cc1)C(=O)N[C@@H](CS)C(=O)N[C@@H](Cc1ccc(O)cc1)C(=O)N[C@@H](CCC(=O)[O-])C(=O)N[C@@H](CCC(N)=O)C(=O)N[C@@H](CC(C)C)C(=O)N[C@@H](CC(N)=O)C(=O)[O-]
2vvt,CCCCOc1nc(NCC[NH+]2CCOCC2)c2ncn(Cc3c(F)cccc3F)c2n1
4b6c,Cc1ccc(-c2cnc(Nc3ccc(OCCC[N@H+]4CC[N@H+](C)CC4)cc3)c(C(N)=O)n2)cc1C
1gzg,O=C([O-])CCC(=O)CF
3wka,Cn1c(N)c(N2CCCCC2)c(=O)[nH]c1=O
3ax5,CC(C)C[C@H](NC(=O)[C@H](CC(C)C)NC(=O)[C@H](CCCNC(N)=[NH2+])NC(=O)[C@@H]1CSSC[C@@H](NC(=O)C[NH3+])C(=O)N[C@@H](CCCNC(N)=[NH2+])C(=O)N[C@@H](CC(C)C)C(=O)N1)C(=O)N[C@@H](CO)C(=O)N[C@@H](Cc1ccc(O)cc1)C(=O)N[C@@H](C)C(=O)[O-]
4qn9,C[C@H](CCC(=O)[O-])[C@H]1CC[C@H]2[C@@H]3CC[C@@H]4C[C@H](O)CC[C@]4(C)[C@H]3C[C@H](O)[C@@]21C
3tl0,CC(C)CC([NH3+])C(=O)NC(CC(N)=O)C(=O)NC(Cc1ccc(OP(=O)(O)O)cc1)C(=O)NC(C)C(=O)NC(C)C(=O)NC(CC(C)C)C(=O)NC(C)C(=O)O
2g5p,CC(C)(C)c1cc(C(=O)[O-])ccc1OC[C@H]1CC[C@@H](C(=O)N2CCC[C@H]2C=N)[NH2+]1
1jh1,C=CC/N=C1/NN=C(c2ccc(Cl)cc2)CS1
4avg,O=C([O-])C(=O)CC(=O)[C@]1(Cc2ccc(Cl)cc2)CC[N@@H+](CC2CCCCC2)CC1
6r0x,O=C([O-])[C@H]1C[C@H](O)[C@@H](OS(=O)(=O)[O-])[C@H](O[C@@H]2[C@@H](COS(=O)(=O)[O-])O[C@H](O[C@@H]3[C@H](O)[C@@H](OS(=O)(=O)[O-])[C@H](O[C@@H]4[C@@H](COS(=O)(=O)[O-])O[C@H](O[C@H]5[C@H](O)[C@@H](OS(=O)(=O)[O-])[C@H](O[C@@H]6[C@@H](COS(=O)(=O)[O-])O[C@H](O[C@@H]7[C@H](O)[C@@H](OS(=O)(=O)[O-])[C@H](O[C@@H]8[C@@H](COS(=O)(=O)[O-])O[C@H](O)[C@H](NS(=O)(=O)[O-])[C@H]8O)O[C@H]7C(=O)[O-])[C@H](NS(=O)(=O)[O-])[C@H]6O)O[C@H]5C(=O)[O-])[C@H](NS(=O)(=O)[O-])[C@H]4O)O[C@H]3C(=O)[O-])[C@H](NS(=O)(=O)[O-])[C@H]2O)O1
2zzu,CCS(=O)(=O)N[C@H](Cc1c[nH]c2ccc(OCc3cccc(C(=O)[O-])c3)cc12)C(=O)N[C@@H](CCC(N)=O)C(=O)NCc1ccc(C(N)=[NH2+])cc1
5dyy,O=S(=O)(NC[C@@H]1CCC[N@@H+](Cc2ccccc2)C1)c1ccc2ccccc2c1
6n6o,C[C@@H](Oc1cc(C(=O)N(C)C)ccc1Nc1nc(O[C@H]2CC[C@@](C)(O)CC2)c2c(Cl)c[nH]c2n1)C(F)(F)F
6cmj,CC(C)Cc1cc(-c2c[nH]c3ncc(-c4ccccc4)cc23)ccc1C(=O)[O-]
2wj2,O[C@@H](CCCCCCc1ccccc1)c1ncc(-c2ccccn2)o1
4ijq,Nc1nc2c(ncn2CC(COCP(=O)(O)O)COCP(=O)(O)O)c(=O)[nH]1
3eju,CC(C)(C)c1ccc(C(=O)C[C@@H]2CC[C@@H](O)[C@@H]3[C@H](O)[C@H](O)C[N@@H+]23)cc1
2zz6,O=c1ccn(C2OC(COP(=O)(O)O)C(O)C2O)c(=O)[nH]1
5n1x,CCNc1cc(-c2cccnc2)nc2ccnn12
4bdg,Nc1cc(-c2cccnc2)n[nH]1
4qvv,CC(C)C[C@H](NC(=O)[C@H](Cc1ccccc1)NC(=O)c1cnccn1)B(O)O
3bm8,CCS(=O)(=O)Oc1ccccc1
5acw,Cn1c(S)nnc1C(F)(F)F
2xni,CC1(C)CCCCc2cccc3c2CN(C3)C(=O)O[C@@H]2C[C@@H](C(=O)N[C@@H](CCO)B(O)O)N(C2)C(=O)[C@H](C(C)(C)C)NC(=O)OC1
3h0e,CC1(C)CN=C2[C@@H](O)c3cc(S(=O)(=O)N4CCC[C@H]4COc4ccccc4)ccc3N2C1
2qnz,CCCCCCCCCCOC=O
6agp,Nc1nc2c(ncn2C2OC(COP(=O)(O)OP(=O)(O)O)C(O)C2O)c(=O)[nH]1
5iez,Cc1cc(OCCCc2c(C(=O)Nc3cccc(C(=O)[O-])c3)[nH]c3c(-c4c(C)nn(C)c4C)c(Cl)ccc23)cc(C)c1Cl
4wx6,CC[NH2+][C@H](C(=O)N[C@H](C(=O)NCC(=O)NCCCS(C)(=O)=O)C(C)(C)C)c1cc(Cl)cc(Cl)c1
2xoi,Nc1ncnc2c1ncn2[C@@H]1O[C@H]([C@@H](O)NS(=O)(=O)C[C@H]2C[C@H](n3ccc(=O)[nH]c3=O)O[C@@H]2CO)[C@@H](O)[C@H]1O
5j3s,N#Cc1ccc2cc3c(=O)[nH]c(=O)nc-3n(-c3cccc(-c4nnn[nH]4)c3)c2c1
3uwo,Cn1c(=O)[nH]c2ncc(-c3cccc(C(N)=O)c3)cc21
1hvy,Cc1nc2ccc(CN(C)c3ccc(C(=O)N[C@@H](CCC(=O)[O-])C(=O)[O-])s3)cc2c(=O)[nH]1
5yjb,Cc1ccc(-c2ncc(OCC3CC[NH2+]CC3)cc2-c2ccc(C#N)cc2)cc1
3tct,O=C([O-])c1ccc2nc(-c3cc(Cl)cc(Cl)c3)oc2c1
5ugg,CCCCCCCCNC(=O)[C@H](Cc1ccc(OCc2ccc3ccccc3n2)cc1)NC(=O)[C@H]1CC[C@H](C[NH3+])CC1
5db1,COc1cc2[nH]c(C#N)cc2cc1C[N@H+]1CC[C@H](Nc2ncnc3sc(CC(F)(F)F)cc23)CC1
1h1h,Nc1ncnc2c1ncn2C1OC(COP(=O)(O)O)C(O)C1OP(=O)(O)O
2x6w,CC(=O)N[C@H]1[C@H](O[C@H]2[C@@H](O[C@H]3O[C@H](CO[C@@H]4O[C@@H](C)[C@H](O)[C@@H](O)[C@H]4O)[C@@H](O)[C@H](O)[C@H]3O)[C@@H](CO)O[C@H](O[C@H]3[C@H](O)[C@@H](CO[C@H]4O[C@H](CO)[C@@H](O)[C@H](O)[C@H]4O)O[C@H](O)[C@@H]3NC(C)=O)[C@@H]2O)O[C@H](CO)[C@@H](O)[C@@H]1O
3qs1,Cc1cccc(C)c1OCC(=O)N[C@@H](Cc1ccccc1)[C@H](O)C(=O)N1CSC(C)(C)[C@H]1C(=O)N[C@H]1c2ccccc2C[C@H]1O
5m0s,C[C@H](CCC(=O)NCCNC(=O)OCc1cc(Cl)cc(Cl)c1)[C@H]1CC[C@H]2[C@@H]3[C@@H](O)C[C@@H]4C[C@H](O)CC[C@]4(C)[C@H]3CC[C@@]21C
4pkb,CC[P@H](=O)OC
5w92,O=C(NCCS(=O)(=O)c1ccccc1)c1nc([C@@H]2CCCN2C(=O)c2c(Cl)cncc2Cl)[nH]c(=O)c1O
4zsg,CC(C)NC(=O)n1nc(N)nc1Nc1ccc(Cl)cc1
3cyy,CC[C@H](C)[C@H](NC(=O)[C@H](CCC(=O)[O-])NC(=O)[C@H](CC(C)C)NC(=O)[C@H](CC(=O)[O-])NC(=O)[C@H](CC(=O)[O-])NC(=O)[C@@H]1CCCN1C(=O)[C@H](CCCNC(N)=[NH2+])NC(=O)[C@@H]1CCCN1C(=O)[C@@H]([NH3+])CCCNC(N)=[NH2+])C(=O)[O-]
4mw0,O=C(NCCC[NH2+]Cc1cc(Cl)cc(Cl)c1)Nc1ccccc1O
6fns,O=C([O-])[C@H](Cc1cnc[nH]1)[NH+]1CCOCC1
5uoy,COc1ccc(Cn2c(=O)n3ncnc3c3c4c(sc32)C[N@H+](CC2CCOCC2)CC4)cc1
3pvw,CCCn1c(CNc2cccc(C(=O)NCc3c(F)cccc3F)c2)nnc1-c1ccncn1
3srb,C=CCNc1ncnc2ccc(Br)cc12
6moo,CC(C)([NH3+])[C@H](NC(=O)c1ccc(C#CC#C[C@@H]2C[C@H]2CO)cc1)C(=O)NO
5v24,CC(C)n1cnnc1-c1nc(C(=O)Nc2ccccn2)cs1
5tho,CCN(CC)C(=O)C[C@H](NC(=O)CCc1ccccc1)C(=O)N[C@@H](COC)C(=O)NCc1cccc2ccccc12
3otq,CCc1cc(-c2cccnc2)nn1-c1ccc(NC(=O)c2cccnc2)cc1
6hvw,COc1ccc(C[C@H](NC(=O)[C@H](C)NC(=O)C[NH+]2CCOCC2)C(=O)N[C@@H](C[C@H]2CC[C@@H]3CCCC[C@H]3C2)[C@@H](O)C(C)(C)O)cc1
6qef,O=C(NCc1cc(F)cc(Cl)c1)[C@@]1(O)CCN(c2ccccc2)C1=O
3wk4,C[C@@H](NC(=O)Nc1ccccc1)C1CC1
3q6s,CC[C@H](C)[C@H](NC(=O)[C@H](CCCC[NH3+])NC(=O)[C@@H](NC(=O)[C@@H](NC(=O)[C@@H]1CCCN1C(=O)[C@H](Cc1ccc(O)cc1)NC(=O)[C@H](CC(C)C)NC(=O)[C@H](CO)NC(=O)[C@@H](NC(=O)[C@H](CC(N)=O)NC(=O)[C@@H]([NH3+])[C@@H](C)O)C(C)C)C(C)C)C(C)C)C(=O)N[C@@H](CCCNC(N)=[NH2+])C(=O)N[C@@H](CCCNC(N)=[NH2+])C(=O)N[C@@H](CC(C)C)C(=O)N[C@@H](CO)C(=O)N[C@@H](CC(C)C)C(=O)[O-]
5o4s,Cn1c(=O)c(=O)n(C)c2cc(N3CCOCC3)c(NS(=O)(=O)c3ccc4c(c3)CCCC4)cc21
5v19,CCn1cc(NC(=O)c2ccoc2)cn1
1rtl,CC(C)[C@H](NC(=O)NC1CCCC1)C(=O)N1CC[C@H](NC(=O)C2CC2)[C@H]1C1(C=O)CCC1
6d3y,CC[C@H](C)[C@@H]1NC(=O)[C@@H]2CCCN2C(=O)[C@@H]2CCCN2C(=O)[C@H](CCCNC(N)=[NH2+])NC(=O)[C@H](CO)NC(=O)[C@H](CCCC[NH3+])NC(=O)[C@H]([C@@H](C)O)NC(=O)[C@@H]2CSSC[C@H](NC1=O)C(=O)N[C@@H](Cc1ccccc1)C(=O)N1CCC[C@H]1C(=O)N[C@@H](CC(=O)[O-])C(=O)N1O[C@H]1C(=O)N[C@@H](CCCNC(N)=[NH2+])C(=O)N2
1d3v,[NH3+][C@@H](CCCC[B-](O)(O)O)C(=O)[O-]
3rqe,CC(C)C[C@H](NC(=O)[C@H](C)NC(=O)[C@@H]([NH3+])CC(=O)[O-])C(=O)N[C@@H](CC(C)C)C(=O)N[C@@H](C)C(=O)N[C@@H](CC(=O)[O-])C(=O)N[C@@H](CC(C)C)C(=O)N[C@@H](CCC(=O)[O-])C(=O)N[C@@H](CO)C(=O)N[C@H](C(=O)[O-])[C@@H](C)O
4ir5,CC(=O)c1cc(-c2ccccc2CO)c2cc(Oc3ccccc3)ccn12
2g6p,Cc1nc(-c2ccccn2)nc(NCCc2ccccc2)c1Cl
5ws3,CCN(Cc1cccnc1)C(=O)CN(c1ccc(OC)nc1)S(=O)(=O)c1ccccc1C
1qm4,CO/C=C\[C@H]([NH3+])C(=O)[O-]
3sv9,CCC[C@H](NC(=O)[C@@H]1[C@H]2CCC[C@H]2CN1C(=O)[C@@H](NC(=O)[C@@H](NC(=O)c1cnccn1)C1CCCCC1)C(C)(C)C)[C@@H](O)C(=O)NC1CC1
5wou,CC(C)C[C@H]([NH3+])C(=O)N1CCC[C@H]1C(=O)N[C@@H](CO)C(=O)N[C@@H](Cc1ccccc1)C(=O)N[C@@H](CCC(=O)[O-])C(=O)N[C@H](C(=O)N[C@@H](C)C(=O)N[C@@H](CC(C)C)C(=O)[O-])[C@@H](C)O
4lh6,NC(=O)c1cnc(N)c2cc(Br)sc12
2v13,CCCCNC(=O)[C@H](C)C[C@H](O)[C@@H]([NH3+])C[C@@H](C)CNC(=O)c1ccccc1OCCCOC
4zt7,Fc1ccc2[nH]c(NCCC[NH2+][C@@H]3CCNc4c(Cl)cc(Cl)cc43)nc2n1
3r0h,CC(C)C[C@H](NC(=O)[C@H](C)[NH3+])C(=O)N[C@@H](CCCNC(N)=[NH2+])C(=O)N[C@@H](CC(N)=O)C(=O)NCC(=O)N[C@@H](CCC(N)=O)C(=O)N[C@@H](Cc1ccc(O)cc1)C(=O)N[C@@H](Cc1c[nH]c2ccccc12)C(=O)N[C@H](C(=O)[O-])C(C)C
5kyj,COc1ncc(F)c(N2Cc3cn(-c4cccc(S(C)(=O)=O)c4)nc3[C@H]2C(C)C)n1
4yy6,CCCC(=O)NCCCC[C@H](NC(=O)CNC(=O)CNC(=O)[C@H](CCCCNC(=O)CCC)NC(=O)CNC(=O)[C@H](CCCNC(N)=[NH2+])NC(=O)C[NH3+])C(=O)NCC(=O)N[C@@H](CC(C)C)C(=O)NCC(=O)[O-]
4gzf,CCCC[C@H](NC(=O)[C@H](C)NC(=O)[C@H](CCC(=O)[O-])NC(=O)[C@H](Cc1ccccc1)[NH2+]C[C@H](CC(C)C)NC(=O)[C@@H](NC(=O)[C@@H]([NH3+])CCCNC(C)=[NH2+])C(C)C)C(=O)[O-]
6bhh,CNC(=O)[C@H](C)NC(=O)[C@@H]1CCCN1C(=O)[C@H](C)NC(=O)[C@H](CCCCNC(C)=O)NC(=O)CNC(=O)CNC(=O)[C@@H](NC(=O)[C@H](C)NC(C)=O)[C@@H](C)O
2odd,CC[C@H](C)[C@H](NC(=O)[C@H](CC(C)C)NC(=O)[C@@H]1CCCN1C(=O)[C@@H]1CCCN1C(=O)[C@@H]1CCCN1C(=O)[C@H](CC(N)=O)NC(=O)[C@H](CO)NC(=O)[C@@H](NC(=O)[C@@H]([NH3+])[C@@H](C)O)[C@@H](C)CC)C(=O)N[C@@H](CO)C(=O)N[C@@H](CO)C(=O)N[C@@H](C)C(=O)N[C@@H](CCCC[NH3+])C(=O)O
5wzt,Cc1c(C(=O)C(N)=O)c2c(OCC(=O)[O-])cccc2n1Cc1cccc(Br)c1
4pb1,NC(=O)c1ncn([C@@H]2O[C@H](CO)[C@@H](O)[C@H]2O)n1
4uwg,CC(C)OCCN1C2=[NH+]C(=[N+]3CCOCC3)CC(=O)N2CC[C@H]1C(F)(F)F
2qhr,CC(C)[C@H]([NH3+])C(=O)N[C@@H](CCC(=O)[O-])C(=O)N[C@@H](CCC(N)=O)C(=O)N[C@@H](Cc1c[nH]cn1)C(=O)N[C@@H](Cc1c[nH]cn1)C(=O)N[C@@H](CCCNC(N)=[NH2+])C(=O)N[C@@H](CCCNC(N)=[NH2+])C(=O)N[C@H](C(=O)N[C@@H](CC(=O)[O-])C(=O)N[C@@H](CC(N)=O)C(=O)N[C@@H](CC(=O)[O-])C(=O)[O-])[C@@H](C)O
2x6k,Oc1cccc(-c2nc(N3CCOCC3)c3oc4ncccc4c3n2)c1
2r7g,CC(C)C[C@H](NC(=O)[C@H](CC(=O)[O-])NC(=O)[C@H](Cc1ccc(O)cc1)NC(=O)[C@H](CC(C)C)NC(=O)[C@H](CCC(=O)[O-])NC(=O)[C@H](Cc1cnc[nH]1)NC(=O)[C@H](CC(C)C)NC(=O)[C@@H](NC(=O)[C@@H]1CCCN1C(=O)[C@@H]1CCC[NH2+]1)[C@@H](C)O)C(=O)O
3bh3,CCCC(C)=O
4aoc,CO[C@H]1O[C@H]([C@@H](O)CO)[C@@H](O)[C@H](O)[C@@H]1O
4glw,COc1nc2nc(N)nc(N)c2nc1C
3dya,N#Cc1cc(Cl)cc(Oc2c(Br)ccc(Cc3n[nH]c4nnccc34)c2F)c1
1kll,Cc1c(N)c(O)c2c(c1O)[N+]1=C[C@H]([NH3+])[C@H](O)C1=C2COC(N)=O
5mwd,Cc1cc(C)n(-c2ncc(Cl)c(Nc3ccc4c(c3)CC(=O)N4)n2)n1
4jkt,O=C(Cc1ccccc1)Nc1nnc(CCSCCc2nnc(NC(=O)Cc3ccccc3)s2)s1
2nq7,CC(C)(C)C(=O)Nc1cccnc1C(=O)Nc1nccs1
3ad8,O=C([O-])c1ccc[nH]1
2a3i,CC(C)C[C@H](NC(=O)[C@H](CO)NC(=O)[C@H](CCCC[NH3+])NC(=O)[C@H](CCC(N)=O)NC(=O)[C@@H]([NH3+])CCC(N)=O)C(=O)N[C@@H](CC(C)C)C(=O)N[C@@H](CCC(N)=O)C(=O)N[C@@H](CCC(N)=O)C(=O)N[C@@H](CC(C)C)C(=O)N[C@@H](CC(C)C)C(=O)N[C@H](C(=O)N[C@@H](CCC(=O)[O-])C(=O)[O-])[C@@H](C)O
4zam,OC[C@H]1O[C@H](O[C@@H]2[C@@H](CO)O[C@@H](OCCCCCCC3CCCCC3)[C@H](O)[C@H]2O)[C@H](O)[C@@H](O)[C@@H]1O
5olb,O=C(CC[NH+]1CCN(C(=O)OCc2cc(Cl)cc(Cl)c2)CC1)c1ccc2[nH]c(=O)oc2c1
3l54,c1cc(-c2ccnc3ccc(-c4cnc5[nH]ncc5c4)cc23)ccn1
2c2l,CSCC[C@H](NC(=O)[C@H](CCCNC(N)=[NH2+])NC(=O)[C@H](CO)NC(=O)[C@@H](NC(=O)[C@@H]([NH3+])CC(=O)[O-])[C@@H](C)O)C(=O)N[C@@H](CCC(=O)[O-])C(=O)N[C@@H](CCC(=O)[O-])C(=O)N[C@H](C(=O)N[C@@H](CC(=O)[O-])C(=O)[O-])C(C)C
2fkf,O=P(O)(O)OCC1OC(OP(=O)(O)O)C(O)C(O)C1O
4qw5,CC(C)C[C@H](NC(=O)[C@H](CCc1ccccc1)NC(=O)C[NH+]1CCOCC1)C(=O)N[C@@H](Cc1ccccc1)C(=O)N[C@@H](CC(C)C)[C@@H](O)[C@H](C)CO
5wi1,O=C1OCCC[C@@H]1/C=N/c1ccccc1
6gcx,CCC(=O)NCCNc1c(NCc2ccc(Nc3ncc(Cl)c(Nc4ccccc4C(=O)NC)n3)cc2)c(=O)c1=O
5dp4,CCOC(=O)CC[C@H](C[C@@H]1CCNC1=O)NC(=O)[C@@H](C)Cc1ccccc1
3hyf,O=C([O-])c1nc(Cc2ccc(Cl)c(Cl)c2)[nH]c(=O)c1O
4jvb,CCC[C@H](COc1ccc(-c2nc3ccccc3n2Cc2ccccc2)cc1)n1c(-c2ccccc2)nc2ccccc21
1ny0,CCOc1ccc2ccccc2c1C(=O)NCB(O)O
4r5g,C(#C[P+](c1ccccc1)(c1ccccc1)c1ccccc1)c1ccccc1
4p75,COc1cccc(-c2cc(C(F)(F)F)[nH]n2)c1
6ap8,Cc1c(Nc2ccccc2C(=O)[O-])cccc1[N+](=O)[O-]
1o42,CC(=O)NC(Cc1ccc(OP(=O)(O)O)cc1)C(=O)NC1CCCCN(Cc2ccc(-c3ccccc3)cc2)C1=O
2oqi,[NH3+][C@H]1CN(CCc2ccc3c(c2)OCO3)C(=O)C[C@@H]1c1cc(F)c(F)cc1F
3oyp,C=C[C@@H]1C[C@]1(NC(=O)[C@@H]1C[C@@H](Oc2nccc3ccc(Br)cc23)CN1C(=O)[C@@H](C)NC(=O)CC)C(=O)NS(=O)(=O)C1CC1
4w9g,Cc1cc(CNC(=O)[C@@H]2C[C@@H](O)CN2C(=O)CC(C)(C)C)ccc1-c1cncs1
5l0h,CC(=O)OCC(COP(=O)(O)OC1C(O)C(O)C(OP(=O)(O)O)C(OP(=O)(O)O)C1O)OC(C)=O
4e3b,CC[C@H](C)[C@H](NC(=O)[C@H](CO)NC(=O)[C@@H](NC(=O)[C@@H]1CCCN1C(=O)[C@H](Cc1c[nH]c2ccccc12)NC(=O)[C@H](CCCNC(N)=[NH2+])NC(=O)[C@@H]([NH3+])CO)[C@@H](C)O)C(=O)N[C@@H](CC(C)C)C(=O)[O-]
6n5f,CCCCCCCCC(=O)NCCCCCCCC(N)=O
1.00E+34,CC[C@H](C=O)[C@@H](CNS(=O)(=O)c1ccc(C)cc1)C(=O)[O-]
3if7,CCCCCCCCCC/C=C/C(O)C([NH3+])COP(=O)(O)OCC[N+](C)(C)C
2ioa,CC(NC(=O)CCC([NH3+])C(=O)O)C(=O)NCP(=O)(CCCC[NH2+]CCCC[NH3+])OP(=O)(O)O
6cd9,NC(=[NH2+])NCCC[C@H](NC(=O)[C@H](CO)NC(=O)[C@@H]1CCC[NH2+]1)C(=O)N[C@@H](Cc1c[nH]c2ccccc12)C(=O)[O-]
2p98,[NH3+]NC(=O)c1cn2ccc3ccccc3c2n1
3i6c,O=C(N[C@H](Cc1cccc(F)c1)C(=O)[O-])c1ccc2ccccc2c1
4pnk,CC1=C(C(=O)Nc2ccc3n[nH]cc3c2)[C@H](c2ccc(F)cc2)NC(=O)N1
1dfo,Nc1nc(=O)c2c([nH]1)N=C[C@H](CNc1ccc(C(=O)N[C@@H](CCC(=O)[O-])C(=O)[O-])cc1)N2C=O
4fhh,CCC(CC)(c1ccc(OCC(=O)NO)c(C)c1)c1ccc(OC[C@@H](O)C(C)(C)C)c(C)c1
1oeb,CC[C@H](C)[C@H](NC(=O)[C@H](CO)NC(=O)[C@@H]1CCCN1C(=O)[C@H](C)[NH3+])C(=O)N[C@@H](CC(=O)[O-])C(=O)N[C@@H](CCCNC(N)=[NH2+])C(=O)N[C@@H](CO)C(=O)N[C@H](C(=O)N[C@@H](CCCC[NH3+])C(=O)N1CCC[C@H]1C(=O)N1CCC[C@H]1C(=O)N[C@@H](CC(C)C)C(=O)[O-])[C@@H](C)O
5tku,COC(=O)Nc1ccc2c(c1)NC(=O)CCCCC[C@H](NC(=O)/C=C/c1cc(Cl)ccc1-n1cnnn1)c1nc-2c[nH]1
3arb,CCCCCCCCCCCCCCCCCCCCCCCC(=O)N[C@@H](CO[C@H]1O[C@H](CO)[C@H](O)[C@H](O)[C@H]1O)[C@H](O)[C@H](O)CCCCC
4x7n,Cc1ccc2cc(-c3c(C)ccc(C(=O)c4c(-c5ccccc5)n(C)n(-c5ccccc5)c4=O)c3N)ccc2n1
1xur,O=C(NCc1cccnc1)c1cc(C(=O)NCc2cccnc2)ncn1
1ymx,CO[C@](C=O)(NC(=O)Cc1cccs1)[C@@H]1NC(C(=O)[O-])=C(C)CS1
2x6i,COc1ccc2c(c1OC)N/C(=[NH+]\C(=O)c1cccnc1)N1CC[NH2+]C21
6a9o,O=C(Nc1ccc2c(c1)[nH]c(=O)c1ccccc12)c1ccccc1
6hrz,NC(=[NH2+])Nc1nc2ccccc2s1
4ms0,Nc1cc(Cl)nc(N)n1
3kce,Cc1ccc2[nH]c(C(=O)[O-])cc2c1
5wi0,CCCc1cc(=O)[nH]c(Nc2ccccc2F)[nH+]1
3hnb,Nc1n(CC[N+]2CCCCC2)c2ccccc2[n+]1C[C@@H](O)COc1ccc(Cl)cc1Cl
5hn0,O=C([O-])Cc1ccc(O)c(-c2ccccc2)c1
5j4y,CC(=O)Nc1ccc(Oc2ccccc2-c2nc3ccncc3s2)cc1
5h9s,OC[C@H]1O[C@@H](S[C@@H]2O[C@H](CO)[C@H](O)[C@H](n3cc(-c4cccc(F)c4)nn3)[C@H]2O)[C@H](O)[C@@H](O)[C@H]1O
5vwi,CC(C)C[C@H](NC(=O)[C@H](CC(N)=O)NC(=O)[C@@H](NC(=O)[C@H](CCC(=O)[O-])NC(=O)[C@H](CC(=O)[O-])NC(=O)[C@H](Cc1c[nH]c2ccccc12)NC(=O)[C@H](C)NC(=O)[C@@H]1CCC[NH2+]1)[C@@H](C)O)C(=O)[O-]
4iu4,[NH3+][C@@H](CSCC[B-](O)([OH2+])[OH2+])C(=O)[O-]
5h21,COc1cc(C(=O)NCCC2=CCCS2)cc(OC)c1OC
1ijr,CC(=O)NC(Cc1ccc(OCC(=O)O)c(P(=O)(O)O)c1)C(=O)NC(C)c1ccc(OCC2CCCCC2)c(C(N)=O)c1
5tnt,Cc1ncn(-c2ccc(C(=O)N[C@@H]3[C@H]4CC[C@@H]3N(c3ncc(Cl)c5c(N)noc35)C4)c(Cl)c2)n1
2ff2,O=c1[nH]cnc2c([C@@H]3[NH2+][C@H](CO)[C@@H](O)[C@H]3O)c[nH]c12
5nai,O=C(N[C@H](Cc1c[nH]c2ccccc12)C(=O)[O-])c1nc(Cl)c2ccccc2c1O
5gvk,Cc1n[nH]c2c1[C@](c1cc(C#N)cc(-c3ccc(S(=O)(=O)N(C)C)s3)c1)(C(C)C)C(C#N)C(=N)O2
4k3p,CC(=O)N[C@@H](CCC(N)=O)C(=O)N[C@@H](CC(C)C)C(=O)N[C@@H](C)C(=O)N[C@@H](CC(C)C)C(=O)N[C@@H](Cc1ccccc1)C(=O)[O-]
2dwx,NC(=O)CC[C@H](NC(=O)[C@H](Cc1ccccc1)NC(=O)[C@H](CO)NC(=O)[C@H](CC(N)=O)NC(=O)[C@H](Cc1c[nH]c2ccccc12)NC(=O)C[NH3+])C(=O)N[C@@H](CO)C(=O)N[C@@H](CO)C(=O)[O-]
5wgq,CC(=O)N[C@@H](Cc1cnc[nH]1)C(=O)N[C@@H](CCCC[NH3+])C(=O)N[C@@]1(C)CCC/C=C\CCC[C@]2(C)NC(=O)[C@H](CCCCNC(=O)C[C@@H](C(=O)[O-])NC(=O)[C@H](CCC(N)=O)NC(=O)[C@H](CC(C)C)NC2=O)NC(=O)[C@H](Cc2cnc[nH]2)NC(=O)[C@H](CC(C)C)NC1=O
2xsb,CC(=O)N[C@H]1C(=O)O[C@H](CO)[C@@H](O)[C@@H]1O
4u2y,OC[C@H]1O[C@H](O[C@@H]2[C@@H](CO)[NH2+][C@H](CO)[C@H]2O)[C@H](O)[C@@H](O)[C@@H]1O
3zsz,CC[C@H](C)NC(=O)c1ccccc1C[N@@H+](C)Cc1ccc2c(c1C(=O)[O-])OCO2
6ha4,O=S(=O)([O-])c1cc2c(O)c(c1)Cc1cc(S(=O)(=O)[O-])cc(c1O)Cc1cc(S(=O)(=O)[O-])cc(c1O)Cc1cc(S(=O)(=O)[O-])cc(c1O)C2
5uex,CCS(=O)(=O)Nc1ccc2c(c1)-c1cn(C)c(=O)cc1OCCCCc1cc(F)cc(F)c1O2
6bu3,O=C(Nc1cccc(-c2nnn[nH]2)c1)c1cc(C(F)(F)F)cc2[nH]cnc12
4.00E+96,COc1ccccc1S(=O)(=O)Nc1ccc2c(c1)CN(C)C(=O)N2
6.00E+59,C[C@@H](O[C@H]1OCC[N@H+](Cc2nn[nH]c2C[NH+](C)C)[C@H]1c1ccc(F)cc1)c1cc(C(F)(F)F)cc(C(F)(F)F)c1
5h9q,OC[C@H]1O[C@@H](S[C@@H]2O[C@H](CO)[C@H](O)[C@H](n3cc(-c4cccc(F)c4)nn3)[C@H]2O)[C@H](O)[C@@H](n2cc(-c3cccc(F)c3)nn2)[C@H]1O
2z7i,CCCCCCCCCCCC[PH](C)(C)CC(P(=O)(O)O)P(=O)(O)O
3uhm,C[C@@](CCN1CC=C(c2ccccc2)CC1=O)(C(=O)NO)S(C)(=O)=O
4lqg,O=C(O)CCC(NP(=O)(O)OCCCC(NC(=O)CCC(NC(=O)c1ccc(F)cc1)C(=O)O)C(=O)O)C(=O)O
5aiv,COCCCNC(=O)c1nc(-c2cccc3[nH]ccc23)no1
5n8v,COc1ccc(C[N@H+]2CCc3c(c(C(=O)NCc4cccc5ccccc45)nn3CC[NH3+])C2)c2ccccc12
3vuc,CC[C@H](C[C@H](O)[C@@H]([NH3+])C[N@@H+]1CC(=O)N(c2ccccc2Cl)CC1(C)C)C(=O)N[C@H]1[C@H]2C[C@H]3C[C@@H]1C[C@](O)(C3)C2
4kox,CC(=O)OCC1=C(C(=O)[O-])N2C(=O)[C@@H](NC(=O)Cc3cccs3)[C@H]2SC1
4a4f,CNC(NC)=[NH+]CCC[C@H]([NH3+])C(=O)[O-]
2ndg,C/C=C/C(=O)NCCCC[C@H](NC(=O)[C@H](CCCNC(N)=[NH2+])NC(=O)[C@@H]1CCCN1C(=O)[C@H](C)NC(=O)[C@H](CCCC[NH3+])NC(=O)CNC(=O)C[NH3+])C(=O)N[C@@H](CCC(N)=O)C(=O)N[C@@H](CC(C)C)C(=O)N[C@@H](C)C(=O)N[C@H](C(=O)N[C@@H](CCCC[NH3+])C(=O)N[C@@H](C)C(=O)[O-])[C@@H](C)O
4dhu,O=C(COc1ccccc1P(=O)(O)O)Nc1cccc(Cl)c1Cl
3nzw,C[C@H](NC(=O)[C@H](Cc1ccc(OCc2ccccc2)cc1)NC(=O)OC(C)(C)C)C(=O)N[C@@H](C[C@]1(O)C(=O)Nc2ccccc21)C(=O)NCc1ccccc1
2wj1,O[C@@H](CCCCCCc1ccccc1)c1nc(-c2ccccn2)co1
1qwe,CC(C)C[C@H](NC(=O)[C@H](CCCNC(N)=[NH2+])NC(=O)[C@@H]1CCCN1C(=O)[C@H](CCCNC(N)=[NH2+])NC(=O)[C@H](CC(N)=O)NC(=O)[C@H](CCCNC(N)=[NH2+])NC(=O)[C@@H]1CCCN1C(=O)[C@@H]1CCCN1C(=O)[C@H](CC(C)C)NC(=O)[C@@H]1CCCN1C(=O)[C@@H]1CCCN1C(=O)[C@H](C)[NH3+])C(=O)[O-]
1fj4,C=C/C(C)=C/[C@@]1(C)SC(=O)C(C)=C1O
4na8,C[C@]1(c2ccccc2)C[C@@H](c2cccc(-c3ccc(C(N)=O)cc3C(=O)[O-])c2)Nc2ccc(C(N)=[NH2+])cc21
1uh1,CO[C@H]1O[C@H](CO)[C@H](O)[C@H](O[C@@H]2O[C@H](CO)[C@H](O)[C@H](O)[C@H]2NC(C)=O)[C@H]1O
3ppo,C[N+](C)(C)CC(=O)CC(=O)[O-]
3ivq,CC(C)[C@H](NC(=O)[C@H](CC(=O)[O-])NC(=O)[C@@H]1CCC[NH2+]1)C(=O)N[C@@H](CO)C(=O)N[C@@H](CO)C(=O)N[C@@H](CO)C(=O)N[C@H](C(=O)N[C@@H](C)C(=O)[O-])[C@@H](C)O
4tk1,CC[C@H](C)[C@H](NC(=O)[C@H](CC(N)=O)NC(=O)[C@@H]([NH3+])Cc1ccccc1)C(=O)N[C@H](C(=O)NCC(=O)N[C@H](C(=O)N[C@H](C(=O)N[C@@H](Cc1ccc(O)cc1)C(=O)N1CCC[C@H]1C(=O)N[C@H](C(=O)N[C@@H](CC(N)=O)C(=O)[O-])[C@@H](C)CC)[C@@H](C)O)[C@@H](C)O)C(C)C
5ajx,Cc1noc(C)c1Cn1cc(C#N)c2cc(Oc3ccc(NC(=O)[C@@H]4CCC[NH2+]4)cc3)ccc21
6gvg,Cc1nc(N)nc2c1c(-c1ccc3oc(N)nc3c1)nn2C(C)C
4n1b,O=C([O-])[C@H]1CCCC[C@H]1C(=O)N1CCc2ccccc2[C@H]1CN1Cc2ccccc2C1=O
4xbb,O=C(N[C@@H](CC1CCCCC1)C(=O)N[C@H](CO)CC1=CC=NC1=O)OCc1cccc(Cl)c1
5v2q,CC[C@H](C)[C@H](NC(=O)[C@H](Cc1c[nH]c2ccccc12)NC(=O)[C@@H]1CSCc2cccc(c2)CSC[C@H](NC(=O)[C@H](CC(C)C)NC(=O)[C@H](CC(=O)[O-])NC(=O)[C@H](CCC(=O)[O-])NC(=O)[C@H](CCC(=O)[O-])NC(=O)[C@H](CC(C)C)NC(=O)[C@@H]2CCCN2C(=O)[C@H](CO)NC(=O)[C@H](C)[NH3+])C(=O)NCC(=O)N[C@@H](Cc2ccc(O)cc2)C(=O)N[C@@H](CC(C)C)C(=O)N1)C(=O)N[C@H](C(=O)N[C@@H](CCC(N)=O)C(=O)N[C@@H](C)C(=O)N[C@@H](CCC(=O)[O-])C(=O)[O-])[C@@H](C)O
1tl7,CNc1ccccc1C(=O)OC1C(COP(=O)(O)OP(=O)(O)OP(=O)(O)O)OC(n2cnc3c(=O)[nH]c(N)nc32)C1O
5a5r,COc1cncc(-c2cnc(NC3CC[NH2+]CC3)c3[nH]c(=O)c(C)cc23)c1
4nxs,OC[C@@H]1[C@H](O)[C@H](O)[C@@H](O)CN1C(=S)Nc1ccc(F)cc1
4quo,[NH3+]Cc1cccc(CC(CP(=O)(O)C([NH3+])CCc2ccccc2)C(=O)O)c1
5twg,CSCCC(NC(=O)C([NH3+])C(C)OP(=O)(O)O)C(=O)NC(C)C(=O)NC(CCC(=O)O)C(=O)N1CCCC1C(=O)O
6r8r,Cc1ccccc1OCC(=O)Nc1ccc2cnccc2c1
2knh,CC[C@H](C)[C@H]([NH3+])C(=O)NCC(=O)N[C@H](C(=O)N[C@@H](CC(=O)[O-])C(=O)N[C@@H](CCCC[NH3+])C(=O)N[C@@H](CCC(=O)[O-])C(=O)N[C@@H](CC(C)C)C(=O)N[C@@H](CO)C(=O)N[C@@H](CC(=O)[O-])C(=O)N[C@@H](CC(C)C)C(=O)N[C@@H](CC(C)C)C(=O)N[C@@H](CC(=O)[O-])C(=O)N[C@@H](Cc1ccccc1)C(=O)N[C@@H](CO)C(=O)N[C@@H](C)C(=O)N[C@@H](CCSC)C(=O)N[C@@H](Cc1ccccc1)C(=O)N[C@@H](CO)C(=O)[O-])[C@@H](C)O
4ijp,NC(=O)c1cc2c(-c3ccc(C(=O)NCc4ccnc(Cl)c4)s3)cccc2s1
4e5h,O=C([O-])C(=O)CC(=O)C1(Cc2ccc(Cl)cc2)CC[N+](Cc2ccccc2)CC1
4tsz,CC(=O)N[C@@H](CCC(N)=O)C(=O)N[C@@H](CC1CCCCC1)C(=O)N[C@@H](CC(=O)[O-])C(=O)N[C@@H](CC(C)C)C(=O)N[C@@H](Cc1ccc(Cl)c(Cl)c1)C(=O)[O-]
1htf,CC1(C)S[C@H]([C@H](NC(=O)Cc2ccccc2)C(=O)NCc2ccccc2)[NH2+][C@H]1C(=O)N[C@@H](CO)Cc1ccccc1
5drc,O=C(C[C@H](O)C(=O)[O-])c1c[nH]c2ccccc12
3l13,CS(=O)(=O)N1CC[N+](Cc2cc3nc(-c4cccc(CO)c4)nc(N4CCOCC4)c3s2)CC1
3c43,CS(=O)(=O)c1ccc(-c2noc([C@@H](CC3CC3)[C@H]([NH3+])C(=O)N3CC[C@H](F)C3)n2)c(F)c1
5sy2,CCN(C(=O)c1cnc(C)nc1NCc1ccco1)[C@H]1CCC[NH2+]C1
6hvi,CN(C)c1cccc(-c2cc(Nc3cnccc3S(C)(=O)=O)cc3nccnc23)c1
1hn2,Nc1cccc2cc3ccccc3cc12
5fsb,CO[C@@H]1[C@@H]([Se]C)O[C@@H](C)[C@@H](O)[C@H]1O
4jnm,Nc1ccc(CNC(=O)Nc2ccc(S(=O)(=O)c3ccccc3)cc2)cn1
1jq3,Nc1ncnc2c1ncn2[C@@H]1O[C@H](CS[C@@H](CC[NH3+])CCCCC[NH3+])[C@@H](O)[C@H]1O
4hy4,C[NH2+][C@@H](C)C(=O)N[C@H](C(=O)N1C[C@H]2CCC[N@@H+]2C[C@H]1C(=O)N[C@@H]1CCCc2ccccc21)C1CCCCC1
4cqg,CC(=O)c1cnc2ccc(-c3cc(Cl)c(O)c(Cl)c3)nc2c1N[C@H]1CC[C@H](C[NH+](C)C)CC1
5kj2,CNC(=O)Nc1ccc2c(c1)CC[C@@]21OC(=O)N(CC(=O)N(Cc2ccc(F)cc2)[C@@H](C)C(F)(F)F)C1=O
1x07,CC(C)=CCOP(=O)(O)OP(=O)(O)O
1n8v,OCCCCCCCCCCCCBr
2bgr,CSCC[C@H]([NH3+])C(=O)N[C@@H](CC(=O)[O-])C(=O)N1CCC[C@H]1C=O
6i16,Cn1cc(NC(=O)c2cn(Cc3ccc(Cl)c(Cl)c3)c(=O)c3cccnc23)cn1
2rkn,CCCCCCCCCCCCCCCCCC(=O)OCC(O)COP(=O)(O)OC
2y1d,O=CN(O)CCC(c1ccc(Cl)c(Cl)c1)P(=O)(O)O
5hj9,[NH3+][C@](CCCC[B-](O)(O)O)(CC[N+]1CCCCC1)C(=O)[O-]
3nfk,CC(C)C[C@H](NC(=O)[C@H](CCCNC(N)=[NH2+])NC(=O)[C@@H](NC(=O)[C@H](CCC(=O)[O-])NC(=O)CNC(=O)CNC(=O)[C@H](CO)NC(=O)[C@H](CCCC[NH3+])NC(=O)[C@H](Cc1cnc[nH]1)NC(=O)[C@H](CO)NC(=O)[C@H](CCC(=O)[O-])NC(=O)[C@H](Cc1c[nH]c2ccccc12)NC(=O)[C@@H]([NH3+])CO)[C@@H](C)O)C(=O)[O-]
5dd9,Cc1nnc(N2CCN(c3ncnc4sc(CC(F)(F)F)cc34)CC2)s1
1fls,COc1ccc(S(=O)(=O)N(Cc2cccnc2)c2c(C)cccc2C(=O)NO)cc1
6evo,NC(=[NH2+])NCCC[C@H](NC(=O)[C@@H]1CCCN1C(=O)CNC(=O)[C@@H]1CCCN1C(=O)[C@@H]1CCC[NH2+]1)C(=O)NCC(=O)N1CCC[C@H]1C(=O)N1CCC[C@H]1C(=O)NCC(=O)[O-]
1you,CCOCCC1(Oc2ccc(Oc3ccc(F)cc3)cc2)C(=O)NC(=O)NC1=O
5vqy,CCC(=O)N(C)c1cc(Oc2ccccc2OCCn2ccc(=O)[nH]c2=O)c(C)c2cc(C#N)ccc12
3bki,O=c1[nH]c2cc3no[n+](O)c3cc2[nH]c1=O
4ezy,CC[C@H](C)[C@H](NC(=O)[C@H](CC(C)C)NC(=O)[C@H](CCCNC(N)=[NH2+])NC(=O)[C@@H]([NH3+])CC(N)=O)C(=O)N[C@@H](CC(C)C)C(=O)[O-]
1ux7,CO[C@@H]1OC[C@@H](O[C@@H]2OC[C@@H](O)[C@H](O)[C@H]2O)[C@H](O)[C@H]1O
5u5l,COc1ccc2nc(COc3ccc(CC4SC(=O)NC4=O)cc3)n(C)c2c1
9lpr,CC(C)C[C@H](NC(=O)[C@@H]1CCCN1C(=O)[C@H](C)NC(=O)[C@H](C)[NH3+])B(O)O
2chx,COc1ccc2c(nc(NC(=O)c3cccnc3)n3ccnc23)c1OC
4gtm,CCCCCCNC(=O)Oc1ccc(C[C@@H]2CN(Cc3cncn3C)c3ccc(C#N)cc3CN2S(=O)(=O)c2ccc(OC)cc2)cc1
5j58,Clc1cc(Cl)cc(C[NH2+][C@H]2CCCN(c3nc4ccc(Cl)nc4[nH]3)C2)c1
5kql,O=C(Nc1ccccc1)[C@H](c1ccccc1)S(=O)(=O)[O-]
6g4m,O[NH2+]Cc1nc(CCCCNc2c3ccccc3nc3ccccc23)ccc1O
5m5q,Cc1ccc(-c2[nH]c3ncccc3c2CCC(=O)N2CCOC[C@H]2c2nc3ccccc3[nH]2)c(-c2ccccc2)c1
1b11,CC(C)[C@H](NC(=O)[C@H](C)NC(=O)OCc1ccccc1)C(=O)N[C@H](CO)Cc1ccccc1
5lhh,CCn1c(C(=O)Nc2cccc(COC)c2COc2ccc(OC[C@@H]3C=CNC3)cc2)cc2sccc21
5vtb,CC(C)C[C@H](NC(=O)[C@H](Cc1cnc[nH]1)NC(=O)[C@H](CCC(N)=O)NC(=O)[C@@H]1CCCN1C(=O)[C@H](C)NC(=O)CNC(=O)[C@H](CCC(N)=O)NC(=O)[C@H](CCCC[NH3+])NC(=O)[C@H](CCCNC(N)=[NH2+])NC(=O)[C@H](C)[NH3+])C(=O)N[C@@H](CO)C(=O)N[C@@H](C)C(=O)N[C@@H](CCCNC(N)=[NH2+])C(=O)N[C@@H](CCC(=O)[O-])C(=O)[O-]
5jyo,O=C(Cc1cccc(OC(F)(F)F)c1)Nc1ccc(CCCCc2nnc(NC(=O)Cc3ccccn3)s2)nn1
3lce,CO[C@H]1S[C@H]2[C@@H]([C@H]1C(=O)[O-])[C@@H](O)C2(Cl)Cl
1ga9,O=S(=O)(Nc1cccc(B(O)O)c1)c1cc(S(=O)(=O)c2ccccc2)cs1
4k5y,CCC(CC)Nc1cc(C)nc(Oc2c(C)cc(C)cc2C)c1C
6abp,O[C@H]1CO[C@@H](O)[C@H](O)[C@H]1O
3ixg,OB(O)c1cc2ccccc2s1
1f28,Cc1nc2ccc3ccc(CNc4ccc5c(c4)CN([C@@H](CCC(=O)[O-])C(=O)[O-])C5=O)cc3c2c(=O)[nH]1
5f6v,Oc1ccccc1-c1ccccc1O
4m5u,O=c1[nH]c(-c2ccc(-c3nn[nH]n3)cc2)c(-c2ccc(F)cc2)cc1O
6hzd,NC(=[NH2+])NCCC[C@@H]1NC(=O)CCCC(=O)NCCCC[C@@H](C(=O)N[C@@H](CCCNC(N)=[NH2+])C(=O)NCc2ccc(C(N)=[NH2+])cc2)NC(=O)[C@H](CCCNC(N)=[NH2+])NC(=O)[C@H](CCCNC(N)=[NH2+])NC1=O
2yiq,C/C(=N\NC(N)=[NH2+])c1ccc2[nH]c(C(=O)Nc3ccc4cc[nH]c4c3)cc2c1
4ddl,COc1cc2nncc(-c3cnc(N4CCC(C(C)(C)O)CC4)c(C)c3)c2cc1OC
1o47,CC(=O)NC(Cc1ccc(C(F)(F)P(=O)(O)O)cc1)C(=O)NC1CCCCN(Cc2ccc(-c3ccccc3)cc2)C1=O
4ddy,O=C(Nc1cccc(-c2nn[nH]n2)c1)c1cccc(C(F)(F)F)c1
5mys,O=C(COc1cccc(F)c1)Nc1nc(-c2ccccn2)cs1
3uxm,Cc1cn([C@H]2C[C@H](O)[C@@H](CF)O2)c(=O)[nH]c1=O
5izq,[NH2+]=c1[nH]c(=O)c2cc(CCNc3ccc(C(=O)N[C@@H](CCC(=O)[O-])C(=O)[O-])cc3)[nH]c2[nH]1
4ywa,OC[C@H]1O[C@@H](c2cn([C@@H]3[C@@H](CO)O[C@@H](n4cc([C@@H]5O[C@H](CO)[C@@H](n6cc(CO[C@@H]7O[C@H](CO)[C@H](O)[C@H](O)[C@H]7O)nn6)[C@H](O)[C@H]5O)nn4)[C@H](O)[C@H]3O)nn2)[C@H](O)[C@@H](O)[C@@H]1n1cc(CO[C@@H]2O[C@H](CO)[C@H](O)[C@H](O)[C@H]2O)nn1
1vrt,Cc1ccnc2c1NC(=O)c1cccnc1N2C1CC1
6bt0,CN(C)C(=O)c1ccc(Cn2c(C(=O)[O-])cc3c(Br)cc(Sc4ccc(Cl)c(Cl)c4)cc32)cc1
4bfz,CNC(=O)COc1ccc(-c2ccc(C#N)cc2)c(C[NH+]2CCN(c3ccccn3)CC2)c1
5ugh,C[NH+](C)CCc1nnc2cc(-c3ccccc3)c3cc(Cl)ccc3n12
3wdc,CO[C@H](c1ccccc1)[C@@H]1NC(=O)[C@H](C)NC(=O)[C@H](C[C@@H](C)CO)N(C)C(=O)[C@H]([C@H](O)c2cn(C(C)(C)[C@@H](C)O)c3ccccc23)NC(=O)[C@H]([C@H](C)C=C(C)C)NC(=O)[C@H](CC(C)C)N(C)C(=O)[C@H](C(C)C)NC1=O
5zku,OC[C@H]1O[C@@]2(CO[C@]3(CO)O[C@H](CO)[C@@H](O)[C@@H]3O2)[C@@H](O)[C@@H]1O
4kc4,O=C(NC[C@H]1O[C@@H](n2ccc(=O)[nH]c2=O)[C@H](O)[C@@H]1O)c1cccc(CO)n1
4mw2,C=CCc1cc(Cl)cc(C[NH2+]CCCNC(=O)Nc2ccsc2)c1O
3m6f,CN1C(=O)N(c2cc(Cl)cc(Cl)c2)C(=O)[C@]12CN(c1ccc(C(=O)[O-])cn1)C[C@H]2c1ccc(C#N)cc1
4yhp,C[C@H]([NH3+])C(=O)N[C@@H](CCCNC(N)=[NH2+])C(=O)N[C@H](C(=O)N[C@@H](CCCC[NH3+])C(=O)N[C@@H](CCC(N)=O)C(=O)N[C@H](C(=O)N[C@@H](C)C(=O)N[C@@H](CCCNC(N)=[NH2+])C(=O)N[C@@H](CCCC[N+](C)(C)C)C(=O)N[C@@H](CO)C(=O)N[C@H](C(=O)[O-])[C@@H](C)O)[C@@H](C)O)[C@@H](C)O
4wci,CC(C)C[C@H](NC(=O)[C@@H]([NH3+])CC(N)=O)C(=O)N1CCC[C@H]1C(=O)N[C@H](C(=O)N[C@@H](C)C(=O)N1CCC[C@H]1C(=O)N1CCC[C@H]1C(=O)N[C@@H](CCCNC(N)=[NH2+])C(=O)N[C@@H](CCCNC(N)=[NH2+])C(=O)N[C@@H](C)C(=O)[O-])[C@@H](C)O
4odn,CC[C@H](C)[C@H](NC(=O)[C@@H]([NH3+])Cc1ccccc1)C(=O)N[C@@H](Cc1ccccc1)C(=O)NCC(=O)N[C@@H](C)C(=O)N[C@@H](CCCNC(N)=[NH2+])C(=O)N[C@@H](CC(N)=O)C(=O)N[C@@H](CCCC[NH3+])C(=O)N[C@H](C(=O)N[C@@H](Cc1c[nH]cn1)C(=O)N[C@H](C(=O)N[C@@H](Cc1ccc(O)cc1)C(N)=O)[C@@H](C)CC)C(C)C
1y3a,CSCC[C@H](NC(=O)[C@H](CC(C)C)NC(=O)[C@H](Cc1ccccc1)NC(=O)[C@H](CC(=O)[O-])NC(=O)[C@H](Cc1ccc(O)cc1)NC(=O)[C@H](Cc1c[nH]c2ccccc12)NC(=O)[C@@H](NC(=O)[C@@H](NC(=O)[C@H](CCCNC(N)=[NH2+])NC(=O)[C@@H]([NH3+])CO)C(C)C)[C@@H](C)O)C(=O)N[C@@H](CCC(=O)[O-])C(=O)N[C@@H](CC(=O)[O-])C(=O)[O-]
2fdd,Cc1nc(COc2ccc(C[C@H](NC(=O)O[C@H]3CO[C@H]4OCC[C@@H]34)[C@H](O)CN(CC(C)C)S(=O)(=O)c3ccc4c(c3)OCO4)cc2)cs1
3cbs,CC(/C=C/c1c(C)cc(O)c(C)c1C)=C\C=C\C(C)=C\C(=O)[O-]
4jzd,COc1ccc(-c2ccc(C(=O)N[C@H](CO)C(C)(C)C)cc2C(=O)[O-])c(C(=O)Nc2ccc(C(N)=[NH2+])cc2)n1
5j6d,COc1cccc(Oc2cccc(N3CCCCC3)c2CNC(=[NH2+])NC(=O)c2ccc(C[C@H]([NH3+])C(=O)[O-])cc2)c1
5alr,FC(F)(F)Sc1ccc(Nc2ncnc3ccccc23)cc1
3s9i,O=C(C[C@H](O)C(=O)[O-])c1ccccc1
2wpb,CCCN(CCC)C(=O)[C@H](O)[C@H](O)CO
6cea,O=C([O-])CCc1ccc2ccccc2n1
3s56,CC(C)(C)NC(=O)[C@@H]1C[C@@H]2CCCC[C@@H]2C[N@H+]1C[C@@H](O)[C@H](Cc1ccccc1)NC(=O)[C@H](CC(N)=O)NC(=O)c1ccc2ccccc2n1
6ela,COc1ccc(-c2ccc(Sc3ccccc3[C@H](CCC(=O)[O-])C(=O)[O-])cc2)cc1
2boi,CO[C@@H]1O[C@@H](C)[C@@H](O)[C@@H](O)[C@@H]1O
4qlv,COc1ccc(C[C@H](NC(=O)[C@@H](C)NC(=O)C[NH+]2CCOCC2)C(=O)N[C@@H](Cc2ccccc2)[C@@H](O)[C@H](C)CO)cc1
2agv,CC(C)(C)c1cc(O)c(C(C)(C)C)cc1O
4ybs,Cc1nc(S(=O)(=O)Nc2cc3c(cc2Oc2cccc(OCC(C)C)c2)n(C)c(=O)n3C)cn1C
6mjw,Nc1ccc(-c2cc(Cl)c(Cl)c3[nH]c4c(c23)CN(C(=O)CO)CC4)cn1
6fmp,CC(=O)N[C@@H](CC(=O)[O-])C(=O)N[C@@H](CCC(=O)[O-])C(=O)N[C@@H](CCC(=O)[O-])C(=O)N[C@H](C(=O)NCC(=O)N[C@@H](CCC(=O)[O-])C(=O)N[C@@H](Cc1ccccc1)C(=O)[O-])[C@@H](C)O
3ans,N#Cc1ccc(C(=O)N[C@H]2C[C@@H]2c2ccccc2)cc1
5yea,N#Cc1cc(NS(=O)(=O)c2ccc(C(=O)[O-])cc2)ccc1Oc1ccc(Cl)c(C(F)(F)F)c1
4caf,Cc1n[nH]c(C)c1Cc1nnc(-c2sc3ccccc3c2OC2CC[NH2+]CC2)o1
3lp0,CCOC(=O)C1=C(O)N(O)c2ncccc2C1O
4joj,CC[C@H](C)[C@H](NC(=O)[C@@H](NC(=O)[C@H](CO)NC(=O)[C@@H](NC(=O)[C@@H]1CCCN1C(=O)[C@H](Cc1ccccc1)NC(=O)[C@H](CCCNC(N)=[NH2+])NC(=O)[C@@H]([NH3+])CO)[C@@H](C)O)[C@@H](C)CC)C(=O)[O-]
6ftn,CC(=O)Nc1nc(C)c(-c2cc(C)c3c(c2)CN([C@@H](C)C2CC2)C3=O)s1
4i33,CC[C@H](C)[C@H](NC(=O)[C@H](CCCNC(N)=[NH2+])NC(=O)CNC(=O)[C@@H](NC(=O)[C@@H](NC(=O)[C@@H](NC(=O)[C@@H](NC(=O)[C@H](CO)NC(=O)CNC(=O)C[NH3+])C(C)C)C(C)C)[C@@H](C)CC)C(C)C)C(=O)N[C@H](C(=O)N[C@@H](CC(C)C)C(=O)N[C@@H](CO)C(=O)[O-])[C@@H](C)CC
3rdh,Cc1nc(N)c(COP(=O)(O)O)c(CO)c1O
6u7o,CC(C)CN(C[C@@H](O)[C@H](Cc1ccccc1)NC(=O)O[C@@H]1[C@@H]2CO[C@@H]3OC[C@H]1C[C@@H]32)S(=O)(=O)c1ccc(B([OH2+])[OH2+])cc1
3aw0,CC(=O)N[C@@H](CO)C(=O)N[C@@H](C)C(=O)N[C@H](C(=O)N[C@@H](CC(C)C)C(=O)N[C@@H](Cc1c[nH]cn1)C(=O)[O-])C(C)C
3sh0,CCCCCCCCCCCCOc1cccc(O)c1C(=O)[O-]
6hzp,[NH3+]CC(=O)CCC(=O)[O-]
3g15,C[N+]1(C)CCO[C@@](O)(c2ccc(-c3ccc([C@@]4(O)C[N+](C)(C)CCO4)cc3)cc2)C1
6bau,[NH3+][C@@H](CS)C(=O)[O-]
2jt5,O=NC(=O)CN(CCO)S(=O)(=O)c1ccc(-c2ccccc2)cc1
6oa3,Cn1c(=S)c2nc(SCC[NH+]3CCOCC3)[nH]c2n(C)c1=O
4anb,[NH3+]CC1(O)CN(C(=O)c2ccc(F)c(F)c2Nc2ccc(I)cc2F)C1
5am1,O=C1CC2(CCN(C(=O)N[C@H]3C[C@@H]3c3ccccc3)CC2)Oc2ccccc21
6biv,CC(C)[C@H](NC(=O)[C@@H](NC(=O)[C@H](C)[NH3+])[C@@H](C)O)C(=O)N[C@@H](CS)C(=O)N1CCC[C@H]1C(=O)N[C@@H](CCCNC(N)=O)C(=O)N[C@H](C(=O)N[C@H](C(=O)N[C@@H](CCC(N)=O)C(=O)N[C@@H](CCC(N)=O)C(=O)N[C@@H](CO)C(=O)N1CCC[C@H]1C(=O)N[C@@H](C)C(=O)[O-])[C@@H](C)O)[C@@H](C)O
3wci,CCCCCCCCCCCCCCCn1cc[n+](CC(O)(P(=O)(O)O)P(=O)(O)O)c1
6dh5,CCC(CC)CN(C[C@@H](O)[C@H](CC1CCCCC1)NC(=O)O[C@H]1CO[C@H]2OCC[C@@H]12)S(=O)(=O)C1CCC([NH3+])CC1
5k8o,O=C([O-])c1cc([N+](=O)[O-])ccc1O
6miy,CCCCCCCCCCCCCCCCCCCCCCCCCC(=O)N[C@@H](CO[C@H]1O[C@H](CO)[C@H](OCc2ccccc2)[C@H](O)[C@H]1O)[C@H](O)[C@H](O)CCCCCCCCCCCCCC
1lt6,O=[N+]([O-])c1cccc(O[C@H]2O[C@H](CO)[C@H](O)[C@H](O)[C@H]2O)c1
1w25,Nc1nc2c(ncn2C2OC(COP(=O)(O)O)C(O)C2O)c(=O)[nH]1
6i15,CNC(=O)c1cccn(Cc2ccc3c(c2)OC(F)(F)O3)c1=O
2pjt,CC#CCNc1ccc(S(=O)(=O)CC2(C(=O)NO)CCN(C(=O)OC(C)(C)C)CC2)cc1
5eva,Cn1nccc1C(=O)Nc1ccc(F)cc1F
3fk1,O=C(O)C[NH2+]CP(=O)(O)O
2kdh,O=C(O[C@@H]1Cc2c(O)cc(O)cc2O[C@@H]1c1cc(O)c(O)c(O)c1)c1cc(O)c(O)c(O)c1
2aig,CC(C)C[C@H](NC(=O)c1ccco1)C(=O)N[C@@H](Cc1c[nH]c2ccccc12)C(=O)[O-]
6cct,CC[C@H](NC(=O)[C@@H](NC(=O)[C@@H]1CCC[NH2+]1)[C@@H](C)O)C(=O)NC
3oqk,O=C(c1c(Oc2ccccc2)n(-c2ccccc2)c2ccccc12)N1CC[NH2+]CC1
5jjr,COc1cc(C)c(C(=O)NS(=O)(=O)c2cccc3cccnc23)cc1-c1ccc(C#CCO)s1
5u6b,Cc1nn(CCO)c2c1-c1cnc(N)c(n1)O[C@H](C)c1c(ccc(F)c1Cl)C(=O)N(C)C2
3k3b,CC(=O)N1CC[C@H]2c3cc(C)ccc3N[C@@H]2[C@H]1c1cccc(O)c1
5fum,CC[N@H+]1CC[N@H+](C2CCN(C(=O)COc3ccc(-c4ccccc4)cc3)CC2)CC1
1kvo,O=C([O-])CC[C@@H](CSc1ccc(Cc2ccccc2)cc1)NC(=O)CCCCCCc1ccccc1
4zro,CCOC(=O)CC[C@H](C[C@@H]1CCNC1=O)NC(=O)[C@H](CC(C)C)NC(=O)[C@@H](NC(=O)[C@H](CO)NC(=O)OC(C)(C)C)C(C)C
6dh0,CC(C)CN(C[C@@H](O)[C@H](Cc1ccccc1)NC(=O)O[C@H]1CO[C@H]2OCC[C@@H]12)S(=O)(=O)c1ccc(N)cc1
3hqz,c1ccc2nc(COc3ccc(-c4[nH]ncc4-c4ccncc4)cc3)ccc2c1
3p3u,CCOc1ccccc1-c1nc(-c2ccncc2)no1
5qap,CC(=O)Nc1cccc(-c2cccc(C(=O)[O-])c2)c1
5foo,O=P(O)(O)OCC1C(O)CC(O)C(O)C1O
1nms,CC(=O)[C@H](CC(=O)[O-])NC(=O)c1ccc(CNS(=O)(=O)c2ccc(O)c(C(=O)[O-])c2)cc1
6s0e,CC(=O)N[C@@H]1[C@@H](O)C=C(C(=O)[O-])O[C@H]1[C@H](O)[C@H](O)CO
5ea4,CS(=O)(=O)CCCn1c(Cn2c3c(n(C4CC4)c2=O)CC[NH2+]C3)nc2c1CC=C(Br)C2
2woq,CC(=O)N[C@H](C)CCCC(=O)[O-]
1fsw,O=C(Cc1cccs1)NCB(O)O
3iqq,CC[C@H](C)[C@H](NC(=O)[C@H](CCCC[NH3+])NC(=O)[C@H](CC(N)=O)NC(=O)[C@H](Cc1c[nH]c2ccccc12)NC(=O)[C@H](CC(=O)[O-])NC(=O)[C@@H](NC(=O)[C@H](CCCC[NH3+])NC(=O)[C@@H]([NH3+])[C@@H](C)O)[C@@H](C)CC)C(=O)N[C@@H](C)C(=O)[O-]
5y59,CC(C)C[C@H](NC(=O)[C@H](CCCC[NH3+])NC(=O)[C@H](CO)NC(=O)[C@@H]([NH3+])CC(N)=O)C(=O)N[C@@H](CC(C)C)C(=O)N[C@@H](CO)C(=O)N[C@@H](CC(C)C)C(=O)N[C@@H](CC(C)C)C(=O)N[C@@H](CCCNC(N)=[NH2+])C(=O)N[C@@H](CO)C(=O)N[C@@H](CCCC[NH3+])C(=O)N[C@H](C(=O)[O-])[C@@H](C)O
5qcn,CCOC(=O)[C@H]1CCCN(C(=O)c2cccc3c2CCN(C(=O)/C=C/c2cc(Cl)ccc2-n2cnnn2)[C@@H]3C(=O)Nc2ccc(C(=O)[O-])cc2)C1
2oaz,CC(C)c1ccccc1Nc1n[nH]c(SCc2cccs2)n1
2pj5,CCCCCC(NC(=O)OCc1ccccc1)P(=O)(O)OC(C(=O)O)c1cccc(NC(=N)N)c1
5wio,O=C([O-])c1cc(-n2cccc2)ccn1
6c99,COC(=O)C1=C(c2cccnc2)Nc2ncnn2[C@@H]1c1cc(F)cc(F)c1
4mpe,O=C1C=CC(S(=O)(=O)n2cc3ccc(O)cc3c2)C(O)=C1
6hv7,CC(C)C[C@H](NC(=O)c1cnccn1)C(=O)N[C@@H](CC(C)C)C(=O)N[C@H](CCS(C)(=O)=O)Cc1ccc(C[NH3+])cc1
4aro,O=S(=O)([O-])O[C@H]1[C@H](OS(=O)(=O)[O-])[C@@H](OS(=O)(=O)[O-])[C@H](OS(=O)(=O)[O-])[C@@H](OS(=O)(=O)[O-])[C@H]1OS(=O)(=O)[O-]
4aw8,COCCO[C@@H]1COCCOC[C@H]1OCCOC
5ab9,CCc1cccc2c(C3CC[NH2+]CC3)c[nH]c12
3prz,Cc1nc(N)c2cccc(C(=O)Nc3ccn[nH]3)c2n1
3dda,CSCC[C@H](NC(=O)[C@H](CCCC[NH3+])NC(=O)[C@@H](NC(=O)[C@H](C)NC(=O)[C@H](CCCNC(N)=[NH2+])NC(=O)[C@@H]([NH3+])CCC(N)=O)[C@@H](C)O)C(N)=O
2c9b,O=c1[nH]c(=O)c2[nH]c(=O)n(C[C@@H](O)[C@H](O)[C@H](O)CO)c2[nH]1
4lno,NC(=O)CC[C@H]([NH3+])C(=O)[O-]
1wss,CC[C@@H](C)[C@@H](NS(=O)(=O)Cc1cccc(C(=O)[O-])c1)C(=O)N[C@@H](CCC(N)=[NH2+])C(=O)NCc1ccc(C(N)=[NH2+])cc1
2pqj,Nc1ncnc2[nH]cnc12
5oje,Cc1cc(C)c(CCNC(=O)[C@@H]([NH3+])Cc2c[nH]c3ccccc23)c(C)c1
5uwp,CC(C)C[C@H](NC(=O)[C@H](C)NC(=O)[C@H](CCCNC(N)=[NH2+])NC(=O)[C@H](CC(C)C)NC(=O)[C@H](CCCNC(N)=[NH2+])NC(=O)[C@H](C)NC(=O)[C@H](CC(C)C)NC(=O)[C@H](CC(C)C)NC(=O)[C@H](C)NC(=O)[C@H](CCC(=O)[O-])NC(=O)[C@@H]([NH3+])C(C)C)C(=O)[O-]
5a09,CC(=O)C1=C(C)N(c2cccc(C(F)(F)F)c2)C(=O)N(CC(=O)[O-])[C@@H]1c1ccc(C#N)cc1
5fv7,O=c1c2sccc2n(C[C@H]2COc3ccccc3O2)c(=O)n1O
6op0,Cc1ccc(C)c(Cn2c([C@H](O)c3ccncc3)nc3ccc(-c4cnn(C)c4)cc32)c1
2a3x,C[C@]1(C(=O)[O-])OC[C@@H](OC(=O)N2CCN(C(=O)O[C@H]3CO[C@@](C)(C(=O)[O-])OC3)CC2)CO1
1vcu,CC(=O)N[C@@H]1[C@@H](O)CC(C(=O)[O-])O[C@H]1[C@H](O)[C@H](O)CO
2pvv,N=C(COS(=O)(=O)[O-])C(=O)[O-]
3o8g,N#[N+2]=NCC(=O)N1CCC(c2nc(-c3cccs3)no2)CC1
3ryw,CCCCCCCCCCOc1cncc(CC(P(=O)(O)O)P(=O)(O)O)c1
3rde,CCCCCCCCCCC#CCOCc1ccc(CCC(=O)[O-])cc1
6qed,O=C1CCc2cc(N3CC[C@](O)(C(=O)NCc4cc(F)cc(Cl)c4)C3=O)ccc2N1
2bgn,CSCC[C@H]([NH3+])C(=O)N[C@@H](Cc1c[nH]c2ccccc12)C(=O)N1CCC[C@H]1C(=O)N[C@H](C(=O)N[C@@H](CC(=O)[O-])C(=O)N1CCC[C@H]1C=O)C(C)C
4op2,C[C@](O)(c1ccc(-c2ccc(S(=O)(=O)c3ccc(N)nc3)cc2)cc1)C(F)(F)F
4nwk,C=C[C@@H]1C[C@]1(NC(=O)[C@@H]1C[C@@H](Oc2nccc3cc(OC)ccc23)CN1C(=O)[C@@H](NC(=O)OC(C)(C)C)C(C)(C)C)C(=O)NS(=O)(=O)C1CC1
1o4r,O=P(O)(O)C(c1ccccc1)P(=O)(O)O
5ii1,Cc1n[nH]c2oc(=O)c3ccccc3c12
2fl2,[NH3+][C@H](C(=O)N1CC(c2cc(F)ccc2F)=C[C@H]1c1ccccc1)C1CC1
6dya,O=C(NCc1cc(Cl)cc(Cl)c1)c1cccc(Cn2ccnc2)c1
4x7l,CNc1nc2ccc(-c3c(C)ccc(C(=O)c4c(-c5ccccc5)n(C)n(-c5ccccc5)c4=O)c3N)cc2s1
1z2b,CC[C@]1(O)C[C@@H]2C[N@@H+](CCc3c([nH]c4ccccc34)[C@@](C(=O)OC)(c3cc4c(cc3OC)N(C)[C@H]3[C@@](O)(C(=O)OC)[C@H](OC(C)=O)[C@]5(CC)C=CC[N@H+]6CC[C@]43[C@@H]65)C2)C1
6boy,Cc1sc2c(c1C)C(c1ccc(Cl)cc1)=N[C@@H](CC(=O)NCCCCCCCCNC(=O)COc1cccc3c1C(=O)N([C@H]1CCC(=O)NC1=O)C3=O)c1nnc(C)n1-2
5gx6,CC(=O)N[C@H]1[C@H](O)O[C@H](CO)[C@H](OS(=O)(=O)[O-])[C@@H]1O[C@@H]1OC(C(=O)[O-])=C[C@H](O)[C@H]1O
4dhp,O=C(COc1ccccc1P(=O)(O)O)Nc1cc(C(F)(F)F)ccc1Cl
5du6,CCc1ccc([C@H]2C[C@@H](C)n3ncc(C(=O)NCc4ccc(F)cc4)c3N2)cc1
5svx,C[C@H]([NH3+])C(=O)N[C@@H](CCCNC(N)=[NH2+])C(=O)N[C@H](C(=O)N[C@@H](CCCC[N+](C)(C)C)C(=O)N[C@@H](CCC(N)=O)C(=O)N[C@H](C(=O)N[C@@H](C)C(=O)N[C@@H](CCCNC(N)=[NH2+])C(=O)N[C@@H](CCCC[NH3+])C(=O)N[C@@H](CO)C(=O)N[C@H](C(=O)[O-])[C@@H](C)O)[C@@H](C)O)[C@@H](C)O
6un3,CC1(C)S[C@@H]2[C@H](NC(=O)[C@H](C(=O)[O-])c3ccsc3)C(=O)N2[C@H]1C(=O)[O-]
3mg4,Cc1ccc(CNC(=O)[C@H](CCc2ccccc2)NC(=O)[C@H](CCc2ccccc2)NC(=O)[C@@H]([NH3+])CCc2ccccc2)cc1
3u0d,O=C([O-])c1cccc(O)c1O
3ho9,C=C1C[C@@]23C=CC(=O)[C@@](C)(CCC(=O)Nc4c(O)ccc(C(=O)[O-])c4O)[C@@H]2C[C@@H]1C[C@H]3O
6jio,CC(C)(C)OC(=O)N1CCc2ccc(N)cc2C1
4n84,CCCCCC[C@](C)(NC(=O)[C@H](CC(=O)[O-])NC(=O)[C@H](CC(C)C)[NH2+][C@@H](O)[C@](C)(CCCCCC)[NH2+][C@@H](O)C[NH3+])C(=O)N[C@@H](CC(C)C)C(=O)N[C@@H](CC(=O)[O-])C(=O)N[C@@H](CC(C)C)C(=O)N[C@@H](C)C(=O)N[C@@H](CO)C(=O)[O-]
5nxx,C[As+](C)(C)CC(=O)[O-]
5ocj,CCC(/C=C/P(=O)(O)OC)C(C(C)=O)C(=O)OC
4-Apr,CC(C)C[C@@H](C=O)NC(=O)C[C@H](O)[C@H](CC(C)C)NC(=O)[C@H](Cc1c[nH]cn1)NC(=O)[C@H](Cc1ccccc1)NC(=O)[C@@H]1CCC[NH2+]1
5am4,O=C1Nc2ccc(C3CCCCC3)cc2C12CCOCC2
3br9,CC(C)CCn1nc(-c2cccs2)c(O)c(C2=Nc3ccc(O[C@H](C)C(N)=O)cc3S(=O)(=O)N2)c1=O
3vzd,Oc1ccc(Nc2nc(-c3ccc(Cl)cc3)cs2)cc1
6qac,CCCC[NH2+][C@@H](Cc1c[nH]c2ccccc12)C(=O)NCCCC1CCCCCC1
5wle,C[C@H]([NH3+])C(=O)N[C@@H](CCCNC(N)=[NH2+])C(=O)N[C@H](C(=O)N[C@@H](CCCC[N+](C)(C)C)C(=O)N[C@@H](CCC(N)=O)C(=O)N[C@H](C(=O)N[C@@H](C)C(=O)[O-])[C@@H](C)O)[C@@H](C)O
6hgz,Nc1ncnc2c1ncn2C1OC(COP(=O)(O)OP(=O)(O)OCC2OC(O)C(O)C2O)C(O)C1O
4c0r,C[NH2+]C(CSSC[C@H](NC(=O)CC[C@H]([NH3+])C(=O)[O-])C(=O)NCC(=O)[O-])C(=O)NCC(=O)[O-]
3w54,CC(C)=CCC/C(C)=C/Cc1c(O)c(Cl)c(C)c(C=O)c1O
1zsr,CC(C)(C)OC(=O)N[C@@H](Cc1ccccc1)[C@@H](O)C[NH2+][C@@H](Cc1ccccc1)C(=O)N[C@@H](CCC(=O)[O-])C(=O)N[C@@H](Cc1ccccc1)C(N)=O
3t5i,COC(=O)[C@H](CS)NC(=O)[C@H](CO)NC(=O)[C@@H]([NH3+])CO
4u6y,CSCC[C@H](NC(=O)[C@@H](NC(=O)[C@@H](NC(=O)[C@H](Cc1ccccc1)NC(=O)[C@H](Cc1c[nH]cn1)NC(=O)CNC(=O)[C@H](CC(=O)[O-])NC(=O)[C@@H](NC(=O)[C@H](CCC(=O)[O-])NC(=O)[C@H](CC(C)C)NC(=O)[C@H](CC(=O)[O-])NC(=O)[C@H](CCCC[NH3+])NC(=O)[C@H](CC(N)=O)NC(=O)[C@H](CC(C)C)NC(=O)[C@@H]([NH3+])Cc1ccccc1)C(C)C)C(C)C)[C@@H](C)O)C(=O)[O-]
2nq6,CC(C)(C)OC(=O)Nc1cccnc1C(=O)Nc1nccs1
5o0a,Cc1c(C(=O)[O-])cnn1-c1ccccc1
4xc2,CC(C)[C@H](NC(=O)[C@H](CCCNC(N)=[NH2+])NC(=O)[C@@H](NC(=O)[C@H](Cc1c[nH]c2ccccc12)NC(=O)[C@H](Cc1ccccc1)NC(=O)[C@H](CC(=O)[O-])NC(=O)[C@H](CC(=O)[O-])NC(=O)[C@H](CC(=O)[O-])NC(=O)[C@@H]([NH3+])CO)C(C)C)C(=O)N[C@@H](C)C(=O)N1CCC[C@H]1C(=O)[O-]
2w0p,CC[C@H](C)[C@H](NC(=O)[C@H](Cc1ccccc1)NC(=O)[C@@H](NC(=O)[C@H](CO)NC(=O)[C@H](CO)NC(=O)[C@H](C)NC(=O)[C@@H](NC(=O)[C@@H]([NH3+])CCCNC(N)=[NH2+])C(C)C)C(C)C)C(=O)N[C@H](C(=O)[O-])[C@@H](C)O
4n8d,[NH3+]C[C@]1(c2ccccc2)CC[C@H](OC/C=C/c2ccccc2)CC1
4twt,CC(C)C[C@H](NC(=O)[C@@H](NC(=O)[C@H](CCC(N)=O)NC(=O)[C@H](Cc1c[nH]c2ccccc12)NC(=O)[C@H](CC(C)C)NC(=O)[C@H](CS)NC(=O)[C@@H]1CCCN1C(=O)[C@@H]1CCCN1C(=O)[C@H](CS)NC(=O)[C@H](C)[NH3+])C(C)C)C(=O)N[C@@H](CS)C(=O)NCC(=O)[O-]
3l0n,O=c1cc(S)n(C2OC(COP(=O)(O)O)C(O)C2O)c(=O)[nH]1
5dhq,N=c1nc[nH]c2c1nc(SCC(=O)NCCc1cccc(Br)c1)n2[C@@H]1O[C@H](CO)[C@@H](O)[C@H]1O
4bxu,CC(C)C[C@H](NC(=O)[C@H](Cc1ccccc1)NC(=O)[C@H](CCC(=O)[O-])NC(=O)[C@H](C)NC(=O)[C@@H](NC(=O)[C@H](CC(C)C)NC(=O)[C@H](CCC(=O)[O-])NC(=O)[C@H](CC(=O)[O-])NC(=O)[C@H](CCC(=O)[O-])NC(=O)[C@H](CO)NC(=O)[C@H](C)[NH3+])C(C)C)C(=O)N[C@@H](CCC(N)=O)C(=O)N[C@@H](CC(=O)[O-])C(=O)N[C@@H](CCC(N)=O)C(=O)N[C@@H](CC(N)=O)C(=O)[O-]
5fdg,O=C([O-])C(=O)C[C@@H](O)[C@]1(Cc2ccc(Cl)cc2)CC[N@@H+](Cc2ccccc2)CC1
4a4g,CN(C)C(=[NH2+])NCCC[C@H]([NH3+])C(=O)[O-]
3mxr,CCN1CCN(C(=O)N[C@H](CCc2ccc(O)cc2)C(=O)NCB(O)O)C(=O)C1=O
1bzh,CC(C)C[C@@H]1NC(=O)[C@H](Cc2ccc(OC(F)(C(=O)[O-])C(=O)[O-])cc2)NC(=O)[C@H](CCC(=O)[O-])NC(=O)[C@H](CC(=O)[O-])NC(=O)[C@H](C)NC(=O)[C@H](CC(=O)[O-])NC(=O)CSC[C@H](C(N)=O)NC1=O
1xzx,[NH3+][C@@H](Cc1cc(I)c(Oc2ccc(O)c(I)c2)c(I)c1)C(=O)[O-]
1nj5,Nc1ncnc2c1ncn2[C@@H]1O[C@H](COS(=O)(=O)NC(=O)[C@@H]2CCC[NH2+]2)[C@@H](O)[C@H]1O
6q5b,NC(=O)[C@@H]1CC[C@@H]([NH2+]OS(=O)(=O)[O-])CN1C=O
1css,CC(C)(COP(=O)(O)OP(=O)(O)OCC1OC(n2cnc3c(N)ncnc32)C(O)C1OP(=O)(O)O)C(O)C(=O)NCCC(=O)NCCC(F)C(=O)O
4wk2,NC(=[NH2+])NCCC[C@H](NC(=O)C[NH3+])C(=O)NCC(=O)N[C@@H](CC(=O)[O-])C(=O)N[C@@H](CO)C(=O)N1CCC[C@H]1C(=O)[O-]
4mjo,CNC(=O)Nc1cc(Br)cc(NC(=O)NS(=O)(=O)c2cc(C)c(CCOC)s2)n1
5vsk,C[C@@H](CC(=O)N1CCC(O)(C[n+]2c[nH]c3cc(Cl)ccc3c2=O)CC1)c1ccccc1
5dlv,C[C@H](CCC(=O)NCCS(=O)(=O)[O-])[C@H]1CC[C@H]2[C@@H]3[C@@H](O)C[C@@H]4C[C@H](O)CC[C@]4(C)[C@H]3CC[C@@]21C
2wxi,Cc1ccccc1-n1c(Cn2nc(C#CCO)c3c(N)ncnc32)nc2cccc(C)c2c1=O
2ycs,C/C(=N\NC(N)=[NH2+])c1ccc(NC(=O)c2c[nH]c3ccccc23)cc1
4mwy,CO[C@H]([C@H](O)CO)[C@@H]1O[C@H](C(=O)[O-])C[C@H](NC(N)=[NH2+])[C@H]1NC(C)=O
4jsr,CCNC(=O)c1ccc(C(=O)NCCC2CCN(c3ncnc4cc(C(N)=O)sc34)CC2)s1
4j73,CC(C)C[C@H](NC(=O)[C@H](CCCC[NH3+])NC(=O)[C@H](CCCC[NH3+])NC(=O)[C@H](C)NC(=O)[C@H](C)[NH3+])C(=O)N[C@H](C(=O)[O-])C(C)C
4yqv,CC(=O)N(C)Cc1cnn(-c2ccccc2)c1
4r18,CC[C@H]([NH3+])C=O
1ph0,COC(=O)c1c(O)cccc1OCCCCNC(=O)[C@H](Cc1ccc(N(C(=O)C(=O)[O-])c2ccccc2C(=O)[O-])cc1)NC(=O)[O-]
3wdd,CO[C@H](c1ccccc1)[C@@H]1NC(=O)[C@H](C)NC(=O)[C@H](C[C@@H](C)CO)N(C)C(=O)[C@H]([C@H](O)c2cn(C(C)(C)[C@@H](C)O)c3ccccc23)NC(=O)[C@H]([C@H](C)C=C(C)C)NC(=O)[C@H](CC(C)C)N(C)C(=O)[C@H](C(C)C)NC1=O
2wxo,COc1cc(Nc2nc3ccccc3nc2NS(=O)(=O)c2ccc(F)cc2)cc(OC)c1
3sd5,Nc1cc(C(F)(F)F)c(-c2cc(N3CCOCC3)nc(N3CCOCC3)n2)cn1
1fyr,CC(=O)NC(Cc1ccc(OP(=O)(O)O)cc1)C(=O)NC(C(=O)NC(CC(N)=O)C(=O)NC(C(=O)O)C(C)C)C(C)C
1n7t,CC(C)[C@H](NC(=O)[C@H](Cc1c[nH]c2ccccc12)NC(=O)[C@@H](NC(=O)[C@H](CCC(=O)[O-])NC(=O)[C@H](Cc1c[nH]c2ccccc12)NC(=O)CNC(=O)[C@@H]([NH3+])[C@@H](C)O)[C@@H](C)O)C(=O)[O-]
1ld8,N#Cc1ccc2cc1Oc1ccc3cccc(c3c1)N1CC[C@@H]([NH2+]Cc3cncn3C2)C1=O
6dk1,CC(C)=CC[N@@H+]1CC[C@]2(C)c3cc(O)ccc3C[C@H]1[C@H]2C
6cki,CC1(C)NC(=O)c2ccc(Nc3ccncn3)c(=O)n21
6gpb,CC1(OP(=O)(O)O)OC(CO)C(O)C(O)C1O
1g05,COc1ccc(S(=O)(=O)N2CN(Cc3ccccc3)C(=O)C[C@@H]2C(=O)NO)cc1
3opm,CC(C)Cn1c(C[NH3+])c(-c2ccccc2)c2cc(OCC(N)=O)ccc2c1=O
4aa7,COc1cc(OC)c(S(=O)(=O)N2c3ccccc3C[C@H]2C)cc1NC(C)=O
5jh6,CCC(=O)Oc1ccccc1Nc1nc(Nc2ccc(N3CC[NH+](C)CC3)cc2)ncc1Cl
2h9m,C[C@H]([NH3+])C(=O)N[C@@H](CCCNC(N)=[NH2+])C(=O)N[C@H](C(=O)N[C@@H](CCCC[NH3+])C(=O)N[C@@H](CCC(N)=O)C(=O)NCC(=O)O)[C@@H](C)O
1osv,CC(C)C[C@H](NC(=O)[C@H](C)NC(=O)[C@H](CC(N)=O)NC(=O)[C@@H]([NH3+])CCC(=O)[O-])C(=O)N[C@@H](CC(C)C)C(=O)N[C@@H](CCCNC(N)=[NH2+])C(=O)N[C@@H](Cc1ccc(O)cc1)C(=O)N[C@@H](CC(C)C)C(=O)N[C@@H](CC(C)C)C(=O)N[C@@H](CC(=O)[O-])C(=O)N[C@@H](CCCC[NH3+])C(=O)N[C@@H](C)C(=O)[O-]
3ty0,COc1ccc2c(-n3c(=O)n(Cc4cccc([C@@]5(C)OC(=O)NC5=O)c4)c4ccccc43)noc2c1
6om4,CSCCC(NC=O)C(=O)NC(CCCNC(=N)N)C(=O)NC(C(=O)NCC(=O)NC(CC(N)=O)C(=O)NC(C)C(=O)NC(CC(=O)O)C(=O)NP(=O)(O)OCC1OC(n2cnc3c(N)ncnc32)C(O)C1O)C(C)O
1jm4,CC(=O)NCCCC[C@H](NC(=O)[C@H](CCCNC(N)=[NH2+])NC(=O)CNC(=O)[C@H](Cc1ccc(O)cc1)NC(=O)[C@@H]([NH3+])CO)C(=O)N[C@@H](CCCC[NH3+])C(=O)N[C@@H](CCCNC(N)=[NH2+])C(=O)N[C@@H](CCCNC(N)=[NH2+])C(=O)N[C@@H](CCC(N)=O)C(=O)N[C@@H](CCCNC(N)=[NH2+])C(=O)N[C@@H](CS)C(=O)[O-]
3sna,CC(=O)N[C@@H](CC(N)=O)C(=O)N[C@@H](CO)C(=O)N[C@@H](Cc1ccccc1)C(=O)N[C@@H](CO)C(=O)N[C@H](CO)CCC(N)=O
3qnj,CC(C)C[C@H](NC(=O)[C@H](Cc1ccc(O)cc1)NC(=O)[C@@H]1CCCN1C(=O)[C@@H]1CCCN1C(=O)[C@@H]([NH3+])CCCC[NH3+])C(=O)N1CCC[C@H]1C(=O)N[C@@H](CCCNC(N)=[NH2+])C(=O)N1CCC[C@H]1C(=O)[O-]
4wyy,Cc1c(Oc2cnccn2)cc2c(c1C)[C@@H](CC(=O)[O-])OB2O
4p90,O=C(c1cc(CO)ccc1Cl)c1c[nH]c2ncc(-c3cnn(C4CC[NH2+]CC4)c3)cc12
4imz,CC(C)C[C@H](NC(=O)OCc1ccccc1)C(=O)N[C@@H](Cc1ccccc1)C(=O)N[C@H](C=O)CCC(=O)N(C)C
4qk4,CCCCCCCCCCCCCCCC(=O)OCC(COP(=O)(O)OC1C(O)C(O)C(OP(=O)(O)O)C(OP(=O)(O)O)C1O)OC(=O)CCCCCCCCCCCCCCC
5eec,O=C(Cc1cccs1)N[C@@H](Cn1cc(C(=O)[O-])nn1)B(O)O
6eyz,COc1ncc(-c2cc(-c3ncc(C[N@H+]4CC[N@H+](C(C)C)CC4)o3)c3c[nH]nc3c2)cc1C=O
6me2,CCC(=O)NCC[C@@H]1CCc2ccc3occc3c21
6ps9,CN1C[C@H](CCn2c3c(c4ccccc42)C(=O)NCC3)CC1=O
2ndo,O=C([O-])c1ccccc1NS(=O)(=O)c1ccc(I)cc1
5cgj,Cc1cc(C)c(C)c(S(=O)(=O)Nc2ccc(N3CC[C@H](C(=O)[O-])C3)c3ccccc23)c1C
5u9i,C/C=C(/C)CC/C=C(\C)CCC=C(C)C
4tk3,CC[C@H](C)[C@H](NC(=O)[C@H](CO)NC(=O)[C@@H]([NH3+])Cc1ccccc1)C(=O)N[C@H](C(=O)NCC(=O)N[C@H](C(=O)N[C@@H](CC(C)C)C(=O)N[C@@H](Cc1ccc(O)cc1)C(=O)N1CCC[C@H]1C(=O)[O-])[C@@H](C)O)C(C)C
4f49,CC(C)C[C@H](NC(=O)OCc1ccccc1)C(=O)N[C@H](CO)C[C@@H]1CCNC1=O
2khh,[NH3+]CCCC[C@H](NC(=O)[C@H](CO)NC(=O)CNC(=O)[C@H](Cc1ccccc1)NC(=O)[C@H](CO)NC(=O)[C@H](Cc1ccccc1)NC(=O)CNC(=O)[C@H](CO)NC(=O)[C@@H]([NH3+])CC(=O)[O-])C(=O)[O-]
4mvw,O=C(NCCC[NH2+]Cc1cc(Cl)cc(Cl)c1)Nc1ccsc1
4hva,COc1ccc(-c2cc(C(=O)N[C@@H](CO)Cc3cccc(C#N)c3)co2)cc1OC
2qry,Cc1ncc(C[n+]2csc(CCOP(=O)(O)O)c2C)c(N)n1
4n99,O=C([O-])c1cc2[nH]c3ccccc3c2cc1Cl
5c3k,C[C@H]([NH3+])C(=O)Nc1cccc(N)n1
5m7m,CCc1nc2ccc(C3CCN(S(=O)(=O)CCC[NH+](C)C)CC3)cn2c1N(C)c1nc(-c2ccc(F)cc2)cs1
4wmv,O=C([O-])c1sc2cc(F)ccc2c1Cl
5t6f,COc1ccc(OCCCS(=O)(=O)N[C@@H](CC2CCCCC2)C(=O)N[C@H](CO)C[C@@H]2CCNC2=O)cc1
4ozo,O=[N+]([O-])c1ccccc1S[C@@H]1O[C@H](CO)[C@H](O)[C@H](O)[C@H]1O
5i2r,O=c1ccn(-c2cccc(OC(F)(F)F)c2)nc1-c1ccnn1-c1ccccc1
4j03,C[C@]12CC[C@@H]3c4ccc(O)cc4C[C@@H](CCCCCCCCC[S@@+](O)CCCC(F)(F)C(F)(F)F)[C@H]3[C@@H]1CC[C@@H]2O
5hed,CC(C)[C@H](NC(=O)[C@H](CO)NC(=O)[C@H](Cc1ccccc1)NC(=O)[C@H](CCC(N)=O)NC(=O)[C@H](CCCC[NH3+])NC(=O)[C@H](Cc1ccc(O)cc1)NC(=O)[C@H](CC(N)=O)NC(=O)[C@H](C)[NH3+])C(=O)[O-]
6hk6,O=C(Cc1ccc2ccccc2c1)Nc1ccccn1
2yc5,N#Cc1cnn2c1N=C(Cl)C(Cc1ccccc1)C2=O
6bg5,CCC[N@H+]1CC[C@H](N(Cc2ccc3c(c2)OCO3)C(=O)Nc2cccc(C(F)(F)F)c2)CC1
2ynn,C[C@@H](O)[C@H](NC(=O)[C@H](CCCC[NH3+])NC(=O)[C@@H](NC(=O)[C@H](CCCC[NH3+])NC(=O)[C@H](Cc1ccccc1)NC(=O)[C@@H](NC(=O)[C@@H]([NH3+])CS)[C@@H](C)O)[C@@H](C)O)C(=O)N[C@@H](CC(N)=O)C(=O)[O-]
6dtw,N#Cc1cc2c(Oc3ccc(F)cc3OCCn3ccc(=O)[nH]c3=O)cc(F)cn2c1
1d4w,CCC(C)C(NC(=O)C(NC(=O)C(CC(C)C)NC(=O)C([NH3+])CO)C(C)O)C(=O)NC(Cc1ccc(OP(=O)(O)O)cc1)C(=O)NC(C)C(=O)NC(CCC(N)=O)C(=O)NC(C(=O)NC(CCC(N)=O)C(=O)NC(CCCC[NH3+])C(=O)O)C(C)C
5npf,O=S(=O)([O-])O[C@H]1C[C@H](O)[C@@H](O)[C@H](O)[C@H]1CO
1gbq,CC(=O)N[C@H](C(=O)N1CCC[C@H]1C(=O)N1CCC[C@H]1C(=O)N1CCC[C@H]1C(=O)N[C@H](C(=O)N1CCC[C@H]1C(=O)N1CCC[C@H]1C(=O)N[C@@H](CCCNC(N)=[NH2+])C(=O)N[C@@H](CCCNC(N)=[NH2+])C(=O)N[C@@H](CCCNC(N)=[NH2+])C(N)=O)C(C)C)C(C)C
2y59,O=C(NCB(O)O)c1ccccc1[N+](=O)[O-]
5jar,Cc1ccccc1-c1cc(C(=O)c2nccs2)ccc1C
4itj,C[C@H](NC(=O)c1ccc(C#N)n1C)c1c(F)cccc1Cl
5db3,COc1cc2c(cc(C#N)n2Cc2cn[nH]c2)c(C)c1C[N@H+]1CC[C@H](Nc2ncnc3sc(CC(F)(F)F)cc23)CC1
2gh7,O=C([O-])CCCC[C@@H]1SC[C@@H]2NC(=O)N[C@H]12
4dow,CC(C)C[C@H](NC(=O)[C@@H](NC(=O)[C@H](CCCC[N+](C)C)NC(=O)[C@H](CCCNC(N)=[NH2+])NC(=O)[C@H](Cc1c[nH]cn1)NC(=O)[C@H](CCCNC(N)=[NH2+])NC(=O)[C@H](CCCC[NH3+])NC(=O)[C@H](C)NC(=O)C[NH3+])C(C)C)C(=O)N[C@@H](CCCNC(N)=[NH2+])C(=O)N[C@@H](CC(=O)[O-])C(=O)N[C@@H](CC(N)=O)C(=O)[O-]
5n1p,O=C(NO)c1cccc2ccccc12
3m3e,CC(=O)N[C@H]1[C@@H](Oc2ccc([N+](=O)[O-])cc2)O[C@H](CO)[C@H](O)[C@@H]1O[C@@H]1O[C@H](CO)[C@H](O)[C@H](O)[C@H]1O
4e3i,O=C([O-])c1cccc(CS(=O)(=O)NCB(O)O)c1
4j2t,CCCCCCCC(=O)O[C@@H]1[C@@H](OC(=O)[C@@H](C)CC)[C@@H](C)[C@@H]2[C@@H]3O[C@@H](O)[C@@](C)(O)[C@@]3(O[C@H](O)CCC)[C@@H](O[C@@H](O)CCC)C[C@](C)(OC(C)=O)[C@@H]12
2zga,CC(C)=CCN(CC[NH3+])S(=O)(=O)c1ccc(C(N)=O)cc1
5a5z,C[C@H](S)C(=O)NCC(=O)[O-]
5gs4,CC[C@H](C)[C@@H]1NC(=O)C[C@H](NC(=O)[C@@H]([NH3+])CCCNC(N)=[NH2+])C(=O)NC[C@@H](C(=O)N[C@@H](CCCNC(N)=[NH2+])C(=O)N[C@@H](CC(C)C)C(=O)N[C@@H](CC(C)C)C(=O)N[C@@H](CCC(N)=O)C(N)=O)NC(=O)[C@H](CC(C)C)NC1=O
3u7n,CCCC[C@H](CN(O)C=O)C(=O)[C@@H](NC(=O)Nc1ccc(C)cn1)C(C)C
6qtr,CC[C@H](C)[C@H](NC(=O)[C@@H]([NH3+])CCC(=O)[O-])C(=O)N[C@@H](CCCNC(N)=[NH2+])C(=O)N[C@@H](CCCNC(N)=[NH2+])C(=O)N[C@H](C(=O)N1CCC[C@H]1C(=O)N[C@@H](CCC(=O)[O-])C(=O)N[C@@H](Cc1ccccc1)C(=O)NCC(=O)NCC(=O)N[C@@H](Cc1ccc(O)cc1)C(=O)[O-])C(C)C
5fh6,O=c1[nH]c2[n+](c3ccccc13)CC[C@@H]2C[NH+]1CCCCC1
5v7w,C[N@H+]1CC[C@H](C/[NH+]=c2/[nH]c(=O)c3c4c(sc3[nH]2)CCCC4)CC1
5c7e,CC(C)C[C@H](NC(=O)[C@H](C)NC(=O)[C@H](CC(C)C)NC(=O)[C@H](C)NC(=O)[C@H](CC(C)C)NC(=O)[C@H](CCC(=O)[O-])NC(=O)[C@@H](NC(=O)[C@H](C)NC(=O)[C@@H]([NH3+])CO)[C@@H](C)O)C(=O)NCC(=O)[O-]
5uxn,[NH3+][C@@H](Cc1ccc(O)cc1)C(=O)[O-]
6nfo,C[C@@H](CO)NC(=O)c1c[nH]n2c(=O)cc(-c3ccccc3)nc12
6n17,O=C([O-])CCC(=O)Nc1ccc(C(=O)[O-])c(C(=O)[O-])c1
5eto,N#Cc1ccc(CSc2nc3[nH]c(=[NH2+])[nH]c(=O)c3[nH]2)c(F)c1
5koq,CC(C)CN(C(=O)c1cnc(C(C)(C)C)nc1NCc1ccco1)[C@H]1CCC[NH2+]C1
5vqq,Cc1c(Oc2ccccc2OCCn2ccc(=O)[nH]c2=O)cc(N(C)C(=O)CF)c2ccc(C#N)cc12
1zsh,O=P(O)(O)OC1C(OP(=O)(O)O)C(OP(=O)(O)O)C(OP(=O)(O)O)C(OP(=O)(O)O)C1OP(=O)(O)O
2ow6,O[C@H]1CCC[S@+]2C[C@@H](O)[C@@H](O)[C@H]12
5lrg,CC(C)[C@@H]1NC(=O)[C@H](NC(=O)N[C@@H](CCCNC(N)=[NH2+])C(=O)[O-])CCCC[NH+]2OC2(O)[C@H](Cc2ccccc2)NC(=O)[C@H](C)N(C)C(=O)[C@H](CCc2ccc(O)cc2)NC1=O
4cc7,CC(C)C[C@H](NC(=O)[C@H](C)NC(=O)[C@@H]1CCCN1C(=O)[C@@H]1CCC[NH2+]1)C(=O)N1CCC[C@H]1C(=O)N[C@@H](CO)C(=O)N[C@@H](CO)C(=O)N[C@@H](C)C(=O)N1CCC[C@H]1C(=O)N[C@@H](CO)C(N)=O
5jyy,COCCNC(=O)O[C@H]([C@H](O)CO)[C@@H]1OC(C(=O)[O-])=C[C@H](NC(N)=[NH2+])[C@H]1NC(C)=O
5klp,O=P(O)(O)OC1C(OP(=O)(O)O)C(OP(=O)(O)O)C(OP(=O)(O)O)C(OP(=O)(O)O)C1OP(=O)(O)O
4w54,CCc1ccccc1
5t6z,CC[C@H](C)[C@H](NC(=O)[C@H](CCC(N)=O)NC(=O)[C@H](CCC(=O)[O-])NC(=O)[C@H](CCC(N)=O)NC(=O)[C@H](CC(C)C)NC(=O)[C@@H](NC(=O)[C@H](CO)NC(=O)[C@@H]([NH3+])[C@@H](C)O)[C@@H](C)O)C(=O)NCC(=O)N[C@@H](Cc1c[nH]c2ccccc12)C(=O)[O-]
1a4q,CCCN(CCc1ccccc1)C(=O)[C@@H]1OC(C(=O)[O-])=C[C@H]([NH3+])[C@H]1NC(C)=O
6i0x,CC(=[NH2+])NCCC[C@H](NC(=O)c1ccccc1)C(N)=O
1mxl,CC[C@H](C)[C@H](NC(=O)[C@@H]([NH3+])CCCNC(N)=[NH2+])C(=O)N[C@@H](CO)C(=O)N[C@@H](C)C(=O)N[C@@H](CC(=O)[O-])C(=O)N[C@@H](C)C(=O)N[C@@H](CCSC)C(=O)N[C@@H](CCSC)C(=O)N[C@@H](CCC(N)=O)C(=O)N[C@@H](C)C(=O)N[C@@H](CC(C)C)C(=O)N[C@@H](CC(C)C)C(=O)NCC(=O)N[C@@H](C)C(=O)N[C@@H](CCCNC(N)=[NH2+])C(=O)N[C@@H](C)C(=O)N[C@@H](CCCC[NH3+])C(=O)[O-]
1stp,O=C([O-])CCCC[C@@H]1SC[C@@H]2NC(=O)N[C@H]12
3oot,Cc1c(F)cccc1Cc1c(C(=O)N2CC[NH2+]CC2)c2c(C)c(O)ccc2n1-c1ccccc1
1hsg,CC(C)(C)NC(=O)[C@@H]1C[N@H+](Cc2cccnc2)CC[N@H+]1C[C@@H](O)C[C@@H](Cc1ccccc1)C(=O)N[C@H]1c2ccccc2C[C@H]1O
5uv1,CC(C)=CCC/C(C)=C(\F)COP(=O)(O)OP(=O)(O)O
2j4a,CC(C)c1cc(Oc2c(Br)cc(CCC(=O)[O-])cc2Br)ccc1O
2mkr,CC[C@H](C)[C@H](NC(=O)[C@H](Cc1ccc(O)cc1)NC(=O)[C@H](CC(=O)[O-])NC(=O)[C@H](Cc1c[nH]c2ccccc12)NC(=O)[C@H](CO)NC(=O)[C@H](CCC(=O)[O-])NC(=O)[C@H](CC(=O)[O-])NC(=O)[C@H](CC(C)C)NC(=O)[C@@H]([NH3+])CC(=O)[O-])C(=O)N[C@@H](Cc1ccccc1)C(=O)N[C@@H](CCC(=O)[O-])C(=O)N[C@H](C(=O)N[C@H](C(=O)[O-])[C@@H](C)O)[C@@H](C)O
3tdu,CC[C@H](C)[C@H](NC(=O)[C@H](CCSC)NC(C)=O)C(=O)N[C@@H](CCCC[NH3+])C(=O)N[C@@H](CC(C)C)C(=O)N[C@@H](Cc1ccccc1)C(=O)N[C@@H](CO)C(=O)N[C@@H](CC(C)C)C(=O)N[C@@H](CCCC[NH3+])C(=O)N[C@@H](CCC(N)=O)C(=O)N[C@@H](CCC(N)=O)C(=O)N[C@@H](CCCC[NH3+])C(=O)N[C@@H](CCCC[NH3+])C(=O)N[C@@H](CCC(=O)[O-])C(=O)N[C@@H](CCC(=O)[O-])C(=O)N[C@@H](CCC(=O)[O-])C(=O)[O-]
4yay,CCc1cc2c(c(CC)n1)CCC(O)N2Cc1ccc(-c2ccccc2-c2nn[nH]n2)cc1
4xm8,COCc1cccc(S(=O)(=O)N(CC(C)C)[C@@H](C(=O)NO)C(C)C)c1
6hb5,N=c1ccn([C@@H]2O[C@H](COS(=O)(=O)NC(=O)[C@@H]([NH3+])Cc3ccc(O)cc3)[C@@H](O)[C@H]2O)c(=O)[nH]1
5uwk,CC(C)[C@H](NS(=O)(=O)c1ccc(-c2ccc(CSc3nc4c(c(=O)[nH]3)CCC4)cc2)cc1)C(=O)[O-]
5m4q,O=C([O-])[C@@H]1CCC[NH2+]1
4okg,C[N@H+]1CC[N@H+](Cc2ccc(C#Cc3ccc(-c4cc(C(=O)NO)cnc4-n4cnc5ccccc54)cc3)cn2)CC1
1abt,CC(C)[C@H](NC(=O)[C@H](Cc1c[nH]c2ccccc12)NC(=O)[C@H](Cc1c[nH]cn1)NC(=O)[C@@H]([NH3+])CCCC[NH3+])C(=O)N[C@@H](Cc1ccc(O)cc1)C(=O)N[C@@H](Cc1ccc(O)cc1)C(=O)O
2y0j,Cc1nc2c3ccccc3nc(SCc3nc4ccccc4[nH]3)n2n1
5gjf,CC(C)Oc1cc(C(=O)N2CC[NH+](C)CC2)ccc1NC(=O)c1csc(-c2cccc(NC(=O)Nc3ccccc3)c2)n1
4xyn,CC(C)C[C@H](NC(=O)[C@@H](NC(=O)[C@H](CCCC[NH3+])NC(=O)[C@H](Cc1c[nH]c2ccccc12)NC(=O)[C@H](C)NC(=O)[C@H](CCC(=O)[O-])NC(=O)[C@@H](NC(=O)[C@@H]([NH3+])CCCNC(N)=[NH2+])[C@@H](C)O)C(C)C)C(=O)N[C@@H](CO)C(=O)[O-]
1mui,Cc1cccc(C)c1OCC(=O)N[C@@H](Cc1ccccc1)[C@@H](O)C[C@H](Cc1ccccc1)NC(=O)[C@H](C(C)C)N1CCCNC1=O
4c94,Oc1cc(O)c2c(c1)O[C@H](c1ccc(O)c(O)c1)[C@@H](O)C2
1h27,CC(C)C[C@H](NC(=O)[C@H](CC(N)=O)NC(=O)[C@@H]([NH3+])CCCNC(N)=[NH2+])C(=O)N[C@@H](Cc1ccccc1)C(=O)NCC(=O)N1CCC[C@H]1C(=O)[O-]
5hff,CCC[C@H](NC(=O)[C@H](Cc1ccc(O)cc1)NC(=O)[C@H](C)NC(=O)[C@H](C)[NH3+])C(=O)N[C@@H](CCC(N)=O)C(=O)N[C@@H](Cc1ccccc1)C(=O)N[C@@H](CO)C(=O)N[C@H](C(=O)[O-])C(C)C
3qa2,Cc1ccccc1Nc1nc(N2CC[NH2+]CC2)nc2c(NCC3CC3)ncnc12
3o4l,CSCC[C@H](NC(=O)[C@H](C)NC(=O)[C@@H](NC(=O)[C@H](CC(C)C)NC(=O)[C@@H](NC(=O)[C@H](CS)NC(=O)[C@H](CC(C)C)NC(=O)C[NH3+])[C@@H](C)O)C(C)C)C(=O)N[C@@H](CC(C)C)C(=O)[O-]
3nrz,O=c1nc[nH]c2nc[nH]c12
1n94,CCCC[N@@H+](CCC1CCCCC1)Cc1ccc(C(=O)N[C@@H](CCSC)C(=O)[O-])c(-c2ccccc2C)c1
3twx,NC(=[NH2+])NCCC[C@H](NC(=O)[C@@H]([NH3+])CCC(N)=O)C(=O)N[C@@H](CCC(=O)[O-])C(=O)N[C@@H](CO)C(=O)N1CCC[C@H]1C(=O)N[C@@H](CC(=O)[O-])C(=O)NCC(=O)N[C@@H](CCC(N)=O)C(=O)N[C@@H](CO)C(=O)N[C@@H](Cc1ccccc1)C(=O)N[C@@H](CCCNC(N)=[NH2+])C(=O)N[C@@H](CO)C(N)=O
4lpf,Nc1ncn[nH]1
3g08,CCCCCCCCCCCCCCCCCCCCCCCC(=O)N[C@@H](CO[C@H]1O[C@H](CO)[C@H](O)[C@H](O)[C@H]1O)[C@H](O)[C@H](O)CCCCC
5qat,CC(=O)OCc1cccc(-c2cccc(C(=O)[O-])c2)c1
1oe7,[NH3+][C@@H](CCC(=O)N[C@@H](CS)C(=O)NCC(=O)[O-])C(=O)[O-]
1qwf,CC(C)C[C@H](NC(=O)[C@H](CO)NC(=O)[C@@H]([NH3+])C(C)C)C(=O)N[C@@H](C)C(=O)N[C@@H](CCCNC(N)=[NH2+])C(=O)N[C@@H](CCCNC(N)=[NH2+])C(=O)N1CCC[C@H]1C(=O)N[C@@H](CC(C)C)C(=O)N1CCC[C@H]1C(=O)N1CCC[C@H]1C(=O)N[C@@H](CC(C)C)C(=O)N1CCC[C@H]1C(=O)[O-]
5dj5,CC1C=C(O/C=C2/C(=O)O[C@@H]3c4ccccc4C[C@H]23)OC1=O
2ko7,CCOC(=O)CN1C(=O)CC(C[C@@H](O)[C@@H]2C[C@@H](C)C[C@H](C)C2=O)CC1=O
3kab,Cc1ccc2cc(C(=O)[O-])[nH]c2c1
4mvh,O=C(c1ccc(Oc2nccnc2N2CCOCC2)cc1)c1nc2ccccc2[nH]1
4qgh,Cc1cn([C@H]2CCC[N@@H+]([C@@H](CC(C)C)c3ccc(C(=O)[O-])c(Oc4cccc(Cl)c4)c3F)C2)c(=O)[nH]c1=O
3gnv,CC(=O)N1c2cccc(O)c2NC2=C(C(=O)CC(C)(C)C2)[C@@H]1c1ccc(OCc2ccccc2)cc1Cl
4ps3,CCCn1cnc(CCNC(=O)Nc2nc3ccc(-c4cncc(OC)c4)cc3s2)c1
3c3q,CSCC[C@H](NC(=O)[C@H](CO)NC(=O)CNC(=O)[C@H](C)NC(=O)[C@H](Cc1c[nH]c2ccccc12)NC(=O)[C@H](CC(N)=O)NC(=O)[C@H](CCC(=O)[O-])NC(=O)[C@H](CC(C)C)NC(=O)[C@H](CCC(=O)[O-])NC(=O)[C@H](CCCC[NH3+])NC(=O)[C@H](CCSC)NC(=O)[C@H](CC(=O)[O-])NC(=O)[C@H](CC(=O)[O-])NC(=O)[C@H](CC(=O)[O-])NC(=O)[C@H](CCC(=O)[O-])NC(=O)[C@H](CCC(=O)[O-])NC(=O)[C@H](CCC(=O)[O-])NC(=O)[C@@H]([NH3+])CCCC[NH3+])C(=O)[O-]
4o0z,O=C(NCc1ccc(S(=O)(=O)c2cc(F)cc(F)c2)cc1)c1ccc2cccn2c1
5km3,O=c1ccn(C2OC(COP(=O)(O)O)C(O)C2O)c(=O)[nH]1
3zqi,CSCC[C@H](NC(=O)[C@H](CCCNC(N)=[NH2+])NC(=O)[C@H](C)NC(=O)[C@H](CCCNC(N)=[NH2+])NC(=O)[C@H](C)NC(=O)[C@H](C)NC(=O)[C@H](CC(C)C)NC(=O)[C@@H](NC(=O)[C@@H]([NH3+])CO)C(C)C)C(=O)N[C@@H](Cc1c[nH]c2ccccc12)C(=O)N[C@@H](CCSC)C(=O)N[C@@H](Cc1c[nH]c2ccccc12)C(=O)N[C@@H](Cc1cnc[nH]1)C(=O)N[C@@H](Cc1c[nH]c2ccccc12)C(=O)[O-]
2w71,Cc1nc(-c2ccnc(N)n2)cn1Cc1c(Cl)cccc1Cl
4crd,COC(=O)Nc1ccc(-c2[nH]c(CNC(=O)CCc3cc(Cl)ccc3-n3cnnn3)nc2Cl)cc1
6o6f,O=C([O-])c1ccc2c(c1)N(CC1CCC1)C[C@@]1(CCc3cc(Cl)ccc31)CO2
6oe3,N#Cc1ccc2c(Oc3ccccc3OCCn3ccc(=O)[nH]c3=O)cc(F)cc2c1
2yir,NC(=[NH2+])/[NH+]=N/c1cccc2cc(NC(=O)c3cc4cccc([N+](=O)[O-])c4[nH]3)ccc12
2fme,Cc1ccc2c(c1C)CN(C(=O)N(C)C)C[C@@H]2c1cccc(O)c1
1me8,NC(=O)c1ncn(C2OC(COP(=O)(O)O)C(O)C2O)n1
1npw,NC(=O)O[C@@H]1Cc2ccccc2[C@@H]1C1=CN[C@@](Cc2ccccc2)(C[C@H](O)[C@H](Cc2ccccc2)NC(=O)O[C@H]2CCOC2)C1=O
3qzt,CC(=O)NCCCC[C@H](NC(=O)[C@H](C)NC(=O)C[NH3+])C(=O)N[C@@H](CCCNC(N)=[NH2+])C(=O)N[C@@H](Cc1c[nH]cn1)C(=O)N[C@@H](CCCNC(N)=[NH2+])C(=O)[O-]
3rul,C[NH2+][C@H]1C(=O)N[C@@H]2Cc3ccc(cc3)Oc3cc4cc(c3O)Oc3ccc(cc3Cl)[C@@H](O)[C@@H]3NC(=O)[C@H](NC(=O)[C@@H]4NC(=O)[C@@H](NC2=O)c2cc(cc(O)c2Cl)Oc2cc1ccc2O)c1ccc(O)c(c1)-c1ccc(O)cc1[C@@H](C(=O)NCCC[N+](C)C)NC3=O
4mnq,CC[C@H](C)[C@H]([NH3+])C(=O)N[C@@H](CC(C)C)C(=O)N[C@@H](C)C(=O)N[C@@H](CCCC[NH3+])C(=O)N[C@@H](Cc1ccccc1)C(=O)N[C@@H](CC(C)C)C(=O)N[C@@H](Cc1c[nH]cn1)C(=O)N[C@@H](Cc1c[nH]c2ccccc12)C(=O)N[C@@H](CC(C)C)C(=O)[O-]
4btx,CC(C)Nc1cc(=O)n(-c2ccccc2)nc1-c1nnc[nH]1
5fyq,CC(C)[C@H](NC(=O)[C@H](Cc1ccc(O)cc1)NC(=O)[C@H](CCCC[NH3+])NC(=O)[C@H](CCCCNC(=O)C(F)(F)F)NC(=O)[C@H](CCC(=O)[O-])NC(=O)[C@H](Cc1ccccc1)NC(=O)[C@H](CCC(=O)[O-])NC(=O)C[NH3+])C(=O)[O-]
5mm9,CCOP(=O)(OCC)[C@@H](CS)CCCc1ccccc1
3kec,COc1ccc(Cn2nnc(-c3cccc(C(=O)NCc4ccc(C(=O)[O-])cc4)c3)n2)cc1
5l7k,CCCCCCCCCCCCC[C@H](O)[NH2+]CC(=O)N[C@H](C(=O)N[C@@H](C)C(=O)N[C@@H](CO)C(=O)N[C@@H](CO)C(=O)N[C@@H](CC(C)C)C(=O)[O-])[C@@H](C)O
4tyt,O=C([O-])/C(S)=C/c1c(Cl)ccc(Cl)c1Cl
6efk,CC[C@H](C)[C@H](NC(C)=O)C(=O)N[C@@H](CCC(=O)[O-])C(=O)N[C@@H](CCC(=O)[O-])C(=O)N[C@H](C(=O)N[C@@H](CC(=O)[O-])C(=O)[O-])C(C)C
5cs2,CO[C@H](c1ccccc1)[C@@H]1NC(=O)[C@H](C)NC(=O)[C@H](C[C@@H](C)CO)N(C)C(=O)[C@@]2([C@H](O)c3cn(C(C)(C)[C@@H]4CO4)c4ccccc34)ON2C(=O)[C@H]([C@H](C)C=C(C)C)NC(=O)[C@H](CC(C)C)N(C)C(=O)[C@H](C(C)C)NC1=O
4a1w,CC[C@H](C)[C@H]([NH3+])C(=O)N[C@H](CC(=O)N[C@H](C(=O)N[C@@H](C)C(=O)N[C@@H](CCC(N)=O)C(=O)N[C@@H](CCC(=O)[O-])CC(=O)N[C@@H](CC(C)C)C(=O)N[C@@H](CCCNC(N)=[NH2+])C(=O)N[C@@H](CCCNC(N)=[NH2+])C(=O)N[C@H](CC(=O)NCC(=O)N[C@@H](CC(=O)[O-])C(=O)N[C@@H](CCC(=O)[O-])C(=O)N[C@H](CC(=O)N[C@@H](CC(N)=O)C(=O)N[C@@H](C)C(=O)N[C@@H](Cc1ccc(O)cc1)C(=O)N[C@H](CC(N)=O)Cc1ccc(O)cc1)Cc1ccccc1)[C@@H](C)CC)[C@@H](C)CC)Cc1c[nH]c2ccccc12
5gp7,C[C@H]([NH3+])C(=O)N[C@@H](C)C(=O)N[C@@H](CO)C(=O)N[C@@H](CCCNC(N)=[NH2+])C(=O)N[C@H](C(=O)N1CCC[C@H]1C(=O)N[C@@H](C)C(=O)N[C@@H](CC(=O)[O-])C(=O)NCC(=O)N[C@@H](CCCNC(N)=[NH2+])C(=O)[O-])[C@@H](C)O
3d1f,CC(C)C[C@H](NC(=O)[C@H](CCC(=O)[O-])NC(=O)[C@@H](NC(=O)[C@H](CCC(N)=O)NC(=O)[C@H](CCC(=O)[O-])NC(=O)[C@@H]([NH3+])CO)C(C)C)C(=O)N[C@@H](CCC(=O)[O-])C(=O)N[C@@H](Cc1ccccc1)C(=O)N[C@@H](CC(=O)[O-])C(=O)[O-]
1nax,CC(C)c1cc(Oc2c(Cl)cc(CC(=O)[O-])cc2Cl)ccc1O
6e4c,Cc1cc(-c2noc(=O)[nH]2)ccc1C1=CC(=O)C(O)C(C(=O)[O-])=N1
2ria,OC[C@@H](O)[C@H]1O[C@H](O)[C@@H](O)[C@@H](O)[C@@H]1O
5unh,CCCc1nc2ccc(N(Cc3ccco3)C(=O)c3ccccc3)cc2c(=O)n1Cc1ccc(-c2ccccc2-c2nnn[nH]2)cc1
3c94,CC[C@H](C)[C@H](NC(=O)[C@@H]([NH3+])CC(=O)[O-])C(=O)N1CCC[C@H]1C(=O)N[C@@H](Cc1ccccc1)C(=O)[O-]
4oeg,CO[C@@H]1O[C@@H](C(=O)[O-])[C@@H](O[C@H]2O[C@H](COS(=O)(=O)[O-])[C@@H](O)[C@H](OS(=O)(=O)[O-])[C@H]2NS(=O)(=O)[O-])[C@H](O)[C@H]1OS(=O)(=O)[O-]
1xud,Cc1cc(CNC(=O)c2cc(C(=O)NCc3ccc(F)c(C)c3)ncn2)ccc1F
2rcu,CCCCCCCCCCCCCCCC(=O)N[C@H](CC(=O)[O-])C[N+](C)(C)C
2aez,OC[C@H]1O[C@H](O[C@]2(CO[C@]3(CO)O[C@H](CO)[C@@H](O)[C@@H]3O)O[C@H](CO)[C@@H](O)[C@@H]2O)[C@H](O)[C@@H](O)[C@@H]1O
6e1a,CNC(=O)O[C@H]1CCC[C@@H]1[C@]1([C@H]2CC[N@H+](CC3CN(c4ccc(S(=O)(=O)c5ccncc5)cc4)C3)CC2)C[N@H+](C)Cc2ccccc21
6f7q,C[NH+](C)CCN(C[C@@H]1CCC[N@H+](C2Cc3ccccc3C2)C1)C(=O)c1ccc2cccc(O)c2n1
4ec0,[NH3+]Cc1ccc2ccccc2c1-c1ccc(C(=O)NCC[N+]2CCOCC2)cc1
1dm2,NC1=NC(=O)C(C2CCNC(=O)c3[nH]c(Br)cc32)=N1
5of0,O=C([O-])CC[C@H](NC(=O)N[C@@H](CCCC(=O)/N=C/c1ccc(F)cc1)C(=O)[O-])C(=O)[O-]
3lp2,CCOC(=O)c1c(O)c2cc(Oc3ccc(N(CC)CC)cc3)cnc2[n+]([O-])c1O
5osk,COc1ccc(OC)c(CN2Cc3cc(OC)c(OS(N)(=O)=O)cc3NC2=O)c1
1w6j,C=CC[N@H+](C)CCCCCCOc1ccc(C(=O)c2ccc(Br)cc2)c(F)c1
2ogz,C[C@H](CCc1ccc(C(N)=O)cc1)[NH2+]CC(=O)c1ccc(F)cc1
4ze6,[NH3+]CCCCCCC(=O)[O-]
5alz,CS(=O)(=O)N1CCC(NC(=O)N[C@]23C[C@H]4C[C@H](C[C@H](C4)C2)C3)CC1
3nzs,COc1cccc(Nc2nc(N3CCS(=O)(=O)CC3)nc3c2cnn3C)c1
4jxw,O=C([O-])c1ccc(CCCNS(=O)(=O)c2ccsc2C(=O)[O-])cc1
2fv9,CC[C@H](C)[C@H](NC(=O)[C@@H](CC(=O)NO)Cc1ccccc1)C(=O)N[C@@H](CC(C)C)C(=O)[O-]
1tft,C[NH2+][C@@H](C)C(=O)N[C@H](C(=O)N1C[C@@H](Oc2ccccc2)C[C@H]1C(=O)N[C@@H]1CCCc2ccccc21)C(C)(C)C
6oxr,CC(C)CN(C[C@@H](O)[C@H](Cc1ccccc1)NC(=O)O[C@H]1CO[C@H]2OCC[C@@H]12)S(=O)(=O)c1ccc([C@H](C)O)cc1
6h9x,Nc1ncnc2c1ncn2[C@@H]1O[C@H](COS(=O)(=O)NC(=O)[C@@H]([NH3+])CO)[C@@H](O)[C@H]1O
3wym,COc1cn(-c2ccc(-n3cccn3)cc2F)nc(-c2ccnn2-c2ccccc2)c1=O
3ask,C[C@H]([NH3+])C(=O)N[C@@H](CCCNC(N)=[NH2+])C(=O)N[C@H](C(=O)N[C@@H](CCCC[NH3+])C(=O)N[C@@H](CCC(N)=O)C(=O)N[C@H](C(=O)N[C@@H](C)C(=O)N[C@@H](CCCNC(N)=[NH2+])C(=O)N[C@@H](CCCC[N+](C)(C)C)C(=O)N[C@@H](CO)C(=O)[O-])[C@@H](C)O)[C@@H](C)O
4b3u,CC[NH2+]C1C(=N)N(Cc2ccccc2)C(=O)NC1=O
3kag,Cc1occc1C(=O)N[C@H](Cc1nc2ccccc2[nH]1)C(=O)[O-]
3t6r,C[C@H]([NH3+])C(=O)N[C@@H](CCCNC(N)=[NH2+])C(=O)N[C@H](C(=O)N[C@@H](CCCC[NH3+])C(=O)N[C@@H](CCC(N)=O)C(=O)[O-])[C@@H](C)O
2ada,O=c1[nH]cnc2c1ncn2[C@@H]1O[C@H](CO)[C@@H](O)[C@H]1O
4i1r,CSc1ccc2c(c1)N(CC[C@@H]1CCCC[N@H+]1C)c1ccccc1S2
1fwe,CC(=O)NO
3kpv,Nc1ncnc2[nH]cnc12
3u7l,CC(C)(C)[C@H](NC(=O)Nc1cc(F)cc(F)c1)C(=O)N(CC(=O)NO)CC1CCCC1
4m5r,Oc1ccc(-n2ccnc2)cc1
2aof,CC(C)C[C@H]([NH2+]C[C@H](Cc1ccccc1)NC(=O)[C@H](CC(N)=O)NC(=O)CNC(=O)[C@@H]1CCCN1C(=O)[C@@H]([NH3+])CCCNC(N)=[NH2+])C(=O)N[C@@H](CCC(N)=O)C(=O)N[C@@H](CO)C(=O)N[C@@H](CCCNC(N)=[NH2+])C(=O)N1CCC[C@H]1C(N)=O
3sdi,Cc1ccc(CNC(=O)[C@H](CCc2ccccc2)NC(=O)[C@H](CC(=O)NCC(C)(C)C)NC(=O)c2cc(C)on2)cc1
5ene,N#Cc1nc(Cc2ccccc2)oc1N
2v96,C[As+](C)(C)CCO[C@@H](c1ccccc1[N+](=O)[O-])C(F)(F)F
5l72,COc1ncc(-c2cc(NC(=O)C[NH+]3CCOCC3)c3cocc3c2)cc1NS(C)(=O)=O
4fpk,Cc1cccc(C[NH2+]CCS(=O)(=O)[O-])c1
5tdr,C[C@H]([NH3+])C(=O)N[C@@H](CCCNC(N)=[NH2+])C(=O)N[C@H](C(=O)N[C@@H](CCCC[NH+](C)C)C(=O)N[C@@H](CCC(N)=O)C(=O)N[C@H](C(=O)N[C@@H](C)C(=O)N[C@@H](CCCNC(N)=[NH2+])C(=O)N[C@@H](CCCC[NH3+])C(=O)N[C@@H](CO)C(=O)N[C@H](C(=O)[O-])[C@@H](C)O)[C@@H](C)O)[C@@H](C)O
3hdk,CCCC[C@@H](C[NH2+][C@@H](CCCC)C(=O)N[C@@H](CCC(N)=O)C(=O)N[C@@H](CCCNC(N)=[NH2+])C(N)=O)NC(=O)[C@@H](NC(=O)[C@@H](NC(C)=O)[C@@H](C)O)[C@@H](C)CC
4c68,[NH3+]CCCCCCCCCC(=O)N[C@@H](CO)C(=O)N[C@@H](CCCC[NH3+])C(=O)NCCC1CCCCC1
5mw6,Cc1cc(C)n(-c2ncc(Cl)c(Nc3ccc(Cl)cc3)n2)n1
3sm1,CC(C)CC(=O)N[C@H](C(=O)N[C@H](C(=O)N[C@@H](CC(C)C)[C@@H](O)CC(N)=O)C(C)C)C(C)C
3dxk,Cc1[nH]c2ccccc2c1CCNC(=O)c1cccs1
4qz3,COc1ccc(C[C@H](NC(=O)[C@H](C)NC(=O)C[NH+]2CCOCC2)C(=O)N[C@@H](Cc2ccccc2)[C@@H](O)[C@H](C)CO)cc1
6fc6,C[C@H]([NH3+])C(=O)N[C@H](C(=O)N[C@@H](Cc1ccccc1)C(=O)[O-])[C@@H](C)O
5c7f,CC(C)C[C@H](NC(=O)[C@H](CCCNC(N)=[NH2+])NC(=O)[C@H](CC(C)C)NC(=O)[C@H](CCC(=O)[O-])NC(=O)[C@@H]([NH3+])[C@@H](C)O)C(=O)NCC(=O)N[C@@H](CC(C)C)C(=O)N1CCC[C@H]1C(=O)NCC(=O)[O-]
6o50,C=CC[N+](C)(C)c1ccc(CCC(=O)CCc2ccc([N+](C)(C)CC=C)cc2)cc1
1ewj,Cc1c(N)nc([C@H](CC(N)=O)[NH2+]C[C@H]([NH3+])C(N)=O)nc1C(=O)N[C@H](C(=O)N[C@H](C)[C@@H](O)[C@H](C)C(=O)N[C@H](C(=O)NCCc1nc(-c2nc(C(=O)NCCC[S+](C)C)cs2)cs1)[C@@H](C)O)[C@@H](O[C@@H]1O[C@@H](CO)[C@@H](O)[C@H](O)[C@@H]1O[C@H]1O[C@H](CO)[C@@H](O)[C@H](OC(N)=O)[C@@H]1O)c1cnc[nH]1
4nvq,COc1cc2c(cc1OCCC[NH+]1CCCC1)NC(=[NH2+])C21CCC1
3kaf,O=C(N[C@H](Cc1nc2ccccc2[nH]1)C(=O)[O-])c1cc2ccccc2s1
3ud7,CO[C@@H]1O[C@@H](C(=O)[O-])[C@@H](O[C@H]2O[C@H](CO)[C@@H](O)[C@H](O)[C@H]2NS(=O)(=O)[O-])[C@H](O)[C@H]1OS(=O)(=O)[O-]
6h7o,CC(C)(C)[NH2+]C[C@H](O)COc1cccc2[nH]c(C#N)cc12
4jvj,Cc1ccc(-c2cc3c(NC(P(=O)(O)O)P(=O)(O)O)ncnc3s2)cc1
4o5g,N=C1NC(=O)/C(=C\c2ccc(N)cc2)S1
4do3,C[C@H](C(=O)[O-])c1ccc2c(c1)[nH]c1ccc(Cl)cc12
2xdm,C[C@@H](NC(=O)CCCC[C@@H]([NH3+])C(=O)[O-])B(O)O
5yzd,O=C([O-])CNC(=O)[C@H](Cc1ccccc1)NC(=O)[C@@H](Cc1ccccc1)NC(=O)OCc1ccccc1
5gv2,NC(=[NH2+])NCCC[C@H]([NH3+])C(=O)[O-]
2q7y,CCCCCCCCCCCCCCC[C@@H](O)[C@H](CO[C@@H]1O[C@H](CO)[C@@H](O)[C@H](O)[C@H]1O)NC(=O)CCCCCCC
4jog,CC[C@H](C)[C@H](NC(=O)[C@@H](NC(=O)[C@H](CO)NC(=O)[C@@H](NC(=O)[C@@H]1CCCN1C(=O)[C@@H](NC(=O)[C@H](CCCNC(N)=[NH2+])NC(=O)[C@@H]([NH3+])CO)C(C)C)[C@@H](C)O)[C@@H](C)CC)C(=O)[O-]
4c72,C=C/C(C)=C/[C@@]1(C)SC(=O)C(C(C)=O)=C1O
3g0b,Cn1c(=O)cc(N2CCC[C@@H]([NH3+])C2)n(Cc2ccccc2C#N)c1=O
6ccx,O=C(N[C@H]1CC[NH2+][C@H](Cc2ccc(Cl)cc2)C1)c1c[nH]c2ccc(Br)cc12
5xof,CC(=O)N[C@H]1[C@@H](O[C@H](C)[C@H](NC(=O)[C@H](C)NC(=O)[C@@H]2CCCN2C(=O)C[NH3+])C(=O)N2CCC[C@H]2C(=O)N[C@@H](C)C(=O)N2CCC[C@H]2C(=O)[O-])O[C@H](CO[C@]2(C(=O)[O-])C[C@H](O)[C@@H](NC(C)=O)[C@H]([C@H](O)[C@H](O)CO)O2)[C@@H](O)[C@@H]1O
3hy9,O=C(NO)[C@@H]([NH2+]CC1CC1)[C@@H](Cc1cccc(O)c1)C(=O)N[C@H]1c2ccccc2C[C@H]1O
4lv3,CC(C)(C)c1cc(B(O)O)cc(C(C)(C)C)c1
5qj2,Cn1ccc(-c2cccc(COc3cc(N)nc4[nH]nnc34)c2)n1
6k2n,CC(=O)N[C@H]1[C@@H](O)O[C@H](CO[C@@H]2O[C@H](CO)[C@@H](O)[C@H](O)[C@H]2NC(C)=O)[C@H](O)[C@@H]1O[C@@H]1O[C@H](CO)[C@H](O)[C@H](O)[C@H]1O
4w4z,CC(C)[C@@H]1NC(=O)[C@@H](NC(=O)[C@H](Cc2ccc(O)cc2)NC(=O)[C@@H]2CCCN2C(=O)[C@H](C)[NH3+])CSSC[C@@H](C(N)=O)NC(=O)[C@H](CO)NC(=O)[C@H](Cc2c[nH]c3ccccc23)NC(=O)[C@H](CO)NC(=O)CCNC(=O)[C@H](CCCNC(N)=[NH2+])NC(=O)[C@H](Cc2ccc(O)cc2)NC1=O
3nam,C/C=C(/C)C(=O)O[C@@H]1C[C@H]2[C@H]([C@@H]3OC(=O)[C@@](C)(O)[C@@]3(O)[C@@H](OC(=O)CCC)C[C@]2(C)OC(C)=O)[C@H]1C
6md7,CC1(C[NH3+])CCN(c2ncc(Sc3cccnc3C(F)(F)F)c(=O)[nH]2)CC1
4x63,O=C(NC[C@H](O)C[N@@H+]1CCc2ccccc2C1)c1cc(NC2COC2)ncn1
5v83,O=C(Nc1cccc(C(F)(F)F)c1)N[C@H]1CC[N@H+](Cc2ccccc2)CC1
2c1n,CC([NH3+])C(=O)NC(CCCNC(=N)N)C(=O)NC(CCCC[NH3+])C(=O)NC(COP(=O)(O)O)C(=O)NC(C(=O)NCC(=O)NCC(=O)NC(CCCC[NH3+])C(=O)O)C(C)O
6p14,CNC(=O)c1cccc(Nc2nc(N)n(C(=O)c3c(F)cccc3OC)n2)c1
5bjt,CC(C)[C@H](NC(=O)[C@H](C)NC(=O)[C@H](C)NC(=O)[C@@H]1CSSC[C@H](NC(=O)[C@H](Cc2ccccc2)NC(=O)[C@H](Cc2ccc(O)cc2)NC(=O)[C@H](C)[NH3+])C(=O)N[C@@H]([C@@H](C)O)C(=O)N[C@@H](C)C(=O)N[C@@H](Cc2c[nH]c3ccccc23)C(=O)N[C@@H](C)C(=O)N[C@@H](C)C(=O)NCC(=O)N[C@@H](Cc2c[nH]c3ccccc23)C(=O)N1)C(=O)NCC(=O)[O-]
2evo,O=C(Nc1nccs1)C(=O)NC1CCCC1
5nba,NC(=O)n1cc(NC(=O)N2C[C@H](F)C[C@H]2C(=O)Nc2cccc(OC(F)(F)F)c2)c2ccccc21
4g93,COc1ccccc1[C@@H](Br)[C@H](NC(=O)c1ccc([N+](=O)[O-])cc1)C(=O)N1CCCCC1
5gx7,CC(=O)N[C@H]1[C@H](O)O[C@H](COS(=O)(=O)[O-])[C@H](O)[C@@H]1O[C@@H]1OC(C(=O)[O-])=C[C@H](O)[C@H]1O
1ha2,CC(=O)C[C@@H](c1ccccc1)c1c(O)c2ccccc2oc1=O
1u9e,Oc1ccc(-c2cc3cc(O)ccc3o2)cc1
4prb,CC(C)[C@H](NC(=O)[C@@H]1CCCN1C(=O)[C@@H]([NH3+])Cc1c[nH]cn1)C(=O)N[C@@H](C)C(=O)N[C@@H](CCC(=O)[O-])C(=O)N[C@@H](C)C(=O)N[C@@H](CC(=O)[O-])C(=O)N[C@@H](Cc1ccc(O)cc1)C(=O)N[C@@H](Cc1ccccc1)C(=O)N[C@@H](CCC(=O)[O-])C(=O)N[C@@H](Cc1ccc(O)cc1)C(=O)[O-]
1rhr,CCOc1ccc(/C=C/C(=O)OC)cc1CC(=O)N[C@H](C(=O)N[C@@H](CC(=O)[O-])[C@H](O)CSCc1c(F)cccc1Cl)C(C)C
3d7g,CSC[C@H](NC(=O)N[C@@H](CCC(=O)[O-])C(=O)[O-])C(=O)[O-]
6qra,Nc1cc(-c2ccc3ccn(Cc4ccc(C[NH+]5CCCCC5)cc4)c3c2)n[nH]1
4fr3,CC(C)C(NC(=O)C(COP(=O)(O)O)NC(=O)C(CCCC[NH3+])NC(=O)C(CCCNC(=N)N)NC(=O)C(CCCNC(=N)N)NC(=O)C([NH3+])CCCC[NH3+])C(=O)O
3zmi,O=CC[C@@H](NC(=O)Oc1ccccc1)c1ccccc1
5g6u,O=S(=O)([O-])N[C@H]1[C@@H](O)O[C@H](COS(=O)(=O)[O-])[C@@H](O)[C@@H]1O
6do4,[NH3+]CC(=O)N1CCC[C@H]1C(=O)N[C@@H](CO)C(=O)N[C@@H](CO)C(=O)NCC(=O)NCC(=O)[O-]
4hy0,CCO[C@@H]1C[C@@H]2CN(C(=O)[C@@H](NC(=O)[C@H](C)[NH2+]C)C3CCC(F)(F)CC3)[C@H](C(=O)N[C@@H]3CCOc4ccccc43)C[N@H+]2C1
5nuu,[NH3+][C@@H](Cc1c[nH]c2ccccc12)C(=O)NCCCCCCNc1c2ccccc2nc2cc(Cl)ccc12
2r5q,Cc1c(O)cccc1C(=O)N[C@@H](CSc1ccccc1)[C@H](O)C[N@@H+]1C[C@H]2CCCC[C@H]2C[C@H]1C(=O)NC(C)(C)C
1hq5,[NH3+][C@@H](CSCC[B-](O)(O)O)C(=O)[O-]
1q83,Nc1ccc2c(c1)c(-c1ccccc1)[n+](CCCCCCc1cnnn1CCNc1c3c(nc4ccccc14)CCCC3)c1cc(N)ccc21
6mdd,Nc1nc2ccc(Sc3cccc(Cl)c3Cl)nc2[nH]1
1ppw,C/C(=C\COP(=O)(O)OP(=O)(O)O)CO
6bt6,O=C(Nc1cccc(-c2nnn[nH]2)c1)c1cc(C(F)(F)F)cc2nc[nH]c12
4a9m,Cc1ccc(-c2c(C)noc2C)cc1S(=O)(=O)NC1CCCC1
4y2v,O=C([O-])Cn1cc(Br)c(C2CC2)n1
6rn6,[NH3+]C[C@H](Cc1ccc(-c2ccccc2)cc1)NC(=O)[C@@H]1C[C@@H](O)C[NH2+]1
1pwu,CNC(=O)[C@H](Cc1c[nH]c2ccccc12)NC(=O)[C@@H](CC(=O)NO)CC(C)C
5yba,NC(=O)C[C@H](NC(=O)[C@H](Cc1c[nH]c2ccccc12)NC(=O)[C@H](CCCC[NH3+])NC(=O)[C@@H]1CCCN1C(=O)CNC(=O)[C@@H]([NH3+])Cc1ccc(O)cc1)C(=O)[O-]
4kpz,O=C1CCN(c2cccc([N+](=O)[O-])c2)C(=O)N1
2flh,C/C(=C\CNc1ncnc2nc[nH]c12)CO
6b2c,CCn1ccc2ccc(-c3cn(-c4ccc(O)c(F)c4)nn3)nc2c1=O
3al3,CCC(C)C(NC(=O)C([NH3+])CO)C(=O)NC(Cc1ccc(O)cc1)C(=O)NC(Cc1ccccc1)C(=O)NC(C(=O)N1CCCC1C(=O)NC(CCC(=O)O)C(=O)NC(CC(C)C)C(=O)NC(Cc1ccc(O)cc1)C(=O)NC(CC(=O)O)C(=O)O)C(C)OP(=O)(O)O
4dru,COc1ccc2c(c1)C=C1Cn3c-2c(C2CCCCC2)c2ccc(cc23)C(=O)NS(=O)(=O)N(C)CCCCN(C)C1=O
6gl3,COc1ccc(NC(=O)N2CCN(c3nc(N)nc4c3cnn4C)[C@@H](C)C2)c(C)c1
4whl,CC(OP(=O)(O)O)C(NC(=O)C(CO)NC(=O)C(Cc1cncn1CCCCCCCCc1ccccc1)NC(=O)CCCNC(=O)c1ccccc1)C(N)=O
6bil,C[C@H](NC(=O)[C@H](C)NC(=O)[C@H](CCCC[NH3+])NC(=O)[C@H](C)NC(=O)[C@@H]1CCC[N@H+]1[C@H](O)[C@H](CCCNC(N)=O)NC(=O)[C@H](C)NC(=O)[C@H](CCCNC(N)=[NH2+])NC(=O)[C@H](Cc1ccc(O)cc1)NC(=O)CNC(=O)C[NH3+])C(=O)N[C@@H](C)C(=O)N[C@H](C(=O)[O-])[C@@H](C)O
5aln,CC1(C)C(=O)Nc2ccc(-c3ccc(F)cc3)cc21
6d3x,CC[C@H](C)[C@@H]1NC(=O)[C@@H]2CCCN2C(=O)[C@@H]2CCCN2C(=O)[C@H](CCCC[NH3+])NC(=O)[C@H](CO)NC(=O)[C@H](CCCC[NH3+])NC(=O)[C@H](Cc2ccc(O)cc2)NC(=O)[C@@H]2CSSC[C@H](NC1=O)C(=O)N[C@@H](Cc1ccccc1)C(=O)N1CCC[C@H]1C(=O)N[C@@H](CC(=O)[O-])C(=O)N1O[C@H]1C(=O)N[C@@H](CCCNC(N)=[NH2+])C(=O)N2
1w6r,COc1ccc2c3c1O[C@H]1C[C@@H](O)C=C[C@@]31CC[N+](C)=C2
2aay,O=C([O-])C1=C[C@@H](O)[C@@H](O)[C@H](O)C1
1utz,O=C([O-])C[C@@H](NC(=O)c1cc(-c2ccc(-c3ccncc3)cc2)cs1)c1ccccc1
4m3f,Cc1nc(-c2ccc(S(=O)(=O)NCCC(C)C)cc2)cs1
5d6y,CC(C)C[C@H](NC(=O)[C@@H]([NH3+])CCC(N)=O)C(=O)N[C@@H](C)C(=O)N[C@H](C(=O)N[C@@H](CCCC[N+](C)(C)C)C(=O)N[C@@H](C)C(=O)N[C@@H](C)C(=O)N[C@@H](CCCNC(N)=[NH2+])C(=O)N[C@@H](CCCC[NH3+])C(=O)[O-])[C@@H](C)O
5wg4,O=C(NCc1ccccn1)c1cc([C@@H]2CC[NH2+]C[C@H]2COc2ccc3n[nH]cc3c2)ccc1F
4a7b,O=C(N[C@H]1CCCS(=O)(=O)C1)c1ccc(Oc2ccc(C#C[C@]3(O)C[N@H+]4CC[C@@H]3CC4)cc2)cc1
8lpr,C[C@H]([NH3+])C(=O)N[C@@H](C)C(=O)N1CCC[C@H]1C(=O)N[C@@H](Cc1ccccc1)B(O)O
3o0e,NC(=[NH2+])NCCC[C@H](NC(=O)CNC(=O)CNC(=O)CNC(=O)CNC(=O)[C@@H]([NH3+])CO)C(=O)NCC(=O)NCC(=O)N[C@@H](CC(N)=O)C(=O)NCC(=O)NCC(=O)NCC(=O)NCC(=O)NCC(=O)NCC(=O)[O-]
5t28,Cn1nc(-c2cnc(N)c(-n3nnc4ccccc43)n2)nc1C1(c2ccccc2)CC1
5tqg,C[C@@H]1CC(=O)Nc2ccc(S(=O)(=O)C3CC3)c(c2)CN(C)C(=O)[C@H](Nc2ccc3c(N)ncc(F)c3c2)c2ccc(OCC(F)F)c1c2
1rne,CCCCNC(=O)[C@@H](C[C@H](O)[C@H](CC1CCCCC1)NC(=O)[C@H](Cc1c[nH]cn1)NC(=O)[C@H](Cc1ccccc1)CS(=O)(=O)C(C)(C)C)C(C)C
4y5i,CC(=O)NC(CCCNC(=N)N)C(=O)NC(C(=O)N1CCCC1C(=O)NC(COP(=O)(O)O)C(=O)NC(CC(C)C)C(=O)N1CCCC1C(=O)NC(C(=O)N1CCCCC1)C(C)O)C(C)O
6i41,C[C@H]([NH3+])C(=O)N[C@@H](C)C(=O)N[C@@H](CC(=O)[O-])C(=O)N[C@H](C(=O)N[C@H](C(=O)N[C@H](C(=O)N1CCC[C@H]1C(=O)[O-])[C@@H](C)O)[C@@H](C)O)[C@@H](C)O
5twh,CCC(C)C(NC(=O)C(NC(=O)C(CCSC)NC(=O)C([NH3+])C(C)OP(=O)(O)O)C(C)C)C(=O)NC(C)CC(N)=O
4kpx,O=C(Nc1ccc(NC(=O)c2ccccn2)cc1)c1ccc(O)c([N+](=O)[O-])c1
5brn,O=c1[nH]cnc2c1ncn2CC(CO)OCCP(=O)(O)O
1nzv,CCC(C)C(NC(=O)C(Cc1ccc(OP(=O)(O)O)cc1)NC(=O)C(CCC(N)=O)NC(=O)C1CCC[NH2+]1)C(=O)NC(Cc1ccc(OP(=O)(O)O)cc1)C(=O)NC(C(=O)N1CCCC1C(=O)NC(C)C(=O)O)C(C)C
5cxi,C[C@H](C(=O)SCCNC=O)[C@H]1CC[C@H]2[C@@H]3CCC4=CC(=O)CC[C@]4(C)[C@H]3CC[C@@]21C
4qag,O=C([O-])Cc1cc(=O)oc2c(O)c(O)ccc12
4qwx,COc1ccc(C[C@H](NC(=O)[C@H](C)NC(=O)C[NH+]2CCOCC2)C(=O)N[C@@H](Cc2ccccc2)[C@@H](O)[C@H](C)CO)cc1
5f29,Nc1ncnc2c1ncn2C1OC(COP(=O)(O)OC2C(COP(=O)(O)O)OC(n3cnc4c(N)ncnc43)C2O)CC1O
4zt6,Fc1ccc2[nH]c(NCCC[NH2+][C@@H]3CCOc4c(Cl)cc(Cl)cc43)nc2n1
3ut5,CC[C@@]1(C)OC2=CC(C=CC2=O)[C@@H](O)[C@H]([NH2+]C)C(=O)N[C@@H](C(C)C)C(=O)N[C@@H]1C(=O)NCC(=O)[O-]
4wku,CCCCCCB([OH2+])[OH2+]
3exf,Cc1ncc(C[n+]2csc(CCOP(=O)(O)OP(=O)(O)O)c2C)c(N)n1
5mwo,Cc1ccc2sc(CO)cc2c1
4gkc,C/C=C(C)/C=C/C=C(C)/C=C/C1=C(C)CCCC1(C)C
1ya4,CC/C(=C(\c1ccccc1)c1ccc(OCC[NH+](C)C)cc1)c1ccccc1
3ao1,Oc1ccc2c(c1)OCO2
5czb,CO[P@@](=O)(Nc1nn(-c2ccc(-c3cc4nc(C)cc(N)n4n3)cc2)cc1C(=O)[O-])c1ccc(C)cc1C
6n92,CC(C(=O)SCCNC(=O)CCNC(=O)C(O)C(C)(C)COP(=O)(O)OP(=O)(O)OCC1OC(n2cnc3c(N)ncnc32)C(O)C1OP(=O)(O)O)[N+](=O)[O-]
1yw8,O=C([O-])c1c(NS(=O)(=O)c2ccccc2)ccc2c1CCCC2
6mi6,CC1(C)C=C(CSSP(=O)(O)OP(=O)(O)OCC2OC(n3cnc4c(N)ncnc43)C(O)C2O)C(C)(C)[NH+]1O
5zk5,CCCC[C@](C)(NC(=O)[C@H](CC(C)C)NC(=O)[C@H](CC(C)C)NC(=O)[C@H](CCC(N)=O)NC(=O)[C@H](CCC(=O)[O-])NC(=O)[C@H](CCCNC(N)=[NH2+])NC(=O)[C@H](CO)NC(=O)[C@H](Cc1ccc(O)cc1)NC(=O)[C@H](CCCNC(N)=[NH2+])NC(=O)[C@H](C)[NH3+])C(=O)N[C@@H](Cc1ccccc1)C(=O)N[C@@H](CCC(N)=O)C(=O)N[C@H](C=O)CCCNC(N)=[NH2+]
4rab,Nc1nc2c(nc(Br)n2CC[NH+](CCOCCP(=O)(O)O)CCP(=O)(O)O)c(=O)[nH]1
3sud,CC[C@@H]1C[C@]1(NC(=O)[C@@H]1C[C@@H]2CN1C(=O)[C@H](C(C)(C)C)NC(=O)O[C@@H]1C[C@H]1CCCCCc1nc3ccc(OC)cc3nc1O2)C(=O)NS(=O)(=O)C1C=C1
6n7q,CC[C@H](C)[C@@H]1NC(=O)[C@H](CCC(N)=O)NC(=O)[C@H](CCSC)NC(=O)[C@@H]2CCCN2C(=O)[C@@H]2CCCN2C(=O)[C@H](CO)NC(=O)[C@H](CCSC)NC(=O)[C@H](CCCNC(N)=[NH2+])NC(=O)[C@H]([C@@H](C)O)NC(=O)[C@H]([C@@H](C)O)NC(=O)[C@H](Cc2c[nH]c3ccccc23)NC(=O)[C@@]2(CS)ON2C(=O)[C@@H]2CCCN2C1=O
4og6,N#Cc1ccc(OCCC[N@H+]2CC[C@H]([C@@](O)(c3cccc(F)c3)C3CCCC3)CC2)cc1
6aum,O=C(Nc1ccc(OC(F)(F)F)cc1)N[C@H]1CC[C@H](Oc2ccc(C(=O)[O-])cc2)CC1
2jt6,N#Cc1ccc(-c2ccc(OCCC(=O)NO)cc2)cc1
4az0,Cc1ccccc1[C@H](CC(=O)[O-])NC(=O)c1cc(O)n(-c2ccccc2F)n1
6q2y,[NH3+]Cc1ccc2sc([B-]([OH2+])([OH2+])[OH2+])cc2c1
3mbz,C[C@](COC(N)=O)([C@@H](Nc1c(CO)cc2cc(C(N)=O)ccn12)C(=O)[O-])[S@@H+](=O)[O-]
1puq,Nc1nc2c([nH]c(=O)n2C2CC(O)C(COP(=O)(O)O)O2)c(=O)[nH]1
3kqo,Clc1ncnc2[nH]cnc12
1at5,CC(=O)N[C@H]1[C@H](O[C@@H]2[C@@H](CO)O[C@@H](O[C@@H]3[C@@H](CO)O[C@@H](O)[C@H](NC(C)=O)[C@H]3O)[C@H](NC(C)=O)[C@H]2O)O[C@H](CO)[C@@H](O)[C@@H]1O
3lik,NC(=O)[C@H](CCC(=O)[O-])NC(=O)[C@H](CCC(=O)[O-])NC(=O)CCc1ccc(-c2cc(-c3ccccc3)cs2)cc1
3oof,O=C([O-])c1ccc(NC(=O)[C@H](C2CCCCC2)n2c(-c3ccc(Cl)cc3)nc3cc(F)c(F)cc32)cc1
5trg,CCN(CC)C(=O)C[C@H](NC(=O)CCc1ccccc1)C(=O)N[C@@H](Cc1ccc(F)cc1)C(=O)NCc1cccc2ccccc12
1rin,OC[C@H]1O[C@H](O)[C@@H](O)[C@@H](O)[C@@H]1O
4jft,COc1ccc([C@@H]2[NH2+][C@@H](C)[C@@H](O)[C@H]2O)cc1
2g24,CCc1nc(N)nc(N)c1-c1ccc(NCc2cc(F)cc(F)c2)cc1
4ezl,CC(C)(O)[C@H]1CC[N@H+](Cc2ccc3nc(-c4cnc(N)nc4)nc(N4CCOCC4)c3n2)CC1
6f8g,CC(C)[C@H](NC(=O)[C@H](C)NC(=O)[C@H](CO)NC(=O)[C@H](CC(=O)[O-])NC(=O)[C@H](CCC(N)=O)NC(=O)[C@H](CCC(=O)[O-])NC(=O)[C@@H]1CCC[NH2+]1)C(=O)N[C@H](C(=O)N[C@@H](CO)C(=O)NCC(=O)N[C@@H](CCC(=O)[O-])C(=O)[O-])[C@@H](C)O
3oe0,NC(=[NH2+])NCCC[C@H]([NH3+])C(=O)N[C@@H](CCCNC(N)=[NH2+])C(=O)N[C@@H](Cc1cccc2ccccc12)C(=O)N[C@H]1CSSC[C@@H](C(=O)N[C@@H](CCCNC(N)=[NH2+])C(=O)NCC(=O)N2CCC[C@@H]2C(=O)[O-])NC(=O)[C@H](CCCNC(N)=O)NC(=O)[C@H](CCCNC(N)=[NH2+])NC(=O)[C@H](Cc2ccc(O)cc2)NC(=O)[C@@H]2CCCN2C(=O)[C@H]2CCCN2C(=O)[C@H](CCCC[NH3+])NC(=O)[C@H](CCC(N)=O)NC(=O)[C@H](Cc2ccc(O)cc2)NC1=O
6dgx,CC(C)CN(C[C@@H](O)[C@H](Cc1ccccc1)NC(=O)O[C@H]1CO[C@H]2OCC[C@@H]12)S(=O)(=O)c1ccc(N)cc1
6ffs,Cc1cc(C(=O)N[C@H]2CCCCN(C)C(=O)CC[C@@H](CO)NC(=O)[C@H](Cc3ccc(F)cc3)NC2=O)no1
5d1t,Cc1cc(S(=O)(=O)N(Cc2cccc(C[NH3+])c2)[C@H](C)C(=O)NO)ccc1F
4qvx,C[NH+](C)CC#Cc1ccc(OCCCc2sc(N3CCc4cccc(C(=O)Nc5nc6ccccc6s5)c4C3)nc2C(=O)[O-])c(F)c1
6q7w,Nc1cc(NCCCc2ccc(F)cc2)cc(C(F)(F)F)n1
1dg9,O=S(=O)(O)CC[N@H+]1CC[N@H+](CCO)CC1
2gfa,C[C@H]([NH3+])C(=O)N[C@@H](CCCNC(N)=[NH2+])C(=O)N[C@H](C(=O)N[C@@H](CCCC[N+](C)(C)C)C(=O)N[C@@H](CCC(N)=O)C(=O)N[C@H](C(=O)N[C@@H](C)C(=O)O)[C@@H](C)O)[C@@H](C)O
4led,C[C@H]1O[C@H](O)[C@@H](O)[C@@H](O)[C@@H]1O
5ak5,CCCc1nc(-c2cccnc2)c[nH]c1=O
5gn7,COc1ccc(N2CC[NH+](Cc3cc(=O)oc4c(O)c(O)ccc34)CC2)cc1
4l4m,O=C(NCc1ccc(S(=O)(=O)c2cc(F)cc(F)c2)cc1)c1ccn2ccnc2c1
4xjr,CC(C)C(=O)N[C@@H]1[C@@H](N=[N+2]#N)[C@H](F)[C@@H](C(=O)[O-])O[C@H]1[C@@H](O)[C@@H](O)CO
4ge7,Cc1ncc(COP(=O)(O)O)c(CNc2cc3cc(Oc4ccccc4)ccc3n(O)c2=O)c1O
2q2y,CC(=O)C1N=[N+]2c3cc(F)ccc3OC[C@H]2[C@@]1(CCC[NH+]1CCN(C(C)=O)CC1)c1ccccc1
3n6k,O=C([O-])Cn1c(C(=O)[O-])cc2ccc3ccccc3c21
3p9t,Oc1cc(Cl)ccc1Oc1ccc(Cl)cc1Cl
2lpr,CC(C)[C@H](NC(=O)[C@@H]1CCCN1C(=O)[C@H](C)NC(=O)[C@H](C)[NH3+])B(O)O
6fdu,CC[C@H](C)[C@H](NC(=O)[C@H](c1cc(Cl)cc(Cl)c1)[NH+](C)C)C(=O)NCc1ccnc(C=N)n1
4u6e,[NH3+]C(c1ccccc1)P(=O)(O)O
6g1u,C[n+]1c2ccccc2c(N)c2ccc(Cl)cc21
4pd8,Cc1cc2c([nH]1)NC(=O)N([C@@H]1O[C@H](CO)[C@@H](O)[C@H]1O)C2
6r8q,Cc1ccccc1OCC(=O)Nc1ccc2[nH]nnc2c1
6g92,Cc1cnc(Nc2cnn(C)c2C)nc1
5th7,CCC(=O)NCCCNc1nc(N2CCCC2)nc2cc(OC)c(OC)cc12
4c66,CCc1cc2c(s1)-n1c(C)nnc1CN=C2c1ccccc1Cl
5tw3,N#Cc1ccc2c(Oc3ccc(F)cc3OCCn3ccc(=O)[nH]c3=O)cc(F)cc2c1
4fea,CSC1=[S+][Cu@@+5]2(Cl)[N+](=C(c3ccccn3)c3cccc[n+]32)N1
5hlb,C[C@H](NS(=O)(=O)[O-])[C@@H](C=O)NC(=O)/C(=N\OC(C)(C)C(=O)[O-])c1csc(N)n1
2igx,CCCCCc1ccc(C(=O)N(Cc2ccc(-c3ccc(C(=O)N4CCCCC4)cc3)cc2)[C@H]2CC[N@H+](Cc3ccccn3)CC2)nc1
4olh,Nc1ccc(S(=O)(=O)N2CCN(c3ncc(C(O)(C(F)(F)F)C(F)(F)F)cc3-c3cccnc3)CC2)cn1
4bdi,CC(=O)N1CCC(C(=O)Nc2ccc(C)cn2)CC1
5mhq,CC[C@H](Nc1nc(NCc2cccnc2)c2ncn(C(C)C)c2n1)[C@@H](C)O
3hwx,CC1=C(CCOP(=O)(O)OP(=O)(O)O)SCN1Cc1cnc(C)nc1N
5dhp,Nc1ncnc2c1nc(SCC(=O)NCCc1ccccc1)n2[C@@H]1O[C@H](CO)[C@@H](O)[C@H]1O
3kqp,Nc1ccc2ncccc2c1
2avi,O=C([O-])CCCC[C@@H]1SC[C@@H]2NC(=O)N[C@H]12
6g9j,C[C@@H](NC(=O)CN1Cc2ccc(-c3nc(NC4CCOCC4)ncc3Cl)cc2C1=O)c1ccccc1
4cjn,N#Cc1ccc(/C=C/c2nc3ccccc3c(=O)n2-c2cccc(C(=O)[O-])c2)cc1
1ntk,CCCCCC[C@H]1C(=O)O[C@H](C)[C@H](NC(=O)C2=CCC=C(NC=O)C2=O)C(=O)O[C@@H](C)[C@@H]1OC(=O)C(C)C
1uod,O=CC(O)COP(=O)(O)O
4dem,CC(C)Oc1ccc(-c2ccnc(NC(P(=O)(O)O)P(=O)(O)O)c2)cc1
2ksb,CSCC[C@H](NC(=O)[C@H](CC(C)C)NC(=O)CNC(=O)[C@H](Cc1ccccc1)NC(=O)[C@H](Cc1ccccc1)NC(=O)[C@H](CCC(N)=O)NC(=O)[C@H](CCC(N)=O)NC(=O)[C@@H]1CCCN1C(=O)[C@H](CCCC[NH3+])NC(=O)[C@@H]1CCCN1C(=O)[C@@H]([NH3+])CCCNC(N)=[NH2+])C(=O)[O-]
4xx4,CC(C)[C@]1(C)CC(=O)N(Cc2cccc(N3C[C@@H](c4ccccc4)CC3=O)c2)C(=[NH2+])N1
4x6p,Nc1n[nH]c2cc(-c3c[nH]c([C@H](Cc4ccccc4)NC(=O)/C=C/c4cc(Cl)ccc4-n4cnnn4)n3)ccc12
4n9e,O=C(Nc1cccnc1)c1ccc2c(c1)ncn2CC1CCN(C(=O)c2ccccc2)CC1
4kup,Cc1cc(C)c(/C=N/NC(=O)[C@@H]([NH3+])Cc2c[nH]c3ccccc23)c(C)c1
5q0g,CC[C@@H]1CCC[C@H](NC(=O)/C=C/c2cc(Cl)ccc2-n2cnnn2)c2nc(c[nH]2)-c2ccc(NC(=O)OC)cc2NC1=O
5ak0,Cn1cc(-c2cn(C)c3ccc(Oc4ccc(NC(=O)[C@@H]5CCC[NH2+]5)cc4)cc23)cn1
2vew,O=C1C[C@@H](c2ccc(C[C@H](NS(=O)(=O)c3cccc(F)c3)C3=N[C@H](Cc4ccccc4F)CN3)cc2)S(=O)(=O)N1
5l2y,Cc1cc2ccc1[C@@H](C)COC(=O)Nc1ccc(C3(C(=O)[O-])CCC3)c(c1)CN(C)C(=O)[C@@H]2Nc1ccc2c(N)ncc(F)c2c1
4fbe,COc1ccc(N/C(S)=N/CCCn2ccnc2)cc1OC
3qxd,CSCC[C@H](NC(=O)[C@H](CCCNC(N)=[NH2+])NC(=O)[C@H](CCSC)NC(=O)[C@H](CCCC[NH3+])NC(=O)[C@H](CO)NC(=O)[C@@H](NC(=O)[C@@H]1CCC[NH2+]1)C(C)C)C(=O)N[C@@H](C)C(=O)N[C@H](C(=O)N1CCC[C@H]1C(=O)N[C@@H](CC(C)C)C(=O)N[C@@H](CC(C)C)C(=O)N[C@@H](CCSC)C(=O)N[C@@H](CCC(N)=O)C(=O)[O-])[C@@H](C)O
5ggo,CC(=O)N[C@H]1[C@H](Oc2ccc([N+](=O)[O-])cc2)O[C@H](CO)[C@@H](O)[C@@H]1O[C@@H]1O[C@H](CO)[C@H](O)[C@H](O)[C@H]1NC(C)=O
3jzf,NC(=O)c1ccc2c(c1)nc(NCc1ccccc1Cl)n2CC1CCCCC1
5qtu,COC(=O)Nc1ccc2c(c1)NC(=O)[C@H](C)CCC[C@H](NC(=O)c1ncn(-c3cccc(Cl)c3F)c1C)c1cc-2ccn1
4huo,[NH2+]=c1[nH]c(=O)c2ncc(C(=O)NCC(=O)N[C@@H](Cc3ccccc3)C(=O)[O-])nc2[nH]1
1p6d,CCCCCC(=O)OCC(CCP(=O)(O)OCC[N+](C)(C)C)OC(=O)CCCCC
3ro4,CCc1nn(-c2ccccc2)c2cc(N3C[C@@H]4C[NH2+]C[C@@H]4C3)ccc12
3tib,CO[C@H]([C@H](O)COC=O)[C@@H]1O[C@@H](C(=O)[O-])C[C@H](NC(N)=[NH2+])[C@H]1NC(C)=O
6i96,C[C]1O[Fe+7]23(O[NH2+]CCCCC[NH3+])(O/C=C\CC(=O)NCCCCCN1O2)OCCCC(=O)NCCCCC[NH2+]O3
1lv8,CC(Cn1cnc2c(N)nc(N)nc21)OCP(=O)(O)O
4yrr,CC(=O)Nc1cnc2ccccc2c1
4tn4,Cc1n[nH]c2c1[C@](c1cc(C#N)cc(-c3cccc(F)c3)c1)(C1CCC1)C(C#N)=C(N)O2
1zeo,CCCc1cc2c(=O)n(C)oc2c(CCC)c1O[C@H](C(=O)[O-])c1ccc(C(C)C)cc1
6pf6,[NH2+]=c1[nH]c(=O)c2c(Cc3ccc(C(=O)Nc4cc(C(=O)[O-])ccc4C(=O)[O-])cc3)c[nH]c2[nH]1
6pii,[NH2+]=c1[nH]c(=O)c2[nH]cnc2[nH]1
1gfw,CN1C(=O)[C@@H](O)c2cc(S(=O)(=O)N3CCC[C@H]3COc3ccccc3)ccc21
1nhw,Oc1ccccc1Nc1ccc(Cl)cc1Cl
1amn,C[N+](C)(C)c1cccc(C(O)(O)C(F)(F)F)c1
5uwl,CNC(=O)[C@@H](NC(=O)c1ccc(-c2ccc(CSC3=NC(=O)C4CCCC4=N3)cc2)o1)C(C)C
2gg7,Nc1n[nH]c(N)c1/N=N/c1cccc(C(=O)[O-])c1
5qa5,Cc1cccc(-c2cccc(C(=O)[O-])c2)c1
3ij0,C[C@H]([NH3+])C(=O)N[C@@H](CCCNC(N)=[NH2+])C(=O)N[C@@H](CCCC[N+](C)(C)C)C(=O)N[C@@H](CO)C(=O)N[C@H](C(=O)[O-])[C@@H](C)O
5c7a,C[C@@H]1C[N@H+](CC(=O)N2CCc3ccccc32)CC[NH2+]1
4mm8,C[NH2+]CC[C@@H](Oc1ccc(C(F)(F)F)cc1)c1ccccc1
1nj1,Nc1ncnc2c1ncn2[C@@H]1O[C@H](COS(=O)(=O)NC(=O)[C@@H]([NH3+])CS)[C@@H](O)[C@H]1O
6f0y,CC[C@H](C)[C@H](NC(=O)[C@H](C)NC(=O)[C@@H]([NH3+])CC(C)C)C(=O)N[C@H](C(=O)N[C@@H](CCSC)C(=O)N[C@@H](CC(C)C)C(=O)N[C@@H](CCCC[NH3+])C(=O)N1CCC[C@H]1C(=O)N[C@@H](CCCNC(N)=[NH2+])C(=O)N[C@@H](CCCC[NH3+])C(=O)N[C@@H](CCCC[NH3+])C(=O)N[C@@H](C)C(=O)N[C@@H](CCCC[NH3+])C(=O)N[C@@H](C)C(=O)N[C@@H](CC(C)C)C(=O)[O-])[C@@H](C)O
2xhs,CC(C)C[C@@H]1NC(=O)[C@H](C)NC(=O)[C@H](CCCNC(N)=[NH2+])/N=C(/[C@H](CC(C)C)NC(=O)[C@@H](NC(=O)[C@@H]([NH3+])CO)[C@@H](C)O)OC[C@H](C)C[C@@H](C(=O)N[C@H](C(=O)N[C@@H](CC(N)=O)C(=O)[O-])[C@@H](C)O)NC1=O
6dih,O=C([O-])c1ccc(O)cc1C(=O)[O-]
5g43,Nc1csc(N2CCCCC2)n1
4wx4,COc1ccc(C(=O)NCc2ccnc(C=N)n2)cc1C(=O)C(C)(C)c1cc(Cl)cc(Cl)c1
4j5p,Cc1ccc(-c2cnc([C@@H](O)CCCCCCc3ccccc3)o2)nc1
4rs0,CC(C)Cc1ccc([C@H](C)C(=O)[O-])cc1
4m7c,CC(C)C[C@H](NC(=O)CNC(=O)[C@H](CCCNC(N)=[NH2+])NC(=O)[C@@H]([NH3+])CO)C(=O)N[C@@H](CCC(=O)[O-])C(=O)N[C@H](C(=O)N[C@@H](CO)C(=O)N[C@@H](Cc1c[nH]cn1)C(=O)N[C@@H](CCCNC(N)=[NH2+])C(=O)N[C@@H](CC(C)C)C(=O)N[C@@H](C)C(=O)N1CCC[C@H]1C(=O)N[C@@H](Cc1c[nH]c2ccccc12)C(=O)[O-])C(C)C
1q6j,O=P(O)(O)C(F)(F)c1ccc(CC(Cc2ccc(C(F)(F)P(=O)(O)O)cc2)(c2ccccc2)n2nnc3ccccc32)cc1
2yem,Cc1nnc2n1-c1ccccc1C(c1ccccc1)=N[C@H]2NC(=O)OCc1ccccc1
5usf,Nc1ncnc2c1ncn2[C@@H]1O[C@H](COS(=O)(=O)NC(=O)[C@@H]([NH3+])Cc2ccc(O)cc2)[C@@H](O)[C@H]1O
2opy,C[C@H]([NH3+])c1nc(C(=O)N2CCC[C@H]2C(=O)N[C@@H](Cc2c[nH]c3ccccc23)C(=O)[O-])co1
5ufi,CCC(=O)N[C@@H](Cc1nc2ccc(C(C)C)cc2s1)C(=O)N[C@H](CNC(=O)CC[NH+]1CCOCC1)C1CCCCC1
5v6y,CC[C@H](C)[C@H](NC(=O)[C@H](CC(C)C)NC(=O)[C@H](Cc1c[nH]c2ccccc12)NC(=O)[C@H](C)NC(=O)[C@@H]1CCCN1C(=O)[C@H](C)NC(=O)[C@@H](NC(=O)[C@H](CC(N)=O)NC(=O)[C@H](CC(=O)[O-])NC(=O)[C@H](C)[NH3+])C(C)C)C(=O)N[C@@H](CO)C(=O)N1CCC[C@H]1C(=O)N[C@@H](Cc1c[nH]c2ccccc12)C(=O)NCC(=O)N[C@@H](Cc1ccccc1)C(=O)[O-]
3b95,C[C@H]([NH3+])C(=O)N[C@@H](C)C(=O)N[C@@H](CCCC[NH+](C)C)C(=O)N[C@@H](CO)C(=O)N[C@H](C(=O)NCC(=O)NCC(=O)[O-])[C@@H](C)O
6fdq,N=Cc1ncc(C(=O)NCc2ccccc2)cn1
5npr,CC(=O)NC(C(=O)NC(C(=O)N1CCCC1C(=O)NC(C(=O)NC(CSCCCOP(=O)(O)OP(=O)(O)OCC1OC(n2ccc(=O)[nH]c2=O)C(O)C1O)C(=O)NC(C(=O)NC(C)C(N)=O)C(C)O)C(C)C)C(C)O)C(C)C
5em9,CC(C)CC(NC(=O)C([NH3+])COP(=O)(O)O)C(=O)NC(CCC(=O)O)C(=O)NC(CO)C(=O)NC(CS)C(=O)NC(Cc1ccccc1)C(=O)O
5als,O=S(=O)(N[C@H]1C=CCC1)c1ccnc2nc(-c3ccc(C(F)(F)F)cc3)[nH]c12
3wp1,CSCCC(NC(=O)C(CCCNC(=N)N)NC(=O)C(CCCNC(=N)N)NC(=O)C(Cc1ccccc1)NC(=O)C(COP(=O)(O)O)NC(=O)C(CCC(N)=O)NC(=O)C(CCCNC(=N)N)NC(=O)C(CC(C)C)NC(=O)C(CO)NC(=O)C(CCCC[NH3+])NC(=O)C([NH3+])CCCC[NH3+])C(=O)NC(C)C(=O)O
4rh5,CC(NC(=O)C(CO)NC(=O)C([NH3+])Cc1ccccc1)C(=O)NC(Cc1ccc(OP(=O)(O)O)cc1)C(=O)N1CCCC1C(=O)NC(CO)C(=O)O
3lpr,CCCC[C@H](NC(=O)[C@@H]1CCCN1C(=O)[C@H](C)NC(=O)[C@H](C)[NH3+])B(O)O
4zz2,[NH2+]=c1[nH]c(=O)c2cc(CCCc3cc(C(=O)N[C@@H](CCC(=O)[O-])C(=O)[O-])cs3)[nH]c2[nH]1
2clm,O=C(NCCOP(=O)(O)O)c1ccc(OC(F)(F)F)cc1
6d40,CC[C@H](C)[C@@H]1NC(=O)[C@@H]2CCCN2C(=O)[C@@H]2CCCN2C(=O)[C@H]([C@@H](C)CC)NC(=O)[C@H](CO)NC(=O)[C@H](CCCC[NH3+])NC(=O)[C@H](Cc2ccc(O)cc2)NC(=O)[C@@H]2CSSC[C@H](NC1=O)C(=O)N[C@@H](Cc1ccccc1)C(=O)N1CCC[C@H]1C(=O)N[C@@H](CC(=O)[O-])C(=O)N1O[C@H]1C(=O)N[C@@H](CCCNC(N)=[NH2+])C(=O)N2
3mea,C[C@H]([NH3+])C(=O)N[C@@H](CCCNC(N)=[NH2+])C(=O)N[C@H](C(=O)N[C@@H](CCCC[N+](C)(C)C)C(=O)[O-])[C@@H](C)O
5qaj,Nc1ccc(-c2cccc(C(=O)[O-])c2)cc1
6s7z,COc1ccc(S(=O)(=O)N2CCc3ccccc3C2)cc1NC(=O)Cc1n[nH]c(=O)c2ccccc12
4ym2,O=S(=O)([O-])O[C@H]1[C@@H](O)[C@@H](CO)O[C@@H](O[C@@H]2[C@@H](CO)O[C@@H](O)[C@H](O)[C@H]2O)[C@@H]1O
6a73,O=P(O)(O)OC1C(OP(=O)(O)O)C(OP(=O)(O)O)C(OP(=O)(O)O)C(OP(=O)(O)O)C1OP(=O)(O)O
5faq,O=CN1C[C@H]([NH2+]OS(=O)(=O)[O-])CC[C@H]1C(=O)NO[C@H]1CC[NH2+]C1
5kkr,COc1cc2ncnc(Nc3ccc(Oc4ccccc4)cc3C)c2cc1OC
7prc,CCNc1nc(Cl)nc(N[C@@](C)(C#N)CC)n1
1ywi,CC(C)C[C@H](NC(=O)[C@@H]1CCCN1C(=O)[C@@H]1CCCN1C(=O)[C@@H]1CCC[NH2+]1)C(=O)N1CCC[C@H]1C(=O)N1CCC[C@H]1C(=O)[O-]
8abp,OC[C@H]1O[C@H](O)[C@H](O)[C@@H](O)[C@H]1O
4whh,CC(OP(=O)(O)O)C(NC(=O)C(CO)NC(=O)C(Cc1cncn1CCCCCCCCc1ccccc1)NC(=O)CCNC(=O)c1ccc(CO)cc1)C(N)=O
5xmt,Cc1n[nH]c2c1[C@](c1cc(-c3ccccc3C#N)cc(C(F)(F)F)c1)(C(C)C)C(C#N)=C(N)O2
1mpl,CC(NC(=O)CCCCC(NC(=O)C[NH3+])C(=O)O)[PH](=O)O
3smq,O=C(NCCC1C=CCCC1)Nc1ccc2nnsc2c1
6htn,CO[C@@H]1O[C@@H](C)[C@@H](O)[C@@H](O)[C@@H]1O
4acf,CCCCNc1c(-c2ccc(OCC(=O)[O-])cc2)[nH]c2ccc(Br)c[n+]12
3uwl,Nc1nc2c(c(=O)[nH]1)N(C=O)[C@@H](CNc1ccc(C(=O)N[C@@H](CCC(=O)[O-])C(=O)[O-])cc1)CN2
2pj1,CC(C)C(NC(=O)OCc1ccccc1)P(=O)(O)OC(C(=O)O)c1cccc(C[NH3+])c1
6dm8,Cc1cc(OCCCc2c3n(c4c(-c5c(C)nn(C)c5C)c(Cl)ccc24)CCCN(c2cc(C(=O)[O-])cc4c2ccn4C)C3=O)cc(C)c1Cl
5l2n,Cc1c(Cc2ccccc2)c(=O)oc2cc(OS(C)(=O)=O)ccc12
4m3e,CCCS(=O)(=O)NCc1nc(-c2ccc(C(=O)NCCC(F)(F)F)cc2)cs1
4eg4,CCOc1c(Br)cc(Br)cc1C[NH2+]CCC/N=C1\CC(=O)c2ccccc2N1
1ow7,CSCC[C@H](NC(=O)[C@H](CC(C)C)NC(=O)[C@H](CCC(=O)[O-])NC(=O)[C@H](CC(=O)[O-])NC(=O)[C@H](CC(C)C)NC(=O)[C@H](CCC(=O)[O-])NC(=O)[C@H](CCCNC(N)=[NH2+])NC(=O)[C@@H]([NH3+])[C@@H](C)O)C(=O)N[C@@H](C)C(=O)N[C@@H](CO)C(=O)N[C@@H](CC(C)C)C(=O)N[C@@H](CO)C(=O)[O-]
1bil,CC(C)C[C@H](O)[C@H](O)[C@H](CC1CCCCC1)NC(=O)[C@@H](CC(=O)N(CC(=O)N(C)C)[C@@H](C)c1ccccc1)Cc1csc(N)n1
5l6h,C#Cc1cccc(Nc2ncnc3c2ncn3[C@@H]2O[C@H](COS(N)(=O)=O)[C@@H](O)[C@H]2O)c1
1sle,CC(=O)N[C@H]1CSSC[C@@H](C(N)=O)NC(=O)[C@@H]2CCCN2C(=O)[C@@H]2CCCN2C(=O)CNC(=O)[C@H](CCC(N)=O)NC(=O)[C@@H]2CCCN2C(=O)[C@H](Cc2cnc[nH]2)NC1=O
6c2x,Cc1cccc(Br)c1/C(O)=C/[C@H](O)C(=O)[O-]
3vb5,CC(C)C[C@H](NC(=O)[C@@H](NC(=O)[C@H](C)NC(=O)OCc1ccccc1)C(C)C)C(=O)N[C@H](C=N)CCC(N)=O
2xs8,CC(C)C[C@H](NC(=O)[C@H](CC(C)C)NC(=O)[C@H](CCCC[NH3+])NC(=O)[C@H](CCCNC(N)=[NH2+])NC(=O)[C@H](C)NC(=O)[C@@H]1CCCN1C(=O)[C@H](CC(=O)[O-])NC(=O)[C@H](Cc1ccc(O)cc1)NC(=O)[C@H](C)[NH3+])C(=O)[O-]
3mo8,CC(C)[C@H](NC(=O)CNC(=O)CNC(=O)[C@@H](NC(=O)[C@H](C)NC(=O)[C@@H]1CCC[NH2+]1)[C@@H](C)O)C(=O)N[C@@H](CCCC[N+](C)(C)C)C(=O)N[C@@H](CCCC[NH3+])C(=O)N1CCC[C@H]1C(=O)N[C@@H](Cc1c[nH]cn1)C(=O)N[C@@H](CCCNC(N)=[NH2+])C(=O)N[C@@H](Cc1ccc(O)cc1)C(=O)[O-]
1fsy,Cc1onc(-c2ccccc2Cl)c1C(=O)NCB(O)O
5lyx,c1cc(OC[C@H]2CCCN2c2ccnc3ncnn23)c2ccncc2c1
3lj3,Cn1cc(/C=C2\Oc3cc(O)cc(O)c3C2=O)c2c(N3CC[N+](C)CC3)ccnc21
5jv2,Cc1ccc(-c2sc3ncncc3c2CP(=O)(O)O)cc1
5ul5,CCCC(CCC)COc1cccc([C@H](O)CC[NH3+])c1
6mhb,CCC(=O)Nc1nc(-c2ccc(Cl)cc2)cs1
2cll,O=P(O)(O)OCCNS(=O)(=O)c1ccc(OC(F)(F)F)cc1
3i91,C[C@H](NC(=O)[C@@H](NC(=O)[C@@H]([NH3+])CCC(N)=O)[C@@H](C)O)C(=O)N[C@@H](CCCNC(N)=[NH2+])C(=O)N[C@@H](CCCC[N+](C)(C)C)C(=O)N[C@@H](CO)C(=O)N[C@H](C(=O)NCC(=O)[O-])[C@@H](C)O
1gah,C[C@H]1O[C@H](O[C@@H]2[C@@H](CO)O[C@H](O[C@@H]3[C@@H](CO)O[C@H](O)[C@H](O)[C@H]3O)[C@H](O)[C@H]2O)[C@H](O)[C@@H](O)[C@@H]1[NH2+][C@H]1C=C(CO)[C@@H](O)[C@H](O)[C@H]1O
3ka2,CCCC[C@@H](C[NH2+][C@@H](CCCC)C(=O)N[C@@H](CCC(N)=O)C(=O)N[C@@H](CCCNC(N)=[NH2+])[C@H]([NH3+])O)NC(=O)[C@@H](NC(=O)[C@@H](NC(C)=O)[C@@H](C)O)[C@@H](C)CC
5ajc,CC(=O)N[C@H]1[C@@H](O)O[C@H](CO)[C@@H](O[C@@H]2O[C@H](CO)[C@H](O)[C@H](O[C@]3(C(=O)[O-])C[C@H](O)[C@@H](NC(C)=O)[C@H]([C@H](O)[C@H](O)CO)O3)[C@H]2O)[C@@H]1O[C@@H]1O[C@@H](C)[C@@H](O)[C@@H](O)[C@@H]1O
2ggu,OC[C@H]1O[C@H](O[C@@H]2[C@@H](CO)O[C@H](O[C@@H]3[C@@H](CO)O[C@@H](O)[C@H](O)[C@H]3O)[C@H](O)[C@H]2O)[C@H](O)[C@@H](O)[C@@H]1O
5emj,Cn1cnc2ccc(-c3ccnc(NC[C@H](O)C[N@@H+]4CCc5ccccc5C4)c3)cc21
2b5j,CCc1c(C)nc(O)c(I)c1Oc1cccc(CCC#N)c1
6mnp,O=c1c2c3c(sc2ncn1Cc1nnn[nH]1)CCCC3
5ggk,O=[N+]([O-])c1ccc(O[C@@H]2O[C@H](CO)[C@@H](O)[C@H](O)[C@@H]2O)cc1
2ggd,O=C(O)C[NH2+]CP(=O)(O)O
4x68,[NH3+]CCONC(=O)[C@@H]1CC[C@@H]([NH2+]OS(=O)(=O)[O-])CN1C=O
2iyf,CC[C@H]1OC(=O)[C@H](C)[C@@H](O[C@H]2C[C@@](C)(OC)[C@@H](O)[C@H](C)O2)[C@H](C)[C@@H](O[C@@H]2O[C@H](C)C[C@H]([NH+](C)C)[C@H]2O)[C@](C)(O)C[C@@H](C)C(=O)[C@H](C)[C@@H](O)[C@]1(C)O
1j80,CSCC[C@H](NC(=O)[C@H](Cc1c[nH]cn1)NC(=O)[C@H](CCC(N)=O)NC(=O)[C@H](CCCNC(N)=[NH2+])NC(=O)[C@H](CCC(=O)[O-])NC(=O)[C@H](Cc1ccccc1)NC(=O)[C@H](CCCC[NH3+])NC(=O)[C@H](C)NC(=O)[C@H](C)NC(=O)[C@H](C)NC(=O)[C@@H](NC(=O)[C@H](CCC(=O)[O-])NC(=O)[C@@H]([NH3+])CCCC[NH3+])[C@@H](C)O)C(=O)N[C@@H](CC(=O)[O-])C(=O)N[C@@H](CO)C(N)=O
5iha,CC(C)COc1cnccc1-c1cnn(-c2ccc(N3CC[NH+](C)CC3)cc2)c1
4mw1,COc1cc(Cl)cc(C[NH2+]CCCNC(=O)Nc2ccsc2)c1
5y24,CSCC[C@H](NC(=O)C[NH3+])C(=O)N1CCC[C@H]1C(=O)N[C@@H](CCCNC(N)=[NH2+])C(=O)NCC(=O)N[C@@H](C)C(=O)[O-]
4z0f,CC[C@H](C)[C@@H]1NC(=O)[C@H](CCC(N)=O)NC(=O)[C@H](CCC(N)=O)NC(=O)[C@@H]2CCCN2C(=O)[C@@H]2CCCN2C(=O)[C@H](CO)NC(=O)[C@H](CCSC)NC(=O)[C@H](CCCNC(N)=[NH2+])NC(=O)[C@H]([C@@H](C)O)NC(=O)[C@H]([C@@H](C)O)NC(=O)[C@H](Cc2c[nH]c3cc(Cl)ccc23)NC(=O)[C@@H]([NH3+])CSSC[C@@H](C(=O)[O-])NC1=O
3v4j,C/[N+](=N\O)C1=CC(=O)C(=O)C=C1
4qlq,COc1ccc(C[C@H](NC(=O)[C@H](C)NC(=O)C[NH+]2CCOCC2)C(=O)N[C@@H](CC2CCCCC2)[C@@H](O)[C@H](C)CO)cc1
5c6o,COc1ccc(CC[N@H+](C)CCC[C@@](C#N)(c2ccc(OC)c(OC)c2)C(C)C)cc1OC
3zw3,CC(=O)Nc1cn2cc(/C=C3\SC(=O)NC3=O)ccc2n1
4m5h,N#Cc1ccc(CSc2nc3[nH]c(=[NH2+])[nH]c(=O)c3[nH]2)cc1
3n87,O=C(c1ccccc1)c1cccc(C2=C[C@@](O)(C(=O)[O-])C[C@@H](O)[C@@H]2O)c1
5vdw,O=C([O-])Cn1c(-c2cscn2)nc2ccccc21
5cw8,CSC(=O)[C@@H](C)CCC[C@@H](C)[C@H]1CC[C@H]2[C@@H]3CCC4=CC(=O)CC[C@]4(C)[C@H]3CC[C@@]21C
6hvr,CC(C)C[C@H](NC(=O)[C@@H](Cc1ccccc1)[N+]#[N+3]#N)C(=O)N[C@H](C(=O)N[C@H](CCS(C)(=O)=O)Cc1ccc(C[NH3+])cc1)[C@@H](C)O
4wf6,Cc1cc(S(=O)(=O)N[C@H](C)C(=O)NO)ccc1F
1o8b,O=P(O)(O)OCC1OC(O)C(O)C1O
5jat,Cc1ccccc1-c1cc(Nc2nc(CCCO)cs2)ccc1C
2bu5,C[C@H]1CN(C(=O)c2ccc(C#N)cc2)[C@H](C)CN1C(=O)[C@@](C)(O)C(F)(F)F
5yc3,C[C@H]([NH3+])C(=O)N[C@@H](CCCNC(N)=[NH2+])C(=O)N[C@H](C(=O)N[C@@H](CCCC[NH+](C)C)C(=O)N[C@@H](CCC(N)=O)C(=O)N[C@H](C(=O)N[C@@H](C)C(=O)N[C@@H](CCCNC(N)=[NH2+])C(=O)N[C@@H](CCCC[NH3+])C(=O)[O-])[C@@H](C)O)[C@@H](C)O
4djh,CC(C)[C@@H](C[N+]1CC[C@@](C)(c2cccc(O)c2)[C@@H](C)C1)NC(=O)[C@H]1Cc2ccc(O)cc2C[NH2+]1
6j63,O=C1CCCC(=O)C1[C@@H](O)c1ccc(C(F)(F)F)cc1[N+](=O)[O-]
2w7x,C/C(=N\NC(N)=[NH2+])c1ccc(NC(=O)c2cc3cccc([N+](=O)[O-])c3[nH]2)cc1
6qxa,Nc1nc2ccc(CNC(=O)c3cc4ccccc4[nH]3)cc2s1
1db1,C=C1/C(=C\C=C2/CCC[C@@]3(C)[C@H]2CC[C@@H]3[C@H](C)CCCC(C)(C)O)C[C@@H](O)C[C@@H]1O
6e2n,O=C(Nc1cccc(-c2nncn2C2CC2)c1)c1cc(-c2cccnc2)ccn1
2glm,COCCN1C(=O)/C(=C\c2ccc(-c3ccc(Cl)c(C(=O)[O-])c3)o2)S/C1=N\c1ccccc1
6nzg,[NH3+][C@H]1C[C@H](O)[C@@H](O)[C@H](O)[C@H]1C(=O)[O-]
2fde,Cc1nc(COc2ccc(C[C@H](NC(=O)O[C@H]3CO[C@H]4OCC[C@@H]34)[C@H](O)CN(CC(C)C)S(=O)(=O)c3ccc4c(c3)OCO4)cc2)cs1
4hwt,C[C@@H](O)[C@H]([NH3+])C(=O)NS(=O)(=O)c1cccc(-c2ccc3[nH]ncc3c2)c1
4bea,CC(C)C[C@H](NC(=O)[C@]1(C)CCC/C=C\CCC[C@](C)(NC(=O)[C@H](CCCNC(N)=[NH2+])NC(=O)[C@H](CO)NC(=O)[C@H](Cc2ccc(O)cc2)NC(=O)[C@H](CCCNC(N)=[NH2+])NC(=O)[C@H](CCCC[NH3+])NC(=O)[C@@H]([NH3+])CCCC[NH3+])C(=O)N[C@@H](CCC(N)=O)C(=O)N[C@@H](CC(C)C)C(=O)N[C@@H](CC(C)C)C(=O)N1)C(N)=O
3sw9,CC(C)[C@H](NC(=O)[C@H](CCCC[NH3+])NC(=O)[C@H](CCCNC(N)=[NH2+])NC(=O)[C@H](C)NC(=O)[C@@H]([NH3+])[C@@H](C)O)C(=O)[O-]
5v8o,O=c1cc(-c2ccccc2)nc2[nH]nnn12
5yz7,C/C(=C/[C@@H](O)Cc1ccc(Br)cc1)C(=O)[O-]
5wzw,CCc1c(CC(N)=O)c2cc(OCCCP(=O)(O)O)ccc2n1Cc1ccccc1
2nm1,CC[C@H](C)[C@H](NC(=O)[C@H](CCC(=O)[O-])NC(=O)[C@H](CC(N)=O)NC(=O)[C@H](Cc1ccccc1)NC(=O)[C@H](Cc1ccccc1)NC(=O)[C@H](CCCC[NH3+])NC(=O)[C@H](CC(=O)[O-])NC(=O)[C@H](CCCC[NH3+])NC(=O)[C@H](CC(C)C)NC(=O)[C@H](CCCC[NH3+])NC(=O)[C@H](C)NC(=O)[C@H](Cc1ccccc1)NC(=O)[C@H](CCSC)NC(=O)[C@H](CC(=O)[O-])NC(=O)[C@@H]([NH3+])CCC(=O)[O-])C(=O)N[C@@H](CC(N)=O)C(=O)N[C@@H](CCCC[NH3+])C(=O)[O-]
2lha,O=P(O)(O)OC1C(OP(=O)(O)O)C(OP(=O)(O)O)C(OP(=O)(O)O)C(OP(=O)(O)O)C1OP(=O)(O)O
5svz,NC(=[NH2+])NCCC[C@H](NC(=O)[C@H](CCC(N)=O)NC(=O)[C@H](CCCNC(N)=[NH2+])NC(=O)[C@H](CCCNC(N)=[NH2+])NC(=O)[C@H](CCCC[NH3+])NC(=O)[C@H](CCCC[NH3+])NC(=O)[C@H](CCCNC(N)=[NH2+])NC(=O)C[NH3+])C(=O)[O-]
6g85,CC(C)C[C@H](NC(=O)[C@H](C)NC(=O)[C@@H]1CCCN1C(=O)[C@@H](NC(=O)[C@H](CC(=O)[O-])NC(=O)[C@@H](NC(=O)[C@@H]([NH3+])Cc1ccccc1)[C@@H](C)O)C(C)C)C(=O)N[C@@H](CC(N)=O)C(=O)N[C@@H](Cc1ccc(O)cc1)C(=O)N1CCC[C@H]1C(=O)[O-]
6aud,CC(C)n1ncnc1-c1cn2c(n1)-c1cc([S@@](=O)[C@H]3CC[N@H+](C(C)(C)C)CC3)ccc1OCC2
3u8h,O=C([O-])CC[C@@H](Cc1ccc(OCc2ccccc2)cc1)NC(=O)CCCCCCc1ccccc1
6c6o,O=C(C[C@H](O)C(=O)[O-])c1ccc(O)cc1Br
1qpb,CC(=O)C(N)=O
4qbb,CC(C)C[C@@H](NC(=O)[C@@H](O)CC(=O)N[C@@H](CCCNC(N)=[NH2+])C(=O)N1CCC[C@H]1C(N)=O)C(=O)NCCCCNC(N)=[NH2+]
3kc1,NC(=O)c1ccc(OCP(=O)(O)O)c2c1Cc1scnc1-2
3k3g,CNC(=O)NC
1ilq,CSCC[C@H](NC(C)=O)C(=O)N[C@@H](Cc1c[nH]c2ccccc12)C(=O)N[C@@H](CC(=O)[O-])C(=O)N[C@@H](Cc1ccccc1)C(=O)N[C@@H](CC(=O)[O-])C(=O)N[C@@H](CC(=O)[O-])C(=O)NCCCCCC(=O)N[C@@H](CCSC)C(=O)N1CCC[C@H]1C(=O)N1CCC[C@H]1C(=O)N[C@@H](C)C(=O)N[C@@H](CC(=O)[O-])C(=O)N[C@@H](CCC(=O)[O-])C(=O)N[C@@H](CC(=O)[O-])C(=O)N[C@@H](Cc1ccc(O)cc1)C(=O)N[C@@H](CO)C(=O)N1CCC[C@H]1C(N)=O
1qm5,OC[C@H]1O[C@H](S[C@@H]2[C@@H](CO)O[C@H](O[C@@H]3[C@@H](CO)O[C@H](O[C@@H]4[C@@H](CO)O[C@H](O[C@@H]5[C@@H](CO)O[C@@H](O)[C@H](O)[C@H]5O)[C@H](O)[C@H]4O)[C@H](O)[C@H]3O)[C@H](O)[C@H]2O)[C@H](O)[C@@H](O)[C@@H]1O
4l1u,CSCCC(NC(=O)C1CCCN1C(=O)C(NC(=O)C(CCCNC(=N)N)NC(=O)C(CO)NC(=O)C[NH3+])C(C)OP(=O)(O)O)C(=O)NC(Cc1ccc(O)cc1)C(=O)NCC(=O)O
5i94,O=C(Cc1ccccc1)Nc1nnc(OC2CCN(c3nnc(NC(=O)Cc4ccccc4)s3)CC2)s1
5xpl,C=C1[C@H](O)CC(=C/C=C2\CCC[C@@]3(C)[C@H]2CC[C@@H]3[C@H](C)[C@@H](CCCC)CCC(=O)c2ccc(O)cc2)C[C@H]1O
3ob1,CC(O)C(NC(=O)C(CC(N)=O)NC(=O)C([NH3+])CCCNC(=N)N)C(=O)NC(CC(N)=O)C(=O)NC(CCC(=O)O)C(=O)NC(Cc1ccc(OP(=O)(O)O)cc1)C(=O)NC(C(=O)NC(CCC(=O)O)C(=O)NCC(=O)N1CCCC1C(=O)O)C(C)OP(=O)(O)O
6p7q,Nc1ncnc2c1ncn2C1OC(COP(=O)(O)OC2C(COP(=O)(O)O)OC(n3cnc4c(N)ncnc43)C2O)C(O)C1O
4ydg,Nc1ccc(S(=O)(=O)N(Cc2ccccc2)[C@H]2C[NH2+]C[C@@H]2N(Cc2ccccc2)S(=O)(=O)c2ccc(N)cc2)cc1
4wq2,O=C([O-])[C@H](S)Cc1c[nH]c2cc(Br)ccc12
1rt9,O=c1[nH]cnc2c([C@@H]3[NH2+][C@H](CO)[C@@H](O)[C@H]3O)c[nH]c12
3oe9,CC1(C)C[n+]2c(CS/C(=N/C3CCCCC3)NC3CCCCC3)csc2N1
4fxf,O=P(O)(O)OCC1OC(O)(COP(=O)(O)O)C(O)C1O
1af2,O=c1ccn([C@@H]2O[C@H](CO)[C@@H](O)[C@H]2O)c(=O)[nH]1
5j18,COc1cc(OC)c(CCS(=O)(=O)Cc2ccc(OC)c(NCC(=O)[O-])c2)c(OC)c1
2azc,CC(C)[C@H](NC(=O)[C@H](C)NC(=O)OCc1ccccc1)C(=O)N[C@@H](Cc1ccccc1)[C@@H](O)[C@H](O)[C@H](Cc1ccccc1)NC(=O)[C@@H](NC(=O)[C@@H](C)NC(=O)OCc1ccccc1)C(C)C
5enc,CC(=O)NCc1c(Cl)cccc1Cl
5obj,O=C([O-])c1cc(-c2cccc(F)c2)nc2ccccc12
1vot,C/C=C1\[C@H]2C=C(C)C[C@]1([NH3+])c1ccc(=O)[nH]c1C2
1q4w,Nc1ccc2nc(N)[nH]c(=O)c2c1
2adu,Cc1cccc(-c2c[nH]nn2)c1
6i4x,CCC(C)C(NC(=O)C(NC(=O)C(Cc1ccc(OP(=O)(O)O)cc1)NC(=O)C(C)NC(=O)C(Cc1ccccc1)NC(=O)C([NH3+])CO)C(C)O)C(=O)NC(CC(C)C)C(=O)NC(CC(=O)O)C(=O)N1CCCC1C(=O)O
5kh7,O=C([O-])CCn1nc(-c2cccnc2)ccc1=O
6bmx,COc1cccc(-c2nnc3n(Cc4ccc(C(=O)N5CCC[C@H]5C(=O)[O-])cc4Cl)c(=O)c4ccccc4n23)c1O
2fv5,Cc1cc(COc2ccc([C@]3(C)CCN([C@H](C)C(=O)NO)C3=O)cc2)c2ccccc2n1
2jkt,CC[C@H](C)[C@H](NC(=O)[C@H](CCC(=O)[O-])NC(=O)[C@H](CO)NC(=O)[C@@H]([NH3+])CCSC)C(=O)N[C@@H](CCCC[NH3+])C(=O)N[C@@H](CCCNC(N)=[NH2+])C(=O)N[C@@H](CC(C)C)C(=O)N[C@@H](CC(C)C)C(=O)N[C@@H](CO)C(=O)O
5mxv,O=C(NC1[NH2+]C[CH]S1)c1sc2cc(F)ccc2c1Cl
5emm,O=C(NC[C@H](O)C[N@@H+]1CCc2ccccc2C1)c1cccc(NC2CCOCC2)c1
3sow,C[C@H]([NH3+])C(=O)N[C@@H](CCCNC(N)=[NH2+])C(=O)N[C@H](C(=O)N[C@@H](CCCC[N+](C)(C)C)C(=O)N[C@@H](CCC(N)=O)C(=O)N[C@H](C(=O)[O-])[C@@H](C)O)[C@@H](C)O
6klk,O=c1[nH]cc(F)c(=O)[nH]1
3zsw,C=CC[N@H+](Cc1ccccc1C(=O)N[C@H](C)CC)Cc1ccc2c(c1C(=O)[O-])OC[C@H](CCC(=O)[O-])O2
5ajo,CC(=O)NCC(=O)N[C@H](C(=O)N[C@H](C(=O)N1CCC[C@H]1C(=O)N[C@@H](CO)C(=O)N1CCC[C@H]1C(=O)N[C@H](C(=O)N1CCC[C@H]1C(=O)N[C@H](C(=O)N[C@H](C(=O)N[C@@H](CO)C(=O)N[C@H](C(=O)N[C@H](C(=O)N[C@@H](CO)C(=O)N[C@@H](C)C(N)=O)[C@@H](C)O)[C@@H](C)O)[C@@H](C)O)[C@@H](C)O)C(C)C)[C@@H](C)O)[C@@H](C)O
5i3m,CC(=O)N[C@H]1[C@H](NC(=S)NCCN([C@H](C(=O)[O-])C(C)C)S(=O)(=O)c2ccc(-c3ccccc3)cc2)O[C@H](CO)[C@@H](O)[C@@H]1O
4c6z,C=C/C(C)=C/[C@@]1(C)SC(=O)C(CC)=C1O
5t2p,O=C(Nc1cc(F)c(F)c(F)c1)c1ccc(F)c(S(=O)(=O)N2CCC(O)CC2)c1
6beb,CO[C@H]1/C=C/O[C@@]2(C)Oc3c(C)c(O)c4c(O)c(cc(O)c4c3[C@H]2O)NC(=O)/C(C)=C\C=C\[C@H](C)[C@H](O)[C@@H](C)[C@@H](O)[C@@H](C)[C@H](OC(C)=O)[C@@H]1C
1zxv,O=C([O-])CCN1C(=O)/C(=C\c2ccc(-c3ccc(Cl)cc3)o2)SC1=S
6aaq,[NH3+][C@@H](CCCCNC(=O)OC[C@H]1[C@H]2CCC#CCC[C@H]21)C(=O)[O-]
1v79,C[C@H](O)[C@@H](CCc1cccc(Cl)c1Cl)n1cnc(C(N)=O)c1
4okp,C=C1CS[C@H]([C@H]([NH3+])C(=O)[O-])N=C1C(=O)[O-]
4y8y,COC(=O)Nc1ccc(-c2[nH]c([C@H](CC(=O)N3CCOCC3)NC(=O)/C=C/c3cc(Cl)ccc3-n3cnnn3)nc2Cl)cc1
4qip,CCCCCCCCCCCCOS(=O)(=O)[O-]
1x76,N#Cc1cc(O)cc2cc(-c3ccc(O)cc3)oc12
6mt4,CC(C)C[C@H](NC(=O)[C@H](CC(=O)[O-])NC(=O)[C@H](CCC(=O)[O-])NC(=O)[C@@H]([NH3+])Cc1ccccc1)C(=O)N[C@@H](CCCNC(N)=[NH2+])C(=O)N[C@H](C(=O)N[C@@H](CO)C(=O)N[C@@H](CO)C(=O)N[C@@H](Cc1ccccc1)C(=O)[O-])C(C)C
3h0v,C[S+](C)C[C@H]1O[C@@H](n2cnc3c(N)ncnc32)[C@H](O)[C@@H]1O
5knj,CN(c1ccc(NC(=O)Nc2ccc(OC(F)(F)F)cc2)cc1)c1ccnc(Nc2cccc(S(N)(=O)=O)c2)n1
2fci,CC(=O)NC(CC(=O)O)C(=O)NC(C(=O)NC(CCC(=O)O)C(=O)NC(C(=O)NC(Cc1ccc(OP(=O)(O)O)cc1)C(=O)NC(CCC(=O)O)C(=O)NC(CO)C(=O)N1CCCC1C(=O)NC(Cc1ccc(OP(=O)(O)O)cc1)C(=O)NC(C)C(=O)NC(CC(=O)O)C(=O)N1CCCC1C(=O)NC(CCC(=O)O)C(N)=O)C(C)C)C(C)O
2auc,CC[C@H](C)[C@H](NC(=O)[C@H](Cc1c[nH]cn1)NC(=O)[C@H](C)NC(=O)[C@H](CCC(N)=O)NC(=O)[C@@H](NC(=O)[C@H](CCCNC(N)=[NH2+])NC(=O)[C@H](CCSC)NC(=O)[C@H](CC(C)C)NC(=O)[C@H](CO)NC(C)=O)C(C)C)C(=O)N[C@@H](CCCNC(N)=[NH2+])C(=O)N[C@@H](CCCC[NH3+])C(=O)N[C@@H](CCCNC(N)=[NH2+])C(=O)N[C@@H](CCSC)C(N)=O
4k0u,CC[C@H](C)[C@H](NC(=O)[C@H](CO)NC(=O)[C@H](CO)NC(=O)[C@H](CCC(N)=O)NC(=O)[C@@H](NC(=O)[C@H](CCC(N)=O)NC(=O)[C@H](CCCNC(N)=[NH2+])NC(=O)[C@H](Cc1ccccc1)NC(=O)[C@@H](NC(=O)[C@@H]([NH3+])CCCNC(N)=[NH2+])[C@@H](C)O)C(C)C)C(=O)N[C@@H](CO)C(=O)N[C@@H](CC(=O)[O-])C(=O)N[C@@H](Cc1ccccc1)C(=O)N[C@@H](Cc1ccc(O)cc1)C(=O)N[C@@H](CC(=O)[O-])C(=O)[O-]
5wir,CC[C@H](C)[C@H](NC(=O)[C@@H]([NH3+])CCCC[NH3+])C(=O)N[C@@H](CC(C)C)C(=O)N[C@@H](CC(C)C)C(=O)N[C@H](C(=O)N1CCC[C@H]1C(=O)N[C@@H](CCCNC(N)=[NH2+])C(=O)N[C@@H](CCCNC(N)=[NH2+])C(=O)N[C@@H](CCCNC(N)=[NH2+])C(=O)N[C@@H](CCC(N)=O)C(=O)N[C@@H](CCCNC(N)=[NH2+])C(=O)N[C@@H](CC(C)C)C(=O)[O-])[C@@H](C)O
5jaz,CN(O)C(=O)CC(CCCc1cccc2ccccc12)CP(=O)(O)O
4pra,CC(C)[C@H](NC(=O)[C@@H]1CCCN1C(=O)[C@@H]([NH3+])Cc1c[nH]cn1)C(=O)NCC(=O)N[C@@H](CCC(N)=O)C(=O)N[C@@H](C)C(=O)N[C@@H](CC(=O)[O-])C(=O)N[C@@H](Cc1ccc(O)cc1)C(=O)N[C@@H](Cc1ccccc1)C(=O)N[C@@H](CCC(=O)[O-])C(=O)N[C@@H](Cc1ccc(O)cc1)C(=O)[O-]
5a5d,O=C(NCCCCCNC(=O)c1cccc(O)c1O)c1cccc(O)c1O
4mwb,O=C(NCCC[NH2+]Cc1cc(Cl)sc1Cl)Nc1ccsc1
3dz4,Cc1nc2c(N)ncnc2n1[C@@H]1O[C@H](C[N@@H+](C)CCC(N)=O)[C@@H](O)[C@H]1O
5lto,NC(=O)CC[C@H]([NH3+])C(=O)[O-]
6mo4,CC(C)([C@H](NC(=O)c1ccc(C#CC#CCCO)cc1)C(=O)NO)S(C)(=O)=O
5i7u,CN1C(=O)Cn2c1[nH+]c1nc(N3CCC[C@@H]([NH3+])C3)n(Cc3cc(F)ccc3C#N)c1c2=O
6aan,C#Cc1cccc(COC(=O)NCCCC[C@H]([NH3+])C(=O)[O-])c1
5ee7,COc1ccc2cc(-c3cc(-c4cc(Cl)cc(Cl)c4)nn3[C@@H](C)c3ccc(C(=O)NCCC(=O)[O-])cc3)ccc2c1
4tmp,CC(=O)NCCCC[C@H](NC(=O)[C@H](CCCNC(N)=[NH2+])NC(=O)[C@H](C)NC(=O)[C@@H](NC(=O)[C@H](CCC(N)=O)NC(=O)[C@H](CCCC[NH3+])NC(=O)[C@@H]([NH3+])[C@@H](C)O)[C@@H](C)O)C(=O)N[C@@H](CO)C(N)=O
2fo4,CC(C)C[C@H](NC(=O)[C@@H]1CCCN1C(=O)[C@H](CCCNC(N)=[NH2+])NC(=O)[C@H](Cc1ccccc1)NC(=O)[C@H](CC(=O)[O-])NC(=O)[C@@H]1CCCN1C(=O)[C@H](C)NC(=O)[C@@H]([NH3+])CO)C(=O)[O-]
1k03,O=Cc1ccc(O)cc1
5h13,COc1cc(-c2cc3n(c(=N)c2C#N)CCc2cc4c(cc2-3)OCO4)ccc1OC(C)C
3krw,O=C(N[C@@H]1C[NH2+]CCC[C@H]1OC(=O)c1cc(O)c(C(=O)c2c(O)cccc2C(=O)[O-])c(O)c1)c1ccc(O)cc1
5ybe,CSCC[C@H](NC(=O)[C@H](CCC(N)=O)NC(=O)[C@@H](NC(=O)[C@@H](NC(=O)[C@@H](NC(=O)[C@H](CCCNC(N)=[NH2+])NC(=O)[C@H](CCCNC(N)=[NH2+])NC(=O)[C@H](CCCNC(N)=[NH2+])NC(=O)[C@H](C)NC(=O)[C@H](CCCC[NH3+])NC(=O)[C@H](CC(N)=O)NC(=O)[C@H](CCCC[NH3+])NC(=O)[C@@H]1CCC[NH2+]1)[C@@H](C)O)[C@@H](C)O)[C@@H](C)O)C(=O)N[C@@H](CCC(=O)[O-])C(=O)N[C@@H](CC(C)C)C(=O)N[C@@H](CC(C)C)C(=O)N[C@@H](Cc1ccc(O)cc1)C(=O)N[C@@H](C)C(=O)N[C@@H](CC(=O)[O-])C(=O)[O-]
1orw,[NH3+]C[C@@H]1CCCN1C(=O)[C@@H]([NH3+])Cc1ccc(I)cc1
3uik,C[C@H]([NH3+])C(=O)N[C@@H](CCCNC(N)=[NH2+])C(=O)N[C@H](C(=O)N[C@@H](CCCC[NH3+])C(=O)[O-])[C@@H](C)O
3abu,Cc1cc2c(cc1C)N1C(O)CC(c3cccc(F)c3OCc3ccccc3)C13C(=O)NC(=O)NC3N2CC(O)C(O)C(O)COP(=O)(O)OP(=O)(O)OCC1OC(n2cnc3c(=N)nc[nH]c32)C(O)C1O
2pem,CC[C@H](C)[C@H](NC(=O)[C@H](C)[NH3+])C(=O)N[C@@H](C)C(=O)N[C@@H](Cc1ccccc1)C(=O)N[C@@H](CCC(=O)[O-])C(=O)N[C@@H](Cc1ccccc1)C(=O)N[C@@H](C)C(=O)[O-]
5lzh,CC(=O)N[C@@H]1[C@@H](O)C[C@@](C(=O)[O-])(n2cc(CCC(=O)NCC[C@@H]3O[C@H](CO)[C@H](O)[C@H](O)[C@H]3O)nn2)O[C@H]1[C@H](O)[C@H](O)CO
4ux6,Cc1ccc([N+](=O)[O-])c(Oc2ccc(C[C@@H]([NH3+])[C@H]([NH3+])O)cc2)c1
3ex6,O=c1ccn(C2OC(COP(=O)(O)O)C(O)C2O)c(=O)[nH]1
6an1,O=C([O-])c1ccc(COc2ccccc2C=C2C(=O)c3ccccc3C2=O)cc1
4jls,Nc1nc2c(ncn2C2CN(C(=O)CP(=O)(O)O)CC2O)c(=O)[nH]1
4uau,O=C(COP(=O)(O)O)C(O)C(O)COP(=O)(O)O
1b6p,CCC(=O)N[C@H](C(=O)N[C@@H](Cc1ccc(O)cc1)[C@H](O)C[NH2+][C@H]1Cc2ccc(cc2)OCCCNC(=O)[C@H]([C@@H](C)CC)NC1=O)C(C)C
1xog,COC(=O)[C@@H]1C[C@H](C(=O)[O-])O[C@H]1[C@H](CC(C)C)NC(C)=O
2hwh,Cc1ccc(S(=O)(=O)Nc2nc(O)c(Cc3ccc(C)o3)s2)cc1
6m8y,CC[C@H](C)[C@H](NC(C)=O)C(=O)N1CCC[C@H]1C(=O)N[C@@H](Cc1ccccc1)C(=O)[O-]
1qs4,O=C(CC(=O)c1c[nH]c2ccc(Cl)cc12)c1nn[nH]n1
6c7b,COc1ccc2cc(C(=O)/C=C(\O)C(=O)[O-])ccc2c1
5npc,O=S1(=O)O[C@H]2[C@H](CO)[C@@H](O)[C@H](O)[C@@H](O)[C@H]2O1
5wg6,CC[C@H](C)n1cc(C)c2c(C(=O)NCc3c(C)cc(C)[nH]c3=O)cc(-c3ccc(N4CC[NH2+]CC4)nc3)cc21
5vt4,O=P(O)(O)C[NH+]1C(CO)C(O)C(OC2OC(CO)C(O)C(O)C2O)C1CO
6fo7,C=C1/C(=C\C=C(/CCCC)c2cccc(CCCCCC(C)(C)O)c2)C[C@@H](O)C[C@@H]1O
4hxq,C[NH2+][C@](CCCCB([OH-])([OH2+])[OH2+])(CC[NH+]1CCCCC1)C(=O)[O-]
3wv1,COc1cccc(CNC(=O)c2nc3ccc(F)c(OCCc4ccc(C(=O)[O-])cc4)c3c(=O)[nH]2)c1
6uf0,COc1ccc(S(=O)(=O)N(CC(F)(F)F)c2cnc(N(CC(=O)[O-])S(=O)(=O)c3ccc(OC)cc3)c3ccccc23)cc1
3eq8,O=C([C@@H]1CCCN1C(=O)CCn1c(=O)c(-c2ccccc2)nc2ccccc21)N1CCCC1
1o4q,O=C([O-])[C@@H](c1ccccc1)S(=O)(=O)[O-]
1rdl,OC[C@H]1O[C@H](O)[C@@H](O)[C@@H](O)[C@@H]1O
5c6v,CC(C)C[C@H](NC(=O)C[NH3+])C(=O)N[C@@H](CCC(=O)[O-])C(=O)N[C@@H](CC(C)C)C(=O)N[C@@H](CO)C(=O)N[C@@H](CC(C)C)C(=O)NCC(=O)[O-]
3p0g,Cc1ccccc1CC(C)(C)[NH2+]C[C@H](O)c1ccc(O)c2c1OCC(=O)N2
4h2j,O=C(Nc1ccc(C2=NCCN2)cc1)c1ccc(C(=O)Nc2ccc(C3=NCCN3)cc2)c(-n2oo2)c1
3aya,CC(=O)N[C@H]1[C@@H](O[C@H](C)[C@H]([NH3+])C(=O)[O-])O[C@H](CO)[C@H](O)[C@@H]1O[C@@H]1O[C@H](CO)[C@H](O)[C@H](O)[C@H]1O
3oli,C[C@H]1O[C@H](O[C@@H]2[C@@H](CO)O[C@H](O[C@@H]3C(CO)=C[C@@H]([NH2+][C@H]4[C@H](O)[C@@H](O)[C@@H](O[C@@H]5[C@@H](CO)O[C@H](O[C@@H]6[C@@H](CO)OC(=O)[C@H](O)[C@H]6O)[C@H](O)[C@H]5O)O[C@@H]4C)[C@H](O)[C@H]3O)[C@H](O)[C@H]2O)[C@H](O)[C@@H](O)[C@@H]1[NH2+][C@@H]1C=C(CO)[C@@H](O)[C@H](O)[C@H]1O
1a07,CCCCCN(CCCCC)C(=O)[C@H](CCC(=O)[O-])NC(=O)[C@H](Cc1ccccc1)NC(C)=O
11gs,CC[C@@H](CSC[C@H](NC(=O)CC[C@H]([NH3+])C(=O)[O-])C(=O)NCC(=O)[O-])C(=O)c1ccc(OCC(=O)[O-])c(Cl)c1Cl
5yve,COc1cc(C(C)C)c(Oc2cnc(N)nc2N)cc1S(N)(=O)=O
4j6i,CC(C)(O)Cn1cc(-c2ccc3c(c2)OCCc2sc(-c4ncnn4CC(F)(F)F)nc2-3)cn1
6min,C/C=C/C(=O)NCCCC[C@H](NC(=O)[C@H](CCCNC(N)=[NH2+])NC(=O)[C@H](C)NC(=O)[C@@H](NC(=O)[C@H](CCC(N)=O)NC(C)=O)[C@@H](C)O)C(=O)N[C@@H](CO)C(=O)[O-]
5arg,CCN(C(=O)CO)[C@H]1CN(/C(Nc2cccc(OC(F)F)c2)=[NH+]/C#N)N=C1c1ccc(Cl)c(Cl)c1
4lnb,Cc1ccccc1S(=O)(=O)N(CCN(Cc1cncn1C)c1ccc(C=N)cc1)CC1CCN(C(=O)OC(C)(C)C)CC1
2qt9,CN(C)C(=O)[C@@H]([C@H]1CC[C@H](c2cccc3ncnn32)CC1)[C@H]([NH3+])C(=O)N1CC[C@H](F)C1
1zaf,O=C1C(c2ccc(O)cc2)=C(Br)c2ccc(O)cc21
4iur,C[C@H](NC(=O)[C@@H](NC(=O)[C@H](CCC(N)=O)NC(=O)[C@H](CCCC[NH3+])NC(=O)[C@@H]([NH3+])[C@@H](C)O)[C@@H](C)O)C(=O)N[C@@H](CCCNC(N)=[NH2+])C(=O)N[C@@H](CCCC[N+](C)(C)C)C(=O)N[C@@H](CO)C(=O)[O-]
5ur5,CCc1cc(NS(=O)(=O)Cc2ccc(C)cc2)cc(C)c1C#N
4bcd,O=C([C@@H]1C[C@H](n2cc(-c3ccc(F)cc3)nn2)CN1C(=O)CCCc1ccccc1)N1CCCC1
1fbm,CC(/C=C/[C@@H]1[C@@H](C)CCCC1(C)C)=C\CC[C@H](C)CCO
4cfw,Cc1c(-c2nc3nc(N)nc(OCC4CCCCC4)c3[nH]2)cccc1S(N)(=O)=O
2l8r,Nc1ncnc2c1ncn2C1OC(COP(=O)(O)OP(=O)(O)OCC2OC(O)C(O)C2O)C(O)C1O
5ddf,CC1(C)CN=C(N2CCN(c3ncnc4sc(C(F)(F)C(F)(F)F)cc34)CC2)S1
5hki,O=C1C[C@]2(O)CC(=O)O[Fe+7]34(O1)(OC(=O)C[C@](O)(CC(=O)O3)C(=O)O4)OC2=O
5wg3,O=C(NCc1cc[nH]n1)c1cc([C@@H]2CC[NH2+]C[C@H]2COc2ccc3n[nH]cc3c2)ccc1F
1a8t,CCCCc1nc2ccc(O)cc2c(=O)n1Cc1ccc(-c2ccccc2-c2nnn[nH]2)cc1
3tz2,O=C([O-])CCCc1ccccc1
5vqv,CCC(=O)N(C)c1cc(Oc2ccccc2OCCn2ccc(=O)[nH]c2=O)c(C)c2cc(C#N)ccc12
2jdn,CO[C@H]1O[C@H](CO)[C@@H](O)[C@H](O)[C@@H]1O
5wa6,O=C(NCCOc1ccccc1)c1nc([C@@H]2CCCN2C(=O)COc2ccccc2F)[nH]c(=O)c1O
2w97,OCC(O)CO
4bt9,O=C([O-])CNC(=O)[C@@H]1CCCN1C(=O)[C@@H]1CCCN1C(=O)CNC(=O)[C@@H]1CCCN1C(=O)[C@@H]1CCCN1C(=O)CNC(=O)[C@@H]1CCCN1C(=O)[C@@H]1CCC[NH2+]1
5lzj,COc1cc(CCC(=O)NCC[C@H]2O[C@H](CO)[C@H](O)[C@H](O)[C@H]2O)cc(OC)c1OC
2ha5,CC(=O)SCC[N+](C)(C)C
6dxx,CCS(=O)(=O)c1ccccc1C(=O)N1CCN(c2nc3ccc(F)cc3s2)C[C@@H]1C
5g22,CCOC(=O)c1cnc2ccc(OCc3ccc(N4CC[NH2+]CC4)nc3)cc2c1SCCC#N
4d2p,COc1cc(O)cc(Nc2ccc(C(=O)Nc3ccc4c(c3)C[NH2+]CC4)cc2)c1
6aad,[NH3+][C@@H](CCCCNC(=O)OCc1cccc(C2(C(F)(F)F)N=N2)c1)C(=O)[O-]
5uq9,CC1(C)OC(COP(=O)(O)O)C(C(=O)NO)O1
3lzv,CC(C)CN(C[C@@H](O)[C@H](Cc1ccccc1)NC(=O)O[C@H]1CO[C@H]2OCC[C@@H]12)S(=O)(=O)c1ccc(N)cc1
4ea1,C/C(=C\C[NH2+]CC[NH2+][C@H]1[C@@H]2C[C@H]3C[C@@H](C2)C[C@@H]1C3)C/C=C/C(C)C
4qfr,N#Cc1c(O)c2c(-c3ccc(-c4ccccc4O)cc3)c(Cl)sc2[nH]c1=O
4est,CC(=O)N[C@@H](C)C(=O)N1CCC[C@H]1C(=O)N[C@@H](C(C)C)[C@H](O)C(F)(F)C(=O)NCCc1ccccc1
5c7d,C[C@@H]1C[N@H+](CC(=O)N2CCc3cnc(Cl)cc32)CC[NH2+]1
2zjf,O=C(Nc1ccccc1)Nc1ccccc1
6mnf,OC[C@H]1O[C@H](OC[C@H]2O[C@H](OC[C@H]3OC[C@@H](O)[C@@H](O[C@H]4O[C@H](CO)[C@@H](O)[C@H](O)[C@@H]4O[C@H]4O[C@H](CO)[C@@H](O)[C@H](O)[C@@H]4O[C@H]4O[C@H](CO)[C@@H](O)[C@H](O)[C@@H]4O)[C@@H]3O)[C@@H](O)[C@@H](O[C@H]3O[C@H](CO)[C@@H](O)[C@H](O)[C@@H]3O)[C@@H]2O)[C@@H](O[C@H]2O[C@H](CO)[C@@H](O)[C@H](O)[C@@H]2O)[C@@H](O)[C@@H]1O
4o9s,O=C(Cc1ccccc1C(F)(F)F)N1CCN(c2ncnc3sc4c(c23)CCC4)CC1
3twd,COc1cc(OC)c(S(=O)(=O)N(c2ccccc2)c2ccc(N)cc2)cc1NC(=O)CCC(=O)[O-]
1jg0,CN(C)c1cccc2c(S(=O)(=O)N[C@@H](Cc3ccc(OS(=O)(=O)c4cccc5c(N(C)C)cccc45)cc3)C(=O)[O-])cccc12
4gng,C[C@H]([NH3+])C(=O)N[C@@H](CCCNC(N)=[NH2+])C(=O)N[C@H](C(=O)N[C@@H](CCCC[NH3+])C(=O)N[C@@H](CCC(N)=O)C(=O)N[C@H](C(=O)N[C@@H](C)C(=O)N[C@@H](CCCNC(N)=[NH2+])C(=O)N[C@@H](CCCC[N+](C)(C)C)C(=O)N[C@@H](CO)C(=O)[O-])[C@@H](C)O)[C@@H](C)O
4u68,C[C@H](NC(=O)[C@@H](NC(=O)[C@H](CCC(N)=O)NC(=O)[C@@H]([NH3+])CCCC[NH3+])[C@@H](C)O)C(=O)N[C@@H](CCCNC(N)=[NH2+])C(=O)N[C@@H](CCCC[N+](C)(C)C)C(=O)N[C@@H](CO)C(=O)[O-]
5w10,Nc1ncnc2c1ncn2C1OC2COP(=O)(O)OC2C1O
2q1l,CC(C)n1c(CC[C@@H](O)C[C@@H](O)CC(=O)[O-])c(-c2ccc(F)cc2)c(-c2ccc(F)cc2)c1C(=O)Nc1ccccc1
2wa8,CC(C)C[C@H](NC(=O)[C@H](CCC(=O)[O-])NC(=O)[C@H](CCC(=O)[O-])NC(=O)CNC(=O)[C@H](CCCC[NH3+])NC(=O)[C@H](CO)NC(=O)[C@H](CCCNC(N)=[NH2+])NC(=O)[C@@H]([NH3+])Cc1ccccc1)C(=O)N[C@@H](Cc1ccccc1)C(=O)N[C@H](C=O)[C@@H](C)O
6gy0,CC(=O)Nc1nc(C)c(-c2cc3c(c(S(N)(=O)=O)c2)C(=O)NC3)s1
4f6v,O=C(CC(=O)C(=O)[O-])NCCCc1cccc(Oc2ccccc2)c1
6d3g,NC(=O)[C@@H]1CC[C@@H]([NH2+]OS(=O)(=O)[O-])CN1C=O
6ayh,O=C([O-])[C@H]1O[C@@H](Oc2ccc([N+](=O)[O-])cc2)[C@H](O)[C@@H](O)[C@@H]1O
6h7j,CC(C)[NH2+]C[C@H](O)c1ccc(O)c(O)c1
2ow0,O=C([O-])[C@@H](Cc1c[nH]c2ccccc12)NS(=O)(=O)c1ccc(-c2ccc(I)cc2)cc1
2ggb,CC#CC[C@@H]([NH3+])[C@H](O)C(=O)N[C@@H](CO)C(=O)N[C@@H](CC(C)C)C(=O)OC
5zh2,C[C@@H]1CCC[C@H](C[C@H]2Cc3cc(O)cc(O)c3C(=O)O2)O1
1eix,O=c1cc(O)n(C2OC(COP(=O)(O)O)C(O)C2O)c(=O)[nH]1
1heg,COC(=O)[C@@H](NC(=O)[C@@H](NC(=O)CC[C@H](O)[C@H](Cc1ccccc1)NC(=O)[C@H](C)NC(=O)[C@H](C)[NH3+])C(C)C)C(C)C
4luv,O=C([O-])c1ccc(-c2ccc(F)c(Cl)c2)o1
4dtt,COC(=O)[C@H](Cc1c[nH]cn1)NC(=O)C[N@@H+](CC(=O)[O-])Cc1ccccc1
1yvh,CC(NC(=O)C([NH3+])CCCNC(=N)N)C(=O)NC(C(=O)NC(CCC(=O)O)C(=O)NC(CC(N)=O)C(=O)NC(CCC(N)=O)C(=O)NC(Cc1ccc(OP(=O)(O)O)cc1)C(=O)NC(CO)C(=O)NC(Cc1ccccc1)C(=O)O)C(C)C
4knr,COc1cc2c(Nc3ccc(NC(=O)c4ccccc4)cc3)nc(Cc3ccccc3)nc2cc1O
4uu5,CC[C@H](C)[C@H](NC(=O)[C@H](CC(C)C)NC(=O)[C@H](CCCNC(N)=[NH2+])NC(=O)[C@H](CCC(=O)[O-])NC(=O)[C@H](CC[S@@+](C)O)NC(=O)[C@H](C)NC(=O)[C@@H]1CCCN1C(=O)[C@@H]1CCCN1C(=O)[C@@H]1CCCN1C(=O)[C@H](CCSC)NC(=O)[C@H](CC(C)C)NC(=O)[C@H](CC(N)=O)NC(=O)[C@H](Cc1c[nH]c2ccccc12)NC(=O)[C@@H]([NH3+])CCSC)C(=O)[O-]
4x8n,CCC(C)C(NC(=O)C(CC(=O)O)NC(=O)C(Cc1ccccc1)NC(=O)C(CCC(=O)O)NC(=O)C(COP(=O)(O)O)NC(=O)C(CCC(=O)O)NC(=O)C(CCCNC(=N)N)NC(=O)C([NH3+])CCC(=O)O)C(=O)NC(CCC(=O)O)C(=O)NC(C)C(=O)O
6ul8,NC(=O)c1c(-c2ccc3scnc3c2)nn2c1N[C@H]1C[C@H](C[C@@H]1O)C2
6b33,CC(C)n1c(=O)n(CC2CC2)c(=O)c2cc(NC(=O)N3CCO[C@@H](C(=O)Nc4ccc(C#N)c(Cl)c4)C3)ccc21
3iqg,CC[C@H](C)[C@H](NC(=O)[C@H](CC(N)=O)NC(=O)[C@H](Cc1c[nH]c2ccccc12)NC(=O)[C@@H]([NH3+])CC(N)=O)C(=O)[O-]
4jyv,CCOc1cc([C@@H](Nc2ccc3cnccc3c2)C(=O)NS(=O)(=O)c2cccc(S(N)(=O)=O)c2)ccc1OC(C)C
5dl1,CC(C)n1ncc2cc(C(=O)NCc3coc(-c4cccs4)n3)cnc21
5hn8,CCCCCCCCOc1cc(O)cc(CSc2ccccc2C(=O)[O-])c1
5td2,CS(=O)(=O)N1CCO[C@H](c2csc(-c3cc(N4CCOCC4)ccc3NC(=O)c3ncc[nH]3)n2)C1
6dzq,C=C1CC(=O)C(O)=C(C(=O)[O-])O1
2f6j,C[C@H]([NH3+])C(=O)N[C@@H](CCCNC(N)=[NH2+])C(=O)N[C@H](C(=O)N[C@@H](CCCC[N+](C)(C)C)C(=O)N[C@@H](CCC(N)=O)C(=O)N[C@H](C(=O)O)[C@@H](C)O)[C@@H](C)O
3b8z,O=C(NO)C1(S(=O)(=O)c2ccc(Oc3ccc(C(F)(F)F)cc3)cc2)CCOCC1
1swk,O=C([O-])CCCC[C@@H]1SC[C@@H]2NC(=O)N[C@H]12
2xpc,N#Cc1ccc(COc2ccc3cc(S(=O)(=O)N[C@H]4CC[C@@H](C(=O)[O-])C[C@H]4C(=O)[O-])ccc3c2)c(F)c1
6chm,COc1ccc2[nH]cc(CCNC(=O)C(C)(C)C)c2c1
3vzg,C[C@@H](O[C@H]1O[C@H](CO)[C@@H](O)[C@H](O)[C@@H]1O)[C@H]([NH3+])C(=O)[O-]
3q4b,C[NH2+][C@H](CNC(=O)N1CCC[C@@H]([C@@H](OCCNC(=O)OC)c2cccc(Cl)c2)C1)C[C@H]1CCCOC1
1ryh,Nc1nc2c(ncn2C2OC(COP(=O)(O)OP(=O)(O)NP(=O)(O)O)C(O)C2O)c(=O)[nH]1
1n8u,OCCCCCCCCCCCCBr
6axj,CC(=O)NCCCC[C@H]([NH3+])C(=O)N[C@@H](CO)C(=O)N[C@@H](C)C(=O)N1CCC[C@H]1C(=O)N[C@@H](C)C(=O)O
5zmq,NC(=[NH2+])NCCC[C@@H](NC(=O)[C@@H](CCCC[NH3+])NC(=O)[C@@H](CCCC[NH3+])NC(=O)Cc1ccccc1)C(=O)[O-]
5tzy,C[C@H](C(=O)[O-])[C@H](c1ccc2c(c1)O[C@@H]([C@H]1CC[N@H+]([C@@H](C)c3cc(F)ccc3OC(F)(F)F)CC1)CC2)C1CC1
4abk,Nc1ncnc2c1ncn2C1OC(COP(=O)(O)OP(=O)(O)OCC2OC(O)C(O)C2O)C(O)C1O
2mwy,CC(C)C[C@H](NC(=O)[C@H](CC(=O)[O-])NC(=O)[C@H](CO)NC(=O)[C@H](Cc1ccccc1)NC(=O)[C@@H](NC(=O)[C@H](CCC(=O)[O-])NC(=O)[C@H](CCC(N)=O)NC(=O)[C@@H]([NH3+])CO)[C@@H](C)O)C(=O)N[C@@H](Cc1c[nH]c2ccccc12)C(=O)N[C@@H](CCCC[NH3+])C(=O)N[C@@H](CC(C)C)C(=O)N[C@@H](CC(C)C)C(=O)N1CCC[C@H]1C(=O)N[C@@H](CCC(=O)[O-])C(=O)N[C@@H](CC(N)=O)C(=O)[O-]
4lh2,O=C([O-])CCC(=O)[O-]
6pdj,COc1ccc2c(C(=O)Nc3ccc(NC(=O)c4nn(C)c5ccccc45)cc3C)cnn2c1
6nzf,CNC(=O)c1cnc(Nc2ccc(F)cn2)cc1Nc1ccccc1S(C)(=O)=O
5acx,O=C([O-])c1ccccc1C(=O)c1ccc(F)cc1
4m48,C[NH2+]CCC=C1c2ccccc2CCc2ccccc21
5wqd,CC[C@H](C)[C@H](NC(=O)[C@@H]([NH3+])CCCNC(N)=[NH2+])C(=O)N1CCC[C@H]1C(=O)N[C@@H](CC(N)=O)C(=O)N[C@@H](Cc1ccc(O)cc1)C(=O)N[C@@H](CCC(N)=O)C(=O)N[C@@H](CC(C)C)C(=O)N[C@@H](CO)C(=O)N1CCC[C@H]1C(=O)N[C@H](C(=O)N[C@@H](CCCC[NH3+])C(=O)N[C@@H](CC(C)C)C(=O)[O-])[C@@H](C)O
3shb,C[C@H]([NH3+])C(=O)N[C@@H](CCCNC(N)=[NH2+])C(=O)N[C@H](C(=O)N[C@@H](CCCC[NH3+])C(=O)N[C@@H](CCC(N)=O)C(=O)N[C@H](C(=O)N[C@@H](C)C(=O)[O-])[C@@H](C)O)[C@@H](C)O
6e6w,Cc1cc(-c2nnn[nH]2)ccc1C1=CC(=O)C(O)C(C(=O)[O-])=N1
6f2n,O=C([O-])/C(S)=C/c1ccccc1Cc1ccc2ccccc2c1
6apz,O=C(C[C@H](O)C(=O)[O-])c1cccc(O)c1
5v13,COC(=O)/C=C(\C)CC/C=C(\C)CC[C@H]1OC1(C)C
4p10,CCCn1cnc2c1CC[C@@](CCC[NH3+])(C(=O)[O-])C2
2iok,C[C@H](CCc1ccc(O)cc1)NC(=O)Cc1c(-c2ccccc2)[nH]c2ccccc12
6n94,CC(C(=O)NCCNC(=O)CCNC(=O)C(O)C(C)(C)COP(=O)(O)OP(=O)(O)OCC1OC(n2cnc3c(N)ncnc32)C(O)C1OP(=O)(O)O)[N+](=O)[O-]
6ocq,CC(C)(C)C(=O)N1CCC[C@H]1c1cccc(F)c1
4er4,CC[C@H](C)[C@H](NC(=O)[C@@H]([NH2+]C[C@H](CC(C)C)NC(=O)[C@H](Cc1cnc[nH]1)NC(=O)[C@H](Cc1ccccc1)NC(=O)[C@@H]1CCCN1C(=O)[C@H](Cc1cnc[nH]1)NC(=O)[C@@H]1CCC[NH2+]1)C(C)C)C(=O)N[C@@H](Cc1cnc[nH]1)C(N)=O
1o4j,CCc1ccc(NC(=O)P(=O)(O)O)cc1
1gmy,Cc1cccc(C[C@H](NC(=O)C(c2ccccc2)c2ccccc2)C(=O)NCC=N)c1
1r5w,CC[C@H](C)[C@H](NC(=O)[C@H](CC(C)C)NC(=O)[C@H](CC(=O)[O-])NC(=O)[C@H](C)[NH3+])C(=O)N[C@@H](C)C(=O)N[C@@H](Cc1ccc(O)cc1)C(=O)N[C@@H](Cc1ccccc1)C(=O)N[C@@H](CCCC[NH3+])C(=O)N[C@@H](C)C(=O)N[C@@H](C)C(=O)N[C@H](C(=O)N[C@@H](CCCC[NH3+])C(=O)N[C@@H](Cc1ccccc1)C(=O)[O-])[C@@H](C)O
1jj9,O=C1NC(=O)C(c2ccccc2)([N@H+]2CC[C@H](CCO)CC2)C(=O)N1
1yt9,Cc1nc(CN2CCN([C@H](C(=O)N[C@@H](Cc3ccccc3)[C@H](O)CN(CC(C)C)S(=O)(=O)c3ccc(/C=N/O)cc3)C(C)C)C2=O)cs1
1cze,O=C([O-])CCC(=O)[O-]
3wch,CCCCCCCCCCn1cc[n+](CC(O)(P(=O)(O)O)P(=O)(O)O)c1
3ej5,[NH2+]=c1[nH]c(O)c(CCCc2ccc(C(=O)[O-])cc2)c(=O)[nH]1
6axb,O=C([O-])C(=O)CC(=O)c1ccc2ccccc2c1
4wwp,Cc1ncccc1-c1nc2c(Cl)cccc2cc1[C@H](C)Nc1ncnc2nc[nH]c12
3oki,O=C(NC1CCCCC1)[C@H](C1CCCCC1)n1c(-c2ccc(Cl)cc2)nc2ccccc21
1nyx,CCO[C@@H](Cc1ccc(OCCN2c3ccccc3Oc3ccccc32)cc1)C(=O)[O-]
2p9a,N=NC(=O)c1ccc(-c2ccccc2Cl)o1
3tfk,CSCC[C@H](NC(=O)[C@@H]1CCCN1C(=O)[C@@H](NC(=O)[C@H](CC(=O)[O-])NC(=O)[C@H](CO)NC(=O)[C@H](CC(C)C)NC(=O)[C@@H]([NH3+])CCC(N)=O)C(C)C)C(=O)N[C@@H](CC(=O)[O-])C(=O)N[C@@H](CC(C)C)C(=O)[O-]
6qaf,C[C@H]([NH3+])C(=O)N1C[C@H](CCC[B-]([OH2+])([OH2+])[OH2+])[C@]([NH3+])(C(=O)[O-])C1
5uox,CC(C)Oc1ccc2c(c1)C(=O)N(c1cccc(-c3nncn3[C@H](C)CO)n1)C2
6afe,O=C1Nc2c(cccc2C(F)(F)F)[C@@H]1O
1rzx,CC(=O)N[C@H](C(=O)N[C@@H](CCCC[NH3+])C(=O)N[C@@H](CCC(=O)[O-])C(=O)N[C@@H](CO)C(=O)N[C@@H](CC(C)C)C(=O)N[C@H](C(=O)[O-])C(C)C)C(C)C
5vzu,CC[C@H](C)[C@H](NC(=O)[C@H](CC(=O)[O-])NC(=O)[C@@H](NC(=O)[C@H](CC(=O)[O-])NC(=O)[C@H](CCCNC(N)=[NH2+])NC(=O)[C@@H](NC(=O)[C@H](CC(=O)[O-])NC(=O)[C@@H](NC(=O)[C@@H]1CCC[NH2+]1)[C@@H](C)O)C(C)C)C(C)C)C(=O)[O-]
4mgv,O=C(NNC(=O)[C@]12C[C@H]3C[C@H](C[C@H](C3)C1)C2)c1ccncc1
5pzm,CNC(=O)c1c(-c2ccc(F)cc2)oc2ccc(-c3cccc(C(=O)[O-])c3)cc12
5e0m,CSCC[C@H](NC(=O)[C@H](CC(=O)[O-])NC(=O)[C@@H](NC(=O)[C@H](CCC(N)=O)NC(=O)[C@@H](NC(=O)[C@@H](NC(=O)[C@@H](NC(=O)[C@H](CO)NC(=O)[C@@H]([NH3+])CCCNC(N)=[NH2+])[C@@H](C)O)[C@@H](C)O)[C@@H](C)O)[C@@H](C)O)C(=O)[O-]
3d7f,O=C([O-])CC[C@H](NC(=O)N[C@@H](Cc1ccc(O)c(I)c1)C(=O)[O-])C(=O)[O-]
6k4x,Nc1ccc(C(=O)[O-])c(S)c1
1fpp,CC(C)=CCC/C(C)=C/CC/C(C)=C\COP(=O)(O)OP(=O)(O)O
5yjp,CCO/N=C1/CN(C(=O)N[C@H](CC)c2ccc(C(=O)[O-])cc2)C(=O)[C@H](Cc2cc(Cl)ccc2OC)CN1
5tl9,Cc1cccc2ccc(N3CCC(C(=O)N[C@H]4CCC[C@H]4CCc4ccccc4C(=O)[O-])CC3)nc12
3d9o,C[C@@H](O)[C@H](NC(=O)[C@@H]1CCCN1C(=O)[C@H](CO)NC(=O)[C@H](Cc1ccc(O)cc1)NC(=O)[C@H](CO)NC(=O)[C@@H]1CCC[NH2+]1)C(=O)N[C@@H](CO)C(=O)N1CCC[C@H]1C(=O)N[C@H](C=O)CO
4d1b,O=C1NC(=O)[C@H](Cc2ccccc2)N1
6ajj,O=C(NC1CCC2(CCCCC2)CC1)c1cc2c(F)cc(F)cc2[nH]1
1db5,Cc1c(CC(N)=O)c2cc(OCCCC(=O)[O-])ccc2n1Cc1ccccc1
6v5l,NC(=O)[C@H]([NH2+]NC(=O)c1c[nH]c2ccccc12)c1ccccc1
3n7h,CCN(CC)C(=O)c1cccc(C)c1
2b4m,C[N+]1(C)CCC[C@H]1C(=O)[O-]
6am8,[NH3+][C@@H](Cc1c[nH]c2ccccc12)C(=O)[O-]
2alv,CCOC(=O)/C=C/[C@H](C[C@@H]1CCNC1=O)NC(=O)[C@H](CC=C(C)C)CC(=O)[C@@H](NC(=O)c1cc(C)on1)C(C)C
2k0g,Nc1ncnc2c1ncn2C1OC2COP(=O)(O)OC2C1O
4de3,O=C(Nc1cccc(-c2nn[nH]n2)c1)c1cccc(Br)c1
5znl,COc1cc2ncnc(N3CCOCC3)c2cc1OCCNc1nc2ccccc2s1
1kqb,O=C([O-])c1ccccc1
4c4n,O=C([O-])[C@@H]1O[C@@H](O)[C@H](OS(=O)(=O)[O-])[C@@H](O)[C@@H]1O[C@H]1O[C@H](COS(=O)(=O)[O-])[C@@H](O[C@@H]2O[C@@H](C(=O)[O-])[C@@H](O[C@H]3O[C@H](COS(=O)(=O)[O-])[C@@H](O[C@@H]4O[C@@H](C(=O)[O-])[C@@H](O[C@H]5O[C@H](COS(=O)(=O)[O-])[C@@H](O)[C@H](O)[C@H]5NS(=O)(=O)[O-])[C@H](O)[C@H]4OS(=O)(=O)[O-])[C@H](O)[C@H]3NS(=O)(=O)[O-])[C@H](O)[C@H]2OS(=O)(=O)[O-])[C@H](O)[C@H]1NS(=O)(=O)[O-]
4dhq,O=C(COc1ccccc1P(=O)(O)O)Nc1cccc(Cl)c1
1uvs,O=C(CNS(=O)(=O)C1CCCCC1)N[C@H](CCNc1ccncc1)C(=O)N1CCCCC1
4p0b,CSCC[C@H](NC(=O)[C@@H]([NH3+])CC(=O)[O-])C(=O)N[C@@H](Cc1ccc(O)cc1)C(=O)N[C@@H](C)C(=O)[O-]
2m3m,CC(C)[C@H](NC(=O)[C@H](CCC(N)=O)NC(=O)[C@@H](NC(=O)[C@H](CCC(=O)[O-])NC(=O)[C@H](CC(N)=O)NC(=O)[C@H](CCCNC(N)=[NH2+])NC(=O)[C@H](CCC(N)=O)NC(=O)[C@H](CCCNC(N)=[NH2+])NC(=O)[C@@H](NC(=O)[C@H](CCCNC(N)=[NH2+])NC(=O)[C@@H]1CC[C@H](O)[NH2+]1)[C@@H](C)O)[C@@H](C)O)C(=O)[O-]
5vwk,CC(C)C[C@H](NC(=O)[C@H](CC(N)=O)NC(=O)[C@@H](NC(=O)[C@H](CCC(=O)[O-])NC(=O)[C@H](CC(=O)[O-])NC(=O)[C@H](Cc1c[nH]c2ccccc12)NC(=O)[C@H](C)NC(=O)[C@@H]1CCC[NH2+]1)[C@@H](C)O)C(=O)[O-]
5huy,C[C@H]([NH3+])C(=O)N[C@H](C(=O)N[C@@H](CCCNC(N)=[NH2+])C(=O)N[C@@H](CCCC[NH3+])C(=O)N[C@@H](CCCNC(N)=[NH2+])C(=O)N1CCC[C@H]1C(=O)N[C@@H](CCCNC(N)=[NH2+])C(=O)N[C@@H](CCCNC(N)=[NH2+])C(=O)N[C@@H](C)C(=O)[O-])[C@@H](C)O
2w6t,[NH3+]CCCC[C@H](NC(=O)[C@H]([NH3+])CO)C(=O)NCC(=O)N[C@@H](CCC[N+](=O)C=O)C(=O)N[C@@H](CO)C(=O)N[C@H](CO)C(=O)NCC(=O)N[C@H]1CCCNC(=O)[C@H](CO)NC(=O)[C@@H](CCC[N+](=O)C=O)NC1=O
5v2p,CC[C@H](C)[C@H](NC(=O)[C@H](Cc1c[nH]c2ccccc12)NC(=O)[C@H](CC(=O)[O-])NC(=O)[C@H](CC(C)C)NC(=O)[C@H](Cc1ccc(O)cc1)NC(=O)CNC(=O)[C@H](CCCC[NH3+])NC(=O)[C@H](CC(C)C)NC(=O)[C@H](CC(=O)[O-])NC(=O)[C@@H]1CSCc2cccc(c2)CSC[C@H]([NH3+])C(=O)N[C@@H](CO)C(=O)N2CCC[C@H]2C(=O)N[C@@H](CC(C)C)C(=O)N[C@@H](CCC(=O)[O-])C(=O)N1)C(=O)N[C@H](C(=O)N[C@@H](CCC(N)=O)C(=O)N[C@@H](C)C(=O)N[C@@H](C)C(=O)[O-])[C@@H](C)O
4qw4,CC(C)C[C@H](NC(=O)[C@H](CCc1ccccc1)NC(=O)C[NH+]1CCOCC1)C(=O)N[C@@H](Cc1ccccc1)C(=O)N[C@@H](CC(C)C)[C@@H](O)[C@H](C)CO
5ncq,FC(F)(F)Oc1ccc2c3c([nH]c2c1)[C@@H]([NH2+]Cc1ccc(Br)cc1)CCC3
1o6r,C=CC[N@@H+](C)CCCCCCOc1ccc2c(-c3ccc(Br)cc3)coc2c1
2kvm,CC(C)C[C@H](NC(=O)[C@H](CCC(N)=O)NC(=O)[C@H](CCCC[NH3+])NC(=O)[C@H](CCCNC(N)=[NH2+])NC(=O)[C@@H]1CCCN1C(=O)[C@H](C)[NH3+])C(=O)N[C@@H](C)C(=O)N[C@H](C(=O)N[C@@H](CCCC[NH3+])C(=O)N[C@@H](C)C(=O)N[C@@H](C)C(=O)N[C@@H](CCCNC(N)=[NH2+])C(=O)N[C@@H](CCCC[NH+](C)C)C(=O)N[C@@H](CO)C(=O)N[C@@H](C)C(=O)N1CCC[C@H]1C(=O)[O-])[C@@H](C)O
1d6s,CSCCC(/N=C/c1c(COP(=O)(O)O)cnc(C)c1O)C(=O)O
5oae,CC(=O)N1CCC(Cc2ccc(F)cc2)CC1
1ct8,O=C(NC(CO)C(OP(=O)(O)Cc1ccc(NC(=O)C(F)(F)F)cc1)c1ccc([N+](=O)[O-])cc1)C(Cl)Cl
5gjd,C[NH+]1CCN(c2cccc3cc(NC(=O)Nc4ccc(Oc5ccnc6[nH]ccc56)cc4)ccc23)CC1
5etx,CCc1nc2ccc(OC)cc2nc1O[C@@H]1C[C@@H](C(=O)N[C@]2(C(=O)NS(=O)(=O)C3CC3)C[C@H]2CC)N(C(=O)[C@@H](NC(=O)OC(C)(C)C)C(C)(C)C)C1
6nad,COc1nc2ccc([C@](O)(c3ccnc(C(F)(F)F)c3)c3cnc(C)n3C)cc2c(Cl)c1C[N@H+]1CC[C@@H](C(F)(F)F)CC1
3rbq,CCCCCCCCCCCC(=O)NCC(=O)N[C@@H](C)C(=O)NCC(=O)N[C@@H](C)C(=O)N[C@@H](CO)C(=O)N[C@@H](C)C(=O)N[C@@H](CCC(=O)[O-])C(=O)[O-]
4lmn,O=C(c1ccc(F)c(F)c1Nc1ccc(I)cc1F)N1CC(O)([C@@H]2CCCC[NH2+]2)C1
2a4r,CC(C)COC(=O)N[C@H](C(=O)N[C@@H](CC1CC1)C(=O)N[C@@H](CC1CC1)[C@@H](O)C(=O)NCC(=O)N[C@H](C(=O)[O-])c1ccccc1)C1CCCCC1
6i0b,[NH3+][C@@H](Cc1c[nH]c2ccccc12)C(=O)NCCCCCCNc1c2c(nc3cc(Cl)ccc13)CCCC2
1cea,[NH3+]CCCCCC(=O)[O-]
3qo2,C[C@H]([NH3+])C(=O)N[C@@H](C)C(=O)N[C@H](C(=O)N[C@@H](CCCC[NH3+])C(=O)N[C@@H](CCC(N)=O)C(=O)N[C@H](C(=O)N[C@@H](C)C(=O)N[C@@H](CCCNC(N)=[NH2+])C(=O)N[C@@H](CCCC[N+](C)(C)C)C(=O)N[C@@H](CO)C(=O)N[C@H](C(=O)NCC(=O)NCC(=O)N[C@@H](CCCC[NH3+])C(=O)N[C@@H](C)C(=O)[O-])[C@@H](C)O)[C@@H](C)O)[C@@H](C)O
5yr5,CO[C@@H]1C(=O)CC[C@@](C)(O)[C@@]1(O)[C@@]1(C)O[C@@H]1CC=C(C)C
5kw2,COc1ccc(C(=O)N(CC(C)(C)C)c2cccc(C)n2)c(N2CCC(c3cc4ccc([C@@H](CC(=O)[O-])C5CC5)cc4o3)CC2)c1
5mgm,CC(=O)c1cccc(Oc2ncccn2)c1
6h4a,CO[C@H](C)[C@H](OC)c1c(NC(=O)Nc2cnc(-n3nccn3)c(Cl)c2)cnc2cc(Cl)nn12
5ixf,CC(C)C[C@H](NC(=O)[C@H](CO)NC(=O)[C@H](CCCNC(N)=[NH2+])NC(=O)[C@H](CC(=O)[O-])NC(=O)[C@@H](NC(=O)[C@@H](NC(=O)[C@@H]1CCCN1C(=O)[C@@H]1CCCN1C(=O)[C@H](CCCC[NH3+])NC(=O)[C@H](C)[NH3+])C(C)C)C(C)C)C(=O)N[C@@H](CCCC[NH3+])C(=O)N1CCC[C@H]1C(=O)NCC(=O)N[C@@H](C)C(=O)[O-]
4imq,CC(=O)NC[C@@H](C=O)NC(=O)[C@H](Cc1ccccc1)NC(=O)[C@H](CC(C)C)NC(=O)OCc1ccccc1
3qw6,NC(=[NH2+])NCCC[C@H]([NH3+])C(=O)N[C@@H](Cc1ccc(O)cc1)C(=O)NCC(=O)N[C@@H](CS)C(N)=O
2rt5,CC(C)CC(NC(=O)C(NC(=O)C(CCC(=O)O)NC(=O)C([NH3+])Cc1ccc(O)cc1)C(C)O)C(=O)NC(COP(=O)(O)O)C(=O)NC(CC(=O)O)C(=O)NC(COP(=O)(O)O)C(=O)NC(CCC(=O)O)C(=O)O
1d4t,CC[C@H](C)[C@H](NC(=O)[C@@H](NC(=O)[C@H](CC(C)C)NC(=O)[C@H](CO)NC(=O)[C@@H]([NH3+])CCCC[NH3+])[C@@H](C)O)C(=O)N[C@@H](Cc1ccc(O)cc1)C(=O)N[C@@H](C)C(=O)N[C@@H](CCC(N)=O)C(=O)N[C@H](C(=O)N[C@@H](CCC(N)=O)C(=O)N[C@@H](CCCC[NH3+])C(=O)[O-])C(C)C
4xbd,COC(=O)N[C@@H](CC1CCCCC1)C(=O)N[C@H](CO)C[C@@H]1CCNC1=O
4gvm,Cc1nc2ccc(Br)cc2c(-c2ccc(Cl)cc2)c1[C@H](OC(C)(C)C)C(=O)[O-]
1d7x,CO/N=C1\C[C@H](C(=O)NO)N(S(=O)(=O)c2ccc(OC)cc2)C1
5wb6,COC(=O)Nc1ccc2c(c1)NC(=O)CCc1nc(ccc1F)C[C@H](NC(=O)/C=C/c1cc(Cl)ccc1-n1cnnn1)c1nc-2c[nH]1
2qtr,Nc1ncnc2c1ncn2C1OC(COP(=O)(O)OP(=O)(O)OCC2OC(N3C=CC=C(C(=O)O)C3)C(O)C2O)C(O)C1O
4oty,Cc1ccc(Nc2c(F)cccc2Cl)c(CC(=O)[O-])c1
2h2g,CC(=O)NCCCC[C@H](NC(=O)[C@H](C)NC(=O)[C@@H]([NH3+])Cc1cnc[nH]1)C(=O)N[C@@H](CCCNC(N)=[NH2+])C(=O)N[C@H](C(=O)O)C(C)C
5j4v,c1ccc(Oc2ncccc2-c2nc3ccncc3s2)cc1
5wgd,CC[C@@H](C)[C@H](NC(=O)[C@H](CCCC[NH3+])NC(=O)[C@H](Cc1cnc[nH]1)NC(C)=O)C(=O)N[C@@H](CC(C)C)C(=O)N[C@@H](Cc1cnc[nH]1)C(=O)N[C@H]1C/C=C/CNC(=O)C[C@@H](C(=O)N[C@@H](CO)C(N)=O)NC(=O)[C@H](CCC(N)=O)NC(=O)[C@H](CC(C)C)NC(=O)[C@H](CC(C)C)NC1=O
4ec4,CC[C@H]([NH2+]C)C(=O)N[C@@H]1C(=O)N2[C@@H](CC[C@@H]1CO)CC[C@H]2C(=O)N[C@@H](c1ccccc1)c1cn(CCCCc2ccc(CCCCn3cc([C@@H](NC(=O)[C@@H]4CC[C@@H]5CC[C@H](CO)[C@H](NC(=O)[C@H](CC)[NH2+]C)C(=O)N54)c4ccccc4)nn3)cc2)nn1
5ey8,CCCCCCCCCCCCCOP(=O)(O)OCC1OC(n2cnc3c(N)ncnc32)C(O)C1O
1tve,CC(C)c1cc(Sc2ccc(O)c(C(C)C)c2)ccc1O
6coj,CC1CCC(=O)C(C(=O)SCCNC(=O)CCNC(=O)C(O)C(C)(C)COP(=O)(O)OP(=O)(O)OCC2OC(n3cnc4c(N)ncnc43)C(O)C2OP(=O)(O)O)C12CCC(=O)O2
2gpp,CC(C)c1ccc(/C=N/NC(=O)c2ccc(O)cc2)cc1
1d6n,O=c1[nH]cnc2c1N=NC2
2mnz,C[C@H]([NH3+])C(=O)N[C@@H](CCCNC(N)=[NH2+])C(=O)N[C@H](C(=O)N[C@@H](CCCC[NH3+])C(=O)N[C@@H](CCC(N)=O)C(=O)N[C@H](C(=O)N[C@@H](C)C(=O)N[C@@H](CCCNC(N)=[NH2+])C(=O)N[C@@H](CCCC[NH3+])C(=O)N[C@@H](CO)C(=O)[O-])[C@@H](C)O)[C@@H](C)O
5a3u,O=C([O-])c1ccc(N2N=CC(n3ccnn3)C2=O)nc1
1q6n,O=P(O)(O)C(F)(F)c1ccc(CC(C/C=C/c2ccccc2)(c2nc3ccccc3s2)n2nnc3ccccc32)cc1
4prd,CC(C)[C@H](NC(=O)[C@@H]1CCCN1C(=O)[C@@H]([NH3+])Cc1c[nH]cn1)C(=O)NCC(=O)N[C@@H](CC(=O)[O-])C(=O)N[C@@H](C)C(=O)N[C@@H](CC(=O)[O-])C(=O)N[C@@H](Cc1ccc(O)cc1)C(=O)N[C@@H](Cc1ccccc1)C(=O)N[C@@H](CCC(=O)[O-])C(=O)N[C@@H](Cc1ccc(O)cc1)C(=O)[O-]
5ulg,CCC[C@@H](CCO)COc1cccc([C@H](O)CC[NH3+])c1
2jup,CC[C@H](C)[C@H](NC(=O)[C@H](CC(C)C)NC(=O)[C@@H]1CCCN1C(=O)[C@@H]1CCCN1C(=O)C[NH3+])C(=O)N1CCC[C@H]1C(=O)N1CCC[C@H]1C(=O)N1CCC[C@H]1C(=O)N1CCC[C@H]1C(=O)[O-]
5gjg,CC(C)Oc1cc(C(=O)N2CC[NH+](C)CC2)ccc1NC(=O)c1csc(-c2cccc(C(=O)Nc3ccccc3)c2)n1
6oip,Cc1cccc(C(=O)NNS(=O)(=O)c2ccc3ccccc3c2)c1F
6u26,CC(C)(C)OC(=O)NC(NC(=O)OC(C)(C)C)=[NH+]CCC[C@H](NC(=O)OC(C)(C)C)C(=O)NCCOCCOc1cc2c(cc1Oc1ccc(-c3ccc(C(=O)[O-])cc3)c(F)c1)[C@@](C)(CC(=O)Nc1nccs1)[NH2+]CC2
4iku,Cc1nc(-c2ccccn2)nc(N[C@H](Cc2ccccc2)C(N)=O)c1Cl
2wl4,CC(C)(COP(=O)(O)OP(=O)(O)OCC1OC(n2cnc3c(N)ncnc32)C(O)C1OP(=O)(O)O)C(O)C(=O)NCCC(=O)NCCS
3nf7,O=C([O-])c1c(CN2C(=O)Cc3cc(Cl)ccc32)ccc2c1OCO2
5jmp,CN(O)C(=O)CC(CCCc1cccc(F)c1)CP(=O)(O)O
1fv9,Nc1nc2ccc(O)cc2[nH]1
4m5k,Cc1cccc(C(=O)CSc2nc3nc(N)[nH]c(=O)c3[nH]2)c1
6ds0,COc1ccc(C[C@@H]2[NH2+]CCc3c2[nH]c2ccc(C)cc32)c(Cl)c1OC
4pli,C[N+](C)(C)CCCC[C@H]([NH3+])C(=O)[O-]
5fnq,O=C([O-])CCc1ccc(Cl)cc1
5agu,CC(=O)N(C)[C@H](C(=O)N1C[C@H](C)C[C@H]1C(=O)N(C)[C@@H]1C(=O)N[C@@H](CC(C)C)C(=O)N2C[C@H](C)C[C@H]2C(=O)N[C@@H](CC(C)C)C(=O)N(C)[C@@H](C(C)C)C(=O)N2CCC[C@H]2C(=O)N(C)[C@H](CC(C)C)C(=O)NCC(=O)O[C@@H]1C)C(C)C
2y2n,C[C@@H](NC(=O)c1ccccc1Cc1ccccc1)B(O)O
2k3w,CC[C@H](C)[C@H]([NH3+])C(=O)N[C@@H](CCC(=O)[O-])C(=O)N[C@@H](CC(C)C)C(=O)N1CCC[C@H]1C(=O)N[C@@H](CCC(=O)[O-])C(=O)N[C@H](C(=O)N1CCC[C@H]1C(=O)N[C@@H](CO)C(=O)N[C@@H](CCC(=O)[O-])C(=O)N1CCC[C@H]1C(=O)N[C@@H](CC(C)C)C(=O)N1CCC[C@H]1C(=O)O)C(C)C
1h3a,C=CC[N@@H+](C)C/C=C/COc1cc2c(cc1F)c(-c1ccc(Br)cc1)nn2C
5hkh,CC[C@H](C)[C@H](NC(=O)CNC(=O)[C@H](Cc1c[nH]c2ccccc12)NC(=O)[C@H](CCC(=O)[O-])NC(=O)[C@H](CC(N)=O)NC(=O)[C@@H]([NH3+])CC(=O)[O-])C(=O)N[C@@H](CCC(=O)[O-])C(=O)N[C@@H](CC(C)C)C(=O)N[C@H](C(=O)[O-])C(C)C
6g5j,C[C@H](CC(=O)[O-])c1cccc(-n2c(C(N)=O)cc3ccc(OC(F)(F)F)cc32)c1
1inc,CC(C)[C@H](NC(=O)OC(C)(C)C)C(=O)Nc1cccc(Cl)c1C=O
3t2c,O=P(O)(O)OC/C=C/O
4j0a,Cc1ccc(S(=O)(=O)Nc2cc(Oc3ccccc3)ccc2C(=O)[O-])cc1
3mbl,CC(=O)c1cc(C(=O)NOCCO)c(Nc2ccc(I)cc2F)n1C
6poh,CCCCOc1ccc2c(CC(=O)[O-])coc2c1
3bim,CC[C@H](C)[C@H](NC(=O)[C@H](CCC(=O)[O-])NC(=O)[C@H](CO)NC(=O)[C@@H]([NH3+])CCCNC(N)=[NH2+])C(=O)N[C@H](C(=O)N[C@@H](CO)C(=O)N[C@H](C(=O)N[C@@H](C)C(=O)N1CC=C[C@H]1C(=O)N[C@@H](CO)C(=O)N[C@@H](CO)C(=O)N[C@@H](Cc1c[nH]c2ccccc12)C(=O)N[C@H](C(=O)N[C@H](C(=O)N1CCC[C@H]1C(=O)NCC(=O)N1CCC[C@H]1C(=O)[O-])C(C)C)C(C)C)[C@@H](C)O)[C@@H](C)CC
4ctk,Nc1csc2nccnc12
3met,C[C@H]([NH3+])C(=O)N[C@@H](CCCNC(N)=[NH2+])C(=O)N[C@H](C(=O)N[C@@H](CCCC[N+](C)C)C(=O)N[C@@H](C)C(=O)N[C@H](C(=O)N[C@@H](C)C(=O)N[C@@H](CCCNC(N)=[NH2+])C(=O)[O-])[C@@H](C)O)[C@@H](C)O
3e7b,CO[C@@H]([C@H](O)CC(=O)[C@@H](C)[C@@H](O)CC[C@@H](C)[C@@H]1O[C@@]2(CC[C@@H]1C)CC[C@@H](C)[C@H](CC[C@H](C)C(C)=O)O2)[C@H](OC(=O)C[C@@H](O)/C(C(=O)[O-])=C(\C)C(=O)[O-])C(C)C
2wo8,O=C([O-])C[C@@H](O)CCc1ccc(-c2ccccc2)cc1
5ehi,Nc1cc(Cl)ccc1NC(=O)Nc1cccc(S(=O)(=O)Nc2ccc(C(=O)[O-])cc2)c1
6co4,CC[C@H](C)[C@H](NC(=O)[C@H](Cc1ccc(O)cc1)NC(=O)[C@H](CCC(=O)[O-])NC(=O)[C@H](Cc1ccccc1)NC(=O)[C@@H]1CCCN1C(=O)[C@H](CCC(=O)[O-])NC(=O)[C@@H]1CCCN1C(=O)[C@@H]1CCCN1C(=O)[C@H](CCC(=O)[O-])NC(=O)[C@@H]1CCCN1C(=O)[C@H](CCC(=O)[O-])NC(=O)[C@@H]([NH3+])CCC(N)=O)C(=O)N[C@@H](CC(=O)[O-])C(=O)N[C@@H](CC(=O)[O-])C(=O)[O-]
5l26,O=c1ccn([C@@H]2O[C@H](CO)[C@@H](O)[C@H]2O)c(=O)[nH]1
3lxo,Cc1cn(C2CC(OP(=O)(O)O)C(CO)O2)c(=O)[nH]c1=O
6f6n,C[NH2+][C@H]1CC[C@@H](c2ccc(Cl)c(Cl)c2)c2ccccc21
3wt5,C=C1[C@H](O)CC(=C/C=C2\CCC[C@@]3(C)[C@H]2CC[C@@H]3[C@H](C)[C@H](CCCC)CCC(C)(C)O)C[C@H]1O
5bnm,O=S(=O)(NCc1ccc(-c2cccc(CO)c2)cc1)c1ccccc1
6mlf,O=P(O)(O)OC1OC(CF)C(O)C(O)C1O
2k2r,CC(C)C[C@H](NC(=O)[C@@H]([NH3+])CC(=O)[O-])C(=O)N[C@@H](CC(=O)[O-])C(=O)N[C@@H](C)C(=O)N[C@@H](CC(C)C)C(=O)N[C@@H](CC(C)C)C(=O)N[C@@H](C)C(=O)N[C@@H](CC(=O)[O-])C(=O)N[C@@H](CC(C)C)C(=O)N[C@@H](CCC(=O)[O-])C(=O)[O-]
5kit,CC(C)(C)OC(=O)N1CCC2(CC1)C[C@@H]2CNC(=O)n1cc2ccncc2c1
5lu2,CC(C)CC(NC(=O)C1CCCN1C(=O)C(C)NC(=O)C(COP(=O)(O)O)NC(=O)C(C)NC(=O)C(CCCNC(=N)N)NC(=O)C([NH3+])CCCNC(=N)N)C(=O)N1CCCC1C(=O)O
6n5h,O=C(N[C@H]1CC[C@H](Oc2ccc(C(=O)[O-])cc2)CC1)N[C@]12C[C@H]3C[C@H](C[C@H](C3)C1)C2
4qt2,CO[C@H]1C[C@@H]2CC[C@@H](C)[C@@](O)(O2)C(=O)C(=O)N2CCCC[C@H]2C(=O)O[C@H]([C@H](C)C[C@@H]2CC[C@@H](O)[C@H](OC)C2)CC(=O)[C@H](C)C[C@@H](C)[C@@H](O)[C@@H](OC)C(=O)[C@H](C)C[C@H](C)/C=C/C=C/C[C@H]1C
5u7o,COc1cnc(-n2cnc(C)n2)c2[nH]cc(C(=O)C(=O)N3CCN(C(=O)c4ccccc4)CC3)c12
5ohi,O=C(NC[C@H]1[C@@H]2CN(C(=O)OCc3cc(C(F)(F)F)cc(C(F)(F)F)c3)C[C@H]12)c1ccc2[nH]nnc2c1
3n49,O=C([O-])Cc1csc2ccc3ccccc3c12
4eb9,CC[C@H]([NH2+]C)C(=O)N[C@@H]1C(=O)N2[C@@H](CC[C@@H]1CO)CC[C@H]2C(=O)N[C@@H](c1ccccc1)c1cn(CCCCc2ccc(CCCCn3cc([C@@H](NC(=O)[C@@H]4CC[C@@H]5CC[C@H](CO)[C@H](NC(=O)[C@H](CC)[NH2+]C)C(=O)N54)c4ccccc4)nn3)cc2)nn1
4j8b,CC(C)C[C@H]([NH3+])C(=O)N[C@@H](CCCC[NH3+])C(=O)N[C@H](C(=O)N[C@@H](CCCC[NH3+])C(=O)N[C@@H](CC(C)C)C(=O)N[C@@H](CC(C)C)C(=O)[O-])[C@@H](C)O
5k5s,[NH3+][C@@H](Cc1c[nH]c2ccccc12)C(=O)[O-]
3run,C[NH2+][C@H](CC(C)C)C(=O)N[C@H]1C(=O)N[C@@H](CC(N)=O)C(=O)N[C@H]2C(=O)N[C@H]3C(=O)N[C@H](C(=O)N[C@H](C(=O)[O-])c4cc(O)cc(O)c4-c4cc3ccc4O)[C@H](O)c3ccc(c(Cl)c3)Oc3cc2cc(c3O)Oc2ccc(cc2Cl)[C@H]1O
5e7r,CC(=O)Nc1ccccc1Oc1nc(Nc2ccc(N3CC[NH+](C)CC3)cc2)ncc1Cl
3zcw,COc1ccc(Nc2nc3cc(C(=O)[O-])ccc3n2Cc2ccccc2C(F)(F)F)cc1F
1ok7,CC(C)C[C@H](NC(=O)CNC(=O)[C@H](CC(C)C)NC(=O)[C@@H](NC(=O)[C@H](CC(C)C)NC(=O)[C@H](CCC(N)=O)NC(=O)[C@@H]([NH3+])CCCNC(N)=[NH2+])C(C)C)C(=O)[O-]
6fod,C=C1/C(=C\C=C(/CC)c2cccc(CCCCCC(C)(C)O)c2)C[C@@H](O)C[C@@H]1O
5t4u,Cn1c(=O)ccc2ccccc21
1n7j,Ic1ccc2c(c1)C[NH2+]CC2
4n9d,CC(C)(C)c1ccc(S(=O)(=O)NCc2ccc(C(=O)Nc3cccnc3)cc2)cc1
4k3l,CC(=O)N[C@@H](CC(C)C)C(=O)N[C@@H](Cc1ccccc1)C(=O)[O-]
3q8d,CC[C@H](C)[C@H]([NH3+])C(=O)N1CCC[C@H]1C(=O)N[C@@H](Cc1ccccc1)C(=O)[O-]
4gtt,COc1ccc(S(=O)(=O)N2Cc3cc(C#N)ccc3N(Cc3cncn3C)C[C@H]2Cc2ccc(OC(=O)NCc3ccccc3)cc2)cc1
6fdt,CC[C@H](C)[C@H](NC(=O)[C@@H](NC(=O)[C@@H]1CCCN1C(=O)CNC(=O)[C@@H]([NH3+])CO)[C@@H](C)O)C(=O)N[C@@H](CCC(=O)[O-])C(=O)N[C@@H](CCC(=O)[O-])C(=O)N[C@H](C(=O)N[C@@H](CC(=O)[O-])C(=O)[O-])C(C)C
5n16,O=C1c2ccccc2Sc2cc(-c3noc(-c4cnccn4)n3)ccc2N1C1CC1
5ne1,[NH3+]Cc1ccc(C(=O)N[C@H]2Cc3cccc(C(=O)[O-])c3OB2O)cc1
3g8o,C[C@@H](C(=O)N(C)C)N(CC(F)(F)F)c1ccc(C#N)c(C(F)(F)F)c1
1ida,CC(C)[C@H](NC(=O)c1ccc2ccccc2n1)C(=O)N[C@@H](Cc1ccccc1)[C@H](O)C[N@@H+]1CC[C@@H](SCc2cccnc2)C[C@H]1C(=O)NC(C)(C)C
4j8g,CC[C@H](C)[C@H](NC(=O)[C@H](Cc1ccccc1)NC(=O)[C@H](CO)NC(=O)[C@H](C)NC(=O)[C@H](C)[NH3+])C(=O)N[C@@H](CC(=O)[O-])C(=O)N[C@@H](C)C(=O)N[C@@H](CCCC[NH3+])C(=O)N[C@@H](CCCC[NH3+])C(=O)N[C@@H](CCSC)C(=O)N1CCC[C@H]1C(=O)[O-]
3c14,O=P(O)(O)OP(=O)(O)O
3ti4,CO[C@H]([C@H](O)COC=O)[C@@H]1O[C@H](C(=O)[O-])C[C@H](NC(N)=[NH2+])[C@H]1NC(C)=O
4qc1,CC(=O)NCCCC[C@H](NC(=O)CNC(=O)C[NH3+])C(=O)N[C@@H](C)C(=O)N1CCC[C@H]1C(=O)N[C@@H](CCCNC(N)=[NH2+])C(=O)N[C@@H](CCCC[NH3+])C(=O)N[C@@H](CCC(N)=O)C(=O)[O-]
6cfd,CCCC/C=C/C(=O)N[C@@H](Cc1cc(F)cc(F)c1)C(=O)N[C@H]1COC(=O)[C@@H]2C[C@@H](C)CN2C(=O)C(C)NC(=O)[C@@H]2CCCCN2C(=O)[C@@H]2CCCN2C1=O
2f4b,CCCc1c(OCCCOc2ccc3c(ccn3CC(=O)[O-])c2)ccc2cc(C(=O)c3ccccc3)ccc12
3pr0,O[C@@H](CCCCCCc1ccccc1)c1nnc(-c2ccccn2)o1
5gub,CC(=O)N[C@H]1[C@H](O)O[C@H](CO)[C@H](O)[C@@H]1O[C@@H]1OC(C(=O)[O-])=C[C@H](O)[C@H]1O
3rse,[NH3+][C@@H](CCC(=O)[O-])C(=O)N[C@@H](Cc1c[nH]c2ccccc12)C(=O)N[C@@H](CCC(=O)[O-])C(=O)[O-]
6qyl,CCc1sc2ncnc(N[C@H](Cc3ccccc3)C(=O)[O-])c2c1-c1cccc2[nH]ccc12
5zjy,CC(=O)N[C@@H](CCCC[NH3+])C(=O)N[C@@H](CCCC[NH3+])C(=O)N[C@@H](CCCNC(N)=[NH2+])C(=O)N[C@@H](Cc1ccc(O)cc1)C(=O)N[C@@H](CO)C(=O)N[C@@H](CCCNC(N)=[NH2+])C(=O)N[C@]1(C)CCC/C=C\CCC[C@](C)(C(=O)N[C@@H](Cc2ccccc2)C(N)=O)NC(=O)[C@H](CC(C)C)NC(=O)[C@H](CC(C)C)NC(=O)[C@H](CCC(N)=O)NC1=O
6bsl,CCCCC[C@@H](C(=O)NCNC(=O)c1ccc(-c2ccc(C(=O)N[C@@H](CC(=O)[O-])C(=O)[O-])c(OCC)c2)o1)[C@@H](CC)N(O)C=O
4o36,CSCC[C@H](NC(=O)[C@H](Cc1c[nH]cn1)NC(=O)[C@H](Cc1cnc[nH]1)NC(=O)[C@H](CCC(N)=O)NC(=O)[C@H](CCC(=O)[O-])NC(=O)[C@H](Cc1ccccc1)NC(=O)[C@H](Cc1c[nH]cn1)NC(=O)[C@H](C)NC(=O)[C@H](C)NC(=O)[C@H](C)NC(=O)[C@@H](NC(=O)[C@@H]([NH3+])CCC(=O)[O-])[C@@H](C)O)C(=O)N[C@@H](CC(=O)[O-])C(=O)N[C@@H](CO)C(=O)[O-]
4yh4,O=C1CN(C(=O)c2cncc(-c3ccccc3)c2)c2ccccc2N1
5j47,c1ccc(Oc2ccccc2-c2n[n+]3cn[nH]c3s2)cc1
6g6w,Cc1ccn2nc([C@H](C)Nc3ncnc4[nH]cc(-c5cc(O)cc(NS(C)(=O)=O)c5)c34)n(-c3ccccc3)c(=O)c12
5u62,Nc1ncc2n1C[C@H](Cc1cccc3c1OCO3)CC2
4z8m,C[C@H]([NH3+])C(=O)NCC(=O)N1CCC[C@H]1C(=O)N[C@@H](C)C(=O)N[C@@H](CCC(=O)[O-])C(=O)N[C@@H](CC(N)=O)C(=O)N[C@@H](CCC(=O)[O-])C(=O)N[C@@H](Cc1ccc(O)cc1)C(=O)N[C@@H](CCCC[NH3+])C(=O)[O-]
1rt1,CCOCn1c(Cc2ccccc2)c(C(C)C)c(=O)[nH]c1=O
4mx1,[NH2+]=c1[nH]c(=O)c2ncc(C(=O)NCCNC(=O)Nc3ccccc3)nc2[nH]1
6afa,O=C1Nc2ccccc2[C@@H]1O
1c29,O=P(O)(O)/C=C/CCSc1ccccc1O
5ijj,O=P(O)(O)OC1C(OP(=O)(O)O)C(OP(=O)(O)O)C(OP(=O)(O)O)C(OP(=O)(O)O)C1OP(=O)(O)O
1r6n,Cc1ccc2c(c1)C(=O)[C@]1(O[C@@H](c3ccc(Cl)c(Cl)c3)[C@@H](C(=O)Nc3ccc(-c4csnn4)cc3)[C@H]1C(=O)[O-])C2=O
4n5t,CC(=O)N[C@@H](CC(C)C)C(=O)N[C@H](C(=O)N[C@@H](Cc1ccccc1)C(=O)N[C@]1(C)CCCCCC/C=C/CCC[C@@](C)(C(=O)N[C@@H](CO)C(=O)N[C@@H](C)C(=O)N[C@@H](C)C(=O)[O-])NC(=O)[C@H](CC2CCC2)NC(=O)[C@H](CCC(N)=O)NC(=O)[C@H](C)NC(=O)[C@H](Cc2c[nH]c3ccccc23)NC(=O)[C@H](Cc2ccc(O)cc2)NC(=O)[C@H](CCC(=O)[O-])NC1=O)[C@@H](C)O
2xwy,C[N+](C)CC[N+](C)[C@H]1COc2ccccc2-c2c(C3CCCCC3)c3ccc(C(=O)[O-])cc3n2C1
4ciy,O=C([O-])[C@]1(O)C=C([C@H](O)Cc2ccccc2)[C@@H](O)[C@H](O)C1
1jbd,CC(C)C[C@H](NC(=O)[C@H](CO)NC(=O)[C@H](CO)NC(=O)[C@H](CCC(=O)O)NC(=O)[C@H](Cc1ccc(O)cc1)NC(=O)[C@H](Cc1ccc(O)cc1)NC(=O)[C@H](CCCNC(N)=[NH2+])NC(=O)[C@@H]([NH3+])Cc1c[nH]cn1)C(=O)N[C@@H](CCC(=O)O)C(=O)N1CCC[C@H]1C(=O)N[C@@H](Cc1c[nH]c2ccccc12)C(=O)N[C@@H](Cc1ccc(O)cc1)C(=O)N1CCC[C@H]1C(=O)N[C@@H](CC(=O)[O-])C(=O)O
3tic,CC(=O)N[C@@H]1[C@@H](NC(N)=[NH2+])C[C@H](C(=O)[O-])O[C@H]1[C@H](O)[C@H](O)CO
3t19,[NH3+]Cc1cc(Cl)cc(Oc2c(Cl)ccc3c2nnn3Cc2[nH]nc3ncccc23)c1Cl
1toj,O=C([O-])CCc1ccccc1
3qio,O=C1Nc2ccc(S(=O)(=O)c3ccccc3)cc2C(=O)[N+]1=O
3fmq,C=CC(=O)O[C@@H]1CC[C@@](C)(O)[C@@H]([C@@]2(C)O[C@@H]2CC=C(C)C)[C@@H]1OC
3o6t,O=C1C=C[C@](O)(c2nc3ccccc3s2)CC1
3ejs,CC(C)(C)c1ccc(CC[C@H]2CC[C@@H](O)[C@@H]3[C@H](O)[C@H](O)C[N@@H+]23)cc1
6qfv,CC1=C(C)[C@]2(C)C3(C)[C@]1(C)[Ir+7]321([ClH+])[n+]2ccccc2C(=O)[N@@H+]1CCc1ccc(S(N)(=O)=O)cc1
4ob2,CCCCB([OH2+])[OH2+]
5ul6,CC(=O)N[C@@H](Cc1ccc(O)cc1)C(=O)NCC(=O)N[C@@H](CCCNC(N)=[NH2+])C(=O)N1CCC[C@H]1C(=O)N1CCC[C@H]1C(=O)N[C@@H](CC(C)C)C(=O)N1CCC[C@H]1C(=O)N1CCC[C@H]1C(=O)N[C@@H](CCCC[NH3+])C(=O)N[C@@H](CCC(N)=O)C(=O)N[C@@H](CCCC[NH3+])C(=O)N[C@@H](CCCNC(N)=[NH2+])C(=O)N[C@@H](CCCC[NH3+])C(N)=O
3fr5,NC(=O)c1cccc(Cn2c3c(c4cccc(C(=O)[O-])c42)CCCCC3)c1
3avn,CC[C@H](C)[C@@H]1NC(=O)[C@H](CCCC[NH3+])NC(=O)[C@H](Cc2c[nH]cn2)NC(=O)[C@H](CO)NC(=O)[C@H](CC(=O)[O-])NC(=O)[C@H](CC(C)C)NC(=O)[C@H](CC(N)=O)NC(=O)[C@H](CC(=O)[O-])NC1=O
2x85,CC(=O)N[C@H]1[C@H](O[C@H]2[C@@H](O[C@H]3O[C@H](CO[C@@H]4O[C@@H](C)[C@H](O)[C@@H](O)[C@H]4O)[C@@H](O)[C@H](O)[C@H]3O)[C@@H](CO)O[C@H](O[C@H]3[C@H](O)[C@@H](CO[C@H]4O[C@H](CO)[C@@H](O)[C@H](O)[C@H]4O)O[C@@H](O)[C@@H]3NC(C)=O)[C@@H]2O)O[C@H](CO)[C@@H](O)[C@@H]1O
1wv7,CCCOc1ccc2[nH]cc(C[C@@H](NS(=O)(=O)CC)C(=O)N[C@@H](CCC(N)=O)C(=O)NCc3ccc(C(N)=[NH2+])cc3)c2c1
5zdp,CC(C)=CCC/C(C)=C/CC/C(C)=C/Cc1c(O)c2ccccc2oc1=O
3fmr,C=NC(=O)O[C@@H]1CC[C@@](C)(O)[C@@H]([C@@]2(C)O[C@@H]2CC=C(C)C)[C@@H]1OC
4lp9,CC(C)C[C@H](NC(=O)[C@@H]([NH3+])CO)C(=O)N[C@@H](Cc1ccccc1)C(=O)N[C@@H](Cc1cnc[nH]1)C(=O)N[C@H](C[NH2+][C@@H](Cc1ccc(O)cc1)C(=O)N[C@H](C(=O)N1CCC[C@H]1C(=O)[O-])[C@@H](C)O)Cc1ccccc1
3k5k,COc1cc2c(NC3CC[N+](C)CC3)nc(N3CCC[N+](C)CC3)nc2cc1OCCC[N+](C)C
1c85,O=C([O-])C(=O)Nc1ccccc1C(=O)[O-]
4m5l,Cc1ccccc1C(=O)CSc1nc2nc(N)[nH]c(=O)c2[nH]1
4yl0,N#Cc1cccc(C#N)c1-c1nc2c3ccc(Cl)cc3c3ccccc3c2[nH]1
6qgj,COc1cc2c(cc1[C@H](C[NH+]1CCCC1)c1ccc(-c3ccc(C(=O)NS(=O)(=O)c4ccc(N[C@H](CC[NH+]5CCOCC5)CSc5ccccc5)c(S(=O)(=O)C(F)(F)F)c4)cc3)cc1)OCO2
5jal,O=C(c1cccc(F)c1)N1CC=CC1
6g4z,CN1CC[C@@](O)(C#Cc2ccnc(-n3nc(C(N)=O)c4cc(F)ccc43)c2)C1=O
4c1c,C[C@H](CS)C(=O)N1CCC[C@@H]1C(=O)[O-]
5zxi,Cc1cnc(-c2ccc(-c3ccco3)cc2)n1Cc1ccccc1OCCCCCC(=O)[O-]
6c3u,O=c1[nH]n2cc(-c3[nH]ncc3[N+](=O)[O-])cnc2c1Br
6gu6,CCc1cnn2c(NCc3ccc[n+]([O-])c3)cc(N3CCCCC3CCO)nc12
4j2c,CSCC[C@H](NC(=O)CNC(=O)[C@H](Cc1c[nH]cn1)NC(=O)[C@H](C)[NH3+])C(=O)N[C@@H](CC(C)C)C(=O)N[C@@H](CCCC[NH3+])C(=O)N[C@@H](CC(C)C)C(=O)N[C@@H](Cc1ccc(O)cc1)C(=O)N[C@@H](Cc1ccc(O)cc1)C(=O)NCC(=O)N[C@@H](CC(C)C)C(=O)N[C@@H](CO)C(=O)[O-]
4gtr,CCN(CC)C(=O)Oc1ccc(C[C@@H]2CN(Cc3cncn3C)c3ccc(C#N)cc3CN2S(=O)(=O)c2ccc(OC)cc2)cc1
2wzx,O=C[C@@H]1[C@H](NS(=O)(=O)[O-])CCN1C(=O)N[C@H]1CCC[NH2+]CC1
4oya,Nc1nonc1C(=O)c1cccc(OCc2nc3ccccc3[nH]2)c1
6b95,O=C(CS)Nc1cc(-c2ccc(F)cc2F)ccc1O
6bix,CC(C)[C@H](NC(=O)[C@@H](NC(=O)[C@@H]([NH3+])CCC(=O)[O-])[C@@H](C)O)C(=O)N[C@@H](CS)C(=O)N1CCC[C@H]1C(=O)N[C@@H](CCCNC(N)=O)C(=O)N[C@H](C(=O)N[C@H](C(=O)N[C@@H](CCC(N)=O)C(=O)N[C@@H](CCC(N)=O)C(=O)N[C@@H](CO)C(=O)N1CCC[C@H]1C(=O)N[C@@H](CCC(=O)[O-])C(=O)[O-])[C@@H](C)O)[C@@H](C)O
6mum,CCn1ncc(-c2nc3c(O[C@H]4CCN(C(=O)C5CCOCC5)C4)ncnc3n2C)c1C
3ckt,CC(C)=CCN([C@H]1C[NH2+]C[C@@H]1N(CC=C(C)C)S(=O)(=O)c1ccc(C(N)=O)cc1)S(=O)(=O)c1ccc(C(N)=O)cc1
1i72,C[N@@H+](CCO[NH3+])C[C@H]1O[C@@H](n2cnc3c(N)ncnc32)[C@H](O)[C@@H]1O
6c0r,Cc1cc(/C=C/C#N)cc(C)c1Oc1nc(N[C@H]2CC[N@H+](Cc3ccc(S(N)(=O)=O)cc3)CC2)nc2ccsc12
2v0z,COCCCOc1cc(C[C@@H](C[C@H]([NH3+])[C@@H](O)C[C@H](C(=O)NCC(C)(C)C(N)=O)C(C)C)C(C)C)ccc1OC
1o4i,O=P(O)(OCC1CCCCC1)Oc1ccccc1CO
6rnu,O=C([O-])c1ccc(-c2ccc(F)cc2)c([SH](=O)=O)c1
2ga2,O=C([O-])c1cc(Br)ccc1NS(=O)(=O)c1ccc(Cl)cc1
2mov,C[C@H]1N/C(=[NH+]/CCC[C@H]([NH3+])C(=O)[O-])N[C@H]1O
6gqm,COCCOc1cc(F)c2c(Nc3ccc(NC(=O)Cn4cc(C(C)C)nn4)cc3)ncnc2c1
2w6p,Cc1c(-c2ccccc2)ccc2nc(N)nc(N)c12
5wbp,O=c1[nH]c2ccccc2nc1C(F)(F)F
5alw,Cc1ccc(SCC(=O)c2ccc3c(c2)CC(=O)N3)cc1
1uys,C[C@@H](Oc1ccc(Oc2ncc(C(F)(F)F)cc2Cl)cc1)C(=O)[O-]
6eu6,CCCCCCCO[C@H]1O[C@H](CO)[C@H](O[C@H]2O[C@H](CO)[C@@H](O)[C@H](O)[C@H]2O)[C@H](O)[C@H]1O
6cv8,O=P(O)(O)OC1C(O)C(O)C(OP(=O)(O)O)C(OP(=O)(O)O)C1O
2cmf,c1ccc2c(NCCCCCNc3c4c(nc5ccccc35)CCCC4)c3c(nc2c1)CCCC3
4c16,C[C@@H]1O[C@@H](O[C@@H]2[C@@H](C)CCC[C@H]2O[C@@H]2O[C@H](CO)[C@H](O)[C@H](O[C@@H](CC3CCCCC3)C(=O)[O-])[C@H]2O)[C@@H](O)[C@H](O)[C@@H]1O
2r05,CC(C)C[C@@H](CO)NC(=O)[C@H](CO)NC(=O)[C@H](CCCNC(N)=[NH2+])NC(=O)[C@H](CC(C)C)NC(=O)[C@H](CO)NC(=O)[C@H](C)NC(=O)[C@H](CC(C)C)NC(=O)[C@@H]1CCCN1C(=O)[C@H](Cc1ccc(O)cc1)NC(=O)[C@H](CC(C)C)NC(=O)[C@@H]([NH3+])CCC(=O)[O-]
6s1s,O=C([O-])/C=C/c1cccc(B([OH2+])[OH2+])c1
3kqa,C=C1C(O)=C(O)C[C@H](O)C1O
2n06,COc1cccc([C@@H]2N=C(c3ccc(OC)cc3OC(C)C)N(C(=O)N3CCNC(=O)C3)[C@@H]2c2ccc(Cl)cc2)c1
2bve,CCC(=O)N[C@@H]1[C@@H](O)C[C@](OCc2ccccc2)(C(=O)[O-])O[C@H]1[C@H](O)[C@H](O)CO
5jah,CN1C(=O)NC(=O)C1(C)C
5vqx,CC(=O)N(C)c1cc(Oc2ccccc2OCCn2ccc(=O)[nH]c2=O)c(C)c2cc(C#N)ccc12
6me4,COc1ccc2[nH]c(I)c(CCNC(C)=O)c2c1
5prc,CCNc1nc(Cl)nc(NC(C)C)n1
5a8x,CCOC(=O)C1=C(C)N(c2cccc(C(F)(F)F)c2)c2nccn2[C@@H]1c1ccc(C#N)cc1
5vio,CNC(=O)c1ccc(OC)c(C(=O)Nc2cccc(-c3nncn3C(C)C)n2)c1
6md4,CN(CCOc1ccc(C[C@@H]2SC(=O)NC2=O)cc1)c1ccccn1
4ca4,CCCCCCCO[C@H]1O[C@H](CO)[C@@H](O)[C@H](O)[C@@H]1O
1tl3,CC(C)c1c(OC2CCCCC2)c2cc(Cl)ccc2[nH]c1=O
5zk8,C[N+]1(C)[C@H]2C[C@H](OC(=O)[C@H](CO)c3ccccc3)C[C@@H]1[C@H]1O[C@@H]21
6ps1,CC(C)(C)[NH2+]C[C@H](O)COc1nsnc1N1CCOCC1
2qju,C[NH2+]CCCN1c2ccccc2CCc2ccccc21
5v37,[NH3+][C@H]1CC[C@H](S(=O)(=O)N2[C@H]3CC[C@@H]2C[C@H](NC(=O)c2cc(C4CC4)on2)C3)CC1
1my8,O=C(Cc1cccs1)N[C@H](B(O)O)c1ccccc1
6hcv,O=C(NCC1(O)CCCCC1)c1cc(=O)c2cc(F)ccc2o1
2hfp,COc1ccc(-c2c(C(=O)NS(=O)(=O)c3ccccc3)n(Cc3cccc(C(F)(F)F)c3)c3ccccc23)cc1
6do3,CSCC[C@H](NC(=O)[C@@H]1CCCN1C(=O)[C@@H]1CCCN1C(=O)[C@@H]1CCC[NH2+]1)C(=O)N[C@@H](C)C(=O)NCC(=O)NCC(=O)[O-]
4ge2,CC(=O)NC(Cc1ccc(C(F)(F)P(=O)(O)O)cc1)C(=O)NC(CCCNC(=O)c1cccc(I)c1)C(N)=O
1l0a,CC[C@H](C)[C@H](NC(=O)[C@@H]1CCCN1C(=O)[C@@H](NC(=O)[C@@H]([NH3+])CO)C(C)C)C(=O)N[C@@H](CCC(N)=O)C(=O)N[C@@H](CS)C(=O)N[C@H](C(=O)N[C@@H](CC(=O)[O-])C(=O)N[C@@H](CCCC[NH3+])C(=O)N[C@H](C(=O)N[C@@H](CC(=O)[O-])C(=O)N[C@@H](CCCC[NH3+])C(=O)N[C@@H](CCC(N)=O)C(=O)N[C@@H](CCC(=O)[O-])C(=O)N[C@@H](C)C(=O)N[C@@H](CC(C)C)C(=O)N[C@@H](Cc1ccccc1)C(=O)N[C@@H](CCCC[NH3+])C(=O)[O-])[C@@H](C)O)[C@@H](C)O
5qar,CC(=O)NCCc1cccc(-c2cccc(C(=O)[O-])c2)c1
4wzv,COc1ccc(-c2ccc(S(=O)(=O)N(OC(C)C)[C@H](CCN3C(=O)c4ccccc4C3=O)C(=O)NO)cc2)cc1
1tkx,CC(C)c1c(OC#CC2CC2)c2cc(F)ccc2[nH]c1=O
6bin,CSCC[C@H](NC(=O)[C@H](Cc1ccc(O)cc1)NC(=O)[C@@H]([NH3+])CCC(N)=O)[C@@H](O)[NH2+][C@@H](CCCNC(N)=O)C(=O)N[C@@H](C)C(=O)N[C@@H](CC(=O)[O-])C(=O)N[C@@H](CCC(N)=O)C(=O)N[C@@H](C)C(=O)N[C@@H](C)C(=O)NCC(=O)NCC(=O)N[C@@H](CC(C)C)C(=O)N[C@@H](CCCNC(N)=[NH2+])C(=O)[O-]
4oym,COc1cccc(C(=O)c2nonc2N)c1
5c83,COC[C@H]1C[NH2+][C@H](C)C[N@@H+]1CC(=O)N1CC(C)(C)c2cnc(Cc3ccccc3)cc21
5dtt,O=C([O-])c1cccc(-c2nccs2)c1
4ba3,CC(C)C[C@H]([NH3+])C(=O)NCC(=O)N[C@@H](CCCC[NH3+])C(=O)N[C@@H](CCCNC(N)=[NH2+])C(=O)N[C@@H](CCCC[NH3+])C(=O)N[C@@H](Cc1ccc(O)cc1)C(=O)[O-]
1h0r,O=C([O-])[C@]1(O)C=C[C@@H](O)[C@H](O)C1
4pdk,CCCCCCCC/C=C\CCCCCCCC(=O)SCCNC(=O)CCNC(=O)C(O)C(C)(C)COP(=O)(O)OP(=O)(O)OCC1OC(n2cnc3c(N)ncnc32)C(O)C1OP(=O)(O)O
5f1j,O=C(CCC1CCCC1)N1CCCC1
4u44,c1ccc(-c2cc3c(Nc4ccncc4)ncnn3c2)cc1
4lkd,NC(=[NH2+])NCCC[C@H](NC(=O)[C@H](CCC(N)=O)NC(=O)c1ccc(O[C@@H]2O[C@H](CO)[C@H](O)[C@H](O)[C@H]2O)cc1)C(=O)N[C@@H](CO)C(N)=O
3qs6,[NH3+][C@@H](Cc1c[nH]c2ccccc12)C(=O)[O-]
3tz4,CC(C)C[C@H](Cl)C(=O)[O-]
5dde,CC1(C)CNC(=[N+]2CCN(c3ncnc4sc(CC(F)F)cc34)CC2)S1
6om2,CC[C@H](C)[C@H](NC(=O)[C@@H](NC(=O)[C@H](C)NC(=O)[C@H](CC(C)C)NC(=O)[C@H](CC(=O)[O-])NC(=O)CNC(=O)[C@H](CCCNC(N)=[NH2+])NC(=O)[C@H](CCCNC(N)=[NH2+])NC(=O)C[NH3+])[C@@H](C)O)C(=O)NC
1mwn,CC[C@H](C)[C@H](NC(=O)[C@H](CCCC[NH3+])NC(=O)[C@H](CC(N)=O)NC(=O)[C@H](Cc1c[nH]c2ccccc12)NC(=O)[C@H](CC(=O)[O-])NC(=O)[C@@H](NC(=O)[C@H](CCCC[NH3+])NC(=O)[C@@H](NC(=O)[C@H](CCCNC(N)=[NH2+])NC(=O)[C@@H]([NH3+])[C@@H](C)O)[C@@H](C)O)[C@@H](C)CC)C(=O)N[C@@H](CC(C)C)C(=O)N[C@@H](CO)C(=O)[O-]
5n2f,Cc1c(COc2cc(F)c(C[NH2+]CC(=O)CC(=O)[O-])cc2F)cccc1-c1ccc2c(c1)OCCO2
6hb6,[NH3+][C@@H](Cc1ccc(O)cc1)C(=O)NS(=O)(=O)OC[C@H]1O[C@@H](n2ccc(=O)[nH]c2=O)[C@H](O)[C@@H]1O
4mh7,CCCCNc1ncc(C(=O)N(C)CCCC)c(N[C@H]2CC[C@H](O)CC2)n1
1yhm,[NH3+]CCCC(O)(P(=O)(O)O)P(=O)(O)O
4wgi,C[C@@H](C(=O)[O-])N1C[C@@H](C)[C@@H](CN(C)C(=O)Nc2ccc(C(F)(F)F)cc2)Oc2c(NS(=O)(=O)c3ccc(F)cc3)cccc2C1=O
4tkn,CC[C@H](C)[C@H](NC(=O)[C@H](CS)NC(=O)[C@@H]([NH3+])[C@@H](C)O)C(=O)N[C@@H](Cc1ccc(O)cc1)C(=O)N[C@@H](CC(N)=O)C(=O)N1CCC[C@H]1C(=O)N[C@@H](CC(C)C)C(=O)N[C@@H](Cc1ccccc1)C(=O)NCC(=O)N[C@@H](CO)C(=O)[O-]
5dht,N#[N+2]=NC[C@H]1O[C@@H](n2c(SCC(=O)NCCc3cccc(Br)c3)nc3c(N)ncnc32)[C@H](O)[C@@H]1O
4hww,[NH3+][C@](CCCCB([OH-])([OH2+])[OH2+])(CC[NH+]1CCCCC1)C(=O)[O-]
1q1y,CCCCC[C@H](CC(=O)NO)C(=O)N[C@H](C(=O)N1CCC[C@H]1C(=O)[O-])C(C)C
5etp,[NH2+]=c1[nH]c(=O)c2[nH]c(SCC(=O)c3ccc(Br)cc3)nc2[nH]1
5w6e,COc1ccc2c(N[C@@H](C)Cc3cc(C)[nH]n3)ncnc2c1OC
6qfu,CC12C3(C)[C@]4(C)[C@@]5(C)[C@]1(C)[Ir+9]23451([ClH+])[n+]2ccc(O)cc2C(=O)[N@H+]1/C=C/c1ccc(S(N)(=O)=O)cc1
4bie,Cc1cc2c(-c3ccc(S(=O)(=O)NCC[NH3+])s3)ccnc2[nH]1
6jax,[NH3+][C@H]1[C@H](O[C@@H]2[C@@H](CO)O[C@@H](O[C@@H]3[C@@H](CO)O[C@@H](O[C@@H]4[C@@H](CO)O[C@@H](O[C@@H]5[C@@H](CO)O[C@@H](O[C@@H]6[C@@H](CO)O[C@@H](O[C@@H]7[C@@H](CO)O[C@@H](O[C@@H]8[C@@H](CO)O[C@@H](O)[C@H]([NH3+])[C@H]8O)[C@H]([NH3+])[C@H]7O)[C@H]([NH3+])[C@H]6O)[C@H]([NH3+])[C@H]5O)[C@H]([NH3+])[C@H]4O)[C@H]([NH3+])[C@H]3O)[C@H]([NH3+])[C@H]2O)O[C@H](CO)[C@@H](O)[C@@H]1O
2c9d,O=c1[nH]c(=O)c2c([nH]1)n(CC(O)C(O)C(O)CO)c(=O)n2CCCCCCOP(=O)(O)O
1ga8,OC[C@@H]1C[C@H](O)[C@@H](O)[C@H](O[C@@H]2[C@@H](CO)O[C@@H](O)[C@H](O)[C@H]2O)O1
4u3f,CO/C=C(/C(=O)OC)c1ccccc1CSc1nc2cc(OC)ccc2s1
4v1f,COc1ccc2cc(Br)ccc2n1
4c1f,C[C@H](CS)C(=O)N1CCC[C@H]1C(=O)[O-]
3d67,NC(=[NH2+])NCCS[C@@H](CC(=O)[O-])C(=O)[O-]
2hpa,CCCNC(=O)[C@H](O)[C@@H](O)C(=O)[O-]
4klv,Cc1cc(=O)oc2cc(OP(=O)(O)O)ccc12
5v8v,CCc1cccc(-c2c(F)cccc2[C@](O)(CCCNC(=O)OC)[C@@H]2CCCN(C(=O)CCC[NH2+]C)C2)c1
3p4r,O=C([O-])CCCC(=O)[O-]
4ju4,O=C([O-])c1cc(Oc2ccccc2)ccc1NS(=O)(=O)c1ccc(Br)cc1F
3lhs,O=C([O-])C[C@@](O)(CC(=O)NCCC[C@@H](NC(=O)C[C@@](O)(CC(=O)[O-])C(=O)[O-])C(=O)[O-])C(=O)[O-]
5wap,O=C(NC1Cc2ccccc2C1)c1nc([C@@H]2CCCN2C(=O)CSc2ccccc2Cl)[nH]c(=O)c1O
6ba7,O=C(C[C@H](O)C(=O)[O-])c1ccc(O)cc1Cl
5a82,Cc1cc2ccnc(N[C@@H]3CC[NH2+]C[C@H]3OCC3CCS(=O)(=O)CC3)c2[nH]c1=O
5yr6,CO[C@H]1[C@H]([C@@]2(C)O[C@@H]2CC=C(C)C)[C@](C)(O)CC[C@H]1OC(N)=O
3f8s,O=C([C@@H]1C[C@H]([NH+]2CCN(c3ncccn3)CC2)C[NH2+]1)N1CCC(F)(F)C1
4jin,N#C/C(=C\c1ccncc1)C(=O)NCc1ccccc1
1kat,CC[C@H](C)[C@@H]1NC(=O)[C@H](CC(=O)[O-])NC(=O)[C@@H](NC(=O)[C@H](CCC(=O)[O-])NC(=O)[C@H](CC(N)=O)NC(=O)CNC(=O)C[NH3+])CSSC[C@@H](C(=O)N[C@@H](Cc2ccccc2)C(=O)N[C@@H](CCC(=O)[O-])C(=O)N[C@@H](CCCNC(N)=[NH2+])C(=O)N[C@@H](CC(C)C)C(=O)[O-])NC(=O)[C@H](CCC(=O)[O-])NC(=O)[C@H](Cc2c[nH]c3ccccc23)NC(=O)[C@H](CCC(=O)[O-])NC(=O)[C@H](Cc2c[nH]c3ccccc23)NC(=O)[C@H](CCSC)NC(=O)[C@H](CCCNC(N)=[NH2+])NC(=O)[C@H](C)NC1=O
4n8r,CC1=C(CCc2nn[nH]n2)c2ccccc2/C1=C\c1ccc(C(C)C)cc1
1zpb,CC(C)CCC(=O)N[C@H](C(=O)N[C@@H](CCCNC(N)=[NH2+])[C@H](O)c1nccs1)C(C)C
6d07,C[C@H](NC(=O)[C@@H](NC(=O)[C@H](CCC(N)=O)NC(=O)[C@@H]([NH3+])CCCC[NH3+])[C@@H](C)O)C(=O)N[C@@H](CCCNC(N)=[NH2+])C(=O)N[C@@H](CCCC[N+](C)(C)C)C(=O)N[C@@H](CO)C(=O)N[C@H](C(=O)NCC(=O)[O-])[C@@H](C)O
4wkt,CCCC[B+][OH2+]
3t07,O=C1NCC(c2c[nH]c3cc(Br)ccc23)=N[C@H]1c1c[nH]c2cc(Br)ccc12
2wyn,OC[C@H]1O[C@H](O[C@H]2C[N+]3[C@H](CO)[C@@H](O)[C@H](O)[C@H]3[C@@H]2CO)[C@H](O)[C@@H](O)[C@@H]1O
5duc,CCc1ccc([C@H]2C[C@@H](C(F)(F)F)n3ncc(C(=O)NCc4ccc5c(c4)OCO5)c3N2)cc1
4i2z,CSCC[C@H](NC(=O)[C@H](CCCNC(N)=[NH2+])NC(=O)[C@H](CO)NC(=O)[C@H](C)[NH3+])C(=O)N[C@@H](CCC(=O)[O-])C(=O)N[C@@H](CCC(=O)[O-])C(=O)N[C@H](C(=O)N[C@@H](CC(=O)[O-])C(=O)[O-])C(C)C
3cwe,O=C(c1ccccc1)C(Cc1ccc(C(F)(F)P(=O)(O)O)c(Br)c1)c1ccccc1
3zmt,CC(C)C[C@H](NC(=O)[C@H](Cc1ccccc1)NC(=O)[C@H](CO)NC(=O)[C@H](CCCNC(N)=[NH2+])NC(=O)[C@@H]1CCC[NH2+]1)C(=O)N[C@H](C(=O)[O-])C(C)C
3s3k,O=[N+]([O-])c1ccc(O)c(OS(=O)(=O)[O-])c1
3szb,CCC(=O)c1ccccc1
3rdv,[NH3+]CCCC[C@H](NC(=O)[C@H](Cc1c[nH]c2ccccc12)NC(=O)[C@H](CO)NC(=O)[C@@H]([NH3+])CC(=O)[O-])C(=O)N[C@@H](CC(=O)[O-])C(=O)NCC(=O)N[C@@H](CS)C(=O)N[C@@H](Cc1ccc(O)cc1)C(=O)[O-]
6un1,CO[C@@]1(NC(=O)[C@H](C(=O)[O-])c2ccsc2)C(=O)N2[C@@H](C(=O)[O-])C(C)(C)S[C@@H]21
1bdl,CC(C)[C@H](NC(=O)[C@H](Cc1ccccc1)C[C@H](O)[C@H](Cc1ccccc1)NC(=O)OC(C)(C)C)c1ncc[nH]1
6mul,CCn1ncc(-c2nc3c(N4CCC(n5c(=O)[nH]c6ncccc65)CC4)ncnc3n2C)c1C
5gow,CC(C)[C@H](NC(=O)[C@@H]([NH3+])Cc1ccc(O)cc1)C(=O)NCC(=O)N[C@@H](CCC(=O)[O-])C(=O)N[C@@H](CC(=O)[O-])C(=O)N[C@@H](CC(=O)[O-])C(=O)N[C@@H](CCC(=O)[O-])C(=O)N[C@@H](CCC(=O)[O-])C(=O)N[C@@H](CC(=O)[O-])C(=O)N[C@@H](CC(=O)[O-])C(=O)N[C@@H](CC(=O)[O-])C(=O)N[C@@H](Cc1ccccc1)C(=O)N[C@@H](CC(N)=O)C(=O)N[C@@H](CCC(=O)[O-])C(=O)N[C@@H](CC(N)=O)C(=O)N[C@@H](CC(=O)[O-])C(=O)N[C@@H](CCC(=O)[O-])C(=O)N[C@@H](CC(=O)[O-])C(=O)N[C@@H](CC(=O)[O-])C(=O)[O-]
5h7h,CC(=O)N[C@@H](Cc1c[nH]c2ccccc12)C(=O)N[C@@H](CCCNC(N)=[NH2+])C(=O)N[C@H](C(=O)N1CCC[C@H]1C(=O)[O-])C(C)C
6qw8,O=CN1C[C@H]([NH2+]OS(=O)(=O)[O-])CC[C@H]1C(=O)NC1CC[NH2+]CC1
4x69,CCONC(=O)[C@@H]1CC[C@@H]([NH2+]OS(=O)(=O)[O-])CN1C=O
2c57,O=C([O-])[C@]1(O)C=C[C@@H](O)[C@H](O)C1
5ayy,O=C([O-])c1cccnc1C(=O)[O-]
1tze,CC(C)C(NC(=O)C(CC(N)=O)NC(=O)C(NC(=O)C(Cc1ccc(OP(=O)(O)O)cc1)NC(=O)C(Cc1ccccc1)NC(=O)C1CCCN1C(=O)C([NH3+])CCCC[NH3+])C(C)C)C(N)=O
5mxr,O=C([O-])c1ncsc1NS(=O)(=O)c1ccccc1
6c8c,CC(C)CC(=O)c1c(Nc2ccc(Cl)cc2Cl)[nH]c2c(Cl)ccc([N+](=O)[O-])c2c1=O
2f10,CCC(CC)[C@H](NC(C)=O)[C@@H]1[C@H](O)[C@@H](C(=O)[O-])C[C@H]1NC(N)=[NH2+]
6i77,Cc1ccc(S[C@@H]2O[C@H](CO)[C@H](O)[C@H](n3cc(-c4c(F)c(F)c(N)c(F)c4F)nn3)[C@H]2O)cc1
3qs4,[NH3+][C@@H](Cc1c[nH]c2ccccc12)C(=O)[O-]
2oyk,OC[C@H]1O[C@@H](O[C@H]2[C@H](O)C[NH2+]C[C@@H]2CO)[C@H](O)[C@@H](O)[C@@H]1O
5zla,OC[C@H]1O[C@@]2(CO[C@]3(CO)O[C@H](CO)[C@@H](O)[C@@H]3O2)[C@@H](O)[C@@H]1O
6mo1,[NH3+]Cc1ccc(-c2ncc(NCC3CC[NH2+]CC3)nc2-c2ccc(-c3ccoc3)cc2)cc1
5mwz,CCn1c(=O)c(=O)n(CC)c2cc(N3CCCCC3)c(NC(=O)C[N@H+]3CC[N@H+](C)CC3)cc21
4o10,O=C(NCc1ccc(S(=O)(=O)c2cc(F)cc(F)c2)cc1)c1ccn2cccc2c1
3cx9,CCCCCCCCCCCCCCCC(=O)OCC(O)COP(=O)(O)OCC[NH3+]
5n4t,C[C@H](CS)C(=O)N[C@@H](Cc1c[nH]c2ccccc12)C(=O)[O-]
4yog,CC(=O)Nc1ccc(N(C(=O)Cn2nnc3ccccc32)[C@@H](C(=O)NC(C)(C)C)c2ccsc2)cc1
1hte,CC1(C)S[C@H]([C@H](NC(=O)Cc2ccccc2)C(=O)NCc2ccccc2)[NH2+][C@H]1C(=O)[O-]
6aji,Cc1c(C(=O)N[NH+]2CCCCC2)nn(-c2ccc(Cl)cc2Cl)c1-c1ccc(Cl)cc1
3v2x,CC(C)C[C@H]([NH3+])C(=O)N[C@@H](CC(C)C)C(=O)N1CCC[C@H]1C(=O)N[C@H](C(=O)N[C@@H](CC(C)C)C(=O)N1CCC[C@H]1C(=O)N[C@@H](CCCC[NH3+])C(=O)N[C@@H](CC(C)C)C(=O)N1CCC[C@H]1C(=O)N[C@@H](CO)C(=O)N[C@@H](CC(C)C)C(=O)[O-])[C@@H](C)O
1pzo,Clc1ccc(CN(Cc2ccc(Cl)cc2)c2nnn[nH]2)cc1
5j31,CC(C)C[C@H](NC(=O)[C@H](CC(=O)[O-])NC(=O)[C@H](CC(C)C)NC(=O)[C@]1(C)CCCCCC#CCC/C=C/C[C@](C)(NC(=O)C[NH3+])C(=O)N[C@@H](CC(C)C)C(=O)N[C@@H](CC(=O)[O-])C(=O)N1)C(=O)N[C@@H](C)C(=O)N[C@@H](CO)C(=O)[O-]
6c4d,CN1C(=O)[C@@H](N2CCc3c(nn(Cc4ccccc4)c3Cl)C2=O)COc2cc(C#N)ccc21
5km5,CN1NC(=N)c2cn(C3OC(COP(=O)(O)O)C(O)C3O)c3ncnc1c23
5bqh,CC(C)C(=O)NCc1ccc(C(F)F)c(C(=O)Nc2nc(-c3ccc(Cl)cc3)c[nH]2)c1
5gu4,CC(C)C[C@H](NC(=O)CNC(=O)[C@H](Cc1ccccc1)NC(=O)C[NH3+])C(=O)N[C@@H](Cc1ccccc1)C(=O)N[C@@H](CC(=O)[O-])C(=O)[O-]
5ea7,O=c1n(Cc2nc3ccccc3n2CCCCO)c2cnccc2n1C1CC1
3zeb,Nc1ccc(CC(=O)OCCc2ccccc2)c(C=O)c1
5nzm,CC(=O)OC[C@@]1(C)CCc2c(c(C)cc3c2[nH]c2cc(O)ccc23)O1
4cd1,Cc1cccc(Nc2cc(S(=O)(=O)[O-])c(N)c3c2C(=O)c2ccccc2C3=O)c1
6euz,COC1=C(Cc2cccc3ccccc23)CC(=O)N2C1SC[C@H]2C(=O)[O-]
5kbq,Cc1ccc(CO)cc1N(C)c1ccnc(Nc2cc(N3CCOCC3)cc(S(C)(=O)=O)c2)n1
5yf1,[NH3+]CCC(=O)N[C@@H](Cc1cnc[nH]1)C(=O)[O-]
2o4p,CCC[C@@]1(CCc2ccccc2)CC(O)=C([C@H](CC)c2cccc(NS(=O)(=O)c3ccc(C(F)(F)F)cn3)c2)C(=O)O1
3d9k,CC(O)C(NC(=O)C1CCCN1C(=O)C(COP(=O)(O)O)NC(=O)C([NH3+])Cc1ccc(O)cc1)C(=O)NC(COP(=O)(O)O)C(=O)N1CCCC1C(=O)NC(CO)C(=O)NC(Cc1ccc(O)cc1)C(=O)NC(C=O)COP(=O)(O)O
5ivt,[NH3+][C@H](C(=O)Nc1cncc(F)c1CC[C@@H]1C[NH2+][C@H](COC(=O)NCC(F)(F)F)CO1)[C@@H](c1ccc(Cl)cc1)c1cc(F)cc(F)c1
5dy5,Cc1cc(C)nc(SCC(=O)Nc2ncc(Cc3cccc(OCc4cn(Cc5ccccc5)nn4)c3)s2)n1
2cmo,CN(C)S(=O)(=O)c1ccc(-c2cc3c(c4c2CC[N@H+](C)C4)NC(=O)/C3=N/O[C@@H](CCO)C(=O)[O-])cc1
4jg7,N#C[C@@H](Cc1cccc(C(=O)c2c[nH]c3ncccc23)c1)C(N)=O
2q7o,O=c1[nH]cnc2c([C@H]3[NH2+][C@@H](CO)[C@H](O)[C@@H]3O)c[nH]c12
1s63,N#Cc1ccc(Cn2cncc2C[N@H+]2CCN(c3cccc(Cl)c3)C(=O)C2)cc1
2l8j,CC[C@H](C)[C@H](NC(=O)[C@H](Cc1ccc(O)cc1)NC(=O)[C@H](CC(=O)[O-])NC(=O)[C@H](CCC(=O)[O-])NC(=O)[C@H](CO)NC(=O)[C@H](CO)NC(=O)[C@H](C)NC(=O)[C@H](CO)NC(=O)CNC(=O)[C@H](CCSC)NC(=O)[C@H](C)NC(=O)C[NH3+])C(=O)N[C@H](C(=O)N[C@H](C(=O)N[C@@H](CC(C)C)C(=O)N1CCC[C@H]1C(=O)N[C@@H](CCC(=O)[O-])C(=O)N[C@@H](CO)C(=O)[O-])[C@@H](C)CC)[C@@H](C)CC
4ixh,C[C@H](Oc1cccc2ccccc12)C(=O)Nc1ccc2oc(-c3ccncc3)nc2c1
4zij,O=C([O-])c1ccccc1NS(=O)(=O)c1ccc(I)cc1
5sxn,c1ccc(-c2nc(NCc3ccco3)c3ccccc3n2)cc1
3gsg,C[C@H](C(=O)[O-])N1C(=O)[C@H]2[C@@H]3CC[C@@H](C3)[C@H]2C1=O
1ej4,CC[C@H](C)[C@H](NC(=O)[C@@H]([NH3+])CCCNC(N)=[NH2+])C(=O)N[C@H](C(=O)N[C@@H](Cc1ccc(O)cc1)C(=O)N[C@@H](CC(=O)[O-])C(=O)N[C@@H](CCCNC(N)=[NH2+])C(=O)N[C@@H](C)C(=O)N[C@@H](Cc1ccccc1)C(=O)N[C@@H](CC(C)C)C(=O)N[C@@H](CCSC)C(=O)N[C@@H](CCC(=O)[O-])C(=O)N[C@@H](CS)C(=O)N[C@@H](CCCNC(N)=[NH2+])C(=O)N[C@@H](CC(N)=O)C(=O)[O-])[C@@H](C)CC
1dzj,CCCCc1nc(N)sc1CCC
5jgb,COc1cc(C(=O)NCCC[N@H+]2CC[N@H+](C)CC2)ccc1NC(=O)c1csc2c(=O)[nH]cnc12
3mtw,CP(=O)(O)NC(CCCNC(=N)N)C(=O)O
6hub,CC(C)C[C@H](NC(=O)[C@@H](Cc1ccccc1)[N+]#[N+3]#N)C(=O)N[C@H](C(=O)N[C@H](CCS(C)(=O)=O)Cc1ccc(C[NH3+])cc1)[C@@H](C)O
3eou,CNc1nc2cc3c(=O)[nH]c(=[NH2+])[nH]c3c(CCO)c2[nH]1
2hwi,CCc1ccc(/C=C2\SC(N[C@H](C(=O)[O-])c3ccc(F)cc3)=NC2=O)o1
7lpr,CC(C)C[C@H](NC(=O)[C@@H]1CCCN1C(=O)[C@H](C)NC(=O)[C@H](C)[NH3+])B(O)O
2zxa,CC(=O)NC[C@H]1[NH2+][C@@H](C)[C@@H](O)[C@@H](O)[C@@H]1O
2ltz,CSCC[C@H](NC(=O)[C@@H]1CCCN1C(=O)[C@H](Cc1ccc(O)cc1)NC(=O)[C@H](CCCNC(N)=[NH2+])NC(=O)[C@H](CO)NC(=O)[C@H](Cc1ccc(O)cc1)NC(=O)[C@@H]1CCCN1C(=O)[C@@H]1CCCN1C(=O)[C@@H]1CCCN1C(=O)[C@@H]1CCCN1C(=O)[C@H](CO)NC(=O)[C@H](CCC(=O)[O-])NC(=O)[C@H](CC(C)C)NC(=O)[C@@H]([NH3+])CCC(=O)[O-])C(=O)N[C@@H](CC(=O)[O-])C(=O)[O-]
3t6j,CC(C)[C@H]([NH3+])C(=O)N[C@H](C(=O)N[C@@H](Cc1ccc(O)cc1)C(=O)N1CCC[C@H]1C(=O)N[C@@H](Cc1c[nH]c2ccccc12)C(=O)[O-])C(C)C
6sfc,Cc1nc(NCc2cccc3c2OCO3)sc1-c1ccn(C)n1
5alf,CCCN(CCC)S(=O)(=O)c1ccc2[nH]c(-c3ccccc3)nc2c1
5k6s,CCC(NC(=O)C(C)[NH3+])C(=O)NC(CC(C)C)C(=O)NC(COP(=O)(O)O)C(=O)N1CCCC1C(=O)NC(C(=O)NC(C(=O)NC(CCC(=O)O)C(=O)NC(CC(=O)O)C(=O)NC(CC(=O)O)C(=O)NC(C)C(=O)O)C(C)CC)C(C)CC
2evc,O=C([O-])c1ccc(-c2ccccc2C(F)(F)F)o1
5ywg,CS(=O)(=O)c1ccc([C@H](O)[C@@H]2C(=O)CCC[C@H]2O)c([N+](=O)[O-])c1
1ody,CC[C@H](NC(=O)C[C@H](O)[C@H](CC(C)C)NC(=O)[C@@H](NC(=O)[C@H](Cc1cccc2ccccc12)NC(C)=O)C(C)C)C(=O)N[C@@H](Cc1cccc2ccccc12)C(N)=O
4bda,c1ccc2c(c1)nc1[nH]cnn12
6e6v,CC1=CC(=O)C(O)C(C(=O)[O-])=N1
2z4w,C/C(=C\CC(C/C=C(\C)C/C=C/C(C)C)(P(=O)(O)O)P(=O)(O)O)C/C=C/C(C)C
1xge,O=C1C[C@@H](C(=O)[O-])NC(=O)N1
4prp,CC(C)[C@H](NC(=O)[C@@H]1CCCN1C(=O)[C@@H]([NH3+])Cc1cnc[nH]1)C(=O)NCC(=O)N[C@@H](CCC(N)=O)C(=O)N[C@@H](C)C(=O)N[C@@H](CC(=O)[O-])C(=O)N[C@@H](Cc1ccc(O)cc1)C(=O)N[C@@H](Cc1ccccc1)C(=O)N[C@@H](CCC(=O)[O-])C(=O)N[C@@H](Cc1ccc(O)cc1)C(=O)[O-]
5qqo,COC(=O)Nc1ccc2c(c1)NC(=O)CC/C=C/C[C@H](N1CC[C@H](c3cccc(Cl)c3)OC1=O)c1nc-2c[nH]1
6b1x,O=CN1C[C@H]([NH2+]OS(=O)(=O)[O-])CC[C@H]1C(=O)NNC(=O)[C@@H]1CC[NH2+]C1
1nyy,Cc1onc(-c2ccccc2Cl)c1C(=O)NCB(O)O
4x8s,COc1cc(Br)ccc1O
1clu,CNP(=O)(O)NP(=O)(O)OP(=O)(O)OCC1OC(n2cnc3c(=O)[nH]c(N)nc32)C(O)C1O
2m3z,O=C1N/C(=N/N=C2/C(=O)Nc3ccc(S(=O)(=O)[O-])cc32)S/C1=C\c1ccco1
6evm,O=C([O-])[C@@H]1CCCN1C(=O)[C@@H]1CCCN1C(=O)[C@@H]1CCCN1C(=O)[C@@H]1CCCN1C(=O)[C@@H]1CCCN1C(=O)[C@@H]1CCCN1C(=O)[C@@H]1CCCN1C(=O)[C@@H]1CCCN1C(=O)[C@@H]1CCC[NH2+]1
3f6h,CC[C@H](C)[C@H]([NH3+])C(=O)[O-]
3hau,CCCC[C@@H](C[NH2+][C@@H](CCCC)C(=O)N[C@@H](CCC(N)=O)C(=O)N[C@@H](CCCNC(N)=[NH2+])C(N)=O)NC(=O)[C@@H](NC(=O)[C@@H](NC(C)=O)[C@@H](C)O)[C@@H](C)CC
2lzg,O=C([O-])C[C@H]1C[C@H](c2cccc(Cl)c2)[C@@H](c2ccc(Cl)cc2)N(CC2CC2)C1=O
5nb6,NC(=O)n1cc(NC(=O)N2C[C@@H]([NH3+])C[C@H]2C(=O)Nc2cccc(OC(F)(F)F)c2)c2ccccc21
5j6s,O=C(NO)[C@@H](Cc1ccc(F)cc1)C(=O)NCc1ccccc1
3skk,[NH3+][C@@](CCC[CH2]B(O)(O)O)(C(=O)[O-])C(F)F
4tnw,CCCCCC(=O)OC(CO)COP(=O)(O)OCC[N+](C)(C)C
5ukj,C[C@@H]1Cn2ncc(-c3ccc(S(=O)(=O)N(C)C)cc3)c2CN1c1ccnc2[nH]ccc12
6k9u,Cc1ccc2nc(C)c(-c3cc4nc(N5CCCC5)cc(NC5CCOCC5)n4n3)nc2c1
1ow6,CSCC[C@H](NC(=O)[C@H](CC(C)C)NC(=O)[C@H](CCC(=O)[O-])NC(=O)[C@H](CC(=O)[O-])NC(=O)[C@H](CC(C)C)NC(=O)[C@H](CCC(=O)[O-])NC(=O)[C@H](CCCNC(N)=[NH2+])NC(=O)[C@@H]([NH3+])[C@@H](C)O)C(=O)N[C@@H](C)C(=O)N[C@@H](CO)C(=O)N[C@@H](CC(C)C)C(=O)N[C@@H](CO)C(=O)[O-]
6dh4,CC[C@H](C)CN(C[C@@H](O)[C@H](Cc1ccccc1)NC(=O)O[C@H]1CO[C@H]2OCC[C@@H]12)S(=O)(=O)c1ccc(N)cc1
5yvx,C[NH2+]CCCC[C@H](NC(=O)[C@@H](NC(=O)[C@H](CCCNC(N)=[NH2+])NC(=O)[C@H](C)[NH3+])[C@@H](C)O)C(=O)N[C@@H](CCC(N)=O)C(=O)N[C@H](C(=O)N[C@@H](C)C(=O)[O-])[C@@H](C)O
1x7a,NC(=[NH2+])c1cccc(-n2nc(C(F)(F)F)cc2C(=O)Nc2ccc(-n3cnc4ccccc43)cc2F)c1
4q6r,C[C@@H]1CN(c2nnc(Cc3ccccc3)c3ccc(Cl)cc23)CCN1c1ccc(C#N)cn1
3r0w,CC(C)C[C@H](NC(=O)[C@H](CCl)NC(=O)C[C@H](O)[C@H](Cc1ccccc1)NC(=O)[C@H](NC(=O)c1ccccn1)C(C)C)C(N)=O
6gz9,CC(C)[C@H]([NH3+])C(=O)OCCOCn1cnc2c(=O)[nH]c(=[NH2+])[nH]c21
4wf4,Cc1nc(-c2ccc(C(F)(F)F)cc2)sc1C(=O)[O-]
5n9t,Cn1nc2c(=O)n(CC3(O)CCN(C(=O)C[C@H](c4ccccc4)C(F)(F)F)CC3)cnc2c1-c1ccc(C[NH3+])cc1
5tpb,CC(=O)N[C@@H]1[C@@H](O)C[C@H](C(=O)[O-])O[C@H]1[C@H](O)[C@H](O)CO
4y7r,CC[C@H](C)[C@H](NC(=O)[C@H](CCC(=O)[O-])NC(=O)[C@@H]([NH3+])CCC(=O)[O-])C(=O)N[C@@H](CC(=O)[O-])C(=O)N[C@H](C(=O)N[C@H](C(=O)N[C@@H](CO)C(=O)N[C@H](C(=O)[O-])C(C)C)C(C)C)C(C)C
6pt3,CCN(CC)C(=O)c1ccc([C@H](c2cccc(O)c2)[N@@H+]2C[C@@H](C)[N@@H+](Cc3ccccc3)C[C@@H]2C)cc1
3k8d,O=C([O-])[C@@H]1C[C@@H](O)[C@@H](O)[C@@H]([C@H](O)CO)O1
6ic6,CC[C@H]([NH3+])C(=O)N[C@]1(C[NH3+])C[C@@H]1c1ccc(-c2ccc(C(F)(F)F)cc2)cc1
2e7l,CC(C)C[C@H](NC(=O)[C@H](CC(=O)[O-])NC(=O)[C@H](Cc1ccccc1)NC(=O)[C@@H]1CCCN1C(=O)[C@H](Cc1ccccc1)NC(=O)[C@@H]1CCCN1C(=O)[C@H](CO)NC(=O)[C@H](CC(C)C)NC(=O)[C@@H]([NH3+])CCC(N)=O)C(=O)O
5tdb,CC[C@H](C)[C@H](NC(=O)[C@@H]([NH3+])CCCNC(=[NH2+])N(C)C)C(=O)[O-]
5o1s,COC(=O)CCC(=O)OC
3are,CCCCCCCCCCCCCCCCCCCCCCCCCC(=O)N[C@@H](CO[C@H]1O[C@H](CO)C[C@H](O)[C@H]1O)[C@H](O)CCCCCCCCCCCCCCC
4wsk,C[C@@H]1[C@@H](NC=O)C[C@@H](O)[C@H](O)[C@@H]1O
4o0j,Cc1ccc(-c2nc(C)c([C@H](OC(C)(C)C)C(=O)[O-])c(-c3ccc(Cl)cc3)c2C)cc1C
4ybm,COc1ccc(S(=O)(=O)Nc2cc3c(cc2Oc2cccc(OCc4ccccc4)c2)n(C)c(=O)n3C)cc1OC
3v4x,C[C@H](CCCC[C@@H](O)[C@H](C=O)CO)C[C@@H](C)C[C@@H](C)CC(=O)[O-]
2uyw,O=C([O-])CCCC[C@@H]1SC[C@@H]2NC(=O)N[C@H]12
1o4g,O=P(O)(O)C(O)c1cccc2ccccc12
5urm,NC1=C(Cc2ccc(-c3cccc(C(=O)[O-])c3)o2)C(=O)N=C2S[C@H](C3CCCCC3)N=[N+]21
2yoj,O=C1N=CCC=C1c1c(C(=O)[O-])n(Cc2cc3c(=O)[nH]cnc3cc2F)c2cc(F)c3ccoc3c12
2zlf,CC(C)C[C@H](NC(=O)[C@@H](NC(=O)[C@@H]([NH3+])Cc1ccccc1)[C@@H](C)O)C(=O)N[C@@H](CC(=O)[O-])C(=O)N[C@@H](C)C(=O)N[C@@H](CC(=O)[O-])C(=O)N[C@@H](Cc1ccccc1)C(=O)[O-]
4npv,CCC(CC)Nc1ncnc2c(OC)c(OC)c(OC)cc12
3sdk,Cc1ccc(CNC(=O)[C@H](CCc2ccccc2)NC(=O)[C@H](Cc2nc(C(C)(C)C)no2)NC(=O)c2cc(C)on2)cc1
3uza,Cc1cc(-c2nnc(N)nc2-c2ccccc2)cc(C)n1
5trh,O=C(Nc1c(OCc2ccc(Cl)cc2)cccc1C(=O)[O-])c1ccccc1
3iu7,O=C([O-])c1ccc(-c2ccccc2Cl)o1
3wpn,NS(=O)(=O)c1ccc(-c2ccc(C(F)(F)F)c(F)c2)cc1
3sxu,CC[C@H](C)[C@H](NC(=O)[C@@H]([NH3+])CC(=O)[O-])C(=O)N1CCC[C@H]1C(=O)N[C@@H](Cc1ccccc1)C(=O)[O-]
6fkq,CSCC[C@H]([NH3+])C(=O)N1CCC[C@H]1C(=O)N[C@H](C(=O)N[C@@H](CC(C)C)C(=O)N[C@@H](CC(=O)[O-])C(=O)N[C@@H](CCSC)C(=O)N[C@@H](C)C(=O)N[C@@H](CC(C)C)C(=O)N[C@@H](Cc1ccccc1)C(=O)N[C@@H](CC(=O)[O-])C(=O)N[C@@H](Cc1c[nH]c2ccccc12)C(=O)N[C@H](C(=O)N[C@@H](CC(=O)[O-])C(=O)N[C@@H](Cc1ccc(O)cc1)C(=O)N[C@@H](CCC(=O)[O-])C(=O)N[C@@H](CC(=O)[O-])C(=O)N[C@@H](CC(C)C)C(=O)N[C@@H](CCCC[NH3+])C(=O)N1CCC[C@H]1C(=O)[O-])[C@@H](C)O)[C@@H](C)O
2nxl,CC(C)[C@H](NC(=O)[C@H](Cc1ccc(O)cc1)NC(=O)[C@H](Cc1ccccc1)NC(=O)[C@@H](NC(=O)[C@H](CCC(=O)[O-])NC(=O)[C@H](C)[NH3+])C(C)C)C(=O)N[C@@H](CC(=O)[O-])C(=O)NCC(=O)N[C@@H](C)C(=O)[O-]
4o37,CCCC[C@H](NC(=O)[C@H](Cc1c[nH]cn1)NC(=O)[C@H](Cc1cccnc1)NC(=O)[C@H](CCCNC(N)=[NH2+])NC(=O)[C@H](CCC(=O)[O-])NC(=O)[C@H](Cc1ccccc1)NC(=O)[C@H](Cc1cccnc1)NC(=O)[C@H](C)NC(=O)[C@H](C)NC(=O)[C@H](C)NC(=O)[C@@H](NC(=O)[C@H](CCC(=O)[O-])NC(=O)[C@@H]([NH3+])CCCC[NH3+])[C@@H](C)O)C(=O)N[C@@H](CC(=O)[O-])C(=O)N[C@@H](CO)C(=O)[O-]
4xwk,Brc1ccc(Oc2c(Br)cc(Br)cc2Br)c(Br)c1
5yu9,CCC(=O)N1CCC[C@@H](n2nc(-c3ccc(Oc4ccccc4)cc3)c3c(N)ncnc32)C1
4f3i,COC(=O)C[C@@H]1N=C(c2ccc(Cl)cc2)c2c(sc(C)c2C)-n2c(C)nnc21
5l0c,O=P(O)(O)OC1C(O)C(O)C(OP(=O)(O)OCC(O)CO)C(O)C1OP(=O)(O)O
4jfv,C[C@@H]1[NH2+][C@@H](CC[NH2+]CC2=C3C4=C5[C@H]2[Fe+10]3452678C3=C2C6C7=C38)[C@H](O)[C@@H]1O
4tq3,CC(C)=CCC/C(C)=C/COP(=O)(O)OP(=O)(O)O
4la7,CCCN1C(=O)CCc2cc(NS(=O)(=O)Cc3ccc(C)cc3)ccc21
3wkc,Cc1cc(-c2csc(N)n2)c(C)n1C[C@H]1CCCO1
2bge,O=C1CN(c2ccccc2)S(=O)(=O)N1
6bik,Cn1[nH]c(-c2cccc(NC(=O)c3ccc(C(C)(C)C)cc3)c2CO)c/c(=N\c2ccc(C(=O)N3CCOCC3)cn2)c1=O
5ldo,Nc1ncnc2c1ncn2C1OC(CO)C(OP(=O)(O)O)C1O
1o9e,C=CC(C)(C)OC[C@H]1O[C@H](O[C@@H]2C3=C([C@H](C)COC(C)=O)C[C@H](O)[C@]3(C)/C=C3/[C@@H](COC)CC[C@H]3[C@@H](C)[C@H]2O)[C@H](O)[C@@H](OC(C)=O)[C@@H]1O
3jyj,O=C(N[C@H](C/C=C/c1ccccc1)C(=O)[O-])c1ccc2ccccc2c1
4nga,CCOc1cc([C@@H](Nc2ccc3c(N)nccc3c2)C(=O)NCc2ccccc2S(=O)(=O)C(C)C)ccc1OC(C)C
5a7j,O=P(O)(O)Oc1cc(OP(=O)(O)O)c(OP(=O)(O)O)cc1OP(=O)(O)O
3mxc,CCC(NC(=O)C(NC(=O)C1CCCN1C(=O)C(CC(N)=O)NC(=O)C(CCC(=O)O)NC(=O)C(Cc1ccc(OP(=O)(O)O)cc1)NC(=O)C[NH3+])C(C)O)C(=O)O
3vb7,CC(C)C[C@H](NC(=O)[C@@H](NC(=O)[C@H](C)[NH3+])C(C)C)C(=O)N[C@H](C=N)CCC(N)=O
5gg4,CC(C)C[C@H](NC(=O)[C@H](Cc1c[nH]cn1)NC(=O)[C@H](CCCC[NH3+])NC(=O)[C@@H](NC(=O)[C@H](CCCC[NH3+])NC(=O)[C@H](CS)NC(=O)[C@H](Cc1c[nH]cn1)NC(=O)[C@H](CCCNC(N)=[NH2+])NC(=O)[C@H](CCCC[NH3+])NC(=O)[C@H](CCCNC(N)=[NH2+])NC(=O)C[NH3+])[C@@H](C)O)C(=O)[O-]
6evq,C[C@@H](Sc1nnnn1C1CCCC1)C(=O)NCc1ccco1
5hfu,N#Cc1ccc(S(=O)(=O)NC[C@H]2O[C@H](O)[C@H](NC(=O)c3cccc(-c4ccccc4)c3)[C@@H](O)[C@@H]2O)cc1
1wvc,Nc1ccn(C2OC(COP(=O)(O)OP(=O)(O)OP(=O)(O)O)C(O)C2O)c(=O)n1
5kqg,O=C(Nc1nc2ccccc2s1)[C@H](c1ccccc1)S(=O)(=O)[O-]
4mex,CC[C@H](C)[C@H]1NC(=O)[C@@H](NC(=O)[C@H](C)[C@H](O)C(C)C)[C@@H](C)OC(=O)[C@@H]2COC(=O)CNC(=O)/C=C/[C@]3(CO3)[C@@H](C)Oc3ccc(cc3)[C@H](NC1=O)C(=O)N(C)[C@@H](Cc1ccccc1)C(=O)N[C@H]([C@@H](C)O)C(=O)N2
6a94,C[NH+](C)CCOC1=Cc2ccccc2Sc2ccc(Cl)cc21
2vc7,CCCCCCCCCC(=O)N[C@H]1CCSC1=O
3k0h,CC(O)C(NC(=O)C1CCCN1C(=O)C([NH3+])COP(=O)(O)O)C(=O)NC(Cc1ccccc1)C(N)=O
4tz8,CC1(C)CNC(=O)c2sc(N)nc2C1
3o87,O=C([O-])c1ccc(CS(=O)(=O)NCB(O)O)cc1
5l3e,COc1cc2nc(NCCC[NH+](C)C)nc(N[C@H]3CC[N@@H+](Cc4ccccc4)CC3)c2cc1OC
5tci,N#C[C@@H]1[NH2+][C@@H](CO)[C@H]1c1ccc(-c2ccccc2F)cc1
2ksa,CSCC[C@H](NC(=O)[C@H](CC(C)C)NC(=O)CNC(=O)[C@H](Cc1ccccc1)NC(=O)[C@H](Cc1ccccc1)NC(=O)[C@H](CCC(N)=O)NC(=O)[C@H](CCC(N)=O)NC(=O)[C@@H]1CCCN1C(=O)[C@H](CCCC[NH3+])NC(=O)[C@@H]1CCCN1C(=O)[C@@H]([NH3+])CCCNC(N)=[NH2+])C(=O)[O-]
5alx,CCSc1cccc(-c2ccc(C(N)=O)s2)c1
2jaj,COCCNC(=[NH2+])NCCC[C@H]([NH3+])C(=O)[O-]
5q0f,COC(=O)Nc1ccc2c(c1)NC(=O)C[C@@H](C)/C=C/C[C@H](NC(=O)/C=C/c1cc(Cl)ccc1-n1cnnn1)c1nc-2c[nH]1
6fjm,C/C=C/[C@H](O)[C@](C)(C(=O)OC)[C@@H]1C/C=C\C=C\C=C\c2nc(co2)C(=O)O[C@H]([C@@](C)(C(=O)OC)[C@@H](O)/C=C/C)C/C=C\C=C\C=C\c2nc(co2)C(=O)O1
4jmu,COc1ccc(C(=O)Nc2ccc(Oc3ccc(N(C(=O)[C@H]4CC[C@H](C)CC4)C(C)C)c(C(=O)[O-])c3)cc2)cc1
5bsk,Nc1nc2c(ncn2CC(CO)OCCP(=O)(O)O)c(=O)[nH]1
4zk5,Nc1ncc(C(=O)NC2CN(C(=O)C3C=C3)C2)c2ccc(-c3cccc(F)c3)nc12
2w0z,C[C@H]([NH3+])C(=O)N1CCC[C@H]1C(=O)N1CCC[C@H]1C(=O)N1CCC[C@H]1C(=O)N[C@@H](CCCNC(N)=[NH2+])C(=O)N1CCC[C@H]1C(=O)N1CCC[C@H]1C(=O)N[C@@H](CCCC[NH3+])C(=O)N1CCC[C@H]1C=O
6i0r,O=C([O-])c1cc(S)cnc1C(=O)[O-]
4qvn,CC(C)C[C@H](NC(=O)[C@H](Cc1ccccc1)NC(=O)c1cnccn1)B(O)O
4nrk,CC(=O)N[C@@H]1[C@@H](O)C[C@H](C(=O)[O-])O[C@H]1[C@H](O)[C@H](O)CO
6das,COc1cc(C(=O)N[C@@H]2CCc3ccc(-c4cn5c(n4)CCC5)cc32)ccc1C
6uyz,CC[C@H](C)[C@H](NC(=O)[C@H](CCCNC(N)=[NH2+])NC(=O)[C@H](CCC(=O)[O-])NC(=O)[C@H](CCC(=O)[O-])NC(=O)[C@H](C)[NH3+])C(=O)N[C@H](C(=O)N[C@H](C(=O)N[C@@H](CC(C)C)C(=O)[O-])C(C)C)[C@@H](C)CC
3vw7,CCOC(=O)N[C@@H]1CC[C@H]2[C@H](CCc3ccc(-c4cccc(F)c4)cn3)[C@@H]3[C@@H](C)OC(=O)[C@@H]3C[C@@H]2C1
6qrd,CC(C)[N@H+]1CC[N@@H+](Cc2ccc(Cn3ccc4ccc(-c5n[nH]c(N)c5C#N)cc43)cc2)CC1
3rv7,CC(C)/C=C(\Oc1cccc(C(=O)[O-])c1O)C(=O)[O-]
2xwe,CCCCCCCC/N=C1/SC[C@@H]2[C@@H](O)[C@H](O)[C@@H](O)[C@H](O)N12
2hs2,CC(C)CN(C[C@@H](O)[C@H](Cc1ccccc1)NC(=O)O[C@H]1CO[C@H]2OCC[C@@H]12)S(=O)(=O)c1ccc(N)cc1
6pyu,O=C(C1CC1)N1CCC[C@]12C(=O)Nc1ccc(-c3ccc4nccnc4c3)cc12
5m0m,C[C@H](CCC(=O)N[C@@H]1CCN(C(=O)OCc2cc(Cl)cc(Cl)c2)C1)[C@H]1CC[C@H]2[C@@H]3[C@@H](O)C[C@@H]4C[C@H](O)CC[C@]4(C)[C@H]3CC[C@@]21C
1pbk,CO[C@H]1C[C@@H]2CC[C@@H](C)[C@@](O)(O2)C(=O)C(=O)N2CCCC[C@H]2C(=O)O[C@H]([C@H](C)C[C@@H]2CC[C@@H](O)[C@H](OC)C2)CC(=O)[C@H](C)/C=C(\C)[C@@H](O)[C@@H](OC)C(=O)[C@H](C)C[C@H](C)/C=C/C=C/C=C/1C
3oxc,CC(C)(C)NC(=O)[C@@H]1C[C@@H]2CCCC[C@@H]2C[N@H+]1C[C@@H](O)[C@H](Cc1ccccc1)NC(=O)[C@H](CC(N)=O)NC(=O)c1ccc2ccccc2n1
2q95,O=C([O-])c1ccc(-c2ccc([N+](=O)[O-])cc2Cl)o1
1mdl,O=C([O-])[C@H](O)c1ccccc1
3q3t,COCCCC[C@@](O)(c1ccccc1-c1ccccc1)[C@@H]1CCCN(C(=O)[C@@H]2C[C@H](O)[C@H]([NH3+])C2)C1
3q77,CC1=C(C(=O)OCCO)[C@@H](c2ccc(C#N)cc2)NC(=O)N1c1cccc(C(F)(F)F)c1
3omg,CNC(NC)=[NH+]CCC[C@H](NC(=O)[C@H](C)NC(=O)[C@H](CCCNC(N)=[NH2+])NC(=O)C[NH3+])C(=O)NCC(=O)N[C@@H](CCC(N)=O)C(=O)[O-]
3gk4,CCOC(=O)c1nnn2c1nc(S[C@H](C(C)=O)C(=O)OCC)c1ccccc12
3bsc,COc1ccc2c(c1)S(=O)(=O)NC(c1c(O)c(-c3ccccc3)nn(CCC(C)C)c1=O)=N2
3tjh,CC[C@H](C)[C@H](NC(=O)[C@H](Cc1c[nH]c2ccccc12)NC(=O)[C@H](Cc1c[nH]c2ccccc12)NC(=O)[C@H](CC(C)C)NC(=O)[C@H](CO)NC(=O)[C@H](CC(=O)[O-])NC(=O)[C@H](CC(C)C)NC(=O)[C@@H]1CCCN1C(=O)[C@@H]([NH3+])CO)C(=O)[O-]
2lkk,CCCCCCCC/C=C\CCCCCCCC(=O)[O-]
4zz3,[NH2+]=c1[nH]c(=O)c2c(CCc3ccc(C(=O)N[C@@H](CCC(=O)[O-])C(=O)[O-])cc3)c[nH]c2[nH]1
5jlz,CC(C)C[C@H](NC(=O)CNC(=O)[C@H](CCCC[NH3+])NC(=O)[C@@H]([NH3+])CO)C(=O)N[C@@H](Cc1ccccc1)C(=O)N[C@@H](CCCNC(N)=O)C(=O)N[C@@H](C)C(=O)N[C@@H](C)C(=O)N[C@H](C(=O)N1CCC[C@H]1C(=O)N[C@@H](CO)C(=O)NCC(=O)N[C@@H](C)C(=O)N[C@@H](CO)C(=O)[O-])C(C)C
4pd7,O=c1ncccn1[C@@H]1O[C@H](CO)[C@@H](O)[C@H]1O
3l6f,CC(C)CC(NC(=O)C(CCCC[NH3+])NC(=O)C(CCC(=O)O)NC(=O)C(Cc1ccc(O)cc1)NC(=O)C(C)NC(=O)C1CCCN1C(=O)C1CCCN1C(=O)C(C)[NH3+])C(=O)NC(COP(=O)(O)O)C(=O)NC(C)C(=O)NC(CCC(=O)O)C(=O)NC(CCC(N)=O)C(=O)NC(CO)C(=O)N1CCCC1C(=O)N1CCCC1C(=O)O
6hkz,O=C([O-])CC[C@H](NC(=O)N[C@@H](CCCC(=O)N(CCNC(=O)c1ccc(F)nc1)c1ccccc1)C(=O)[O-])C(=O)[O-]
1unh,O=NC1=c2ccccc2=N/C1=C1\C(=O)Nc2ccccc21
5wa1,CC[C@H](C)[C@H](NC(=O)[C@H](CC(=O)[O-])NC(=O)[C@H](CC(=O)[O-])NC(=O)[C@H](CC(=O)[O-])NC(=O)[C@@H]([NH3+])CCC(=O)[O-])C(=O)N[C@@H](CCCC[NH3+])C(=O)N[C@@H](CCC(N)=O)C(=O)N[C@@H](CC(C)C)C(=O)N[C@@H](C)C(=O)N[C@@H](C)C(=O)N[C@@H](Cc1c[nH]c2ccccc12)C(=O)N[C@H](C(=O)N[C@H](C(=O)[O-])[C@@H](C)O)[C@@H](C)O
3ro0,c1cc[n+]2c(c1)-c1cccc3[n+]1[Pt+4]2[n+]1ccccc1-3
1fdq,CC/C=C\C/C=C\C/C=C\C/C=C\C/C=C\C/C=C\CCC(=O)[O-]
3zm4,O=C1N=CCc2cc(O[C@H]3CC[NH2+]C3)c(Cl)cc21
3wsy,CC(C)C[C@H]([NH3+])C(=O)N1CCC[C@H]1C(=O)N[C@@H](CCC(N)=O)C(=O)N[C@@H](CC(=O)[O-])C(=O)N[C@@H](CCCNC(N)=[NH2+])C(=O)NCC(=O)N[C@@H](Cc1ccccc1)C(=O)N[C@@H](CC(C)C)C(=O)N[C@H](C(=O)N[C@H](C(=O)N[C@@H](CCC(N)=O)C(=O)[O-])C(C)C)C(C)C
1h2u,Cn1c[n+](C2OC(COP(=O)(O)OP(=O)(O)OP(=O)(O)OCC3OC(n4cnc5c(=O)[nH]c(N)nc54)C(O)C3O)C(O)C2O)c2nc(N)[nH]c(=O)c21
3ivv,CC(C)[C@H](NC(=O)[C@H](C)NC(=O)[C@H](C)[NH3+])C(=O)N[C@H](C(=O)N[C@@H](CO)C(=O)N[C@H](C(=O)N[C@H](C(=O)N[C@@H](CO)C(=O)N[C@@H](C)C(N)=O)[C@@H](C)O)[C@@H](C)O)[C@@H](C)O
4xhv,CC(C)[C@H](NC(=O)[C@H](Cc1ccc(O)cc1)NC(=O)[C@H](Cc1c[nH]c2ccccc12)NC(=O)[C@H](CCC(=O)[O-])NC(=O)[C@H](CCCC[NH3+])NC(=O)[C@@H](NC(=O)[C@H](CC(=O)[O-])NC(=O)[C@H](CCCC[NH3+])NC(=O)[C@H](CO)NC(=O)[C@@H]([NH3+])CC(=O)[O-])C(C)C)C(=O)[O-]
6qz8,CCc1sc2ncnc(O[C@H](Cc3ccccc3)C(=O)[O-])c2c1-c1ccc(O)c(Cl)c1C
4hkp,O=c1[nH]/c(=N/O)ccn1C1OC(COP(=O)(O)O)C(O)C1O
1zd2,O=C([O-])CNC(=O)NC1CCCCC1
5dg6,CC(C)(C)OC(=O)N[C@H]1CCc2nnc(o2)CCCCCNC(=O)CC[C@@H](CO)NC(=O)[C@H](CC2CCCCC2)NC1=O
6cec,COc1nc2ccccc2nc1CCC(=O)[O-]
1hty,C[C@@H](O)CC(C)(C)O
6pno,CC(=O)Nc1ccc(Cl)c(S(=O)(=O)NC(C)C)c1
6g22,O=c1[nH]c(=O)n(C2CC3OC(c4ccccc4)(P(=O)(O)O)OCC3O2)cc1CCP(=O)(O)O
5hda,CSCC[C@H](NC(=O)[C@@H]([NH3+])CO)C(=O)N1CCC[C@H]1C(=O)N[C@@H](CCC(=O)[O-])C(=O)N[C@@H](CC(C)C)C(=O)N[C@@H](CO)C(=O)N1CCC[C@H]1C(=O)N[C@H](C(=O)[O-])C(C)C
6iyv,C[C@@H](O)[C@@H](C=O)[C@@H]1N=C(C(=O)[O-])[C@@H](S[C@@H]2C[NH2+][C@H](C(=O)Nc3cccc(C(=O)[O-])c3)C2)[C@@H]1C
6gg8,NS(=O)(=O)C[C@H]1COc2cc(F)ccc2N1C(=O)c1ccc2c(c1)NC(=O)CO2
5lkr,C#CC[N@H+]1CCC[C@H](CN(CCOC)C(=O)c2ccc3ccccc3c2)C1
2w10,CC(C)C[C@@H](C=O)NC(=O)[C@H](CC(C)C)NC(=O)[C@@H]1CCCN1C(=O)[C@H](CCCC[NH3+])NC(=O)[C@@H]1CCCN1C(=O)[C@H](C)NC(=O)[C@@H](NC(=O)[C@@H]1CCCN1C(=O)[C@H](CCCNC(N)=[NH2+])NC(=O)[C@@H]1CCCN1C(=O)[C@@H]1CCCN1C(=O)[C@@H]1CCC[NH2+]1)[C@@H](C)O
3wv2,COc1cccc(CNC(=O)c2nc3ccccc3c(=O)[nH]2)c1
5j8i,CCC(=O)Nc1ccccc1Oc1nc(Nc2ccc(N3CC[NH+](C)CC3)cc2)ncc1Cl
4ctj,O=C([O-])c1ccc2occc2c1
4k3r,CC(C)C[C@H](NC(=O)[C@H](CC(=O)[O-])NC(=O)[C@H](CC(C)C)NC(=O)[C@H](CCC(N)=O)[NH2+][C@H](C)O)C(=O)N[C@@H](C)C(=O)[O-]
5vdu,c1ccc(-c2ncccn2)nc1
3qlc,C[C@H]([NH3+])C(=O)N[C@@H](CCCNC(N)=[NH2+])C(=O)N[C@H](C(=O)N[C@@H](CCCC[NH3+])C(=O)N[C@@H](CCC(N)=O)C(=O)N[C@H](C(=O)N[C@@H](C)C(=O)[O-])[C@@H](C)O)[C@@H](C)O
3bi1,CN(Cc1cnc2nc(N)nc(N)c2n1)c1ccc(C(=O)NC(CCP(=O)(O)CC(CCC(=O)O)C(=O)O)C(=O)O)cc1
5od5,CC12C3(C)C4(C)C56CC7=C[CH][CH]C8=[N+]7[Ir+8]1345(N(S(=O)(=O)c1ccc(CNC(=O)[C@H](CCCCNC(=O)c3cccc(O)c3O)NC(=O)c3cccc(O)c3O)cc1)C8)C26C
1hyv,c1ccc([As+](c2ccccc2)(c2ccccc2)c2ccccc2)cc1
3atw,CC(=O)N[C@H](C(=O)N[C@H](C(=O)N[C@@H](CC1CCCCC1)C(=O)N[C@@H](Cc1c[nH]cn1)C(=O)[O-])C(C)C)[C@@H](C)O
3k84,CCCCCCCC/C=C\CCCCCCC[C@H](O)c1nnc(-c2ccccn2)o1
3s0n,Cc1cccc2scc(Cn3c(=O)n(CCCC(=O)[O-])c4ccccc43)c12
4b9w,CNC(NC)=[NH+]CCC[C@H](NC(=O)CNC(=O)[C@H](C)[NH3+])C(=O)NCC(=O)N[C@@H](CC(C)C)C(=O)N[C@H](C(=O)N[C@@H](Cc1ccccc1)C(=O)N[C@@H](CCCNC(N)=[NH2+])C(=O)[O-])C(C)C
3zt4,O=C1Cc2ccccc2/C1=C\c1ccc2c(c1C(=O)[O-])OCO2
2oei,CC(C)C[C@H](NC(=O)[C@@H]1CCCN1C(=O)[C@@H]1CCCN1C(=O)[C@@H]1C=CCN1C(=O)[C@@H]1CCCN1C(=O)[C@@H]1CC=CN1C(=O)[C@@H]1CCC[NH2+]1)C(=O)N1CCC[C@H]1C(=O)N1CCC[C@H]1C(=O)[O-]
6h7z,CN(C(=O)CCC[C@H](NC(=O)N[C@@H](CCC(=O)[O-])C(=O)[O-])C(=O)[O-])c1ccc(F)nc1
1j1a,O=C([O-])CC[C@@H](Cc1ccc(OCc2ccccc2)cc1)NC(=O)CCCCCCc1ccccc1
3vw0,CC1=CC([NH3+])c2ccccc2N1CCCCCCCCCCN1c2ccccc2C(N)=C[C@@H]1C
5oh1,CC[C@]1(c2ccc(N)cc2)CCC(=O)NC1=O
6pvu,O=P1(O)OP(=O)(O)OP(=O)(O)OP(=O)(O)OP(=O)(O)OP(=O)(O)O1
4g8r,O=C(NC[C@@H](COC(=O)c1cc(O)c(O)c(O)c1)OC(=O)c1cc(O)c(O)c(O)c1)Oc1cccc(C(F)(F)F)c1
1cr6,O=C(NCCCc1ccccc1)NC1CCCCC1
5eci,CCCCC[C@H]1C(=O)CC[C@@H]1CC(=O)[O-]
4umn,CC(=O)N[C@H](C(=O)N[C@@H](CO)C(=O)N[C@@H](Cc1ccccc1)C(=O)N[C@]1(C)CCCCCC/C=C/CCC[C@@](C)(C(N)=O)NC(=O)[C@H](CC(C)C)NC(=O)[C@H](CC(C)C)NC(=O)[C@H](Cc2ccc(O)cc2)NC(=O)[C@H](Cc2c[nH]c3ccccc23)NC(=O)[C@H](Cc2ccc(O)cc2)NC(=O)[C@H](CCC(=O)[O-])NC1=O)[C@@H](C)O
6c5f,O=C([O-])c1cccc(-c2cc(C(=O)[O-])ncc2C(=O)[O-])c1
5x4m,Nc1ncnc(Nc2ccccc2)n1
2y2i,O=C(NCB(O)O)c1ccccc1[N+](=O)[O-]
1xnz,O=C([O-])c1ccc(-c2ccccc2Cl)o1
5ccl,O=C1Cc2cc(C(=O)NC3CC[NH2+]CC3)ccc2N1
5v4b,CC(C)C(NC(=O)C(CCC(=O)O)NC(=O)C1C=CC[NH2+]1)C(=O)N1CCCC1C(=O)N1CCCC1C(=O)NC(C(=O)N1CCCC1C(=O)N1CCCC1C(=O)NCC(=O)NC(COP(=O)(O)O)C(=O)O)C(C)OP(=O)(O)O
5kos,COCCCNc1nc(C(C)(C)C)ncc1C(=O)N(CC(C)C)[C@@H]1C[NH2+]C[C@H](C(=O)N2CCOCC2)C1
2m0v,CC(C)C[C@H](NC(=O)[C@H](CCCNC(N)=[NH2+])NC(=O)[C@@H](NC(=O)[C@H](CC(=O)[O-])NC(=O)[C@@H]([NH3+])CCC(N)=O)[C@@H](C)O)C(=O)[O-]
6awo,C[NH2+][C@H]1CC[C@@H](c2ccc(Cl)c(Cl)c2)c2ccccc21
4ucd,O=C([O-])c1cc(C(=O)[O-])n(Cc2ccccc2Cl)n1
4u45,c1cc(Nc2ncnn3cc(-c4cn[nH]c4)cc23)ccn1
5fwr,OC[C@H]1O[C@H](Oc2ccc(-c3ccccc3)cc2)[C@@H](O)[C@@H](O)[C@@H]1O
4urk,Cc1cc([C@@H](C)Nc2ccccc2C(=O)[O-])c2nc(N3CCOCC3)cc(=O)n2c1
4odq,CC[C@H](C)[C@H](NC(=O)C[NH3+])C(=O)N[C@H](C(=O)N[C@@H](CCCC[NH3+])C(=O)N1CCC[C@H]1C(=O)N[C@@H](Cc1c[nH]c2ccccc12)C(=O)[O-])C(C)C
5enf,CC(C)Cc1nc(C#N)c(N)o1
3i90,CC(C)C[C@H](NC(=O)[C@H](C)[NH3+])C(=O)N[C@@H](C)C(=O)N[C@H](C(=O)N[C@@H](CCCC[NH3+])C(=O)N[C@@H](C)C(=O)N[C@@H](C)C(=O)N[C@@H](CCCNC(N)=[NH2+])C(=O)N[C@@H](CCCC[N+](C)(C)C)C(=O)N[C@@H](CO)C(=O)N[C@@H](C)C(=O)[O-])[C@@H](C)O
4u7q,CCN(CC)c1ccc2c(COC(=O)N[C@H](C(=O)N[C@@H](Cc3ccccc3)C[C@H](O)[C@H](Cc3ccccc3)NC(=O)OCc3cncs3)C(C)C)cc(=O)oc2c1
5vqe,OC[C@H]1OC[C@H](F)[C@@H](O)[C@@H]1O
3zvw,[B+2]CNC(=O)Cc1ccccc1
3tvl,O=P(O)(O)OP(=O)(O)OP(=O)(O)O
4tpt,CN(Cc1ccc([C@H](O)CO)cc1)C(=O)c1ccc(S(=O)(=O)Nc2ccccc2)cc1
6b3e,CCn1cnc2c(NCc3nc4c(F)c(F)ccc4[nH]3)nc(N3CCCC[C@H]3CCO)nc21
3odk,O=C([O-])c1cc(-c2ccccn2)n[nH]1
2a4q,CCC[C@H](NC(=O)[C@@H]1Cc2cccc(c2)CCCCCCCC(=O)N[C@@H](C2CCCCC2)C(=O)N1)[C@@H](O)C(=O)NCC(=O)N[C@@H](C(=O)[O-])c1ccccc1
1ofz,C[C@@H]1O[C@H](O)[C@@H](O)[C@H](O)[C@@H]1O
5ekx,Cc1cc(N)c(N)cc1Cl
3nan,C/C=C(/C)C(=O)O[C@H]1C(C)=C2[C@@H]3OC(=O)[C@@](C)(O)[C@@]3(O)[C@@H](OC(=O)CCCc3ccc(O)c(CCCCCCNC(=O)OC(C)(C)C)c3)C[C@](C)(OC(C)=O)[C@H]2[C@@H]1OC(=O)CCCCCCC
4j3u,OC[C@H]1O[C@H](O[C@@H]2[C@@H](CO)O[C@H](SC[C@H]3O[C@@H]4O[C@@H]5[C@@H](CO)O[C@H](O[C@@H]6[C@@H](CO)O[C@H](O[C@@H]7[C@@H](CO)O[C@H](O[C@@H]8[C@@H](CO)O[C@H](O[C@@H]9[C@@H](CO)O[C@H](O[C@@H]%10[C@@H](CO)O[C@H](O[C@H]3[C@H](O)[C@H]4O)[C@H](O)[C@H]%10O)[C@H](O)[C@H]9O)[C@H](O)[C@H]8O)[C@H](O)[C@H]7O)[C@H](O)[C@H]6O)[C@H](O)[C@H]5O)[C@H](O)[C@H]2O)[C@H](O)[C@@H](O)[C@@H]1O
5hn9,CCCCCCCCCCOc1cccc(COc2ccc([N+](=O)[O-])cc2C(=O)[O-])c1
5ypy,CC(C)[C@H]([NH3+])C(=O)[O-]
5fdr,Cc1cc(OCCCc2c(C(=O)NS(=O)(=O)c3ccc(C(=O)[O-])o3)[nH]c3c(-c4c(C)n[nH]c4C)c(Cl)ccc23)cc(C)c1Cl
5u98,CC[C@H](C)[C@H](NC(=O)[C@H](CC(=O)[O-])NC(=O)[C@@H](NC(=O)[C@@H](NC(=O)[C@@H]([NH3+])C(C)C)[C@@H](C)O)[C@@H](C)O)C(=O)N[C@@H](CCC(N)=O)C(=O)N[C@H](C(=O)N[C@@H](CCCC[NH3+])C(=O)N[C@H](C(=O)[O-])C(C)C)C(C)C
2kfh,C[C@H](NC(=O)[C@@H](NC(=O)[C@H](Cc1ccccc1)NC(=O)[C@@H]1CCCN1C(=O)CNC(=O)[C@@H](NC(=O)[C@H](CO)NC(=O)[C@H](CCC(=O)[O-])NC(=O)[C@H](Cc1ccc(O)cc1)NC(=O)[C@H](CC(N)=O)NC(=O)[C@@H]([NH3+])Cc1ccccc1)[C@@H](C)O)[C@@H](C)O)C(=O)N[C@@H](CCCC[NH3+])C(=O)[O-]
6qri,CO[C@H]1[C@H](O)[C@@H](C)O[C@@H](O[C@H]2/C=C/C=C\c3coc(n3)[C@H](C)[C@H](OC)C[C@H](O)/C=C/C=C/C=C\[C@H](C)[C@H]([C@@H](C)[C@@H](O)C[C@H](C)O)OC(=O)/C=C\C=C\C=C/C(C)=C/[C@H]2C)[C@@H]1OC
6htd,CC(C)C[C@H](NC(=O)[C@H](Cc1ccccc1)N=[N+2]#N)C(=O)N[C@@H](C)C(=O)N[C@H](CCS(C)(=O)=O)Cc1ccc(C=N)cc1
4f6x,CCCCCCOc1cccc(Cn2ccc(O)c(C(=O)[O-])c2=O)c1
4hxl,O=C(CCC1CCCCC1)Nc1cc(NS(=O)(=O)c2cccs2)cc(-c2csc(=O)[nH]2)c1
6fgf,CN1CC(C(=O)NCCCNC(=O)c2ccc(F)cc2)CCC1=O
4i31,CC[C@H](C)[C@H](NC(=O)[C@H](CCCNC(N)=[NH2+])NC(=O)CNC(=O)[C@@H](NC(=O)[C@@H](NC(=O)[C@@H](NC(=O)[C@@H](NC(=O)[C@H](CO)NC(=O)CNC(=O)C[NH3+])C(C)C)C(C)C)[C@@H](C)CC)C(C)C)C(=O)N[C@H](C(=O)N[C@@H](CC(C)C)C(=O)N[C@@H](CO)C(=O)[O-])[C@@H](C)CC
5ml3,CNc1nccc(CN(CC2CC[NH2+]CC2)S(=O)(=O)c2ccc(S(=O)(=O)N(Cc3ccc(Cl)cc3)C3CCCC3)cc2)n1
5f5b,CSCC[C@H](NC(=O)[C@H](CCCNC(N)=[NH2+])NC(=O)[C@@H](NC(C)=O)C(C)C)C(=O)N[C@@H](C)C(=O)[O-]
1xhm,CC[C@H](C)[C@H](NC(=O)[C@@H]([NH3+])CO)C(=O)NCC(=O)N[C@@H](CCCC[NH3+])C(=O)N[C@@H](C)C(=O)N[C@@H](Cc1ccccc1)C(=O)N[C@@H](CCCC[NH3+])C(=O)N[C@H](C(=O)N[C@@H](CC(C)C)C(=O)NCC(=O)N[C@@H](Cc1ccc(O)cc1)C(=O)N1CCC[C@H]1C(=O)N[C@@H](CC(=O)[O-])C(=O)[O-])[C@@H](C)CC
3ogm,CC[C@H]1C[C@@]1(NC(=O)[C@H]1C[C@H](CC)C[C@@H]2C(=O)CC[C@@H]21)C(=O)[O-]
4kii,CCCCCCCCCCCC(=O)[N+]12c3ccccn3[Rh+2]1n1ccccc12
1upk,[NH3+][C@@H](CC(=O)[O-])C(=O)N[C@@H](Cc1c[nH]c2ccccc12)C(=O)N[C@@H](CCC(=O)[O-])C(=O)N[C@@H](Cc1ccccc1)C(=O)[O-]
2jbu,C[C@H]([NH3+])C(=O)N[C@@H](C)C(=O)N[C@@H](C)C(=O)N[C@@H](C)C(=O)N[C@@H](C)C(=O)N[C@@H](C)C(=O)N[C@@H](C)C(=O)O
3h6z,C[NH2+]CCCC[C@H](NC(=O)[C@H](CCCNC(N)=[NH2+])NC(=O)[C@@H]([NH3+])Cc1cnc[nH]1)C(=O)N[C@H](C(=O)N[C@@H](CC(C)C)C(=O)N[C@@H](CCCNC(N)=[NH2+])C(=O)[O-])C(C)C
6oos,CC(C)CN(C[C@@H](O)[C@H](Cc1ccccc1)NC(=O)O[C@H]1CO[C@H]2OCC[C@@H]12)S(=O)(=O)c1ccc(N)cc1
4ael,CCOc1ccccc1-c1ccc(-c2nc3ccncc3c(O)c2C#N)cc1
1gww,O=c1ccn(C2OC(COP(=O)(O)OP(=O)(O)O)C(O)C2O)c(=O)[nH]1
5jer,CC[C@H](C)[C@H](NC(=O)[C@H](CC(C)C)NC(=O)[C@H](CC(C)C)NC(=O)[C@H](CCC(=O)[O-])NC(=O)[C@H](Cc1ccccc1)NC(=O)[C@H](CCC(=O)[O-])NC(=O)[C@@H]([NH3+])CCC(=O)[O-])C(=O)N[C@@H](CO)C(=O)N[C@@H](CC(N)=O)C(=O)N[C@@H](CO)C(=O)[O-]
4yt7,CCOc1cc(OC(C)C)c(F)c([C@@H](Nc2ccc(C(N)=[NH2+])cc2)c2nc(-c3ccccc3C(N)=O)c[nH]2)c1
6ps5,CC(C)[NH2+]C[C@H](O)COc1cccc2ccccc12
6bic,CC(C)C[C@@H]1NC(=O)[C@@H](NC(=O)OCc2ccccc2)Cc2cn(nn2)CCCNC(=O)CC[C@@H](CO)NC1=O
1dqx,O=c1cc(O)n(C2OC(COP(=O)(O)O)C(O)C2O)c(=O)[nH]1
4jmg,CSCCC(NC(=O)C(CC(C)C)NC(=O)CNC(=O)C(NC(=O)C(CC(N)=O)NC(=O)C(CCC(=O)O)NC(=O)C(Cc1ccc(OP(=O)(O)O)cc1)NC(=O)C([NH3+])C(C)C)C(C)C)C(=O)O
4yax,COc1ccc(Oc2cc3c(cc2NS(=O)(=O)c2ccccc2)n(C)c(=O)n3C)cc1
5ea3,Cc1ccc(O)c(Cn2c(N[C@H]3CC[N@H+](CC[NH3+])CC3)nc3c2CC=CC3C)n1
4ttv,C[C@@H]1C[C@H](C)[C@@H](O)CC(=O)O[C@H]([C@@H]2CC[C@H]2C(=O)[O-])C/C=C/C=C(\C#N)[C@H](O)[C@@H](C)C[C@H](C)C1
3e3u,CCCC[C@H](CN(O)C=O)C(=O)N1CCC[C@H]1c1nc2ccccc2o1
3ihz,CCC[C@@H]1/C=C(\C)C[C@H](C)C[C@H](OC)[C@H]2O[C@@](O)([C@H](O)C(=O)N3CCCC[C@H]3C(=O)O[C@H](/C(C)=C/[C@@H]3CC[C@@H](O)[C@H](OC)C3)[C@H](C)[C@@H](O)CC1O)[C@H](C)C[C@@H]2OC
4cpu,COC(=O)N[C@H](C(=O)N/[N+](=C\c1ccc(C2=CCSC2)cc1)CCC[C@@]1(O)Cc2ccc(cc2)C/C=C\CNC(=O)[C@H](C(C)C)NC1=O)C(C)(C)C
2v5a,Nc1ncc2cc(-c3ccccc3)c(N3CCCC3)nc2n1
5dh3,CN1C(=O)c2sccc2N(C)c2nc(Nc3ccc(S(N)(=O)=O)cc3)ncc21
1axz,OC[C@H]1O[C@@H](O)[C@H](O)[C@@H](O)[C@H]1O
4wz5,Cc1c(Oc2nc(N)ns2)cc2c(c1C)[C@@H](CC(=O)[O-])OB2O
2f3r,Nc1nc2c(ncn2C2OC(COP(=O)(O)OP(=O)(O)OP(=O)(O)OP(=O)(O)OP(=O)(O)OCC3OC(n4cnc5c(N)ncnc54)C(O)C3O)C(O)C2O)c(=O)[nH]1
4g3e,C[C@@](O)(C#Cc1ccc2ccn(-c3nc(N)ncc3Cl)c2c1)c1nccs1
5awt,[NH3+]CCCC[C@H](NC(=O)[C@H](Cc1ccccc1)NC(=O)[C@@H]1CCCN1C(=O)[C@H](CC(=O)[O-])NC(=O)CNC(=O)CNC(=O)[C@H](Cc1ccccc1)NC(=O)[C@@H]1CCCN1C(=O)[C@H](CC(=O)[O-])NC(=O)[C@@H]([NH3+])Cc1ccc(O)cc1)C(=O)[O-]
3kr2,Nc1nc2cc(F)ccc2[nH]1
4l5j,O=P(O)(O)OCC1OC(O)C(O)C1O
2imb,NC(=[NH2+])NCCC[C@H]([NH3+])C(=O)NO
5vqt,Cc1c(Oc2ccccc2OCCn2ccc(=O)[nH]c2=O)cc(N(C)C(=O)CCl)c2ccc(C#N)cc12
3shv,CC(NC(=O)C([NH3+])CCC(N)=O)C(=O)NC(COP(=O)(O)O)C(=O)NC(CCC(N)=O)C(=O)NC(CCC(=O)O)C(=O)NC(Cc1ccc(O)cc1)C(=O)O
6eo8,CC(C)[N@H+]1CC[C@H](C(=O)Nc2c(OCCCO[C@@H]3O[C@H](CO)[C@@H](O)[C@H](O)[C@H]3O)cccc2OCc2cc(-c3ccc(Cl)s3)on2)CC1
3pp7,Cc1ccc(C(=O)Nc2ccc(S(=O)(=O)[O-])c3cc(S(=O)(=O)[O-])cc(S(=O)(=O)[O-])c23)cc1NC(=O)c1ccccc1
6i3u,C[C@H](C[NH+]1CCOCC1)Oc1ccc2c(c1)Cc1cccc(-c3cc(=O)cc(N4CCOCC4)o3)c1S2
6ps6,CC(C)(C)[NH2+]C[C@H](O)COc1nsnc1N1CCOCC1
3dow,CC(C)C[C@H](NC(=O)[C@H](Cc1ccccc1)NC(=O)[C@H](CC(=O)[O-])NC(=O)[C@H](Cc1c[nH]c2ccccc12)NC(=O)[C@@H]([NH3+])CC(=O)[O-])C(=O)N1CCC[C@H]1C(=O)N1CCC[C@H]1C(N)=O
1b2m,Nc1nc2c(ncn2C2OC(CO)C(O[PH](=O)O)C2O)c(=O)[nH]1
3eos,CNc1nc2c(CC[NH2+]CC3CCCCC3)c3[nH]c(=[NH2+])[nH]c(=O)c3cc2[nH]1
5vlp,CC[C@H](C)[C@H](NC(=O)[C@H](CCCCNC(N)=[NH2+])NC(=O)[C@@H](NC(=O)[C@H](CC(C)C)NC(=O)[C@H](CC(N)=O)NC(=O)[C@H](Cc1c[nH]c2ccccc12)NC(=O)CNC(=O)[C@@H]1CCCN1C(=O)[C@H](Cc1ccccc1)NC(=O)[C@H](CO)NC(=O)[C@H](CCC(=O)[O-])NC(=O)[C@H](CCSC)NC(C)=O)C(C)C)C(=O)NCC(=O)N[C@@H](CC(C)C)C(=O)N[C@@H](CC(C)C)C(=O)N[C@@H](CCCNC(N)=[NH2+])C(=O)[O-]
5hka,CCC(=O)Nc1cc(Cl)c(Oc2ccc(O)c(-c3ccc(C(N)=O)cc3)c2)c(Cl)c1
2mwp,CSCC[C@H](NC(=O)[C@H](CC(C)C)NC(=O)[C@H](CCCC[NH+](C)C)NC(=O)[C@H](CCCC[NH3+])NC(=O)[C@H](Cc1c[nH]cn1)NC(=O)[C@H](CCCNC(N)=[NH2+])NC(=O)[C@H](CO)NC(=O)[C@@H](NC(=O)[C@@H]([NH3+])CO)[C@@H](C)O)C(=O)N[C@@H](Cc1ccccc1)C(=O)N[C@@H](CCCC[NH3+])C(=O)N[C@H](C(=O)[O-])[C@@H](C)O
4nat,COc1cc(OC)nc([C@H]2CCCCC2C(=O)NCc2ccc(Cl)c(Cl)c2)n1
5t4v,COc1cc2c(cc1NS(=O)(=O)c1ccc(C#N)cc1)c(C)cc(=O)n2C
2pvw,O=C(O)CCC(CP(=O)(O)O)C(=O)O
5es1,CCc1sc(C(=O)N[C@@H]2[C@H]([NH3+])CCCC2(F)F)cc1-c1cnn2cc(C(F)(F)F)cnc12
1ylv,CCCCC(=O)[O-]
4y2x,Oc1ccccc1C[NH2+]CC[C@]12C[C@H]3C[C@H](C[C@H](C3)C1)C2
4ran,N#CCC[NH+](CCn1cnc2c(=O)[nH]c(N)nc21)CCP(=O)(O)O
2cne,NC(=O)C(Cc1ccc(C(F)(F)P(=O)(O)O)cc1)NC(=O)C(Cc1ccccc1)NC(=O)Cc1ccc(C(F)(F)P(=O)(O)O)cc1
4wnk,CC1=C(C(=O)Nc2ccc3n[nH]cc3c2)[C@H](c2ccc(F)c(C(=O)NCc3ccccn3)c2)NC(=O)N1
6hvj,Cc1coc2ccc(-c3cc(Nc4cnccc4S(C)(=O)=O)cc4nccnc34)cc12
3uwk,Cn1c(=O)[nH]c2ncc(-c3ccccc3)cc21
6bec,CO[C@H]1CCO[C@@]2(C)Oc3c(C)c(O)c4c(c3C2=O)C2=N[C@]3(CC[N@H+](CC(C)C)CC3)NC2=C(NC(=O)/C(C)=C\C=C\[C@H](C)[C@H](O)[C@@H](C)[C@@H](O)[C@@H](C)[C@H](OC(C)=O)[C@@H]1C)C4=O
4ifi,CC(C)C(NC(=O)C1CCCN1C(=O)C(COP(=O)(O)O)NC(=O)C([NH3+])CCCNC(=N)N)C(=O)NC(Cc1ccccc1)C(=O)NC(CO)C(=O)O
4jda,CC1=CC(=O)CC(C)(C)[C@]1(O)/C=C/C(C)=C\C(=O)[O-]
3kjn,CC(=O)[C@H](CC(=O)[O-])NC(=O)[C@@H]1C=C(CC2CCCCC2)Cn2c(=O)n(CCNC(=O)c3ccc4nc[nH]c4c3)c(=O)n21
5c91,COC(=O)CCCNC(=O)c1c(C)n(C)c2ccc(OC)cc12
3mg0,CC(C)C[C@H](NC(=O)[C@H](Cc1ccccc1)NC(=O)c1cnccn1)B(O)O
6fsd,Cc1ccc(OCC(=O)NCCC[NH+]2CCCCC2)cc1
2h2h,CC(=O)NCCCC[C@H](NC(=O)[C@H](CCCNC(N)=[NH2+])NC(=O)[C@H](CCCC[NH3+])NC(=O)[C@H](C)[NH3+])C(=O)N[C@H](C(=O)N[C@H](C(=O)N[C@H](C(=O)O)[C@@H](C)O)C(C)C)[C@@H](C)O
4jr0,CC(=O)N[C@@H](CC(=O)[O-])C(=O)N[C@@H](CCC(=O)[O-])C(=O)N[C@H](C(=O)N[C@@H](CC(=O)[O-])[C@@H](C)O)C(C)C
5vrl,CCS(=O)(=O)N1[NH2+]Cc2ccc(Oc3ccc(C(F)(F)F)cc3/C=N/O)cc2[B-]1(O)O
3ufa,CC(=O)NC(Cc1ccccc1)[PH](=O)O
4lge,C[NH2+][C@@H](C)C(=O)N[C@H](C(=O)N1C[C@H]2C[C@@H]3C[C@@H]3[N@@H+]2C[C@H]1C(=O)N[C@@H]1CCOc2ccccc21)C1CCCCC1
3zpr,Cc1cc(N2CC[NH2+]CC2)nc2ccccc12
1jif,Cc1c(N)nc([C@H](CC(N)=O)[NH2+]C[C@H]([NH3+])C(N)=O)nc1C(=O)N[C@H](C(=O)N[C@H](C)[C@@H](O)[C@H](C)C(=O)N[C@H](C(=O)NCCc1nc(-c2nc(C(=O)NCCC[S+](C)C)cs2)cs1)[C@@H](C)O)[C@@H](O[C@@H]1O[C@@H](CO)[C@@H](O)[C@H](O)[C@@H]1O[C@H]1O[C@H](CO)[C@@H](O)[C@H](OC(N)=O)[C@@H]1O)c1cnc[nH]1
2pr9,CC(C)C[C@H](NC(=O)[C@H](CS)NC(=O)[C@H](CCC(=O)[O-])NC(=O)[C@H](Cc1ccc(O)cc1)NC(=O)CNC(=O)[C@H](Cc1ccc(O)cc1)NC(=O)[C@H](CCC(=O)[O-])NC(=O)[C@H](CCC(=O)[O-])NC(=O)[C@@H]([NH3+])CC(=O)[O-])C(=O)N[C@@H](CC(=O)[O-])C(=O)[O-]
1ykp,O=C([O-])c1ccc(O)c(O)c1
1yon,Nc1ncnc2c1ncn2C1OC(COP(=O)(O)OP(=O)(O)OCC2OC(O)C(O)C2O)C(O)C1OP(=O)(O)O
3fci,O=C1CC(C[NH2+]CCCO/N=C/c2cccc(C(=O)[O-])c2)=NC(=O)N1
5alo,Cn1cc(-c2ccc3c(c2)[C@@](C)(Cc2ccccc2)C(=O)N3)cn1
1ch8,Nc1nc2c(ncn2C2OC(COP(=O)(O)OP(=O)(O)O)C3OP(=O)(O)OC32)c(=O)[nH]1
4yoz,CC(C)C[C@H](NC(=O)[C@@H]([NH3+])CC(=O)[O-])C(=O)N[C@@H](Cc1ccc(O)cc1)C(=O)N[C@@H](CS)C(=O)N[C@@H](Cc1ccc(O)cc1)C(=O)N[C@@H](CCC(=O)[O-])C(=O)N[C@@H](CCC(N)=O)C(=O)N[C@@H](CC(C)C)C(=O)N[C@@H](CC(N)=O)C(=O)[O-]
5njx,CSCC[C@H](NC(=O)[C@H](CCCNC(N)=[NH2+])NC(=O)[C@H](CO)NC(=O)[C@@H](NC(=O)[C@@H]([NH3+])CC(=O)[O-])[C@@H](C)O)C(=O)N[C@@H](CCC(=O)[O-])C(=O)N[C@@H](CCC(=O)[O-])C(=O)N[C@H](C(=O)N[C@@H](CC(=O)[O-])C(=O)[O-])C(C)C
5etr,[NH2+]=c1[nH]c(=O)c2[nH]c(SCc3ccc(F)cc3)nc2[nH]1
4uzd,CCOC(=O)c1[nH]cc2c1NC1=C(C(=O)CCC1)[C@H]2c1cccc(Oc2nc3ccccc3[nH]2)c1
2kce,Cc1nc2ccc(CN(C)c3ccc(C(=O)N[C@@H](CCC(=O)[O-])C(=O)[O-])s3)cc2c(=O)[nH]1
2xuz,O=C(N[C@H]1COC(=O)[C@@H](NC(=O)c2cccc(O)c2O)COC(=O)[C@@H](NC(=O)c2cccc(O)c2O)COC1=O)c1cccc(O)c1O
1u2r,Nc1nc2c(ncn2C2OC(COP(=O)(O)OP(=O)(O)O)C(O)C2O)c(=O)[nH]1
5d7a,O[C@H]1CC[C@@H](Oc2cccc3cnc(Nc4ccc5[nH]cnc5c4)nc23)CC1
6e3m,O=C([O-])c1cccc(-c2cc(O)c(O)c(C(=O)[O-])n2)c1
5wfc,CCCc1cc(C)[nH]c(=O)c1CNC(=O)c1cc(-c2ccnc(N3CC[NH+](C)CC3)c2)cc2c1cnn2C(C)C
5jin,CSCC[C@H](NC(=O)[C@H](CCCNC(N)=[NH2+])NC(=O)[C@H](C)NC(=O)[C@@H](NC(=O)[C@H](CCC(N)=O)NC(=O)[C@@H]([NH3+])CCCC[NH3+])[C@@H](C)O)C(=O)N[C@@H](CO)C(=O)N[C@H](C(=O)[O-])[C@@H](C)O
4ks5,CCC(CC)O[C@@H]1CC(C(=O)[O-])=C[C@H](n2cc(C(C)(C)O)nn2)[C@H]1NC(C)=O
6gf3,CC[C@@]12C[C@H](C(=O)OC)C3=Nc4cc(OC)c(OC(C)=O)cc4[C@@]34CC[N@H+](C[C@@H]3O[C@@H]31)[C@@H]24
3zy2,Nc1nc2c(ncn2C2OC(COP(=O)(O)OP(=O)(O)O)C(O)C2O)c(=O)[nH]1
3.00E+16,[NH3+]CCCC[C@H](NC(=O)OCc1ccccc1)C(=O)N[C@@H](CCc1ccccc1)C(=O)N[C@@H](CCCC[NH3+])[C@H](O)c1nc2ccccc2o1
4prg,CCCCCCC[C@@H]1S[C@@H](CC(=O)N(Cc2ccccc2)Cc2ccccc2)C(=O)N1CCCCc1ccc(C(=O)[O-])cc1
6hmx,COc1cc2nccc(Nc3[nH]nc(C)c3C)c2cc1S(=O)(=O)C(C)(C)C
6ccq,Oc1cccc2nc(CCc3cccc(Cl)c3)[nH]c12
6bnl,CCCCCCCCCCCCCCCCCCCCCCCCCC(=O)N[C@@H](CO[C@H]1O[C@H](COC(=O)CCc2ccccc2)[C@H](O)[C@H](O)[C@H]1O)[C@H](O)CCCCCCCCCCCCCCC
6jn3,C[C@H](CS)C(=O)N[C@@H](Cc1ccccc1)B([OH2+])[OH2+]
6b16,C[C@H](Nc1nccc(Nc2cc(C3CC3)n[nH]2)n1)c1ccc2[nH]ccc2n1
5hja,[NH3+][C@@](CCCC[B-](O)(O)O)(C(=O)[O-])C1CC[N+](Cc2ccc(Cl)c(Cl)c2)CC1
4ylu,CCC(=O)Nc1ccc(N(Cc2ccsc2)C(=O)Cn2nnc3ccccc32)cc1
6q30,O=C([O-])c1cccc2cc([B-]([OH2+])([OH2+])[OH2+])sc12
4mwv,CCC(CC)[C@H](NC(C)=O)[C@@H]1[C@H](O)[C@@H](C(=O)[O-])C[C@H]1NC(N)=[NH2+]
5yc8,C[N+]1(C)[C@H]2C[C@H](OC(=O)[C@H](CO)c3ccccc3)C[C@@H]1[C@H]1O[C@@H]21
3l2y,[NH3+]CCOP(=O)(O)O
5eok,CC[C@H](C)[C@H](NC(=O)[C@@H]([NH3+])Cc1c[nH]cn1)C(=O)N[C@@H](Cc1ccc(O)cc1)C(=O)N1CCC[C@H]1C(=O)N[C@@H](CC(=O)[O-])C(=O)N[C@@H](Cc1ccccc1)C(=O)N1CCC[C@H]1C(=O)N[C@H](C(=O)N[C@@H](CC(=O)[O-])C(=O)[O-])[C@@H](C)O
3bhb,CSCCC(NC(=O)C([NH3+])CCCC[NH3+])C(=O)NC(CC(=O)O)C(=O)NC(COP(=O)(O)O)C(=O)NC(Cc1ccccc1)C(=O)NC(CC(C)C)C(=O)NC(CC(=O)O)C(=O)NC(CCSC)C(=O)NC(CCC(N)=O)C(=O)NC(CC(C)C)C(=O)O
4pku,Cc1cc(S(=O)(=O)N(Cc2cccc(N)c2)[C@H](C)C(=O)NO)ccc1F
6gg5,[NH3+][C@@H](Cc1c[nH]c2ccccc12)C(=O)[O-]
6fgc,C[C@@H]1CC[C@H]2[C@@H](C)[C@H](OC(=O)CCC(=O)[O-])O[C@@H]3O[C@@]4(C)CC[C@@H]1[C@@]23OO4
5nwh,CN1C(=O)N(C)C(O)c2c1nc(N1CC[NH2+]CC1)n2Cc1nnc(-c2ccc(Cl)c(Cl)c2)o1
5v3h,O=C(N[C@H]1C[N@@H+](Cc2cnn(Cc3ccc(Cl)cc3)c2)C1)c1cn(C2CC2)nn1
5ief,CCCC[N@@H+]1C[C@H](O)[C@@H](O)[C@H](O)[C@H]1CO
4old,[NH3+][C@H](C(=O)[O-])[C@@H]1N=C(C(=O)[O-])CCS1
4mib,COc1c(C(C)(C)C)cc(C2=CCC=NC2=O)c2ncc(N3CC[C@H](CNS(C)(=O)=O)C3)cc12
5vew,CC1(C)CC([C@@H](Nc2ccc(-n3cnc(C(F)(F)F)c3)nc2)c2ccc(C(=O)NCCC(=O)[O-])cc2)C1
5lm6,O=C([O-])c1cccc2c1C(=O)N(c1ccc(O)c(F)c1)C2
5lyy,O=C1NC2(CCCCC2)C(=O)N1CCOc1ccc(F)cc1
5t4f,CC#CCn1c(N2CCC[C@@H]([NH3+])C2)nc2c1C(=O)N(Cc1ccc(C#N)cc1)C1=[NH+]CCN12
3iaf,Cc1ncc(C[n+]2csc(CCOP(=O)(O)OP(=O)(O)O)c2C)c(N)n1
5k0t,COc1cc(Cl)cc(C[NH2+]CCCNC(=O)Nc2ccccc2)c1
3ubx,CCCCC/C=C\C/C=C\CCCCCCCCCC(=O)N[C@@H](CO[C@H]1O[C@H](CO)[C@H](O)[C@H](O)[C@H]1O)[C@H](O)[C@H](O)CCCCCCCCCCCCCC
2izx,O[C@H]1CSSC[C@@H]1O
3qch,CS(=O)(=O)NC(=O)c1sccc1SCc1ccc(Cl)c(Cl)c1
1iem,CC(C)(O/N=C(\C(=O)NCB(O)O)c1csc(N)n1)C(=O)[O-]
3rqg,CSCC[C@H](NC(=O)[C@H](CC(C)C)NC(=O)[C@H](CCC(=O)[O-])NC(=O)[C@H](CC(=O)[O-])NC(=O)[C@H](CC(C)C)NC(=O)[C@H](CCC(=O)[O-])NC(=O)[C@H](CCCNC(N)=[NH2+])NC(=O)[C@@H](NC(=O)[C@H](C)[NH3+])[C@@H](C)O)C(=O)N[C@@H](C)C(=O)N[C@@H](CO)C(=O)N[C@@H](CC(C)C)C(=O)[O-]
3i6z,COc1ccc2c3c1O[C@H]1C[C@@H](O)C=C[C@@]31CC[N@H+](CCCCCCN1C(=O)c3ccccc3S1(=O)=O)C2
2yig,O=C(NCc1ccncc1)c1ccc(Oc2ccc(C#C[C@]3(O)C[N+]4CCC3CC4)cc2)cc1
1rsd,Nc1nc2nn(-c3cccc(C(=O)NCc4ccccc4Sc4ccccc4CO)c3)nc2c(=O)[nH]1
3a73,CCCCC[C@H](O)/C=C/[C@H]1C(=O)C=C[C@@H]1C/C=C\CCCC(=O)[O-]
4a6w,O=C(NO)c1ncc(-c2ccccc2Cl)o1
5zfi,CN(C)/N=C1/CN(CC(=O)Nc2cccc(-c3cnn(C)c3)c2)C(=O)[C@H](Cc2c(Cl)cccc2Cl)CN1
6qeg,O=C(NCCc1cccs1)[C@@]1(O)CCN(c2ccccc2)C1=O
6h7u,[NH3+]CC(=O)CCC(=O)[O-]
4p1u,O=C([O-])[C@H]1[C@H]2CC[C@H](CC2)[C@@H]1Nc1nc(-c2c[nH]c3ncc(F)cc23)ncc1F
6exm,Cc1cccc(Cc2cc(=O)n3c(c2N(C)C)SC[C@H]3C(=O)[O-])c1C
3s3m,C[C@@H]1CCO[C@H]2Cn3cc(C(=O)NCc4ccc(F)cc4F)c(=O)c(O)c3C(=O)N21
2iv9,C[C@H](NC(=O)[C@H](Cc1ccccc1)NC(=O)CNC(=O)[C@H](CC(=O)[O-])NC(=O)CNC(=O)[C@H](Cc1ccccc1)NC(=O)[C@@H]([NH3+])CO)C(=O)N[C@@H](CC(=O)[O-])C(=O)N[C@@H](Cc1ccccc1)C(=O)O
6nwc,N#Cc1ccc(CC(=O)NC2(C(=O)[O-])CCCCC2)cc1C1CC1
6afi,CCN1C(=O)[C@@H](O)c2ccccc21
6euv,O=C([O-])[C@H]1[C@H]2CC[C@H](CC2)[C@@H]1Nc1nc(-c2c[nH]c3ncc(F)cc23)ncc1F
6dko,O=C([O-])C(=O)CC(=O)c1c(F)cccc1F
4ht6,CC[C@H](C)[C@H]([NH3+])C(=O)N[C@H](C(=O)N[C@@H](Cc1ccc(O)cc1)C(=O)N[C@@H](CC(=O)[O-])C(=O)N[C@@H](CCCC[NH3+])C(=O)NCC(=O)N[C@H](C(=O)N[C@@H](CCC(N)=O)C(=O)N[C@H](C(=O)N[C@@H](CC(=O)[O-])C(=O)N[C@@H](CCC(N)=O)C(=O)[O-])[C@@H](C)O)[C@@H](C)CC)[C@@H](C)O
5m6f,COC[C@H]1C[NH2+][C@H](C)C[N@@H+]1CC(=O)N1CC(C)(C)c2ncc(Cc3ccccc3)cc21
1h9z,CC(=O)C[C@H](c1ccccc1)c1c(O)c2ccccc2oc1=O
2y6s,CC[C@H](C)[C@H](NC(=O)[C@H](CC(C)C)NC(=O)CNC(=O)[C@H](CC(C)C)NC(=O)[C@@H]([NH3+])CCCC[NH3+])C(=O)N[C@H](C(=O)N[C@@H](CC(N)=O)C(=O)N[C@H](C(=O)N[C@H](C(=O)N[C@@H](C)C(=O)NCC(=O)N[C@H](C(=O)N[C@@H](C)C(=O)NCC(=O)N[C@@H](CC(C)C)C(=O)[O-])C(C)C)[C@@H](C)CC)[C@@H](C)O)[C@@H](C)O
5ddd,CC1(C)CNC(=[N+]2CCN(c3ncnc4sc(CCF)cc34)CC2)S1
1ljt,COC(=O)C[C@H]1CC(c2ccc(O)cc2)=NO1
5w13,O=C(Cc1cccs1)N[C@H](B(O)O)c1cccc(C(=O)[O-])c1
4yff,CNS(=O)(=O)c1ccc(N2CCOCC2)c(Nc2ncnc3[nH]cc(Br)c23)c1
5jur,CC(C)(C)[C@@H](CC(=O)[O-])Nc1nc(-c2c[nH]c3ncc(F)cc23)ncc1F
2l3r,C[C@H]([NH3+])C(=O)N[C@@H](CCCNC(N)=[NH2+])C(=O)N[C@H](C(=O)N[C@@H](CCCC[NH3+])C(=O)N[C@@H](CCC(N)=O)C(=O)N[C@H](C(=O)N[C@@H](C)C(=O)N[C@@H](CCCNC(N)=[NH2+])C(=O)N[C@@H](CCCC[N+](C)(C)C)C(=O)N[C@@H](CO)C(=O)N[C@H](C(=O)[O-])[C@@H](C)O)[C@@H](C)O)[C@@H](C)O
2qcd,O=c1ccn(C2OC(COP(=O)(O)O)C(O)C2O)c(=O)[nH]1
6iiw,CC(C)[C@H]([NH3+])C(=O)N[C@@H](CCCNC(N)=[NH2+])C(=O)N[C@H](C(=O)N[C@@H](CCCC[NH3+])C(=O)N[C@@H](C)C(=O)N[C@@H](CC(=O)[O-])C(=O)[O-])[C@@H](C)O
4daw,O=C1NC(=O)c2cc3c(cc21)-c1cccc[n+]1[Ru+7]312(N=C=S)[S@+]3CC[S@@+]1CC[S@@+]2CC3
1bbz,CC(=O)N[C@@H](C)C(=O)N1CCC[C@H]1C(=O)N[C@@H](CO)C(=O)N[C@@H](Cc1ccc(O)cc1)C(=O)N[C@@H](CO)C(=O)N1CCC[C@H]1C(=O)N1CCC[C@H]1C(=O)N1CCC[C@H]1C(=O)N1CCC[C@H]1C(=O)N1CCC[C@H]1C(=O)[O-]
1wxz,C[C@H](O)[C@H](CCc1cccc2nc(-c3ccc(Cl)cc3)oc12)n1cnc(C(N)=O)c1
2g78,CC1=C(CC/C(C)=C/C=C/C(C)=C/C(=O)[O-])C(C)(C)CCC1
4g2r,C[C@@H](Oc1ccc(Oc2ncc(C(F)(F)F)cc2Cl)cc1)C(=O)[O-]
5t70,CC[C@H](C)[C@H](NC(=O)[C@H](CCC(N)=O)NC(=O)[C@H](CCC(=O)[O-])NC(=O)[C@H](CCC(N)=O)NC(=O)[C@H](CC(C)C)NC(=O)[C@H](CC(N)=O)NC(=O)[C@H](CO)NC(=O)[C@@H]([NH3+])[C@@H](C)O)C(=O)NCC(=O)N[C@@H](Cc1c[nH]c2ccccc12)C(=O)[O-]
3meu,CNC(NC)=[NH+]CCC[C@H](NC(=O)[C@H](C)[NH3+])C(=O)N[C@H](C(=O)N[C@@H](CCCC[N+](C)(C)C)C(=O)N[C@@H](C)C(=O)[O-])[C@@H](C)O
2i3z,CN1C(=O)c2nc(N3CCC[C@H]([NH3+])C3)n(Cc3ccccc3C#N)c2C1=O
4i9s,C/C=C(C)/C=C/C=C(C)/C=C/C1=C(C)CCCC1(C)C
3kpu,Oc1ccnc2ccccc12
1o4b,CC(=O)NC(Cc1ccc(P(=O)(O)O)c(P(=O)(O)O)c1)C(=O)NC1CCCCN(Cc2ccc(-c3ccccc3)cc2)C1=O
6qtm,CC(C)CC(NC(=O)C([NH3+])CO)C(=O)NC(CC(=O)O)C(=O)NC(CO)C(=O)NC(COP(=O)(O)O)C(=O)N1CCCC1C(=O)N1CCCC1C(=O)NC(CC(N)=O)C(=O)NC(C(=O)NC(CO)C(=O)O)C(C)O
5cqj,COc1ccc(/C(=C(/Cl)c2ccccc2)c2ccccc2)cc1
5eb2,[NH3+][C@@H](Cc1c[nH]c2ccccc12)C(=O)[O-]
5tvn,CCN(CC)C(=O)[C@@H]1C=C2c3cccc4[nH]cc(c34)C[C@H]2[N@H+](C)C1
4ga3,CCCCn1cc[n+](CC(O)(P(=O)(O)O)P(=O)(O)O)c1
3qin,COc1ccc(Cc2nc(O)c(O)c(C(=O)[O-])n2)cc1Br
4umu,CCOc1cc(OCC#Cc2ccc3ccncc3c2)ccc1C[NH3+]
3h0w,Cc1nc2c(N)ncnc2n1[C@@H]1O[C@H](C[NH+](C)C)[C@@H](O)[C@H]1O
6n7c,COc1cc2ccccc2cc1-c1[nH]ncc1NC(=O)c1cnn2cccnc12
2az5,Cc1cc2occ(C[NH+](C)CC[N@@H+](C)Cc3cn(-c4cccc(C(F)(F)F)c4)c4ccccc34)c(=O)c2cc1C
5j8x,[NH3+]Cc1ccc(C(=O)N[C@H]2Cc3cccc(C(=O)[O-])c3OB2O)cc1
4l2x,O=P(O)(O)C(Nc1ncnc2sc(-c3ccc(C4C=C4)cc3)cc12)P(=O)(O)O
5a5o,Cc1cc2ccccc2[nH]c1=O
1uti,CSCC[C@H](NC(=O)[C@H](CCCC[NH3+])NC(=O)[C@H](CCC(=O)[O-])NC(=O)[C@H](CCCC[NH3+])NC(=O)[C@H](CCCNC(N)=[NH2+])NC(=O)[C@@H]1CCCN1C(=O)[C@@H]1CCCN1C(=O)[C@@H](NC(=O)[C@H](CC(C)C)NC(=O)[C@@H]1CCCN1C(=O)[C@@H]1CCCN1C(=O)[C@H](CCC(N)=O)NC(=O)C[NH3+])C(C)C)C(=O)N[C@@H](CCCNC(N)=[NH2+])C(=O)NCC(=O)N[C@@H](CCCC[NH3+])C(=O)O
5wkl,CC(C)C[C@H](NC(=O)OCCc1ccccc1)C(=O)N[C@H](CO)C[C@@H]1CCNC1=O
2ww2,O[C@@H]1[C@H](O)C[N@H+]2CCC[C@@H](O)[C@H]12
4bg6,CC(NC(=O)C(CCCC[NH3+])NC(=O)C(CC(=O)O)NC(=O)C([NH3+])CCCC[NH3+])C(=O)NC(CCCC[NH3+])C(=O)NC(COP(=O)(O)O)C(=O)NC(CS)C(=O)O
6oa1,Cn1c(=O)c2nc(SCC[NH+]3CCOCC3)[nH]c2n(C)c1=O
4man,C[NH+](C)CCOc1cccc(-c2ccc(Cl)cc2)c1C[NH+]1CCN(c2ccc(C(=O)NS(=O)(=O)c3ccc(NCC4CCOCC4)c([N+](=O)[O-])c3)c(Oc3ccc4[nH]ccc4c3)c2)CC1
4ya8,CCCN(CCC)C(=O)c1cc(C(=O)N[C@@H](Cc2ccccc2)[C@@H](O)C[NH2+]C(C)(C)c2ccccn2)cc(N2C=CC=CC2)c1
5nud,O=[N+]([O-])c1cccnc1Nc1ncc(C(F)(F)F)cc1Cl
3aza,Clc1ccc(OCc2ccccc2)c2ncccc12
4zyr,O=[N+]([O-])c1ccc(O[C@H]2O[C@H](CO)[C@H](O)[C@H](O)[C@H]2O)cc1
6ey7,CN(Cc1ccc(F)cc1)C(=O)CC(=O)C(=O)[O-]
2ohv,[NH3+][C@H](C[C@H](Cc1ccc2ccccc2c1)C(=O)[O-])C(=O)[O-]
3tdz,CC[C@H](C)[C@H](NC(=O)[C@H](CC[Se]C)NC(C)=O)C(=O)N[C@@H](CCCC[NH3+])C(=O)N[C@@H](CC(C)C)C(=O)N[C@@]1(C)CCC/C=C\CCC[C@@](C)(C(=O)N[C@@H](CCC(N)=O)C(=O)N[C@@H](CCCC[NH3+])C(=O)[O-])NC(=O)[C@H](CCCC[NH3+])NC(=O)[C@H](CC(C)C)NC(=O)[C@H](CO)NC1=O
5wa4,CSCC[C@H](NC(=O)[C@@H]1CCCN1C(=O)[C@H](CC(C)C)NC(=O)[C@H](CC(=O)[O-])NC(=O)[C@H](CC(N)=O)NC(=O)[C@@H]([NH3+])CC(C)C)C(=O)N[C@@H](CC(=O)[O-])C(=O)N[C@H](C(=O)N[C@@H](Cc1ccccc1)C(=O)N[C@@H](CCC(=O)[O-])C(=O)N[C@@H](CC(C)C)C(=O)[O-])C(C)C
4urv,OC1(c2ccc(Br)cc2)CC[NH2+]CC1
1mzc,CC[C@@]1(c2cccc(Oc3cc([C@](C)([NH3+])c4cncn4C)ccc3C#N)c2)CCCCN(C)C1=O
3lqi,C[C@H]([NH3+])C(=O)N[C@@H](CCCNC(N)=[NH2+])C(=O)N[C@H](C(=O)N[C@@H](CCCC[NH+](C)C)C(=O)N[C@@H](CCC(N)=O)C(=O)N[C@H](C(=O)N[C@@H](C)C(=O)N[C@@H](CCCNC(N)=[NH2+])C(=O)N[C@@H](CCCC[NH3+])C(=O)[O-])[C@@H](C)O)[C@@H](C)O
2anl,Cc1ccccc1CNC(=O)[C@H]1N(C(=O)[C@@H](O)[C@H](Cc2ccccc2)NC(=O)c2cccc(O)c2C)CSC1(C)C
5xyf,CC[C@H](C)[C@H](NC(=O)[C@@H](NC(=O)[C@H](CCSC)NC(=O)[C@H](CCCNC(N)=[NH2+])NC(=O)[C@@H]([NH3+])CCCC[NH3+])[C@@H](C)O)C(=O)N[C@@H](CO)C(=O)N[C@@H](CCCNC(N)=[NH2+])C(=O)N[C@@H](CC(C)C)C(=O)N[C@H](C(=O)N[C@@H](CC(C)C)C(=O)N[C@@H](CCC(=O)[O-])C(=O)N[C@@H](CCC(=O)[O-])C(=O)[O-])C(C)C
4fck,NC(=[NH2+])NC[C@H]([NH3+])C(=O)[O-]
5v3x,CCOC(=O)c1c(-c2ccccc2)oc2ccc(O)c(C[N@H+]3CC[C@H](C)CC3)c12
2w3o,CC(NC(=O)C([NH3+])Cc1ccc(O)cc1)C(=O)NCC(=O)NC(COP(=O)(O)O)C(=O)NC(C(=O)NC(CC(=O)O)C(=O)NC(CCC(=O)O)C(=O)NC(C=O)CC(N)=O)C(C)OP(=O)(O)O
1ujk,CCC(C)C(NC(=O)C(CC(=O)O)NC(=O)C([NH3+])CC(=O)O)C(=O)NC(COP(=O)(O)O)C(=O)NC(CC(C)C)C(=O)NC(CC(C)C)C(=O)NC(CCCC[NH3+])C(=O)O
4e3n,O=S(=O)(NCB(O)O)c1ccc(-c2nn[nH]n2)cc1C(F)(F)F
5x5g,[NH3+]CCONC(=O)[C@@H]1CC[C@@H]([NH2+]OS(=O)(=O)[O-])CN1C=O
4ehm,COc1cc(C(=O)[O-])c2c(c1C)OC(=O)c1c(C)cc(O)c(C)c1O2
1i5h,CC[C@H](C)[C@H](NC(=O)[C@@H]1CCCN1C(=O)[C@H](CC(C)C)NC(=O)[C@@H](NC(=O)[C@H](CO)NC(=O)C[NH3+])[C@@H](C)O)C(=O)N1CCC[C@H]1C(=O)NCC(=O)N[C@H](C(=O)N1CCC[C@H]1C(=O)N1CCC[C@H]1C(=O)N1CCC[C@H]1C(=O)N[C@@H](CC(N)=O)C(=O)N[C@@H](Cc1ccc(O)cc1)C(=O)N[C@@H](CC(=O)[O-])C(=O)N[C@@H](CO)C(=O)N[C@@H](CC(C)C)C(=O)[O-])[C@@H](C)O
5o48,Cc1cc(F)ccc1-c1ccc2[nH]nc(C[NH+](C)C)c2c1
2ooh,O=C(O/N=C\c1ccc(O)cc1)C1CCCCC1
1n9a,N#CC1=C(c2cccc3ccccc23)CN(C(=O)Cc2cncn2Cc2ccc(C#N)cc2)CC1
3gzn,NS(=O)(=O)OC[C@@H]1C[C@@H](n2ccc3c(N[C@H]4CCc5ccccc54)ncnc32)C[C@@H]1O
3h98,CC(C)CCN1C(=O)[C@H](C2=NS(=O)(=O)c3cc(NS(C)(=O)=O)ccc3N2)[C@@H](O)n2ccnc21
6gvx,c1cc(-c2cnn3cc(-c4ccc(OCC[NH+]5CCCCC5)cc4)cnc23)ccn1
4yqu,COc1ccc(S(=O)(=O)N2CCCCCC2)cc1NC(C)=O
1bzs,O=C([O-])[C@H]1Cc2ccccc2CN1S(=O)(=O)c1ccc(-c2ccccc2)cc1
3c72,CN(C(=O)[C@H](Cc1c[nH]cn1)NC(=O)OCc1ccccc1)[C@@H](Cc1ccccc1)C(=O)N[C@@H](Cc1ccc(O)cc1)C(=O)[O-]
5nhz,CC(=O)SCC(CCCc1ccccc1)P(=O)(O)O
5ukk,O=C(NCc1ccccn1)c1cc([C@@H]2CC[NH2+]C[C@H]2COc2ccc3c(c2)OCO3)ccc1F
3bm6,O=C([O-])c1ccc(B(O)O)cc1NS(=O)(=O)c1cc(S(=O)(=O)c2ccccc2)cs1
4qwi,CC(C)C[C@H](NC(=O)[C@H](CCc1ccccc1)NC(=O)C[NH+]1CCOCC1)C(=O)N[C@@H](Cc1ccccc1)C(=O)N[C@@H](CC(C)C)[C@@H](O)[C@H](C)CO
3zvv,Cc1cc(C)n2nc(N)cc2n1
1wva,[NH3+][C@@H](CSCC[B-](O)(O)O)C(=O)[O-]
2rgu,CC#CCn1c(N2CCC[C@@H]([NH3+])C2)nc2c1c(=O)n(Cc1nc(C)c3ccccc3n1)c(=O)n2C
5zqu,Cc1cc2c(cc1-n1nnc3cc(C(=O)[O-])ccc31)C(C)(C)CCC2(C)C
2j3q,CN(C)c1ccc(C2Sc3cc(O)ccc3N2C)cc1
4iqt,O=C(CCc1cc(C(=O)c2cccc(F)c2)c[nH]1)C[C@@H](O)C(=O)[O-]
4hbw,CCNS(=O)(=O)c1ccc2c(c1)CN(C)C(=O)N2
1z6d,O=c1[nH]cnc2c1ncn2C1OC(COP(=O)(O)O)C(O)C1O
3h0j,Cc1ccc2cc(CC3CCN(C(=O)c4c5ccccc5cc5ccccc45)CC3)ccc2n1
2q70,Oc1ccc([C@@H]2Oc3ccc(O)cc3[C@@H]3CC(F)(F)C[C@@H]32)cc1
6seo,CC(=O)N[C@H](C(=O)N1CCC[C@H]1C(=O)N[C@@H](CC(C)C)C(=O)N[C@@H](CCCNC(N)=[NH2+])C(=O)N[C@@H](C)C(=O)N[C@@H](CCCNC(N)=[NH2+])C(=O)N[C@@H](CC(N)=O)C(=O)N[C@@H](CC(C)C)C(=O)N1CCC[C@H]1C(=O)N1CCC[C@H]1C(=O)N[C@@H](CO)C(=O)N[C@@H](Cc1ccccc1)C(=O)N[C@@H](Cc1ccccc1)C(=O)N[C@H](C(=O)N[C@@H](CCC(=O)[O-])C(=O)N1CCC[C@H]1C(N)=O)[C@@H](C)O)C(C)C
5juz,Cc1ccc(-c2cc3c(NC(c4ccc5occc5c4)P(=O)(O)O)ncnc3s2)cc1
4ejf,CC[C@H](C)[C@H](NC(=O)[C@@H](NC(=O)[C@H](Cc1c[nH]c2ccccc12)NC(=O)[C@H](CCC(=O)[O-])NC(=O)[C@@H](NC(=O)[C@H](CS)NC(=O)[C@H](Cc1c[nH]cn1)NC(=O)[C@H](CC(C)C)NC(=O)[C@@H]([NH3+])CCCNC(N)=[NH2+])C(C)C)[C@@H](C)O)C(=O)N[C@@H](CC(C)C)C(=O)N[C@@H](CCC(=O)[O-])C(=O)N[C@@H](C)C(=O)[O-]
6evp,O=C([O-])CC[C@H](NC(=O)[C@@H]1CCCN1C(=O)CNC(=O)[C@@H]1CCC[NH2+]1)C(=O)NCC(=O)N1CCC[C@H]1C(=O)N1CCC[C@H]1C(=O)NCC(=O)[O-]
5dkr,NC(=[NH2+])c1ccc(Oc2ccc(-c3cc4ccc(C(N)=[NH2+])cc4[nH]3)cc2)cc1
3wyl,COc1cn(-c2cccc(C(F)(F)F)c2)nc(-c2ccnn2-c2ccccc2)c1=O
1h8y,C[C@@H](O)[C@@H](C=O)[C@@H]1N=C(C(=O)[O-])[C@H](S[C@@H]2C[NH2+][C@@H](C(=O)N(C)C)C2)[C@@H]1C
4kn4,CC[NH+](CC)CCOc1cccc2oc3c4c(=O)c5c(O)c(C)c6c(c5c-3nc12)C(=O)[C@@](C)(OCC[C@H](OC)[C@@H](C)[C@@H](OC(C)=O)[C@H](C)[C@H](O)[C@H](C)[C@@H](O)[C@@H](C)CCC[C@@H](C)C(=O)N4)O6
2wqp,CC(=O)NC(C(O)CC(OP(=O)(O)O)C(=O)O)C(O)C(O)C(O)CO
6e5x,CC(C)C[C@H](NC(=O)[C@@H]1CCCN1C(=O)[C@@H]1CCCN1C(=O)[C@@H]1CCCN1C(=O)[C@@H]1CCCN1C(=O)[C@@H](NC(=O)[C@@H]1CCCN1C(=O)[C@@H](NC(=O)[C@@H]([NH3+])Cc1ccccc1)C(C)C)C(C)C)C(=O)N[C@@H](Cc1ccc(O)cc1)C(=O)N1CCC[C@H]1C(=O)N1CCC[C@H]1C(=O)N1CCC[C@H]1C(=O)[O-]
4zy4,[NH3+]C1CCN(c2nc(Nc3cc(C4CC4)[nH]n3)c3sccc3n2)CC1
6kqi,CCCCCCC(C)(C)c1ccc([C@@H]2C[C@H](O)CC[C@H]2CCCO)c(O)c1
1swi,c1ccccc1
5bpe,N#C[C@H](O)[C@H](C[C@@H]1CCC[NH2+][C@@H]1O)NC(=O)[C@H](Cc1ccccc1)NC(=O)CCc1ccccc1
1bo5,O=P(O)(O)OCC1OC(O)(COP(=O)(O)O)C(O)C1O
4wf2,Nc1ncnc2c1ncn2C1OC(COP(=O)(O)OCCCCCC2SCC3NC(=O)NC32)C(O)C1O
5db2,N#Cc1cc2cc(C[N@H+]3CC[C@H](Nc4ncnc5sc(CC(F)(F)F)cc45)CC3)ccc2n1CC(N)=O
2wgi,CC1(C)S[C@H]([C@@H](CO)NC(=O)Cc2ccccc2)[NH2+][C@H]1C(=O)[O-]
6j7l,Cc1cn(C2CC(O)C(COP(=O)(O)OP(=O)(O)O)O2)c(=O)[nH]c1=O
1pu8,c1nc2nc[n+]3cc[nH]c3c2[nH]1
4h2o,CCCCCCCCCCOc1cccc(C(=O)Nc2ccc([N+](=O)[O-])cc2C(=O)[O-])c1
1ru2,Nc1ncnc2c1ncn2C1OC(COP(=O)(O)CP(=O)(O)OP(=O)(O)O)C(O)C1O
1lev,O=C([O-])CCc1c(C(=O)[O-])[nH]c2cc(Cl)cc(Cl)c12
2exg,O=C1N=C(S)S[C@@H]1Cc1ccc(C(F)(F)F)cc1
3vdc,CC(C)S[C@@H]1O[C@H](CO)[C@H](O)[C@H](O)[C@H]1O
4x3s,CC(C)C[C@H](NC(=O)[C@H](C)NC(=O)[C@H](Cc1ccccc1)NC(=O)CNC(=O)[C@@H]([NH3+])CCCNC(N)=[NH2+])C(=O)N[C@@H](CCCC[N+](C)(C)C)C(=O)N[C@@H](CO)C(=O)N[C@H](C(=O)N[C@@H](Cc1c[nH]cn1)C(=O)[O-])[C@@H](C)O
4fn5,C=C1NC(=O)[C@@H](CC)NC(=O)CNC(=O)[C@H](Cc2c[nH]c3cccc(OC)c23)NC(=O)[C@H](Cc2c[nH]c3ccccc23)NC(=O)c2csc(n2)[C@@H](C)NC(=O)CN(C)C1=O
3l6h,C[N+](C)(C)CC(=O)[O-]
4c6v,C=C/C(C)=C\[C@@]1(C)SC(=O)C(C(C)=O)=C1O
6g9d,CC(C)(C)NC(=O)CN1Cc2ccc(-c3nc(NC4CCOCC4)ncc3Cl)cc2C1=O
5jog,CC(C)n1nc(C(F)F)cc1C(=O)Nc1ccc([C@H]2[C@@H](O)CCCc3cncn32)c(-c2ccccc2)c1
4o42,CC(C)[C@H](NC(=O)[C@H](CCCC[NH+](C)C)NC(=O)[C@H](CO)NC(=O)[C@H](CCCNC(N)=[NH2+])NC(=O)[C@H](C)NC(=O)[C@@H](NC(=O)[C@@H]([NH3+])CCCNC(N)=[NH2+])[C@@H](C)O)C(=O)[O-]
6bqh,Cc1nc2sccn2c(=O)c1CC[NH+]1CCC(=C(c2ccc(F)cc2)c2ccc(F)cc2)CC1
1h37,C=CC[N@@H+](C[C@H]1C[C@@H]1COc1ccc(C(=O)c2ccc(Br)cc2)cc1)C1CC1
6s07,CC[C@H](C)[C@H](NC(=O)[C@H](CO)NC(=O)[C@H](C)NC(=O)[C@H](CCCNC(N)=[NH2+])NC(=O)[C@H](CO)NC(=O)[C@@H]1CCCN1C(=O)CNC(=O)[C@H](CS)NC(=O)[C@H](CC(C)C)NC(=O)[C@@H]1CCCN1C(=O)[C@@H](NC(=O)[C@@H](NC(=O)[C@H](C)NC(=O)c1ccccc1N)[C@@H](C)O)[C@@H](C)O)C(=O)N[C@@H](CC(C)C)C(=O)N[C@@H](CO)C(=O)NCC(=O)[O-]
3kr0,Nc1nc2ccc(O)cc2[nH]1
4p1r,COc1nc2cccnc2n1-c1ccc(Nc2ccc(C)cn2)cc1
1fq6,CCS[C@H](NC(=O)[C@H](Cc1ccccc1)NS(=O)(=O)N1CCOCC1)C(=O)N[C@@H](CC1CCCCC1)[C@@H](O)[C@@H](O)CC(C)C
1umw,CSCCC(NC(=O)C1CCC[NH2+]1)C(=O)NC(CCC(N)=O)C(=O)NC(CO)C(=O)NC(C(=O)N1CCCC1C(=O)NC(CC(C)C)C(=O)O)C(C)OP(=O)(O)O
1ugw,OC[C@H]1O[C@@H](O)[C@H](O)[C@@H](O)[C@H]1O
1gsz,C=CC[N@@H+](C)CCCCCCOc1ccc(C(=O)c2ccc(Br)cc2)c(F)c1
6ibz,Cn1ccc2ccc(-c3cc(Nc4ccccc4S(=O)(=O)NCc4cncnc4)cc4nccnc34)cc21
4m3b,Cc1nc(-c2ccc(C(=O)NCCC(F)(F)F)cc2)cs1
6quw,CC1(C)C[C@@]2(C)c3ccccc3N[C@@]2(C)[NH2+]1
4tzq,CC[C@H](C)[C@H](NC(=O)[C@H](CO)NC(=O)[C@@H](NC(=O)[C@H](CC(N)=O)NC(=O)[C@H](CO)NC(=O)[C@@H](NC(=O)CNC(=O)[C@H](Cc1ccc(O)cc1)NC(=O)[C@H](CCCNC(N)=[NH2+])NC(=O)[C@H](C)[NH3+])C(C)C)[C@@H](C)O)C(=O)N[C@@H](CC(N)=O)C(=O)N[C@@H](CCCNC(N)=[NH2+])C(=O)N[C@@H](CCCC[NH3+])C(=O)[O-]
5lgu,Cn1c(C(=O)Nc2ccccc2COc2ccc(OC[C@@H]3CC[NH2+]C3)cc2)cc2sccc21
1wax,[NH3+]Cc1ccc(NC(=O)C(=O)[O-])cc1
4wef,CC(=O)N[C@@H]1[C@@H](O)[C@@H](F)C(C(=O)[O-])O[C@H]1[C@H](O)[C@H](O)CO
2xv1,O=C(NCc1cc(CNC(=O)c2cccc(O)c2O)cc(CNC(=O)c2cccc(O)c2O)c1)c1cccc(O)c1O
4u01,COc1ccc2c(O[C@H]3C[C@H]4C(=O)N(C)CCCC/C=C\[C@@H]5C[C@@]5(C(=O)NS(=O)(=O)C5(C)CC5)NC(=O)N4C3)cc(-c3nc(C(C)C)cs3)nc2c1F
1x0n,NC(=O)CC1NC(=O)C2(CCCCC2)NC(=O)CC(c2ccc(CP(=O)(O)O)cc2)/C=C/CC(Cc2cccc3ccccc23)CNC1=O
5wdj,Nc1nc(OCc2ccccc2)c2nn[nH]c2n1
4nzm,O=C(CP(=O)(O)O)OC1C(OP(=O)(O)O)C(OP(=O)(O)O)C(OP(=O)(O)O)C(OP(=O)(O)O)C1OP(=O)(O)O
3d7b,O=c1ccn([C@@H]2O[C@@H](C[NH+]3CCCC3)[C@H](O)[C@H]2O)c(=O)[nH]1
3chg,C[S+](C)CC(=O)[O-]
3avg,CC[C@H](C)[C@@H]1NC(=O)[C@H](CCCC[NH3+])NC(=O)[C@H](CC(=O)[O-])NC(=O)[C@H](C)NC(=O)[C@H](CC(=O)[O-])NC(=O)[C@H](CC(C)C)NC(=O)[C@H](CC(N)=O)NC(=O)[C@H](CC(=O)[O-])NC1=O
5dyt,CN(C[C@@H]1CCC[N@@H+](Cc2ccccc2)C1)S(=O)(=O)c1ccc2ccccc2c1
1bap,O[C@H]1CO[C@H](O)[C@H](O)[C@H]1O
4mro,Nc1ccc(S(=O)(=O)N2CCN(c3ccc(C(O)(C(F)(F)F)C(F)(F)F)cc3)CC2)cn1
1uj6,O=P(O)(O)OCC(O)C(O)C(O)CO
6pf3,[NH2+]=c1[nH]c(=O)c2c(Cc3ccc(C(=O)Nc4cc(Cl)ccc4C(=O)[O-])cc3)c[nH]c2[nH]1
5mri,CNC(=O)c1c(O)nnn1CCC(C)C
5lhu,[NH3+][C@@H](Cc1cnc[nH]1)C(=O)[O-]
2rjr,O=C([O-])[C@@H](O)[C@@H](O)c1ccc(F)cc1
1n43,O=C([O-])CCCC[C@@H]1SC[C@@H]2NC(=O)N[C@H]12
3djf,[NH2+]=c1[nH]c(=O)c2[nH]cc(Cc3cccnc3)c2[nH]1
2cng,O=C1C[C@@H](c2ccc(C[C@H](NC(=O)C(F)(F)F)c3nc4ccc(C(F)(F)F)cc4[nH]3)cc2)S(=O)(=O)N1
1ld7,N#Cc1ccc2cc1Oc1ccc3cccc(c3c1)N1CC[C@H]([NH2+]CCc3cncn3C2)C1=O
3axk,NC(=O)C1=CN(C2OC(COP(=O)(O)OP(=O)(O)OCC3OC(n4cnc5c(N)ncnc54)C(OP(=O)(O)O)C3O)C(O)C2O)C=CC1
5mgg,CNC(=O)c1cc(Cl)ccn1
2lwi,O=[N+]([O-])c1ccc(N/N=C(/S)Nc2ccc(F)cc2)c([N+](=O)[O-])c1
1z34,Nc1nc(F)nc2c1ncn2[C@H]1C[C@H](O)[C@@H](CO)O1
5iu8,C[N@H+]1CC[N@H+](CCNc2nc(N)n3nc(-c4ccco4)nc3n2)CC1
5ykp,CO[C@@H]1C(=O)CC[C@@](C)(O)[C@@]1(O)[C@@]1(C)O[C@@H]1CC=C(C)C
2chw,COc1ccccc1-n1c(CSc2ncnc3nc[nH]c23)nc2cccc(Cl)c2c1=O
5wbk,CC[C@H](C)[C@H](NC(=O)[C@H](CC(=O)[O-])NC(=O)[C@H](Cc1ccccc1)NC(=O)[C@@H](NC(=O)CNC(=O)[C@H](C)[NH3+])C(C)C)C(=O)N[C@@H](CC(=O)[O-])C(=O)N[C@@H](CC(C)C)C(=O)[O-]
3fw4,Oc1ccccc1O
5kmf,C=C1N[C@@H](C)[C@H](C(=O)OC(C)C)[C@@H](c2cccc([N+](=O)[O-])c2)[C@@H]1C(=O)OCCOC
2qlb,CSCC[C@H](NC(=O)[C@H](CO)NC(=O)[C@@H]([NH3+])CCC(=O)[O-])C(=O)N[C@H](C=O)CC(=O)[O-]
2pj8,CC(C)C(NS(=O)(=O)c1ccc(-c2ccccc2)cc1)P(=O)(O)CC(C(=O)O)c1cccc(C[NH3+])c1
2bba,CC[C@H](C)[C@H](NC(=O)[C@@H]1CCCN1C(=O)CNC(=O)[C@H](CC(N)=O)NC(=O)[C@@H]1CCCN1C(=O)[C@H](CO)NC(=O)[C@H](Cc1ccccc1)NC(=O)[C@H](CC(C)C)NC(=O)[C@H](Cc1ccc(O)cc1)NC(=O)[C@@H]([NH3+])CC(N)=O)C(=O)N[C@@H](C)C(=O)N[C@@H](CCCNC(N)=[NH2+])C(=O)N[C@@H](C)C(=O)N[C@@H](Cc1c[nH]c2ccccc12)C(=O)[O-]
5wf7,CC[C@H](C)n1cc(C)c2c(C(=O)NCc3c(C)cc(C)[nH]c3=O)cc(-c3ccc(N4CC[NH2+]CC4)nc3)cc21
5cgc,N#Cc1cc(Cl)c(F)c(-c2cc(-n3cccn3)ncn2)c1
4m5i,Cc1ccc(C(=O)CSc2nc3nc(N)[nH]c(=O)c3[nH]2)cc1
4o4r,Cc1nc(/N=N/c2cc(S(=O)(=O)O)c3cc([N+](=O)[O-])cc(S(=O)(=O)O)c3c2)c(COP(=O)(O)O)c(C=O)c1O
5akj,OCCSc1nc2ccccc2[nH]1
5uwn,[NH3+]CCNS(=O)(=O)c1ccc(-c2ccc(CSC3=NC(=O)C4CCCC4=N3)cc2)cc1
3c3r,CC[C@H](C)[C@H](NC(=O)[C@H](CC(=O)[O-])NC(=O)[C@H](CC(=O)[O-])NC(=O)[C@H](CC(=O)[O-])NC(=O)[C@@H]([NH3+])CCC(=O)[O-])C(=O)N[C@@H](CCCC[NH3+])C(=O)N[C@@H](CCC(N)=O)C(=O)N[C@@H](CC(C)C)C(=O)N[C@@H](C)C(=O)N[C@@H](C)C(=O)N[C@@H](Cc1c[nH]c2ccccc12)C(=O)N[C@@H](C)C(=O)N[C@H](C(=O)[O-])[C@@H](C)O
5c42,N#Cc1cc2c(Oc3ccccc3OCCn3ccc(=O)[nH]c3=O)cccn2c1
4ezw,CC(C)C[C@H](NC(=O)[C@H](CCCNC(N)=[NH2+])NC(=O)[C@@H]([NH3+])CC(N)=O)C(=O)N[C@@H](CC(C)C)C(=O)N[C@@H](CC(C)C)C(=O)N[C@H](C(=O)NCC(=O)[O-])[C@@H](C)O
4a50,Cc1cccc(C(CC[C@H]([NH3+])C(=O)[O-])(c2ccccc2)c2ccccc2)c1
4b0c,CCCCCSc1nnc[nH]1
1t4j,CCc1oc2cc(S(=O)(=O)Nc3ccc(S(=O)(=O)Nc4nccs4)cc3)ccc2c1C(=O)c1cc(Br)c(O)c(Br)c1
4lil,O=P(O)(O)OP(=O)(O)OP(=O)(O)O
4eg6,COc1ccc(Oc2cc(NCc3nc4ccccc4[nH]3)nc(N3CCNC(=O)C3)n2)c(Cl)c1
5zlf,O=P(O)(O)C(O)(Cc1cccc(-c2cccc3c2oc2ccccc23)c1)P(=O)(O)O
3r7q,CN(C(=O)c1cc2c(s1)-c1ccccc1OC2)c1ccccc1Cl
1rrw,Cn1cnc2c(=O)[nH]c(N)nc21
5ung,CCC1=Nc2ccc(N(Cc3ccccc3)C(=O)c3cccs3)cc2C(O)N1Cc1ccc(-c2ccccc2-c2nn[nH]n2)cc1
4he9,COc1ccc(S(=O)(=O)N(CC(C)C)C[C@@H](O)[C@H](Cc2ccccc2)NC(=O)O[C@H]2CO[C@H]3O[C@@H]4OCC[C@@H]4[C@H]32)cc1
4x60,O=C(NC[C@H](O)C[N@@H+]1CCc2ccccc2C1)c1cc(NC2COC2)ncn1
6ohu,CC/C(=C(\c1ccccc1)c1ccc(OCC[NH+](C)C)cc1)c1ccccc1
5bqs,O=C([O-])C1CCN(c2ccc(-c3cc(CO)ccc3Cl)cn2)CC1
6prt,COC(=O)C[C@H]1CC(=O)N(C)C1
1rgk,Nc1ncnc2c1ncn2C1OC(CO)C(O)C1OP(=O)(O)O
5k5e,CCn1c2ccccc2c2cc([C@H]3C(C(=O)OC[C@H]4CCCO4)=C(C)NC4=C3C(=O)CCC4)ccc21
6mtv,CC(C)C[C@H](NC(=O)[C@H](CO)NC(=O)[C@@H](NC(=O)[C@H](CCC(=O)[O-])NC(=O)[C@H](CC(N)=O)NC(=O)[C@H](C)NC(=O)[C@H](C)[NH3+])[C@@H](C)O)C(=O)[O-]
5aly,Cc1c(C#N)n[nH]c1-c1cc(F)c2c(c1)C(C)(C)C(=O)N2
5ier,CC(=O)[C@@]1(O)CC[C@H]2[C@@H]3CCC4=CC(=O)CC[C@]4(C)[C@H]3CC[C@@]21C
1ggd,CC(=O)N[C@@H](CC(C)C)C(=O)N[C@H](CO)Cc1ccccc1
4bzs,CCC(C)C(NC(C)=O)C(=O)NC(Cc1ccc(O)cc1)C(=O)NC(Cc1ccc(O)cc1)P(=O)(O)O
1ci7,C#CCN(Cc1ccc2[nH]c(N)nc(=O)c2c1)c1ccc(C(=O)N[C@H](CCC(=O)[O-])C(=O)[O-])cc1
5nz2,O=c1ccn(C2CC(O)C(COP(=O)(O)NP(=O)(O)OP(=O)(O)O)O2)c(=O)[nH]1
5du4,CCc1ccc([C@H]2C[C@@H](C(F)(F)F)n3ncc(C(=O)NCc4ccc(OC)cc4)c3N2)cc1
6g9k,O=C(CN1Cc2ccc(-c3nc(NC4CCOCC4)ncc3Cl)cc2C1=O)N[C@H](CO)c1ccccc1
3tpu,CC[C@H](C)[C@H](NC(=O)[C@H](CC(=O)[O-])NC(=O)[C@H](Cc1ccccc1)NC(=O)[C@H](Cc1c[nH]c2ccccc12)NC(=O)[C@H](Cc1ccccc1)NC(=O)[C@@H]1CCCN1C(=O)[C@H](CO)NC(=O)[C@H](CC(C)C)NC(=O)[C@@H]([NH3+])Cc1ccccc1)C(=O)[O-]
4ow0,C[C@H](c1cccc2ccccc12)[N@H+]1CC[C@H](C(=O)NCc2cccc(F)c2)CC1
5j9l,C=CC(=O)Nc1ccc(Oc2nc(Nc3ccc(N4CC[NH+](C)CC4)cc3)nc3[nH]ccc23)cc1
4yur,COc1c(Nc2cc(C)n[nH]2)nc(Sc2ccc(S(=O)(=O)Cc3cccc([N+](=O)[O-])c3F)cc2F)nc1N1CCOCC1
4lnp,C[C@H]([NH3+])C(=O)N1CCC[C@H]1C(=O)N1CCC[C@H]1C(=O)N1CCC[C@H]1C(=O)N[C@@H](CCCNC(N)=[NH2+])C(=O)N1CCC[C@H]1C(=O)N1CCC[C@H]1C(=O)N1CCC[C@H]1C(=O)N1CCC[C@H]1C(=O)N[C@@H](CCC(=O)[O-])C(=O)[O-]
1i7g,CCO[C@@H](Cc1ccc(OCCc2ccc(OS(C)(=O)=O)cc2)cc1)C(=O)[O-]
5t27,C[C@@H](c1nc(-c2cnc(N)c(-n3nnc4ccccc43)n2)nn1C)[NH+]1CCOCC1
5ypo,CC(C)CC(NC(=O)C(CO)NC(=O)C1CCCN1C(=O)C(CCC(N)=O)NC(=O)C(NC(=O)C(C)NC(=O)C(CCCC[NH3+])NC(=O)C(CC(C)C)NC(=O)C(Cc1ccc(O)cc1)NC(=O)C(COP(=O)(O)O)NC(=O)C(CCC(=O)O)NC(=O)C(CCCNC(=N)N)NC(=O)C(CCCNC(=N)N)NC(=O)C(C)[NH3+])C(C)O)C(=O)O
6j8r,C[C@H](CS)C(=O)NCB(O)[OH2+]
6rmm,CC(C)CC(NC(=O)C(CC(=O)O)NC(=O)C([NH3+])CO)C(=O)NC(C(=O)NC(C)C(=O)N1CCCC1C(=O)NC(COP(=O)(O)O)C(=O)N1CCCC1C(=O)NC(CC(=O)O)C(=O)O)C(C)C
4qvw,CC(C)C[C@H](NC(=O)[C@H](Cc1ccccc1)NC(=O)c1cnccn1)B(O)O
1pau,CC(=O)N[C@@H](CC(=O)[O-])C(=O)N[C@@H](CCC(=O)[O-])C(=O)N[C@H](C(=O)N[C@H](CO)CC(=O)[O-])C(C)C
1jmq,CC(C)[C@H](NC(=O)[C@@H](NC(=O)[C@H](Cc1ccc(O)cc1)NC(=O)[C@@H]1CCCN1C(=O)[C@@H]1CCCN1C(=O)[C@@H]1CCCN1C(=O)[C@@H]1CCCN1C(=O)[C@@H](NC(=O)C[NH3+])[C@@H](C)O)[C@@H](C)O)C(=O)NCC(=O)[O-]
6pvx,O=c1ccn(C2OC(COP(=O)(O)OP(=O)(O)OP(=O)(O)OP(=O)(O)OP(=O)(O)O)C(O)C2O)c(=O)[nH]1
2f1b,C[C@H]1[NH2+][C@H](C[NH2+][C@@H](CO)c2ccccc2)[C@@H](O)[C@H]1O
2xae,[NH3+][C@@H](CSC(c1ccccc1)(c1ccccc1)c1ccc(Cl)cc1)C(=O)[O-]
6g3y,Nc1cccc2c1[nH]c(=O)n2C1CCN(C(=O)Nc2ccc(I)cc2)CC1
6chn,COC(=O)N1CCC(Oc2cccc([C@@H](CC#N)Nc3nc4[nH]c(C)cc(=O)n4n3)c2)CC1
6lpr,CCCC[C@H](NC(=O)[C@@H]1CCCN1C(=O)[C@H](C)NC(=O)[C@H](C)[NH3+])B(O)O
3pkn,CC[C@H](C)[C@H](NC(=O)[C@H](CCC(=O)[O-])NC(=O)[C@H](CCC(N)=O)NC(=O)[C@H](Cc1c[nH]c2ccccc12)NC(=O)[C@@H](NC(=O)[C@H](CCCC[NH3+])NC(=O)[C@H](C)NC(=O)[C@H](CC(N)=O)NC(=O)[C@@H]1CCCN1C(=O)[C@H](CC(N)=O)NC(=O)[C@@H]([NH3+])CC(C)C)C(C)C)C(=O)[O-]
6inz,CC(=O)N[C@H]1[C@H](O)O[C@H](CO)[C@@H](O)[C@@H]1O[C@@H]1OC(C(=O)[O-])=C[C@H](O)[C@H]1O
4wm9,NC(=O)[C@@H]1CC[C@@H]([NH2+]OS(=O)(=O)[O-])CN1C=O
4an3,O=C(NOC[C@@H](O)CO)c1ccc(F)c(F)c1Nc1ccc(I)cc1F
4qvp,CC(C)C[C@H](NC(=O)[C@H](Cc1ccccc1)NC(=O)c1cnccn1)B(O)O
2iu0,O=C1NS(=O)(=O)Nc2nc[nH]c21
1v0m,O[C@H]1[C@H](O)CO[C@@H](O[C@@H]2C[NH2+]C[C@H](O)[C@H]2O)[C@@H]1O
2rol,CC[C@H](C)[C@H](NC(=O)[C@@H]1CCCN1C(=O)[C@H](CCC(=O)[O-])NC(=O)[C@H](Cc1ccc(O)cc1)NC(=O)[C@H](CC(=O)[O-])NC(=O)[C@@H]1CCCN1C(=O)[C@H](CC(N)=O)NC(=O)[C@@H]1CCCN1C(=O)[C@@H](NC(=O)[C@@H]1CCCN1C(=O)[C@@H]1CCC[NH2+]1)C(C)C)C(=O)N[C@H](C=O)CCCNC(N)=[NH2+]
6psb,CN1C[C@@H](Cn2c3c(c4ccccc42)C(=O)NCC3)CC1=O
5xiw,COc1cc2c(c(OC)c1OC)[C@H]1CC[C@H](OC)C(=O)C[C@H]1[C@@H](NC(C)=O)CC2
2uym,CCN(CC)C(=O)c1c(NC(=O)c2cccs2)sc2c1CC(C)(C)CC2
5iu7,Nc1nc(NCC[N@H+]2CC[C@H](c3ccccc3)CC2)nc2nc(-c3ccco3)nn12
4b13,Cc1c(-c2nc(Cc3ccccc3)no2)oc2cccc(OC3CC[NH2+]CC3)c12
5ye8,CS(=O)(=O)Nc1ccc(F)c(F)c1
6b41,COC(=O)N[C@H]1CCC[C@@H]1[C@](C#N)(c1cccc(F)c1)[C@H]1CC[N@H+](CC2CN(c3ccc(S(=O)(=O)C4CN(C(=O)CCC[NH+](C)C)C4)cc3)C2)CC1
4btw,Oc1c/c(=N\C2CCCCC2)c(-c2nc[nH]n2)nn1-c1ccccc1
5gsw,Cc1cc(C(=O)N[C@@H](Cc2ccc(F)cc2)C(=O)N[C@H](C=O)C[C@@H]2CCC[NH2+][C@H]2O)no1
3qck,O=C([O-])c1ccccc1SCc1ccc(Cl)c(Cl)c1
2f3k,CC(C)(C)NC(=O)[C@@H]1C[C@@H]2CCCC[C@@H]2C[N@H+]1C[C@@H](O)[C@H](Cc1ccccc1)NC(=O)[C@@H](NC(=O)COc1cccnc1)C(C)(C)S(C)(=O)=O
5n4s,C[C@H](CS)C(=O)N[C@H](Cc1c[nH]c2ccccc12)C(=O)[O-]
4wh9,N#Cc1c(F)cc(O)cc1SCCS(=O)(=O)[O-]
4mka,COc1c(-c2cc3ccc(NS(C)(=O)=O)cc3c(=O)o2)cc(C2=CCC=NC2=O)cc1C(C)(C)C
1a1c,CC(=O)NC(Cc1ccc(OP(=O)(O)O)cc1)C(=O)NC(CCC(=O)O)C(=O)N(C)CCCC1CCCC1
5nfa,COc1cccc(CO[C@H]2[C@@H](O)[C@@H](CO)O[C@@H](O[C@@H]3[C@@H](CO)O[C@@H](NC(C)=O)[C@H](NC(C)=O)[C@H]3O)[C@@H]2O)c1
5vlh,CC(=O)N[C@H](C(=O)N[C@H](C(=O)N[C@@H](Cc1ccccc1)C(=O)N[C@H](C(=O)N[C@@H](CO)C(=O)N[C@@H](Cc1c[nH]c2ccccc12)C(=O)N[C@@H](CCC(=O)[O-])C(=O)N[C@@H](CCC(=O)[O-])C(=O)N[C@@H](Cc1ccc(O)cc1)C(=O)N[C@@H](CC(C)C)C(=O)N[C@@H](CC(=O)[O-])C(=O)N[C@@H](Cc1c[nH]c2ccccc12)C(=O)N[C@H](C(N)=O)C(C)C)[C@@H](C)O)C(C)C)[C@@H](C)O
4mwe,C=CCOc1c(CC=C)cc(Cl)cc1C[NH2+]CCCNC(=O)Nc1ccsc1
4f1s,Cc1nc(N)nc(-c2cc(C3CCOCC3)cnc2Nc2cnc(Cl)c(NS(C)(=O)=O)c2)n1
5if4,Cc1cc(OCCCc2c3n(c4c(-c5c(C)nn(C)c5C)c(Cl)ccc24)CCCN(c2cc(C(=O)[O-])cc4c2ccn4C)C3=O)cc(C)c1Cl
6.00E+83,C[C@H]([NH3+])C(=O)N[C@@H](CCCNC(N)=[NH2+])C(=O)N[C@H](C(=O)N[C@@H](CCCC[NH3+])C(=O)N[C@@H](CCC(N)=O)C(=O)N[C@H](C(=O)N[C@@H](C)C(=O)N[C@@H](CCCNC(N)=[NH2+])C(=O)N[C@@H](CCCC[NH3+])C(=O)N[C@@H](CO)C(=O)N[C@H](C(=O)NCC(=O)[O-])[C@@H](C)O)[C@@H](C)O)[C@@H](C)O
3qs5,[NH3+][C@@H](Cc1c[nH]c2ccccc12)C(=O)[O-]
1.00E+02,CCCCCCCCCCC=O
3dpe,N=C1C(=O)C(=O)C1[N@@H+]1CCc2ccc(CNC(=O)c3nc4sc5c(c4c(=O)[nH]3)CCS(=O)(=O)C5)cc2C1
6iiv,O=C([O-])Cc1ccc(CCNS(=O)(=O)c2ccc(Cl)cc2)cc1
3l08,COc1ncc(-c2ccc3nccc(-c4ccnnc4)c3c2)cc1NS(=O)(=O)c1ccc(F)cc1F
5ul1,C[C@@H](C[NH+](C)C)S(=O)(=O)c1ccc(-c2cnc(N)c(C(=O)Nc3ccccc3)n2)cc1
2a3w,C[C@]1(C(=O)[O-])OC[C@@H](OC(=O)NCCNC(=O)O[C@H]2CO[C@@](C)(C(=O)[O-])OC2)CO1
4nni,O=C([O-])c1cnccn1
4d8s,CCC(CC)O[C@@H]1OC(C(=O)[O-])=C[C@H](O)[C@H]1NC(C)=O
6bqa,C=CCCn1cc(-c2cccc(C(=O)N(C)C)c2)c2cc[nH]c2c1=O
4rqz,NC(=O)CC[C@H](NC(=O)[C@@H]([NH3+])Cc1ccc(O)cc1)C(=O)N[C@@H](Cc1ccccc1)C(=O)[O-]
6o9x,CN1C(=O)N(C)[C@H](S)c2[nH]c(SCC[NH+]3CCCC3)nc21
3kqt,Cn1c(N)nc2ccccc21
4urw,CSc1nc(-c2c(C)cccc2C)nc(N2CC[NH2+]CC2)n1
5mgi,O=C([O-])CCc1ccccc1B([OH2+])[OH2+]
3pz2,COc1ccc(S(=O)(=O)N2Cc3cc(C#N)ccc3N(Cc3cncn3C)C[C@H]2Cc2ccccc2)cc1
3src,O=c1o[nH]c2[n+]1-c1cc(Br)ccc1OC2
4dht,O=C(COc1ccccc1P(=O)(O)O)NC1CCCCC1
2zlg,CC(C)C[C@H]([NH2+]CC(=O)[C@@H](c1ccccc1)N(C)C(=O)OCC1c2ccccc2-c2ccccc21)C(=O)N[C@@H](CC(=O)[O-])C(=O)N[C@H](C(=O)N[C@@H](CC(=O)[O-])C(=O)N[C@@H](Cc1ccccc1)C(=O)[O-])C1CCCCC1
5ahu,CCCCCCC[n+]1ccn(CC(P(=O)(O)O)P(=O)(O)O)c1
3il5,CCN(CC)S(=O)(=O)c1cc(C(=O)Nc2ccccc2C(=O)[O-])ccc1Br
3vtd,C=C1[C@H](O)CC(=C/C=C2\CCC[C@@]3(C)[C@H]2CC[C@@H]3[C@H](C)CC#C[C@@H](O)C[C@]23C[C@H]4C[C@H](C[C@H](C4)C2)C3)C[C@H]1O
4kc2,O=C(NC[C@H]1O[C@@H](n2ccc(=O)[nH]c2=O)[C@H](O)[C@@H]1O)c1cccc(CO)n1
1zom,CC(C)[C@H](NC(=O)[C@H](CCCNC(N)=O)NC(=O)N[C@H](C)c1ccc(Br)cc1)C(=O)N[C@@H](CCCNC(N)=[NH2+])[C@H](O)c1nccs1
4ykn,COc1ccc(-c2cc(CNc3ccc(S(=O)(=O)Nc4nnc(C)s4)cc3)cc(C(=O)[O-])c2)cn1
4wrq,CC(C)CC(NC(=O)C(CC(N)=O)NC(=O)C(CO)NC(=O)C(CC(C)C)NC(=O)C(COP(=O)(O)O)NC(=O)C(C)NC(=O)C([NH3+])CO)C(=O)O
6qfx,CC12C3(C)C4(C)C5(C)C1(C)[Ir+9]23451([ClH+])[n+]2ccc(O)cc2C(=O)[N@@H+]1CC(=O)Nc1ccc(S(N)(=O)=O)cc1
1ao8,CN(Cc1cnc2[nH]c(=[NH2+])[nH]c(=[NH2+])c2n1)c1ccc(C(=O)N[C@@H](CCC(=O)[O-])C(=O)[O-])cc1
1sw1,C[N+]1(C)CCC[C@H]1C(=O)[O-]
5fb0,CC([NH3+])C(=O)NC(CCCNC(=N)N)C(=O)NC(C(=O)NC(CCCC[NH3+])C(=O)NC(CCC(N)=O)C(=O)NC(C(=O)NC(C)C(=O)NC(CCCNC(=N)N)C(=O)NC(CCCC[NH3+])C(=O)NC(CO)C(=O)O)C(C)O)C(C)OP(=O)(O)O
4wy3,O=C[C@H](Cc1cnc[nH]1)[NH2+]C[C@H]1C[C@@H]2CCCC[C@H]2CN1C(=O)c1ccc(-c2ccccc2)cc1
3wkd,O=C(Nc1ccccc1N1CCOCC1)c1ccsc1
3t2p,CC(C)S[C@@H]1O[C@H](CO)[C@H](O)[C@H](O)[C@H]1O
5tw2,CCCCCCCC(=O)N[C@@H](CO[C@H]1O[C@H](CO)[C@H](O)[C@H](O)[C@H]1O)[C@H](O)[C@H](O)CCCC(=O)NCCCCCCc1ccccc1
3szm,CC(NC(=O)C([NH3+])CCC(N)=O)C(=O)NC(COP(=O)(O)O)C(=O)NC(CCC(N)=O)C(=O)NC(CCC(=O)O)C(=O)NC(Cc1ccc(O)cc1)C(=O)O
6cc9,O=C(N[C@H]1CC[NH2+][C@H](Cc2ccc(Cl)cc2)C1)c1c[nH]c2ccc(Br)cc12
4i9c,CC[C@H](C)[C@H](NC(=O)[C@H](CCSC)NC(=O)CNC(=O)[C@H](CCCNC(N)=[NH2+])NC(=O)[C@@H]([NH3+])CCC(N)=O)C(=O)[O-]
1z4n,O=P(O)(O)OC1OC(CO)C(O)C(O)C1O
6d6u,CCOC(=O)c1ncn2c1CN(C)C(=O)c1cc(F)ccc1-2
3fnu,Cc1cccc(C)c1OCC(=O)N[C@@H](Cc1ccccc1)[C@H](O)C(=O)N1CSC(C)(C)[C@H]1C(=O)N[C@H]1c2ccccc2C[C@H]1O
3d27,CCc1ccsc1-c1ccc(O)c(O)c1
6h9b,C=C(c1ccc2c(c1)c1ccccc1n2C)c1cc(C)nc2ccccc12
5nfb,COc1cccc(CO[C@H]2[C@@H](O)[C@@H](CO)O[C@@H](O[C@@H]3[C@@H](CO)O[C@@H](NC(C)=O)[C@H](NC(=O)c4cccc(OC)c4)[C@H]3O)[C@@H]2O)c1
3rwi,CC(C)C[C@H](NC(=O)[C@H](Cc1c[nH]cn1)NC(=O)[C@H](CO)NC(=O)C[NH3+])C(=O)N[C@@H](CCC(=O)[O-])C(=O)N[C@H](C(=O)N[C@@H](CCC(N)=O)C(=O)NCC(=O)N[C@@H](Cc1ccc(O)cc1)C(=O)N[C@@H](Cc1c[nH]c2ccccc12)C(=O)[O-])C(C)C
3fdm,CC(C)C[C@@H](CC(=O)NCC(=O)N[C@@H](CC(=O)[O-])C(=O)N[C@@H](C)C(=O)N[C@@H](Cc1ccccc1)C(=O)N[C@@H](CC(N)=O)C(=O)N[C@@H](CCCNC(N)=[NH2+])C(N)=O)NC(=O)[C@H](CCCC[NH3+])NC(=O)[C@H]1CCC[C@@H]1NC(=O)[C@H](CC(C)C)NC(=O)[C@H]1CCC[C@@H]1NC(=O)[C@H](CCCNC(N)=[NH2+])NC(=O)[C@H]1CCC[C@@H]1NC(=O)[C@H](C)NC(=O)[C@H]1C[NH2+]C[C@@H]1[NH3+]
4oys,C[C@@H]1COCC/[N+]1=C1/CC(=O)N2CC[C@@H](C(F)(F)F)N(Cc3cncc(Cl)c3)C2=[NH+]1
3gws,[NH3+][C@@H](Cc1cc(I)c(Oc2ccc(O)c(I)c2)c(I)c1)C(=O)[O-]
1y19,CC(C)C[C@H](NC(=O)[C@@H]1CCCN1C(=O)[C@H](CO)NC(=O)[C@H](Cc1ccc(O)cc1)NC(=O)[C@@H](NC(=O)[C@H](Cc1c[nH]c2ccccc12)NC(=O)[C@@H]([NH3+])CO)C(C)C)C(=O)N[C@@H](Cc1cnc[nH]1)C(=O)N[C@@H](Cc1ccc(O)cc1)C(=O)N[C@@H](CO)C(=O)N[C@@H](C)C(=O)O
3lox,CC1(NC(=O)N[C@H](C(=O)N2C[C@H]3[C@@H]([C@H]2C(=O)N[C@@H](CC2CCC2)[C@@H](O)C(N)=O)C3(C)C)C(C)(C)C)CCCCC1
6cjw,c1cnn2c(-c3ccncc3)cnc2c1
4tlr,C[C@@H](O)C[C@H]1OC[C@@H](C2CCCCC2)N(c2cc(C#CC(C)(C)C)sc2C(=O)[O-])C1=O
4tya,O=C([O-])c1ccc(C(F)(F)F)cc1
3buw,CC(C)CC(NC(=O)C(CCC(=O)O)NC(=O)C1CCCN1C(=O)C(CCC(=O)O)NC(=O)C(Cc1ccc(OP(=O)(O)O)cc1)NC(=O)C1CCCN1C(=O)C(CC(N)=O)NC(=O)C(Cc1ccccc1)NC(=O)C([NH3+])CO)C(=O)O
1ilh,CCOP(=O)(OCC)C(=Cc1cc(C(C)(C)C)c(O)c(C(C)(C)C)c1)P(=O)(OCC)OCC
4clp,Nc1ncnc2c1ncn2C1OC2COP(=O)(O)OC2C1O
4qq4,C[C@H]([NH3+])C(=O)N[C@@H](CCCNC(N)=[NH2+])C(=O)N[C@H](C(=O)N[C@@H](CCCC[N+](C)(C)C)C(=O)N[C@@H](CCC(N)=O)C(=O)N[C@H](C(=O)N[C@@H](C)C(=O)N[C@@H](CCCNC(N)=[NH2+])C(N)=O)[C@@H](C)O)[C@@H](C)O
2xdw,O=C([C@@H]1CCCN1C(=O)OCc1ccccc1)N1CCCC[C@H]1CO
2a25,CC[C@H](C)[C@H](NC(=O)[C@@H]1CCCN1C(=O)[C@H](C)NC(=O)[C@@H](NC(=O)[C@@H](NC(=O)[C@H](C)NC(=O)[C@H](C)NC(=O)[C@@H]1CCCN1C(=O)[C@@H]([NH3+])CCCC[NH3+])C(C)C)C(C)C)C(=O)O
3waw,CCN1CCN(c2nc(O)c(Cc3ccc(Cl)c(Cl)c3)s2)CC1
5w9g,O=C(NCCOc1ccccc1)c1nc([C@@H]2CCCN2C(=O)CSc2ccccc2Cl)[nH]c(=O)c1O
5ml6,Nc1cc(CN(CC2CC[NH2+]CC2)S(=O)(=O)c2ccc(S(=O)(=O)N(Cc3ccc(Cl)cc3)C3CCCC3)cc2)ccc1C(=O)[O-]
5ehg,Nc1cc(Cl)ccc1NC(=O)Nc1cccc(S(=O)(=O)Oc2ccc(C(=O)[O-])cc2)c1
3o1e,CC[C@H](C)[C@H](NC(=O)[C@H](CCCC[NH3+])NC(=O)[C@H](Cc1c[nH]cn1)NC(=O)C[NH3+])C(=O)N[C@@H](CC(C)C)C(=O)N[C@@H](Cc1c[nH]cn1)C(=O)N[C@@H](CCCNC(N)=[NH2+])C(=O)N[C@@H](CC(C)C)C(=O)N[C@@H](CC(C)C)C(=O)N[C@@H](CCC(N)=O)C(=O)[O-]
5bqi,Cc1[nH]c(NC(=O)c2cc(CNC(=O)C(C)C)cnc2C(F)F)nc1-c1ccc(C(F)(F)F)cc1
3hfj,Nc1c(C(=O)Nc2cccc(F)c2)sc2nc(-c3cccs3)ccc12
3ukr,Cc1[nH]c2ccccc2c1CCNC(=O)c1ccccc1F
1nlp,CC(=O)N1Cc2ccccc2C[C@H]1c1nc(C(=O)N2CCC(C(=O)N3CCC[C@H]3C(=O)N[C@@H](CC(C)C)C(=O)N3CCC[C@H]3C(=O)N3CCC[C@H]3C(=O)N[C@@H](CC(C)C)C(=O)N3CCC[C@H]3C(N)=O)CC2)c(C(C)C)s1
4hld,Cc1cn([C@H]2CCCN(S(=O)(=O)c3ccc(O)c(Oc4cccc(Cl)c4)c3)C2)c(=O)[nH]c1=O
4awk,O=C([O-])C(=O)CC(=O)[C@]1(Cc2ccc(Cl)cc2)CCCN(S(=O)(=O)Cc2ccccc2)C1
2brp,CCCCCCCCCCn1c(-c2ccc(OS(N)(=O)=O)cc2)cc2ccc(OS(N)(=O)=O)cc21
3elm,CCOc1ccc(-c2ccc(S(=O)(=O)N[C@@H](C(=O)[O-])C3CCN(C(=O)OC(C)C)CC3)s2)cc1
6g0v,O=C1N[C@H](C(=O)[O-])C[C@@H]2O[C@H]3O[C@H](CO)[C@H](O)[C@H](O[C@@H]4O[C@H](CO)[C@H](O)[C@H](O)[C@H]4O)[C@H]3S[C]12
3fr2,O=C([O-])c1cccc2c3ccccc3n(Cc3ccccc3)c12
4zxx,CC(=O)Nc1ccc(S(=O)(=O)C(C)C)c([C@H]2CCCN2C(=O)[C@H](Nc2ccc3c(N)nccc3c2)c2ccccc2)c1
3o9f,CCC(CC)CN(C[C@@H](O)[C@H](Cc1ccccc1)NC(=O)O[C@H]1CO[C@H]2OCC[C@@H]12)S(=O)(=O)c1ccc(OC)cc1
4d52,OC[C@@H]1O[C@H](O)[C@@H](O)[C@H](O)[C@@H]1O
4mdr,C[C@@H](O)[C@H]([NH3+])C(=O)N[C@@H](Cc1ccc(O)cc1)C(=O)N[C@@H](CCCC[NH3+])C(=O)N[C@@H](Cc1ccccc1)C(=O)N[C@@H](Cc1ccccc1)C(=O)N[C@@H](CCC(=O)[O-])C(=O)N[C@@H](CCC(N)=O)C(=O)[O-]
5jr2,CC(C)[C@@H]1NC(=O)[C@@H](NC(=O)[C@H](Cc2ccc(O)cc2)NC(=O)[C@@H]2CCCN2C(=O)CC[NH3+])CSSC[C@@H](C(N)=O)NC(=O)[C@H](CO)NC(=O)[C@H](Cc2c[nH]c3ccccc23)NC(=O)[C@H](CO)NC(=O)CCNC(=O)[C@H](CCCNC(N)=[NH2+])NC(=O)[C@H](Cc2ccc(O)cc2)NC1=O
1xdg,CC[C@H](C)C(=O)O[C@H]1C[C@@H](C)C=C2C=C[C@H](C)[C@H](CC[C@@H]3C[C@H](CC(=O)NC)N(Cc4ccc(O)c(OC)c4)C(=O)O3)[C@H]21
1xoe,COC(=O)[C@@H]1C[C@H](C(=O)[O-])[NH2+][C@H]1[C@H](CC(C)C)NC(C)=O
4zh3,O/N=C(\Nc1cccc(Br)c1)c1ccc(F)c(C(F)(F)F)c1
5qcm,COC(=O)Nc1ccc(NC(=O)[C@@H]2c3ccccc3CCN2C(=O)/C=C/c2c(-n3cnnn3)ccc(Cl)c2F)cc1
1sps,CC[C@H](C)[C@H](NC(=O)[C@H](CCC(=O)[O-])NC(=O)[C@H](CCC(=O)[O-])NC(=O)[C@H](Cc1ccc(O)cc1)NC(=O)[C@H](C)NC(=O)[C@@H]1CCC[NH2+]1)C(=O)N1CCC[C@H]1C=O
6n9h,[NH3+][C@]12C[C@H]3C[C@H](C[C@H](C3)C1)C2
2v87,CNC(NC)=[NH+]CCC[C@H](NC(=O)[C@H](C)[NH3+])C(=O)N[C@H](C(=O)N[C@@H](CCCC[N+](C)(C)C)C(=O)N[C@@H](CCC(N)=O)C(=O)N[C@H](C(=O)N[C@@H](C)C(=O)N[C@@H](C)C(=O)N[C@@H](C)C(N)=O)[C@@H](C)O)[C@@H](C)O
3obx,C[C@H](NC(=O)[C@H](CCC(=O)[O-])NC(=O)[C@@H]1CCC[NH2+]1)C(=O)N[C@H](C(=O)N[C@@H](C)C(=O)N1CCC[C@H]1C(=O)N1CCC[C@H]1C(=O)N[C@@H](CCC(=O)[O-])C(=O)N[C@@H](CCC(=O)[O-])C(=O)[O-])[C@@H](C)O
6nk0,CC(C)C[C@H](NC(=O)[C@H](Cc1c[nH]c2ccccc12)NC(=O)CC[NH3+])C(=O)N[C@@H](C)C(=O)N[C@@H](Cc1ccc(O)cc1)C(=O)N1CCC[C@H]1C(=O)N[C@@H](CC(=O)[O-])C(=O)N[C@@H](CO)C(=O)N[C@H](C(=O)N1CCC[C@H]1C(=O)N[C@@H](Cc1ccc(O)cc1)C(=O)[O-])C(C)C
5naw,NC(=O)n1cc(NC(=O)N2[C@H](C(=O)Nc3cccc(OC(F)(F)F)c3)C[C@H]3C[C@H]32)c2ccccc21
4lkt,CCCCC/C=C\CCCCCCCCCCC(=O)[O-]
2d41,CC(=O)c1ccc(-c2cc(NS(=O)(=O)c3ccc(C)cc3C)c(C(=O)[O-])s2)s1
5aer,CC[C@H](C)[C@H](NC(=O)[C@@H]([NH3+])CC(N)=O)C(=O)N[C@@H](CCC(=O)[O-])C(=O)N[C@@H](Cc1ccccc1)C(=O)N[C@@H](CCCNC(N)=[NH2+])C(=O)N[C@@H](CCCC[NH3+])C(=O)N[C@@H](C)C(=O)N[C@@H](Cc1ccccc1)C(=O)N[C@@H](CC(C)C)C(=O)N[C@@H](CCCC[NH3+])C(=O)N[C@H](C(=O)N[C@@H](CC(C)C)C(=O)N[C@@H](Cc1c[nH]cn1)C(=O)N[C@@H](CO)C(=O)[O-])[C@@H](C)CC
5qam,CS(=O)(=O)Nc1ccc(-c2cccc(C(=O)[O-])c2)cc1
5y53,C[C@H](NC(=O)[C@H](CO)NC(=O)[C@H](CCCNC(N)=[NH2+])NC(=O)[C@H](CCCC[NH3+])NC(=O)[C@H](CCCNC(N)=[NH2+])NC(=O)[C@H](CCC(N)=O)NC(=O)[C@@H](NC(=O)[C@@H]([NH3+])[C@@H](C)O)[C@@H](C)O)C(=O)[O-]
5dp8,CCOC(=O)CC[C@H](C[C@@H]1CCNC1=O)NC(=O)[C@H](Cc1ccccc1)NC(=O)C(=O)NCCC1CC1
2v86,C[C@H]([NH3+])C(=O)N[C@@H](CCCNC(=[NH2+])N(C)C)C(=O)N[C@H](C(=O)N[C@@H](CCCC[N+](C)(C)C)C(=O)N[C@@H](CCC(N)=O)C(=O)N[C@H](C(=O)N[C@@H](C)C(=O)N[C@@H](CCCNC(N)=[NH2+])C(N)=O)[C@@H](C)O)[C@@H](C)O
3vrv,C=C1[C@H](O)CC(=CC[C@@H]2CCC[C@@]3(C)[C@H]2CC[C@@H]3[C@H](C)CCC(O)(CC)CC)C[C@H]1O
1v41,[NH2+]=c1[nH]c(=O)c2[nH]nnc2[nH]1
3ijg,CC(C)c1nn2ccccc2c1C(=O)[C@@H](C)[NH3+]
3mn8,NC(=[NH2+])NCCS[C@@H](CC(=O)[O-])C(=O)[O-]
6by8,Cc1c(C[N@H+]2CC[C@H](Nc3ncnc4sc(CC(F)(F)F)cc34)CC2)ccc2c1cc(C#N)n2C[C@H]1CNC(=O)CO1
4rhy,O=c1nc[nH]c2c1ncn2CC[NH+](CC[NH+](CCP(=O)(O)O)CCP(=O)(O)O)CCP(=O)(O)O
5t35,Cc1ncsc1-c1ccc(CNC(=O)[C@@H]2C[C@@H](O)CN2C(=O)[C@@H](NC(=O)COCCOCCOCCNC(=O)C[C@@H]2N=C(c3ccc(Cl)cc3)c3c(sc(C)c3C)-n3c(C)nnc32)C(C)(C)C)cc1
1dpu,CC[C@H](C)[C@H](NC(=O)[C@@H]([NH3+])CCCNC(N)=[NH2+])C(=O)N[C@@H](CCC(N)=O)C(=O)N[C@@H](CCCNC(N)=[NH2+])C(=O)N[C@@H](CC(N)=O)C(=O)N[C@@H](CCCC[NH3+])C(=O)N[C@@H](C)C(=O)N[C@@H](C)C(=O)N[C@@H](C)C(=O)N[C@@H](CC(C)C)C(=O)N[C@@H](CC(C)C)C(=O)N[C@@H](CCCNC(N)=[NH2+])C(=O)N[C@@H](CC(C)C)C(=O)N[C@@H](C)C(=O)N[C@@H](C)C(=O)N[C@@H](CCCNC(N)=[NH2+])C(=O)[O-]
1yly,CC(C)(O/N=C(\C(=O)NCB(O)O)c1csc(N)n1)C(=O)[O-]
6n5g,O=C(Nc1ccc(OC(F)(F)F)cc1)N1CCC(Cc2cnc3ccccc3c2)CC1
6m8w,CC[C@H](C)[C@H](NC(C)=O)C(=O)N[C@@H](C)C(=O)N[C@@H](Cc1ccccc1)C(=O)[O-]
4zga,O=C1NC(=O)N2Cc3c(c4ccccc4n3Cc3ccc(F)cc3)C[C@@H]12
4cwb,[NH2+]=c1[nH]c(=O)c2[nH]c(SCC(=O)c3ccc(-c4ccccc4)cc3)nc2[nH]1
1bdr,CC(C)[C@H](NC(=O)[C@H](Cc1ccccc1)C[C@H](O)[C@H](Cc1ccccc1)NC(=O)OC(C)(C)C)c1ncc[nH]1
6iql,Clc1ccc(N2CC[NH+](Cc3c[nH]c4ncccc34)CC2)cc1
3f39,Oc1ccccc1
3cso,CC(=O)N1c2ccccc2NC2=C(C(=O)CC(C)(C)C2)[C@@H]1c1ccc(OCc2ccccc2)c(Cl)c1
4bdf,Cc1cc(-c2ccccc2)[nH]n1
5b4l,O=c1c(OCCn2ccn3c4ccccc4nc23)cn(CC2CC2)nc1-c1ccnn1-c1ccccc1
3mbp,OC[C@H]1O[C@H](O[C@@H]2[C@@H](CO)O[C@H](O[C@@H]3[C@@H](CO)O[C@H](O)[C@H](O)[C@H]3O)[C@H](O)[C@H]2O)[C@H](O)[C@@H](O)[C@@H]1O
6oxs,CC(C)CN(C[C@@H](O)[C@H](CC1CCCCC1)NC(=O)O[C@H]1CO[C@H]2OCC[C@@H]12)S(=O)(=O)c1ccc([C@@H](C)O)cc1
4a51,CC(=O)c1cccc(C(SCC[NH3+])(c2ccccc2)c2ccccc2)c1
5e1o,CC[C@H](C)[C@H](NC(=O)[C@H](CCCNC(N)=[NH2+])NC(=O)[C@H](CCCC[NH3+])NC(=O)[C@@H]1CCCN1C(=O)[C@@H]([NH3+])CCCNC(N)=[NH2+])C(=O)N[C@@H](C)C(=O)[O-]
6pys,Cc1ncc(-c2ccn3ncc(-c4ccc5c(c4)[C@](C)(Cc4ccccc4)C(=O)N5)c3n2)cn1
2kup,CC(C)C[C@H]([NH3+])C(=O)N[C@@H](Cc1ccccc1)C(=O)N[C@@H](CCCNC(N)=[NH2+])C(=O)N[C@@H](CC(C)C)C(=O)N[C@@H](CCCNC(N)=[NH2+])C(=O)N[C@@H](Cc1c[nH]cn1)C(=O)N[C@@H](Cc1ccccc1)C(=O)N1CCC[C@H]1C(=O)N[C@@H](CS)C(=O)NCC(=O)N[C@@H](CC(N)=O)C(=O)N[C@H](C(=O)N[C@@H](CC(N)=O)C(=O)N[C@@H](Cc1ccc(O)cc1)C(=O)NCC(=O)N[C@@H](Cc1ccc(O)cc1)C(=O)N[C@@H](CCC(N)=O)C(=O)N[C@@H](CCC(N)=O)C(=O)N[C@@H](CCC(N)=O)C(=O)[O-])C(C)C
5xhr,CC1(C)S[C@H]([C@H](C=O)[C@H](O)CCc2cccs2)[NH2+][C@H]1C(=O)[O-]
1il3,Nc1nc2[nH]ccc2c(=O)[nH]1
3sz9,CCC(=O)c1ccc(CC)cc1
5eay,CSCC[C@H](NC(=O)[C@H](CC(C)C)NC(=O)[C@H](CC(C)C)NC(=O)[C@H](CCC(=O)[O-])NC(=O)[C@H](CC(C)C)NC(=O)[C@H](CCC(=O)[O-])NC(=O)[C@@H]([NH3+])CC(N)=O)C(=O)N[C@@H](CCC(=O)[O-])C(=O)N[C@@H](CCCC[NH3+])C(=O)N[C@@H](CO)C(=O)N[C@@H](Cc1ccccc1)C(=O)N[C@@H](Cc1c[nH]c2ccccc12)C(=O)[O-]
5ze6,CCCCCCCCCCCCCCOc1cccc(O)c1C(=O)[O-]
4hxj,C[C@@H](O)[C@H](NC(=O)CNC(=O)[C@@H]([NH3+])CCCNC(N)=[NH2+])C(=O)[O-]
1hrn,CC(C)C[C@H](O)[C@H](O)[C@H](CC1CCCCC1)NC(=O)[C@H](CC1CC1)C[C@H](O)[C@@H](O)Cc1ccccc1
4yas,OCC(Cl)(Cl)Cl
4o1d,O=C(/C=C/c1cccnc1)NCCCCC1CCN(C(=O)c2ccccc2)CC1
1o4d,O=P(O)(O)Oc1ccccc1CO
3igv,CC[C@H]1CC(O)=C(C2=NS(=O)(=O)c3cc(NS(C)(=O)=O)ccc3N2)C(=O)N1Cc1ccc(F)cc1
4yl1,CC(C)Oc1ccc(-n2c(C(=O)[O-])cc3cc(-c4ccc(C(C)(C)C)cc4)ccc32)cc1
4wey,Cc1nc(-c2ccc(C(F)(F)F)cc2)sc1C(=O)NCCO
2a4z,O=C1NC(=O)/C(=C/c2ccc3c(c2)OC(F)(F)O3)S1
2qoe,C[C@@H]1c2nc(C(F)(F)F)nn2CCN1C(=O)C[C@H]([NH3+])Cc1cc(F)c(F)cc1F
3a29,Nc1nc2c(s1)CCc1ccc(OP(=O)(O)O)cc1-2
2jdl,CSCC[C@H](NC(=O)[C@H](CC(=O)[O-])NC(=O)[C@H](CC(=O)[O-])NC(=O)[C@@H]([NH3+])CC(=O)[O-])C(=O)NCC(=O)N[C@@H](Cc1ccccc1)C(=O)NCC(=O)N[C@@H](CC(C)C)C(=O)N[C@@H](Cc1ccccc1)C(=O)N[C@@H](CC(=O)[O-])C(=O)[O-]
4mqu,CC#C[C@H]1CN(S(=O)(=O)c2ccc(N)nc2)CCN1c1ccc(C(O)(C(F)(F)F)C(F)(F)F)cc1
4od7,CC(=O)N1CCC[C@H]1C(=O)N[C@@H](Cc1c[nH]c2ccccc12)C(=O)N[C@@H](C)C(=O)N[C@H](C(=O)N[C@@H](CS)C(=O)N[C@@H](CC(=O)[O-])C(=O)N[C@@H](CO)C(N)=O)[C@@H](C)O
1f9g,O=C1O[C@H]([C@H](O)CO)C(O)=C1O
2bbb,NC(=O)C[C@H]1C[C@@H](C2=CN[C@@](Cc3ccccc3)(C[C@H](O)[C@H](Cc3ccccc3)NC(=O)O[C@H]3CCOC3)C2=O)c2ccccc21
3nti,CNC(NC)=[NH+]CCC[C@H](NC(=O)CNC(=O)[C@H](CCCNC(N)=[NH2+])NC(=O)CNC(=O)[C@@H]([NH3+])CCCNC(N)=[NH2+])C(=O)NCC(=O)N[C@@H](C)C(=O)[O-]
4z7f,[NH2+]=c1[nH]c(=O)c2nc(CNc3ccc(C(=O)N[C@@H](CCC(=O)[O-])C(=O)[O-])cc3)cnc2[nH]1
2ay5,O=C([O-])CCc1c[nH]c2ccccc12
1vwl,NC(=O)CC[C@@H]1NC(=O)[C@@H]2CCCN2C(=O)[C@H](Cc2c[nH]cn2)NC(=O)CCCCSC[C@@H](C(=O)N[C@@H](CCCC[NH3+])C(N)=O)NC(=O)[C@@H]2CCCN2C(=O)[C@@H]2CCCN2C(=O)CNC1=O
5v3y,CNC(=O)c1c(-c2ccc(O)cc2)oc2ccc(O)c(C[NH+]3CCCCC3)c12
5xih,O=C1CCC[NH2+][C@@H]1CCCn1cnc2cc(F)c(F)cc2c1=O
5he0,CC1=NC(=O)N[C@@H](c2ccc(F)c(C(=O)NCc3ccccn3)c2)C1C(=O)Nc1ccc2n[nH]cc2c1
6q4q,CC(=O)NCC(=O)N[C@H]1Cn2cc(nn2)-c2cc(C(=O)[O-])cc(c2)-c2cn(nn2)C[C@@H](C(=O)NCC(=O)NCC(N)=O)[N@@H+]2OC2(O)[C@H](Cc2c[nH]cn2)NC(=O)[C@H](Cc2c[nH]c3ccccc23)NC(=O)[C@H](CCCC[NH3+])NC(=O)[C@H](Cc2ccccc2)NC(=O)CNC(=O)[C@H](Cc2ccc(O)cc2)NC(=O)[C@H](CC(C)C)NC(=O)[C@H](CCCNC(N)=[NH2+])NC1=O
5kbf,Nc1ncnc2c1ncn2C1OC2COP(=O)(O)OC2C1O
6qxd,O=C(c1ccc([N+](=O)[O-])cc1[N+](=O)[O-])N1CC[NH+](Cc2ccc(F)cc2)CC1
4gsy,Cc1cn([C@H]2CCC[N+](Cc3ccc(C(=O)[O-])c(Oc4cccc(C(F)(F)F)c4)c3)C2)c(=O)[nH]c1=O
2os9,O[C@H]1[C@H](O)[C@@H](O)[C@H](O)[C@@H](O)[C@H]1O
1abf,C[C@H]1O[C@H](O)[C@H](O)[C@@H](O)[C@H]1O
2v3e,CCCCCCCCC[N@@H+]1C[C@H](O)[C@@H](O)[C@H](O)[C@H]1CO
5bnr,O=C([O-])C1CCN(c2ccc(-c3cc(CO)ccc3F)cn2)CC1
5wf6,CCNC(=O)[C@H]1O[C@@H](n2cnc3c(NCC(c4ccccc4)c4ccccc4)nc(C(=O)NCCNC(=O)NC4CCN(c5ccccn5)CC4)nc32)[C@H](O)[C@@H]1O
3osw,CC(C)(c1cc(Br)c(O)c(Br)c1)c1cc(Br)c(O)c(Br)c1
1al8,CCCCCCCCCCC1=C(O)C(=O)NC1=O
3ewu,CCc1cc(=O)[nH]c(=O)n1C1OC(COP(=O)(O)O)C(O)C1O
6h7y,O=C([O-])CC[C@H](NC(=O)N[C@@H](CCCC(=O)Nc1ccc(F)cc1)C(=O)[O-])C(=O)[O-]
4muw,CNc1cc(-c2cccnc2Oc2ccc(Nc3nc4c(F)c(F)ccc4[nH]3)cc2)ccn1
6hro,Cc1n[nH]c(-c2ccc(OCC[N@H+]3CC[C@@H](C(N)=O)CC3)cc2O)c1-c1ccc(Cl)cc1
3hfv,[NH3+][C@@H](Cc1cccc(O)c1)C(=O)[O-]
5oxl,CC(C)C[C@H](NC(=O)[C@H](C)[NH3+])C(=O)[O-]
4m3q,CCCCNc1ncc(-c2ccccn2)c(N[C@H]2CC[C@H](O)CC2)n1
3vfj,CC(C)CCCCCCC(=O)N[C@H]1[C@H](Oc2c3cc4cc2Oc2ccc(cc2Cl)C[C@H]2NC(=O)[C@H]([NH3+])c5ccc(O)c(c5)Oc5cc(O)cc(c5)[C@H](NC2=O)C(=O)N[C@H]4C(=O)N[C@H]2C(=O)N[C@H](C(=O)N[C@H](C(=O)[O-])c4cc(O)cc(O)c4-c4cc2ccc4O)[C@H](O)c2ccc(cc2)O3)O[C@H](CO)[C@@H](O)[C@@H]1O
5wg9,O=C(NCCOc1ccccc1)c1nc([C@@H]2CCCN2C(=O)CCc2ccccc2Cl)[nH]c(=O)c1O
5vjp,O=P(O)(O)OCC1[NH2+]C(COP(=O)(O)O)C(O)C1O
2qky,CC(C)(CO)[NH2+]CC(=O)N1C[C@@H](F)C[C@H]1[C@@H](O)c1nnc(C(C)(C)C)o1
5lyh,NC(=O)c1cccc(NC(=O)CCC(=O)NCCc2cn(CCNS(=O)(=O)c3cccc(C(=O)[O-])c3)nn2)c1
5wic,O=C([O-])c1ccco1
4x34,CSCC[C@H](NC(=O)[C@H](CC(C)C)NC(=O)[C@H](CCCC[NH+](C)C)NC(=O)[C@H](CCCCNC(C)=O)NC(=O)[C@H](Cc1c[nH]cn1)NC(=O)[C@H](CCCNC(N)=[NH2+])NC(=O)[C@H](CO)NC(=O)[C@@H]([NH3+])[C@@H](C)O)C(=O)N[C@@H](Cc1ccccc1)C(=O)N[C@@H](CCCC[NH3+])C(=O)[O-]
6fkp,CC[C@H](NC(=O)[C@H](C)NC(=O)[C@@H](NC(=O)[C@H](C)NC(=O)[C@H](C)NC(=O)[C@@H](NC(=O)[C@H](CCC[NH3+])NC(=O)[C@H](C)[NH3+])[C@@H](C)O)[C@@H](C)O)C(=O)[O-]
2q8y,CSCCC(NC(=O)C(Cc1ccccc1)NC(=O)C(Cc1ccc(O)cc1)NC(=O)C([NH3+])CCC(N)=O)C(=O)NC(C(=O)NC(CCC(=O)O)C(=O)NC(Cc1ccc(OP(=O)(O)O)cc1)C(=O)NCC(=O)NC(C)C=O)C(C)OP(=O)(O)O
6n0m,CC(C)(C[C@H]([NH3+])C(=O)[O-])C(F)F
3e2m,O=C(/C=C/c1ccc(Sc2ccccc2OC[C@H]2CC[C@@H](C(=O)[O-])CC2)c(C(F)(F)F)c1C(F)(F)F)N1CCOCC1
5gmj,CC[C@H](C)[C@H](NC(=O)[C@@H](NC(=O)[C@H](Cc1ccccc1)NC(=O)[C@H](CO)NC(=O)[C@H](CCCC[NH3+])NC(=O)[C@@H](NC(=O)[C@H](Cc1cnc[nH]1)NC(=O)[C@@H]([NH3+])CCCC[NH3+])[C@@H](C)O)[C@@H](C)CC)C(=O)[O-]
4zyi,CC[C@@H](C)Oc1cc2c(cc1OC)CC(=O)N(c1ccc(N(C)Cc3ccncc3)cc1)[C@H]2c1ccc(Cl)cc1
5nwk,NC(=O)CC(NC(=O)C(COP(=O)(O)O)NC(=O)C(CO)NC(=O)C(Cc1ccccc1)NC(=O)C([NH3+])Cc1ccc(O)cc1)C(=O)O
6bnk,CCCCCCCCCCCCCCCCCCCCCCCCCC(=O)N[C@@H](CO[C@H]1O[C@H](CO)[C@H](O)[C@H](O)[C@H]1O)[C@H](O)[C@H](O)CCCCCCCCCCCCCC
2ork,O=P(O)(O)OC1C(O)C(O)C(O)C(O)C1O
4wet,Cc1nc(-c2ccc(C(F)(F)F)cc2)sc1C(=O)N[C@@H](Cc1ccc(O)cc1)C(=O)[O-]
5jap,Cc1ccccc1-c1cc(C(=O)N2CC=CC2)ccc1C
5er5,CC[n+]1c(-c2ccccc2)c2cc(N)ccc2c2ccc(N)cc21
3ole,C[C@H]1O[C@H](O[C@@H]2[C@@H](CO)O[C@H](O[C@@H]3C(CO)=C[C@@H]([NH2+][C@H]4[C@H](O)[C@@H](O)[C@@H](O[C@@H]5[C@@H](CO)O[C@H](O[C@@H]6[C@@H](CO)O[C@H](O)[C@H](O)[C@H]6O)[C@H](O)[C@H]5O)O[C@@H]4C)[C@H](O)[C@H]3O)[C@H](O)[C@H]2O)[C@H](O)[C@@H](O)[C@@H]1[NH2+][C@@H]1C=C(CO)[C@@H](O)[C@H](O)[C@H]1O
5m4k,CCNC(=O)CN(C(=O)c1ccc(O)cc1O)c1ccc(OC)cc1
5xmu,Cc1ccccc1-c1cc(C(F)(F)F)cc([C@]2(C(C)C)c3c(C)n[nH]c3OC(=N)C2C#N)c1
5f6d,O=S1(=O)Nc2ccccc2-c2ccccc21
2pv3,CC[C@H](C)[C@H](NC(=O)[C@H](CC(=O)[O-])NC(=O)[C@H](Cc1c[nH]c2ccccc12)NC(=O)[C@H](Cc1ccccc1)NC(=O)[C@H](CCCC[NH3+])NC(=O)[C@H](CC(C)C)NC(=O)[C@@H](NC(=O)[C@H](Cc1ccccc1)NC(=O)[C@@H]([NH3+])CC(N)=O)[C@@H](C)O)C(=O)N[C@@H](Cc1ccccc1)C(=O)O
3gww,C[NH2+]CC[C@H](Oc1ccc(C(F)(F)F)cc1)c1ccccc1
3vhu,CC(=O)S[C@@H]1CC2=CC(=O)CC[C@]2(C)[C@H]2CC[C@@]3(C)[C@@H](CC[C@@]34CCC(=O)O4)[C@@H]21
3gxy,CCCCCO[C@@H]1O[C@H](CO)[C@@H](O)[C@H](O[C@H]2O[C@H](CO)[C@@H](O)[C@H](O)[C@@H]2O[C@H]2O[C@H](CO)[C@@H](O)[C@H](O)[C@@H]2O)[C@@H]1O
6chq,Cc1cc(Nc2ccc(C)c(Cl)c2)n2nc(Cc3ccccc3)nc2n1
1rti,Cc1c(Sc2ccccc2)n(COCCO)c(=O)[nH]c1=O
4awj,CNC(=O)[C@@H]1C[C@@H](O)CN1C(C)=O
1zgb,O=c1ccc2c([nH]1)CCC[C@H]2[NH2+]CCCCCCCCCCNc1c2c(nc3ccccc13)CCCC2
6isd,CS(=O)(=O)c1ccc([C@@H](O)[C@H]2C(=O)CCC[C@H]2O)c(Cl)c1
6hva,CC(C)C[C@H](NC(=O)[C@H](Cc1ccccc1)N=[N+2]#N)C(=O)N[C@@H](CO)C(=O)N[C@H](CCS(C)(=O)=O)Cc1ccc(C=N)cc1
3h91,CC(C)C[C@H]([NH3+])C(=O)N[C@@H](C)C(=O)N[C@H](C(=O)N[C@@H](CCCC[NH3+])C(=O)N[C@@H](C)C(=O)N[C@@H](C)C(=O)N[C@@H](CCCNC(N)=[NH2+])C(=O)N[C@@H](CCCC[N+](C)(C)C)C(=O)N[C@@H](CO)C(=O)[O-])[C@@H](C)O
3esj,N=c1ccn(C2OC3COP(=O)(O)OC3C2O)c(=O)[nH]1
5iub,Nc1nc(NCC[NH+]2CCN(c3ccc(F)cc3F)CC2)nc2nc(-c3ccco3)nn12
4n7y,CCCC[C@](C)(NC(=O)[C@H](CC(=O)[O-])NC(=O)[C@H](CC(C)C)NC(=O)[C@@](C)(CCCC)NC(=O)CNC(=O)[C@@H]([NH3+])CCC(N)=O)C(=O)N[C@@H](CC(C)C)C(=O)N[C@@H](CC(=O)[O-])C(=O)N[C@@H](CC(C)C)C(=O)N[C@@H](C)C(=O)N[C@@H](CO)C(=O)[O-]
4nb3,CC(C)C[C@H](NC(=O)[C@H](C)NC(=O)[C@H](Cc1ccc(Cl)c(Cl)c1)NC(=O)[C@H](Cc1c[nH]c2ccccc12)NC(=O)[C@H](CCC(=O)[O-])NC(=O)[C@H](CCC(=O)[O-])NC(=O)[C@H](CC(C)C)NC(=O)[C@H](CC(=O)[O-])NC(=O)[C@H](CC(=O)[O-])NC(=O)[C@H](C)NC(=O)[C@@H](NC(=O)[C@H](Cc1ccccc1)NC(=O)[C@H](CC(=O)[O-])NC(=O)CCCCCNC(=S)Nc1ccc(-c2c3ccc(=O)cc-3oc3cc(O)ccc23)c(C(=O)[O-])c1)[C@@H](C)O)C(N)=O
4eg7,Clc1cc(Cl)cc(C[NH2+]CCCNc2nc3ccccc3[nH]2)c1
4fiv,CC[C@H](NC(=O)C[C@H](O)[C@H](CC(C)C)NC(=O)[C@@H](NC(=O)[C@H](Cc1cccc2ccccc12)NC(C)=O)C(C)C)C(=O)N[C@@H](Cc1cccc2ccccc12)C(N)=O
4gye,CCCC[C@H](NC(=O)[C@H](C)NC(=O)[C@H](CCC(=O)[O-])NC(=O)[C@H](Cc1ccccc1)[NH2+]C[C@H](Cc1ccccc1)NC(=O)[C@@H](NC(=O)[C@@H]([NH3+])CCCNC(C)=[NH2+])C(C)C)C(=O)[O-]
6b4w,CNC(=O)c1ccc(Nc2nc(OC3CCCC3)c3c(-c4ccc5nc(C)oc5c4)c[nH]c3n2)c(OC)c1
2ay6,O=C([O-])CCCc1c[nH]c2ccccc12
4y6p,CN(O)C(=O)CC(CCCCc1ccccc1)CP(=O)(O)O
4obq,Nc1ncnc2ccc(-c3cc(F)cc(NC(=O)C[NH+]4CCCC4)c3)cc12
5wew,O=c1[nH]n2cc(-c3n[nH]c(-c4cnc5c(Br)c(=O)[nH]n5c4)c3[N+](=O)[O-])cnc2c1Br
6dd1,O=P(O)(O)Cc1cccc2cccnc12
3kdt,COC(=O)N(CC(=O)[O-])Cc1cccc(OCc2nc(-c3ccc(Cl)cc3)oc2C)c1
4yqh,c1ccc(-c2c[nH]c(CCc3cnc4ccccc4n3)n2)cc1
5ywy,C[C@@H](C(=O)Nc1cc(C#N)ccc1CCCC(=O)[O-])c1ccc(F)c2ccccc12
6hld,NC(=[NH2+])NCCC[C@H](NC(=O)[C@@H]([NH3+])Cc1cccc2ccccc12)C(=O)N[C@@H](CCCNC(N)=[NH2+])C(=O)N[C@@H](CCCNC(N)=[NH2+])C(=O)N[C@@H](CCCC[NH3+])C(=O)N[C@@H](CCCC[NH3+])C(=O)NCc1ccc(C(N)=[NH2+])cc1
5llm,COc1ccc([C@H]2C3=C(C[C@H](c4cccc5ccccc45)CC3=O)OC(=N)[C@@H]2C#N)cc1
1p02,C[C@H]([NH3+])C(=O)N[C@@H](C)C(=O)N1CCC[C@H]1C(=O)N[C@@H](C)B(O)O
6flg,CC(C)C[C@H](NC(=O)[C@@H](NC(=O)CNC(=O)c1ccccc1)C(C)C)C(=O)N[C@@H](CCCCNC(=O)C[C@H](Sc1ccc2ccccc2c1)C(=O)[O-])C(=O)N[C@@H](CCC(=O)[O-])C(=O)N[C@@H](Cc1ccc(O)cc1)C(=O)NCC(=O)N[C@H](C(=O)[O-])C(C)C
3nzu,Cn1ncc2c(NCCCS(C)(=O)=O)nc(-c3cccc4[nH]ncc34)nc21
1o4p,O=C([O-])C(C(=O)[O-])c1ccccc1
5t6j,CC(C)C[C@H](NC(=O)CNC(=O)[C@H](CCCC[NH3+])NC(=O)[C@H](CC(C)C)NC(=O)[C@H](CC(C)C)NC(=O)[C@H](CCC(N)=O)NC(=O)[C@@H]([NH3+])CCC(N)=O)C(=O)N[C@@H](CO)C(=O)N[C@@H](CC(C)C)C(=O)N[C@@H](CO)C(=O)N[C@@H](Cc1ccccc1)C(=O)N[C@@H](CO)C(=O)[O-]
3d6q,O=c1ccn([C@@H]2O[C@@H](C[NH+]3CCCCC3)[C@H](O)[C@H]2O)c(=O)[nH]1
1ero,O=C(Cc1ccccc1)N[C@@H](Cc1cccc(C(=O)[O-])c1)B(O)O
5m0d,C[C@H](CCC[NH+]1CCN(C(=O)OCc2cc(Cl)cc(Cl)c2)CC1)[C@H]1CC[C@H]2[C@@H]3[C@@H](O)C[C@@H]4C[C@H](O)CC[C@]4(C)[C@H]3CC[C@@]21C
5lrj,CC(C)[C@@H]1NC(=O)[C@H](NC(=O)N[C@@H](CCCC[NH3+])C(=O)[O-])CCCC[NH+]2OC2(O)[C@H](Cc2ccccc2)NC(=O)[C@H](C)N(C)C(=O)[C@H](CCc2ccc(O)cc2)NC1=O
5a7i,O=P(O)(O)Oc1cc(-c2cc(OP(=O)(O)O)c(OP(=O)(O)O)c(OP(=O)(O)O)c2)cc(OP(=O)(O)O)c1OP(=O)(O)O
6gfm,N=C1Nc2c(ncn2C2OC(COP(=O)(O)OP(=O)(O)OP(=O)(O)O)C(OP(=O)(O)OP(=O)(O)O)C2O)C(O)N1
5nzp,O=c1[nH]oc2ccccc12
1ndj,O=C([O-])CCCC[C@@H]1SC[C@@H]2NC(=O)N[C@H]12
2wxn,CC(C)n1nc(C#Cc2cccc(O)c2)c2c(N)ncnc21
3gjs,CC(=O)N[C@@H](Cc1ccc(O)cc1)C(=O)N[C@H](C(=O)N[C@@H](C)C(=O)N[C@H](CO)CC(=O)[O-])C(C)C
4py4,C[C@H](c1ccc(Nc2nc3c(C(N)=O)cc(F)cc3s2)cc1)[NH+](C)C
2z9g,c1ccccc1
3plu,CC[C@H](C)[C@H](NC(=O)[C@@H]1CCCN1C(=O)[C@H](C)NC(=O)[C@H](CCSC)NC(=O)CNC(=O)[C@H](CC(C)C)NC(=O)[C@H](C)NC(=O)[C@H](C)NC(=O)[C@H](CCCNC(N)=[NH2+])NC(=O)[C@@H](NC(=O)[C@H](CCC(=O)[O-])NC(=O)[C@H](CC(N)=O)NC(=O)[C@@H](NC(=O)[C@H](CCC(=O)[O-])NC(=O)[C@H](CCC(=O)[O-])NC(=O)[C@@H](NC(=O)[C@H](CO)NC(=O)[C@@H]([NH3+])CC(C)C)[C@@H](C)CC)[C@@H](C)O)[C@@H](C)CC)C(=O)[O-]
3asl,C[C@H]([NH3+])C(=O)N[C@@H](CCCNC(N)=[NH2+])C(=O)N[C@H](C(=O)N[C@@H](CCCC[NH3+])C(=O)N[C@@H](CCC(N)=O)C(=O)N[C@H](C(=O)N[C@@H](C)C(=O)N[C@@H](CCCNC(N)=[NH2+])C(=O)N[C@@H](CCCC[NH3+])C(=O)[O-])[C@@H](C)O)[C@@H](C)O
5jiy,CCCC[C@H](NC(=O)[C@H](CCCNC(N)=[NH2+])NC(=O)[C@H](C)NC(=O)[C@@H](NC(=O)[C@H](CCC(N)=O)NC(=O)[C@@H]([NH3+])CCCC[NH3+])[C@@H](C)O)C(=O)N[C@@H](CO)C(=O)N[C@H](C(=O)[O-])[C@@H](C)O
2ipo,NC(=O)CC(NC(=O)CP(=O)(O)O)C(=O)O
3k16,CC(O)C(NC(=O)C1CCCN1C(=O)C([NH3+])COP(=O)(O)O)C(=O)NC(Cc1ccccc1)C(=O)O
1t4s,CC(C)[C@H]([NH3+])C(=O)[O-]
3wav,C[NH+]1CCN(c2nc(O)c(Cc3ccc(Cl)c(Cl)c3)s2)CC1
6cvx,C=C[C@@H]1C[C@]1(NC(=O)[C@@H]1C[C@@H](Oc2nc3cc(OC)ccc3nc2C(C)C)CN1C(=O)[C@@H](NC(=O)OC1CCCC1)C(C)(C)C)C(=O)NS(=O)(=O)C1(C)CC1
2g72,O=S(=O)(c1ccc2c(c1)C[NH2+][C@@H](CF)C2)N1CCSCC1
4ty8,Cc1ccc2oc(=O)ccc2c1
2iku,CCc1nc(N)nc(N)c1-c1ccc2c(c1)N(CCCOC)[C@H](c1ccccc1)CC2
5hvy,CNc1nccc(N2CC[C@H](NC(=O)Nc3ccc(C[NH+]4CCOCC4)c(C(F)(F)F)c3)C2)n1
2ndf,CC(=O)NCCCC[C@H](NC(=O)[C@H](CCCNC(N)=[NH2+])NC(=O)[C@@H]1CCCN1C(=O)[C@H](C)NC(=O)[C@H](CCCC[NH3+])NC(=O)CNC(=O)C[NH3+])C(=O)N[C@@H](CCC(N)=O)C(=O)N[C@@H](CC(C)C)C(=O)N[C@@H](C)C(=O)N[C@H](C(=O)N[C@@H](CCCC[NH3+])C(=O)N[C@@H](C)C(=O)[O-])[C@@H](C)O
2x7d,CC1(C)CC(=O)C2=C(C1)N[C@H](S)[NH2+][C@H]2c1cccc(O)c1
4jju,O=c1ncn(Cc2ccc(F)cc2F)c2ccc(Oc3ncccc3C(F)(F)F)cc12
1w31,O=C([O-])CCCCO
2op9,C[C@@H](NC(=O)[C@H](Cc1ccccc1)NC(=O)OCc1ccccc1)C(=O)CCO
4jv6,c1ccc(Cn2c(-c3ccccc3)nc3ccccc32)cc1
3opr,C[C@](COC(=O)CCCC(=O)[O-])([C@@H](/N=C\CC=O)C(=O)[O-])[S@H+](=O)[O-]
6n7y,Cc1ccc(-c2cc3c(NC(Cc4ccccc4)P(=O)(O)O)ncnc3s2)cc1
5zh4,C[C@@H]1CCC[C@@H](C[C@H]2Cc3cc(O)cc(O)c3C(=O)O2)O1
5db0,N#Cc1cc2cc(C[N@H+]3CC[C@H](Nc4ncnc5sc(CC(F)(F)F)cc45)CC3)ccc2n1C[C@H](O)CO
2jnp,COc1ccc(S(=O)(=O)N(CC(=O)N=O)CC(C)C)cc1
5ggp,CC(C)[C@H](NC(=O)[C@@H]1CCCN1C(=O)[C@@H](NC(=O)[C@@H]1CCCN1C(=O)[C@@H]([NH3+])[C@@H](C)O)[C@@H](C)O)C(=O)[O-]
5dpw,CC(C)[C@H](NC(=O)[C@H](CC(N)=O)NC(=O)[C@@H](NC(=O)[C@H](Cc1c[nH]c2ccccc12)NC(=O)[C@H](CCC(=O)[O-])NC(=O)[C@H](CC(=O)[O-])NC(=O)[C@@H]([NH3+])CCC(=O)[O-])C(C)C)C(=O)N[C@@H](CCC(N)=O)C(=O)N[C@@H](Cc1ccc(O)cc1)C(=O)[O-]
1o43,CC(=O)N/C(=C\c1ccc(CC(=O)[O-])c(CO)c1)C(=O)N[C@H]1CCCCN(Cc2ccc(-c3ccccc3)cc2)C1=O
3sjt,C[C@]([NH3+])(CCC[CH2]B(O)(O)O)C(=O)[O-]
4mk5,COc1cccc(-c2ccc(O)c(O)n2)c1
5fdz,CNC(=O)c1cc(OCC(=O)Nc2ccccc2)ccc1OC1CCOCC1
6fa2,COc1cccc(-c2cccc3c2O[C@H](CNC(=O)c2ccc(OCC[NH+](C)C)cc2)CO3)n1
5fgk,Nc1n[nH]c2cc(-c3cncc(Cl)c3N3CCC4(CCNC4=O)CC3)ccc12
4rhu,Nc1nc2c(ncn2CC(COCCP(=O)(O)O)OCCP(=O)(O)O)c(=O)[nH]1
6etj,O=C([O-])c1ccc(NS(=O)(=O)c2cccc(-c3cc(F)ccc3O)c2)cc1O
3cjo,CN(C(=O)N1CC(c2cc(F)ccc2F)=C[C@@]1(CO)c1ccccc1)[C@H]1CC[N@H+](C)C[C@H]1F
2pj0,CC(C)C(NC(=O)OCc1ccccc1)P(=O)(O)OC(C(=O)O)c1cccc(NC(=N)N)c1
5iz9,CC(=O)NCC(=O)NCC(=O)N[C@@H](CCC(=O)[O-])C(=O)N[C@@H](C)C(=O)N[C@@H](CC(C)C)C(=O)N[C@@H](C)C(=O)N[C@@H](CC(=O)[O-])C(N)=O
4j0r,Cc1noc(C)c1-c1cc(O)cc([C@H](O)c2ccccc2)c1
4b6e,Nc1cccc2cn[nH]c12
6htr,CC(C)C[C@H](NC(=O)[C@H](Cc1ccccc1)N=[N+2]#N)C(=O)N[C@@H](CO)C(=O)N[C@H](CCS(C)(=O)=O)Cc1ccc(C=N)cc1
2x4s,CSCC[C@H](NC(=O)[C@H](C)[NH3+])C(=O)N[C@@H](CC(=O)[O-])C(=O)N[C@@H](CO)C(=O)N[C@@H](CC(N)=O)C(=O)N[C@H](C(=O)N[C@@H](CC(C)C)C(=O)N[C@@H](CCC(=O)[O-])C(=O)N[C@@H](CC(C)C)C(=O)[O-])[C@@H](C)O
3qsb,CCC/C(=N/OCc1ccc(-c2ccc(F)cc2)cc1)[C@@H]1C(=O)CC(C)(C)[C@H](C#N)C1=O
4r4q,CC(=O)N(Cc1ccc(-c2ccc(C(=O)[O-])o2)cc1)Cc1ccc(-c2cc(C(=O)[O-])nn2-c2ccc(Cl)c(Cl)c2)cc1
6ocu,C[C@@H]1C[C@H]1C(=O)N1CCN(c2cnc(C#N)c(-c3cnn(C)c3)n2)C[C@H]1C
5l97,Cc1ncccc1N[C@@H]1C=CC[C@@H]1S(C)(=O)=O
3grj,O=C([O-])c1cnc(-c2ccccc2)[nH]1
2y71,Cc1ccc2sc(COC3=C[C@@](O)(C(=O)[O-])C[C@@H](O)[C@@H]3O)cc2c1
5wii,O=C([O-])c1ccnc(Cl)c1
6p5v,CCN1C(=O)[C@@H](NC(=O)c2cccc(C)c2)[C@@H](c2ccc(F)cc2)c2c(C)nn(-c3ccccc3)c21
3dcr,CCCC[C@H](NC(=O)[C@@H](NC(=O)[C@@H](NC(C)=O)[C@@H](C)O)[C@@H](C)CC)C(O)(O)C[C@@H](CCCC)C(=O)N[C@@H](CCC(N)=O)C(=O)N[C@@H](CCCNC(N)=[NH2+])C(N)=O
4l53,Nc1ncc(-c2cnn([C@H]3CC[C@H](O)CC3)c2)c2c(Cl)c(-c3cccc4nnsc34)oc12
3rwh,CSCC[C@H]([NH3+])C(=O)N[C@@H](CCCNC(N)=[NH2+])C(=O)N[C@@H](Cc1c[nH]cn1)C(=O)N[C@H](C(=O)N[C@@H](CC(C)C)C(=O)N[C@@H](CCC(=O)[O-])C(=O)N1CCC[C@H]1C(=O)N[C@@H](Cc1ccccc1)C(=O)[O-])C(C)C
5b1s,[NH3+]CCc1ccccc1F
4y2y,Cc1ccc(C[NH2+]CCc2ccccc2F)s1
2rm0,CC[C@H](C)[C@H](NC(=O)[C@H](CC(C)C)NC(=O)[C@@H]1CCCN1C(=O)[C@@H]1CCCN1C(=O)[C@@H]1CCC[NH2+]1)C(=O)N1CCC[C@H]1C(=O)N1CCC[C@H]1C(=O)N1CCC[C@H]1C(=O)N1CCC[C@H]1C(=O)[O-]
1dtq,CCOc1ccnc(CCNC(=S)Nc2ccc(C#N)cn2)c1F
3zyb,CC(C)C[C@H](NC(=O)[C@@H]1CCCN1C(=O)[C@@H]([NH3+])CCCC[NH3+])C(N)=O
5i0b,CC(C)c1nn(C)cc1-c1nc2ncc(Br)cc2[nH]1
4z5w,CC[C@H](C)[C@H](NC(=O)[C@@H]([NH3+])Cc1ccc(OS(=O)(=O)[O-])cc1)C(=O)N[C@@H](Cc1ccc(OS(=O)(=O)[O-])cc1)C(=O)N[C@H](C(=O)N[C@@H](CCC(N)=O)C(=O)[O-])[C@@H](C)O
1sjh,CC[C@H](C)[C@H](NC(=O)[C@@H](NC(=O)[C@H](CCC(=O)[O-])NC(=O)[C@@H]1CCC[NH2+]1)C(C)C)C(=O)N1CCC[C@H]1C(=O)N[C@@H](CCSC)C(=O)N[C@@H](Cc1ccccc1)C(=O)N[C@@H](CO)C(=O)N[C@@H](C)C(=O)N[C@@H](CC(C)C)C(=O)N[C@@H](CO)C(=O)N[C@@H](CCC(=O)[O-])C(=O)NCC(=O)[O-]
3ebb,CC(C)C[C@H](NC(=O)[C@@H]([NH3+])CC(=O)[O-])C(=O)N[C@@H](Cc1ccc(O)cc1)C(=O)NCC(=O)[O-]
6ar2,CSCCC(NC(=O)C(NC(=O)CNC(=O)C([NH3+])CC(=O)O)C(C)OP(=O)(O)O)C(=O)NC(CCCC[NH3+])C(=O)NC(CCCNC(=N)N)C(=O)O
3g8i,CO[C@@H](Cc1ccc(OCCc2nc(-c3ccccc3)oc2C)c2ccsc12)C(=O)[O-]
4zed,O=C(OC1C(OP(=O)(O)OC2C(O)OCC(O)C2O)C(CO)OC1(CO)OC1OC(CO)C(O)C(O)C1O)c1ccccc1
4mk9,COc1c(-c2nc3cc(NS(C)(=O)=O)ccc3o2)cc(C2=CCC=NC2=O)cc1C(C)(C)C
1cw2,O=S(CCCCP(=O)(O)O)c1ccccc1O
4vgc,CC(=O)N[C@@H](BO)Cc1cccc2ccccc12
5l87,Cn1nc(C(=O)NCc2cccc3ccccc23)c2c1CC[N@H+](Cc1c[nH]c3ccccc13)C2
4ft2,C[C@H](NC(=O)[C@@H](NC(=O)[C@@H]([NH3+])CCC(N)=O)[C@@H](C)O)C(=O)N[C@@H](CCCNC(N)=[NH2+])C(=O)N[C@@H](CCCC[N+](C)C)C(=O)N[C@@H](CO)C(=O)N[C@H](C(=O)[O-])[C@@H](C)O
5kbg,Cc1ccccc1O
5zyh,CC(C)(C)c1cc(-c2ccc(S(=O)(=O)CCO)cc2)cc([C@@H]2C[C@@H]2c2ccccn2)c1
5c6p,COc1ccc(CC[N@H+](C)CCC[C@@](C#N)(c2ccc(OC)c(OC)c2)C(C)C)cc1OC
4hdc,Cc1cn([C@H]2CCC[N@@H+]([C@H](CC(C)C)c3ccc(C(=O)[O-])c(Oc4cccc(Cl)c4)c3)C2)c(=O)[nH]c1=O
3opp,C[C@](COC(=O)CCCC(=O)[O-])([C@@H](/N=C\CC=O)C(=O)[O-])[S@H+](=O)[O-]
5y6e,C[C@H](CS)C(=O)N[C@@H](C(=O)[O-])c1ccc(O)cc1
5ald,O=C1Cc2cc(C3CCCCC3)ccc2N1
1lox,CCCCCCC#Cc1ccccc1/C=C/C(=O)[O-]
1o79,CN(C(=O)Oc1ccc(Cl)cc1)[C@H]1CC[C@H](c2ccc(C[NH+]3CCCCC3)cc2)CC1
4hw2,Cc1cc(OCCCc2c(C(=O)[O-])[nH]c3cc(Cl)ccc23)cc(C)c1Cl
4guj,O=C([O-])C1=C[C@@H](O)[C@@H](O)[C@H](O)C1
6iji,Cc1ccc2c(c1)nc(CCN1C(=O)c3cccc4cccc(c34)C1=O)n2-c1ccncc1
1t1r,O=P(O)(O)C(Nc1nccc2ccccc12)P(=O)(O)O
4u0g,CC[C@H](C)C/C=C/C(=O)N[C@@H](Cc1cc(F)cc(F)c1)C(=O)N[C@@H]1C(=O)N2CCC[C@H]2C(=O)N2CC[C@H](C)C[C@H]2C(=O)N[C@@H](C)C(=O)N2CCC[C@H]2C(=O)O[C@@H]1C
6qsz,CC(C)CC(NC(=O)C(CC(=O)O)NC(=O)C([NH3+])C(C)O)C(=O)N1CCCC1C(=O)NC(COP(=O)(O)O)C(=O)NC(CC(=O)O)C(=O)N1CCCC1C(=O)N1CCCC1C(=O)NC(CO)C(=O)O
3ud9,CO[C@@H]1O[C@@H](C(=O)[O-])[C@@H](O[C@H]2O[C@H](COS(=O)(=O)[O-])[C@@H](O)[C@H](O)[C@H]2NS(=O)(=O)[O-])[C@H](O)[C@H]1OS(=O)(=O)[O-]
6oou,CC(C)CN(C[C@@H](O)[C@H](Cc1ccccc1)NC(=O)O[C@H]1CO[C@H]2OCC[C@@H]12)S(=O)(=O)c1ccc(N)cc1
5n8j,CC(C)C[C@@H](NC(=O)C[NH3+])C(=O)N[C@H](C)C(=O)N[C@H](CC(N)=O)C(=O)N[C@@H](C(=O)N[C@H](CC(=O)[O-])C(=O)N[C@H](CCC(=O)[O-])C(=O)N[C@H](CO)C(=O)[O-])C(C)C
3oe8,CC1(C)C[n+]2c(CS/C(=N/C3CCCCC3)NC3CCCCC3)csc2N1
1it6,CCC(C)c1nc(/C=C/CC2OC3(CC(O)C2C)OC(C(CC(O)C(C)C(O)C(C)/C=C(C)/C(C)=C/C=C/C(C)=C\C#N)OC)C(OP(=O)(O)O)C3(C)C)co1
4hmq,C[C]1O[Fe+7]2345O[C](C)N(CCC[C@@H]6NC(=O)[C@H](CCC[N+](=C(C)O2)O3)NC(=O)CNC(=O)CNC(=O)CNC(=O)[C@H](CCCN1O4)NC6=O)O5
3wiy,Cc1cc(C(=O)NS(=O)(=O)c2ccc(N[C@H](CC[NH+](C)C)CSc3ccccc3)c([N+](=O)[O-])c2)ccc1-c1cccc2c(CCCOc3cccc4ccccc34)c(C(=O)[O-])nn12
4fmn,CC(=O)N[C@H](C(=O)N[C@@H](CCCNC(N)=[NH2+])C(=O)N[C@@H](CO)C(=O)N[C@@H](CCCC[NH3+])C(=O)N[C@@H](Cc1ccc(O)cc1)C(=O)N[C@@H](Cc1ccccc1)C(=O)N[C@@H](CCCC[NH3+])C(=O)[O-])C(C)C
5v5n,CCCn1c(NC(=O)c2cccc(C(N)=O)c2)nc2ccccc21
4o4k,[NH2+]=C1NC(=O)/C(=C\c2ccc(O)cc2)S1
1r5v,CC[C@H](C)[C@H](NC(=O)[C@H](CC(C)C)NC(=O)[C@H](CC(=O)[O-])NC(=O)[C@H](C)[NH3+])C(=O)N[C@@H](C)C(=O)N[C@@H](Cc1ccc(O)cc1)C(=O)N1CCC[C@H]1C(=O)N[C@@H](CCCC[NH3+])C(=O)N[C@@H](C)C(=O)N[C@@H](C)C(=O)N[C@H](C(=O)N[C@@H](CCCC[NH3+])C(=O)N[C@@H](Cc1ccccc1)C(=O)[O-])[C@@H](C)O
5zk9,CC[C@H](C)[C@H](NC(=O)[C@H](CCCNC(N)=[NH2+])NC(C)=O)C(=O)N[C@H](C(=O)N[C@@H](Cc1ccc(O)cc1)C(=O)N[C@@H](CO)C(=O)N[C@@H](CCCNC(N)=[NH2+])C(=O)N[C@@]1(C)CCC/C=C\CCC[C@@](C)(C(=O)N[C@@H](CC(C)C)C(=O)N[C@@H](CCCC[NH3+])C(N)=O)NC(=O)[C@H](CC(C)C)NC(=O)[C@H](CC(C)C)NC(=O)[C@H](CCC(N)=O)NC1=O)[C@@H](C)CC
4exz,C/C=C(C)/C=C/C=C(C)/C=C/C1=C(C)CCCC1(C)C
1juj,Nc1nc2[nH]cc(CCc3ccc(C(=O)N[C@@H](CCC(=O)[O-])C(=O)[O-])cc3)c2c(=O)[nH]1
4i73,O=c1[nH]cnc2c(C[N@H+]3C[C@H](O)[C@H](O)[C@H]3CO)csc12
4y67,CN(O)C(=O)CC(CCCc1ccccc1)CP(=O)(O)O
2aoj,CC[C@H](C)[C@H](NC(=O)[C@H](CCC(N)=O)NC(=O)[C@@H]1CCC[N@H+]1C[C@H](Cc1ccccc1)NC(=O)[C@H](CC(N)=O)NC(=O)[C@H](Cc1ccccc1)NC(=O)[C@H](CO)NC(=O)[C@@H]([NH3+])C(C)C)C(=O)N[C@H](C(=O)N[C@@H](C)C(=O)N[C@@H](C)C(N)=O)[C@@H](C)O
4gd6,C[C@](COC(=O)Cc1ccccc1)([C@@H](Nc1c(C=O)cc2ccccn12)C(=O)[O-])[SH](=O)=O
3t2v,CCCCCC[C@H](C(=O)[O-])[C@H](O)CCCCCC
3iqh,CC[C@H](C)[C@H](NC(=O)[C@H](CC(=O)[O-])NC(=O)[C@@H]([NH3+])Cc1ccc(O)cc1)C(=O)[O-]
5cuu,CCCCn1cc[n+](CC(O)(P(=O)(O)O)P(=O)(O)O)c1
3tiw,CSCC[C@H](NC(=O)[C@H](CCCNC(N)=[NH2+])NC(=O)[C@H](CCCNC(N)=[NH2+])NC(=O)[C@H](CCCNC(N)=[NH2+])NC(=O)[C@H](CC(C)C)NC(=O)[C@@H](NC(=O)[C@@H]([NH3+])C(C)C)[C@@H](C)O)C(=O)N[C@@H](CC(C)C)C(=O)N[C@@H](C)C(=O)N[C@@H](C)C(=O)N[C@@H](C)C(=O)N[C@@H](C)C(=O)N[C@@H](CCC(=O)[O-])C(=O)N[C@@H](CCCNC(N)=[NH2+])C(=O)N[C@@H](CCCNC(N)=[NH2+])C(=O)N[C@@H](CC(C)C)C(=O)N[C@@H](CCC(N)=O)C(=O)N[C@@H](CCCC[NH3+])C(=O)[O-]
1q5l,CC(C)C[C@H](NC(=O)[C@H](CCCNC(N)=[NH2+])NC(=O)[C@@H]([NH3+])CC(N)=O)C(=O)N[C@@H](CC(C)C)C(=O)N[C@@H](CC(C)C)C(=O)N[C@H](C(=O)NCC(=O)[O-])[C@@H](C)O
4dum,CNc1nc(=O)c2c(nc(-c3ccc(P(=O)(O)O)cc3)n2CCOc2ccc(Cl)cc2)[nH]1
6bsm,CCCCC[C@H](C[N+](=O)C=O)C(=O)NCNC(=O)c1cc2cccc(OC)c2o1
6fvo,CC(=O)N[C@@H](CCC(N)=O)C(=O)N[C@@H](CC1CCCCC1)C(=O)N[C@@H](CC(=O)[O-])C(=O)N[C@@H](CC(C)C)C(=O)N[C@@H](Cc1ccccc1)C(=O)[O-]
1lf3,COc1cc(C(=O)N[C@@H](Cc2ccccc2)[C@@H](O)CN(CCc2ccc3c(c2)OCO3)C(=O)CCN2C(=O)c3ccccc3C2=O)cc(OC)c1OCc1ccccc1
4dmn,CO[C@H](C(=O)[O-])c1c(C)nc2ccc(Br)cc2c1-c1ccc(Cl)cc1
5svy,C[NH2+]CCCC[C@H](NC(=O)[C@@H](NC(=O)[C@H](CCCNC(N)=[NH2+])NC(=O)[C@H](C)[NH3+])[C@@H](C)O)C(=O)N[C@@H](CCC(N)=O)C(=O)N[C@H](C(=O)N[C@@H](C)C(=O)N[C@@H](CCCNC(N)=[NH2+])C(=O)N[C@@H](CCCC[NH3+])C(=O)N[C@@H](CO)C(=O)N[C@H](C(=O)[O-])[C@@H](C)O)[C@@H](C)O
5xup,CC[C@H](C)[C@H](NC(=O)[C@@H]([NH3+])CCCC[NH3+])C(=O)N[C@@H](CC(C)C)C(=O)N[C@@H](CC(C)C)C(=O)N[C@H](C(=O)N1CCC[C@H]1C(=O)N[C@@H](CCCNC(N)=[NH2+])C(=O)N[C@@H](CCCNC(N)=[NH2+])C(=O)N[C@@H](CCCNC(N)=[NH2+])C(=O)N[C@@H](CCC(N)=O)C(=O)N[C@@H](CCCNC(N)=[NH2+])C(=O)N[C@@H](CC(C)C)C(=O)[O-])[C@@H](C)O
6fmn,[NH2+]=c1[nH]c(=O)c2cc3nc(NC[C@H]4O[C@@H](O)[C@H](O)[C@@H]4O)[nH]c3cc2[nH]1
6rrm,O=C(Nc1ccccc1)c1ccccc1[SeH5]
2ycm,O=C([O-])c1c[nH][n+]2c(O)c(Cc3ccccc3)c(Cl)nc12
3l17,Cc1nc(N)ncc1-c1nc(N2CCOCC2)c2sc(C[N+]3CCN(S(C)(=O)=O)CC3)cc2n1
4iu0,[NH3+][C@@H](CCCC[B-](O)([OH2+])[OH2+])C(=O)[O-]
5qb2,O=C([O-])c1cc(-c2ccc3ncccc3c2)cc(-c2ccc3cccnc3c2)c1
4j04,O=C([O-])c1ccc(Cl)cc1NS(=O)(=O)c1cc(Cl)c(Cl)cc1Cl
4fpf,O=S(=O)([O-])CC[NH2+]Cc1cccc(Cl)c1
5a5p,Cc1cc2cccc(NCC[NH+](C)C)c2[nH]c1=O
4pks,Cc1cc(S(=O)(=O)N(Cc2cccnc2)[C@H](C)C(=O)NO)ccc1F
6f34,NC(=[NH2+])NCCC[C@H]([NH3+])C(=O)[O-]
6oiq,O=C(NNS(=O)(=O)c1ccccc1)c1cccc(-c2ccccc2)c1F
2er6,C[C@@H](O)[C@H](NC(=O)[C@@H]1CCC[NH2+]1)C(=O)N[C@@H](CCC(=O)[O-])C(=O)N[C@H](C[NH2+][C@@H](Cc1ccccc1)C(=O)N[C@@H](CCCNC(N)=[NH2+])C(=O)N[C@@H](CCC(=O)[O-])C(=O)[O-])Cc1ccccc1
4x7j,CNc1ncc2cc(-c3c(C)ccc(C(=O)Nc4ccc(OC)c(C(F)(F)F)c4)c3N)ccc2n1
4a16,Nc1c2c(nc3cc(Cl)ccc13)C[C@H]1C=C(CCCCn3cc(CO)nn3)C[C@@H]2C1
4h38,CCCCCCCCOc1cccc(COc2ccc(Br)cc2P(=O)(O)O)c1
1y4z,Oc1c(Cl)c(Cl)c(Cl)c(Cl)c1Cl
1pu7,Cn1cnc2c(N)nc[n+](C)c21
1ikx,C[C@H](Sc1nc(N)cc(Cl)n1)c1cc2ccoc2cn1
3m17,CC(=O)N[C@@H](CCCNC(N)=[NH2+])C(=O)N[C@@H](Cc1ccccc1)C(=O)N[C@@H]1C(=O)N[C@@H]([C@@H](C)O)C(=O)NCC(=O)N[C@@H](Cc2c[nH]cn2)C(=O)N[C@@H](Cc2ccccc2)C(=O)NCC(=O)N(C)CC(=O)N(C)[C@@H](CC(C)C)C(=O)N[C@@H](Cc2ccc(O)cc2)C(=O)N2CCC[C@H]2C(=O)N[C@H](C(N)=O)CSSC1(C)C
4ci1,O=C1CC[C@H](N2C(=O)c3ccccc3C2=O)C(=O)N1
2q8g,CN(C)C(=O)c1ccc(S(=O)(=O)c2ccc(NC(=O)[C@@](C)(O)C(F)(F)F)c(Cl)c2)cc1
4h2m,[NH3+]CCc1cc(Br)cc(C#Cc2cccc(C=Cc3cc(Br)cc(CC[NH3+])c3)c2)c1
3stj,C[C@H]([NH3+])C(=O)N[C@@H](C)C(=O)N[C@@H](C)C(=O)N[C@@H](C)C(=O)N[C@@H](C)C(=O)[O-]
6cef,O=C([O-])CCc1nc2ccccc2s1
4no1,CC(C)C[C@H](NC(=O)OCc1ccccc1)C(=O)N[C@@H](CC(C)C)C(=O)N[C@@H](CC(C)C)B([OH2+])[OH2+]
5lc0,NC(=[NH2+])NCCC[C@H](NC(=O)[C@H](Cc1ccc(C[NH3+])cc1)NC(=O)c1ccccc1)B1OCC(O)CO1
6e5s,C/C=C(C)/C=C/C=C(C)/C=C/C1=C(C)CCCC1(C)C
6eum,O=C([O-])/C(S)=C/c1c(F)ccc(F)c1F
6mt5,CC(C)C[C@H](NC(=O)[C@H](CC(C)C)NC(=O)[C@H](CCCNC(N)=[NH2+])NC(=O)[C@H](CC(C)C)NC(=O)[C@H](CC(=O)[O-])NC(=O)[C@H](CCC(=O)[O-])NC(=O)[C@@H]([NH3+])Cc1ccccc1)C(=O)N[C@@H](CO)C(=O)N[C@@H](Cc1ccccc1)C(=O)[O-]
2x7c,O=C1CCCC2=C1[C@H](c1cccc(O)c1)NC(=S)N2
5hv1,CO[C@H]1/C=C/O[C@@]2(C)OC3=C(C2=O)C2=C(C(=O)C3C)C(O)=C(NC(=O)/C(C)=C\C=C\[C@H](C)[C@H](O)[C@@H](C)[C@@H](O)[C@@H](C)[C@H](OC(C)=O)[C@@H]1C)C(C[NH2+][N@H+]1CC[N@H+](C)CC1)C2=O
4b11,Cc1c(C(=O)NCc2cccc3ccccc23)oc2cccc(OC3CC[NH2+]CC3)c12
3iiw,C[C@H]([NH3+])C(=O)N[C@@H](CCCNC(N)=[NH2+])C(=O)N[C@@H](CCCC[N+](C)(C)C)C(=O)N[C@@H](CO)C(=O)N[C@@H](C)C(=O)[O-]
4wsj,CC(=O)N[C@H]1C[C@@H](O)[C@H](O)[C@H](O)[C@@H]1C
6fr2,CC(C)S(=O)(=O)N1CCC2(CC1)C[C@@H](NC(=O)NCc1ccc(OC(F)(F)F)cc1)CCO2
2gvd,Nc1ncnc2c1ncn2C1OC(COP(=O)(O)OP(=O)(O)OP(=O)(O)O)C2OC3(OC21)C([N+](=O)[O-])=CC([N+](=O)[O-])=CC3[N+](=O)[O-]
5y7h,[NH3+][C@@H](CC(=O)N1CCNC(=O)C1)Cc1cc(F)c(F)cc1F
3ij1,CC(C)C[C@H](NC(=O)[C@@H](NC(=O)[C@H](CCCC[N+](C)(C)C)NC(=O)[C@H](CCCNC(N)=[NH2+])NC(=O)[C@H](Cc1c[nH]cn1)NC(=O)[C@@H]([NH3+])CCCNC(N)=[NH2+])C(C)C)C(=O)N[C@H](C=O)CCCNC(N)=[NH2+]
4olc,CCN(CC)C(=S)S
5qai,CS(=O)(=O)c1cccc(-c2cccc(C(=O)[O-])c2)c1
2i6a,C[C@H]1O[C@@H](n2cc(I)c3c(N)ncnc32)[C@H](O)[C@@H]1O
4ngr,CC(=O)NCCOc1cc(Br)ccc1C(=O)NCCCC[C@H](NC(=O)N[C@@H](CCC(=O)[O-])C(=O)[O-])C(=O)[O-]
4b4m,CN([C@@H]1C(=N)N(Cc2ccccc2)C(=O)NC1=O)S(=O)(=O)c1ccc(F)cc1
3eg6,CC(=O)NCC(=O)N[C@@H](CO)C(=O)N[C@@H](C)C(=O)N[C@@H](CCCNC(N)=[NH2+])C(=O)N[C@@H](C)C(=O)N[C@@H](CCC(=O)[O-])C(=O)N[C@H](C(=O)N[C@@H](Cc1c[nH]cn1)C(=O)N[C@@H](CC(C)C)C(=O)[O-])C(C)C
4a4e,CNC(NC)=[NH+]CCC[C@H]([NH3+])C(=O)[O-]
3wk7,Cn1cc(-c2nc3ccccc3[nH]2)cn1
2wuu,CCCCCCCCCCCCCC(=O)CSCCNC(=O)CCNC(=O)C(O)C(C)(C)COP(=O)(O)OP(=O)(O)OCC1OC(n2cnc3c(N)ncnc32)C(O)C1OP(=O)(O)O
2gg5,Nc1n[nH]c(N)c1/N=N/c1ccccc1C(F)(F)F
2ow1,[NH3+][C@](CS(=O)(=O)c1ccc(Oc2ccccc2)cc1)(C(=O)NO)C(F)(F)F
3zpq,c1cc(N2CC[NH2+]CC2)c2cc[nH]c2c1
5ygi,CCCCCCOc1ccnc(NC(P(=O)(O)O)P(=O)(O)O)c1
3d7d,O=C([O-])CC[C@H](NC(=O)N[C@@H](CSCc1ccc(F)cc1)C(=O)[O-])C(=O)[O-]
3bux,CC(NC(=O)C(CCCNC(=N)N)NC(=O)C(Cc1ccc(OP(=O)(O)O)cc1)NC(=O)C(CC(=O)O)NC(=O)C(NC(=O)C(CO)NC(=O)C(CCC(=O)O)NC(=O)C([NH3+])CC(N)=O)C(C)C)C(=O)O
2kff,C[C@H](NC(=O)[C@@H](NC(=O)[C@H](Cc1ccccc1)NC(=O)[C@@H]1CCCN1C(=O)[C@H](CC(N)=O)NC(=O)[C@@H](NC(=O)[C@H](CO)NC(=O)[C@H](CCC(=O)[O-])NC(=O)[C@H](Cc1ccc(O)cc1)NC(=O)[C@H](CC(N)=O)NC(=O)[C@@H]([NH3+])Cc1ccccc1)[C@@H](C)O)[C@@H](C)O)C(=O)N[C@@H](CCCC[NH3+])C(=O)[O-]
5cnm,[NH3+][C@@]1(C(=O)[O-])C[C@@H](Sc2nnc[nH]2)[C@H]2[C@H](C(=O)[O-])[C@H]21
4bky,Cn1cc(Br)cc1C(=O)Nc1n[nH]c2c1CN(C(=O)N[C@H](C[NH+]1CCCC1)c1ccccc1)C21CC1
6f7b,COc1cnccc1Nc1nc(-c2nn(Cc3c(F)cc(OCCO)cc3F)c3ccccc23)ncc1OC
6drz,CC[C@@H](CO)NC(=O)[C@@H]1C=C2c3cccc4c3c(cn4C)C[C@H]2[N@H+](C)C1
4qz1,COc1ccc(C[C@H](NC(=O)[C@H](C)NC(=O)C[NH+]2CCOCC2)C(=O)N[C@@H](Cc2ccccc2)[C@@H](O)[C@H](C)CO)cc1
4fil,C[C]1O[Fe+7]2345O[C](CCC(=O)NCCCCCN(O2)[C](CCC(=O)NCCCCCN1O3)O4)N(CCCCC[NH3+])O5
4kju,C[NH2+][C@@H](C)C(=O)N[C@H]1CN(C(=O)c2ccc(N)cc2)c2ccccc2N(Cc2c(OC)ccc3ccccc23)C1=O
4k72,CC[C@H](C)[C@H](NC(=O)[C@@H](NC(=O)[C@H](CO)NC(=O)[C@@H]([NH3+])CC(=O)[O-])[C@@H](C)CC)C(=O)[O-]
4l23,Oc1cccc(-c2nc(N3CCOCC3)c3oc4ncccc4c3n2)c1
5c29,CCCNc1nc(C2CC2)nc(Cl)c1C
5cuh,Cc1cc(C#N)ccc1N1CCN(S(=O)(=O)N2CSC[C@@H]2C(=O)NO)CC1
4uce,O=C([O-])c1cc(C(=O)[O-])n(Cc2ccc(F)cc2)n1
6qc0,CC[C@H](C)[C@H](NC(=O)[C@H](CCCC[NH3+])NC(=O)[C@H](CCCNC(N)=[NH2+])NC(=O)[C@H](CCSC)NC(=O)[C@@H]([NH3+])CO)C(=O)N[C@@H](CS)C(=O)N[C@H](C(=O)N[C@@H](Cc1ccc(O)cc1)C(=O)N[C@@H](Cc1ccccc1)C(=O)N[C@@H](Cc1cnc[nH]1)C(=O)N[C@@H](CCCNC(N)=[NH2+])C(=O)[O-])[C@@H](C)O
5t2l,Cn1nc(-c2cnc(N)c(-n3ccc(C(N)=O)n3)n2)nc1C1(c2ccccc2)CC1
5dhr,N#[N+2]=NC[C@H]1O[C@@H](n2c(SCC(=O)NCCc3nc4ccccc4[nH]3)nc3c(N)ncnc32)[C@H](O)[C@@H]1O
3zn1,CC(C)C[C@H](NC(=O)[C@H](CCCNC(N)=[NH2+])NC(=O)[C@@H]1CCC[NH2+]1)C(=O)N[C@@H](Cc1ccc(O)cc1)C(=O)N[C@@H](CC(C)C)C(=O)N[C@H](C(=O)[O-])C(C)C
5fqb,[NH3+]Cc1ccc(C(=O)N[C@H]2Cc3cccc(C(=O)[O-])c3O[B-]2(O)O)cc1
2kp8,COc1ccc(-c2ccc(CN(C(=O)c3cc(C(=O)[O-])c(C(=O)[O-])cc3C(=O)[O-])[C@H]3CCCc4ccccc43)cc2)cc1
5mav,CC[C@H](C)[C@H](NC(=O)[C@H](CCCC[NH3+])NC(=O)[C@H](CO)NC(=O)[C@H](CC(=O)[O-])NC(=O)[C@@H]([NH3+])CCCC[NH3+])C(=O)N[C@H](C(=O)N[C@@H](CC(=O)[O-])C(=O)N[C@@H](Cc1c[nH]cn1)C(=O)N[C@@H](Cc1ccccc1)C(=O)N[C@@H](CCSC)C(=O)N[C@@H](CCCNC(N)=[NH2+])C(=O)N[C@@H](CC(C)C)C(=O)N1CCC[C@H]1C(=O)N[C@@H](CCCC[NH3+])C(=O)[O-])[C@@H](C)O
5y97,C[C@H]1O[C@@H](O)[C@H](O)[C@@H](O)[C@@H]1O[C@@H]1O[C@H](CO)[C@H](O)[C@H](O)[C@H]1O
4jgv,CCCCCCCCC(=O)c1cc(O)c(O)c(O)c1
2az8,CC(C)[C@H](NC(=O)[C@H](C)NC(=O)OCc1ccccc1)C(=O)N[C@H](CO)Cc1ccccc1
6fzj,CC(C)C[C@H](NC(=O)[C@H](CC(C)C)NC(=O)[C@H](CC(C)C)NC(=O)[C@H](CCCC[NH3+])NC(=O)[C@H](CCCC[NH3+])NC(=O)[C@H](CC(C)C)NC(=O)[C@H](CC(C)C)NC(=O)[C@H](CO)NC(=O)[C@@H]1CCC[NH2+]1)C(=O)N[C@@H](C)C(=O)N1CCC[C@H]1C(N)=O
6qqt,COc1ccc(Cn2ccc3ccc(-c4cc(N)[nH]n4)cc32)cc1
6fob,C=C1/C(=C\C=C(/CCCCCCC)c2cccc(CCCCCC(C)(C)O)c2)C[C@@H](O)C[C@@H]1O
2bcd,CC[C@H]1C(=O)N[C@@H](C(=O)[O-])[C@H](C)C(=O)N[C@@H](C(C)C)C(=O)N[C@@H](/C=C/C(C)=C/[C@H](C)[C@H](Cc2ccccc2)OC)[C@H](C)C(=O)N[C@@H](C(=O)[O-])CCC(=O)N1C
5gmu,O=C(CCc1ccc(O)c(O)c1)O[C@@H]1C[C@@](O)(C(=O)[O-])C[C@@H](O)[C@@H]1O
3uef,C[C@H]([NH3+])C(=O)N[C@@H](CCCNC(N)=[NH2+])C(=O)N[C@H](C(=O)N[C@@H](CCCC[NH3+])C(=O)N[C@@H](C)C(=O)[O-])[C@@H](C)O
3dc2,O=C([O-])[C@H](O)[C@@H](O)C(=O)[O-]
3ktr,CC(C)C[C@H](NC(=O)[C@@H]([NH3+])[C@@H](C)O)C(=O)N[C@@H](CC(N)=O)C(=O)N1CCC[C@H]1C(=O)N[C@@H](CC(N)=O)C(=O)N[C@@H](C)C(=O)N[C@@H](CCCC[NH3+])C(=O)N[C@@H](CCC(=O)[O-])C(=O)N[C@@H](Cc1ccccc1)C(=O)N[C@@H](CC(N)=O)C(=O)N1CCC[C@H]1C(=O)N[C@@H](CCCNC(N)=[NH2+])C(=O)N[C@@H](CO)C(=O)N[C@@H](Cc1ccccc1)C(=O)N[C@@H](CO)C(=O)N[C@@H](CCC(N)=O)C(=O)[O-]
1w1g,O=P(O)(O)OC1C(O)C(OP(=O)(O)OCC(O)CO)C(O)C(OP(=O)(O)O)C1OP(=O)(O)O
2flb,NC(=[NH2+])c1ccc2nc(-c3n[nH]c(-c4ccccc4)c3O)[nH]c2c1
5qan,CS(=O)(=O)NCc1cccc(-c2cccc(C(=O)[O-])c2)c1
4pgb,CC(C)C[C@H](NC(=O)[C@H](C)NC(=O)[C@@H]1CCCN1C(=O)[C@H](Cc1c[nH]c2ccccc12)NC(=O)[C@H](CC(N)=O)NC(=O)CNC(=O)[C@@H]1CCCN1C(=O)[C@H](C)NC(=O)[C@@H]([NH3+])Cc1ccccc1)C(=O)[O-]
5nyz,O=c1ccn(C2CC(O)C(COP(=O)(O)NP(=O)(O)OP(=O)(O)O)O2)c(=O)[nH]1
1p17,O=c1[nH]cnc2c1ncn2C1OC(COP(=O)(O)O)C(O)C1O
4mzl,CCC[C@H](NC(=O)[C@H](CCCC[NH3+])NC(=O)[C@H](CCCNC(N)=[NH2+])NC(=O)[C@@H](NC(=O)[C@H](Cc1cnc[nH]1)NC(=O)[C@H](C)NC(=O)[C@H](CCC(N)=O)NC(=O)[C@@H](NC(=O)[C@H](CCCNC(N)=[NH2+])NC(=O)[C@H](CC(C)C)NC(=O)[C@H](CC(C)C)NC(=O)[C@H](CO)NC(=O)CN1C/C=C/CCC(=O)N[C@@H](CC(N)=O)C(=O)N[C@@H]([C@@H](C)CC)C1=O)C(C)C)[C@@H](C)CC)C(=O)N[C@@H](CCSC)C(=O)N[C@H](C(=O)[O-])C(C)C
4gj6,Clc1ccc(N(C[C@@H]2C[NH2+]C[C@H]2Cc2ccccc2)c2ccccc2)cc1
3oev,Cc1ccsc1CNC(=O)[C@H](CCc1ccccc1)NC(=O)[C@@H](NC(=O)c1ccc(OCc2ccccc2)cc1)[C@@H](C)O
2oa0,CC(=O)C1=C(O)N2[C@H](C1=O)[C@H]1c3c[nH]c4cccc(c34)C[C@H]1C2(C)C
6h7b,CSCC[C@H](NC(=O)[C@H](Cc1c[nH]cn1)NC(=O)[C@@H]([NH3+])Cc1c[nH]cn1)C(=O)N[C@@H](CC(N)=O)C(=O)N1CCC[C@H]1C(=O)N[C@@H](CC(N)=O)C(=O)N[C@@H](C)C(=O)N[C@H](C(=O)N[C@@H](CCC(=O)[O-])C(=O)N[C@@H](Cc1ccccc1)C(=O)N[C@@H](CCSC)C(=O)N1CCC[C@H]1C(=O)[O-])[C@@H](C)O
2vte,N#Cc1ccc(COc2ccc3ccc(S(=O)(=O)N[C@H](CCC(=O)[O-])C(=O)[O-])cc3c2)cc1
3wdz,CC(C)CC(NC(=O)C(CCC(=O)O)NC(=O)CNC(=O)C(NC(=O)C(COP(=O)(O)O)NC(=O)C1CCCN1C(=O)C(CC(=O)O)NC(=O)C(NC(=O)C(CCC(=O)O)NC(=O)C([NH3+])CCCC[NH3+])C(C)C)C(C)O)C(=O)NC(CCC(N)=O)C(=O)O
4rz1,COCCCOc1cc(C(=O)N(C[C@@H]2C[NH2+]C[C@H]2OC(=O)NCc2ccccc2)C(C)C)ccc1OC
1qsc,CC[C@H](C)[C@H](NC(=O)[C@@H]1CCCN1C(=O)[C@H](Cc1ccc(O)cc1)NC(C)=O)C(=O)N[C@@H](CCC(N)=O)C(=O)N[C@@H](CCC(=O)[O-])C(=O)N[C@H](C(=O)[O-])[C@@H](C)O
3lkj,O=C(NCc1cccc(-c2ccccc2)c1)c1cc(-c2cc(C(=O)N[C@@H](C(=O)[O-])C3CCCCC3)nc(C(=O)N3CCC[C@@H]3Cn3cccc3)c2)cc(C(=O)N2CCC[C@@H]2C[NH+]2CCCC2)n1
1zd5,O=C([O-])CCCCCCNC(=O)NC1CCCCC1
4aml,CCCNC(=O)O[C@H]1O[C@H](CO)[C@@H](O)[C@H](O)[C@H]1NC(C)=O
5fdo,Cc1cc(OCCCc2c(C(=O)NS(=O)(=O)c3ccccc3)[nH]c3c2CC=CC3)cc(C)c1Cl
4gjd,COCCCCC1(CNC(=O)[C@@H]2C[NH2+]C[C@H](NS(=O)(=O)c3ccc(C)cc3)C2)c2ccccc2Oc2ccccc21
5nf9,COc1cccc(C(=O)N[C@H]2[C@H](NC(C)=O)O[C@H](CO)[C@@H](O[C@@H]3O[C@H](CO)[C@H](O)[C@H](O)[C@H]3O)[C@@H]2O)c1
6c28,CC(C)(COP(=O)(O)OP(=O)(O)OCC1OC(n2cnc3c(N)ncnc32)C(O)C1OP(=O)(O)O)C(O)C(=O)NCCC(=O)NCCSC(=O)/C=C/c1ccc(O)cc1
3zot,O=CC[C@@H](NC(=O)Oc1ccccc1)c1ccccc1
2ddf,CC(C)C[C@H](CC(=O)NO)C(=O)N[C@H](C(=O)N[C@@H](C)C(=O)NCC[NH3+])C(C)(C)C
1yvx,Cc1ccc(C(=O)N(c2cc(-c3ccccc3)sc2C(=O)[O-])C(C)C)cc1
5o4y,CCCC[C@H]1C(=O)N(C)[C@@H](CCCC)C(=O)N[C@@H](CCCNC(N)=[NH2+])C(=O)N[C@H](C(=O)NCC(N)=O)CSCC(=O)N[C@@H](Cc2ccccc2)C(=O)N(C)[C@@H](C)C(=O)N[C@@H](CC(N)=O)C(=O)N2CCC[C@H]2C(=O)N[C@@H](Cc2cnc[nH]2)C(=O)N[C@@H](CC(C)C)C(=O)N[C@@H](CO)C(=O)N[C@@H](Cc2c[nH]c3ccccc23)C(=O)N[C@@H](CO)C(=O)N[C@@H](Cc2c[nH]c3ccccc23)C(=O)N1C
3zmq,CC(NC(=O)C([NH3+])CCC(=O)O)C(=O)NC(CCC(N)=O)C(=O)NC(Cc1ccc(C(F)(F)P(=O)(O)O)cc1)C(=O)NC(CCC(N)=O)C(=O)N1CCCC1C(=O)O
4jzf,COc1ccc(-c2ccc(C(=O)N[C@H](CO)C(C)(C)C)cc2C(=O)[O-])c(C(=O)Nc2cccc(C(N)=O)c2)n1
1pyw,CC(=O)N[C@@H](Cc1ccccc1)C(=O)N[C@H](C(=O)N[C@@H](CCCC[NH3+])C(=O)N[C@@H](CCC(N)=O)C(=O)N[C@@H](CC(N)=O)C(=O)N[C@@H](C)C(=O)N(C)[C@@H](C)C(=O)N[C@@H](C)C(=O)N[C@@H](CC(C)C)C(=O)[O-])C(C)C
5awu,C[C@H](NC(=O)[C@H](Cc1ccccc1)NC(=O)[C@@H]1CCCN1C(=O)[C@H](CC(=O)[O-])NC(=O)[C@H](CO)NC(=O)CNC(=O)[C@H](CCCC[NH3+])NC(=O)[C@H](Cc1ccccc1)NC(=O)[C@@H]1CCCN1C(=O)[C@H](CC(=O)[O-])NC(=O)[C@@H]([NH3+])Cc1ccc(O)cc1)C(=O)[O-]
2m3o,CC(C)C[C@H](NC(=O)[C@@H](NC(=O)[C@H](C)NC(=O)[C@H](Cc1ccc(O)cc1)NC(=O)[C@H](C)NC(=O)[C@@H]1CCCN1C(=O)[C@@H]1CCCN1C(=O)[C@@H]1CCCN1C(=O)[C@H](C)NC(=O)[C@@H]([NH3+])[C@@H](C)O)[C@@H](C)O)C(=O)NCC(=O)[O-]
3ljt,O=C(C[C@@H](Cc1ccc(-c2ccc3c(c2)OCO3)cc1)C(=O)N[C@H]1c2ccccc2C[C@H]1O)NO
6n87,CC[C@H](C)[C@@H]1NC(=O)[C@H](CCC(N)=O)NC(=O)[C@H](CCSC)NC(=O)[C@@H]2CCCN2C(=O)[C@@H]2CCCN2C(=O)[C@H](CO)NC(=O)[C@H](CCSC)NC(=O)[C@H](CCCNC(N)=[NH2+])NC(=O)[C@H]([C@@H](C)O)NC(=O)[C@H]([C@@H](C)O)NC(=O)[C@H](Cc2c[nH]c3ccccc23)NC(=O)[C@H](CSSCC2=CC(C)(C)[N+](=O)C2(C)C)[NH+]2OC2(O)[C@@H]2CCCN2C1=O
4g11,O=C(Cc1nc(N2CCOCC2)cc(=O)[nH]1)Nc1ccccc1
5xpo,C=C1[C@H](O)CC(=C/C=C2\CCC[C@@]3(C)[C@H]2CC[C@@H]3[C@H](C)CCCC(=O)c2ccc(O)cc2)C[C@H]1O
1vwn,CC(=O)N[C@H]1CSSC[C@@H](C(=O)[O-])NC(=O)[C@H](Cc2ccccc2)NC(=O)[C@H](CCC(N)=O)NC(=O)[C@@H]2CCCN2C(=O)[C@H](Cc2cnc[nH]2)NC1=O
4bhn,CC(C)(C)c1ccc(C(=O)Nc2cn3cc(-c4cn[nH]c4)ccc3n2)cc1
6i8l,[NH2+]=C1Nc2cc(OCCC[NH+]3Cc4ccccc4C3)c(OCC3CC3)cc2C12CCCC2
6dik,O=C(/C=C/c1ccc(O)c(O)c1)O[C@@H](C(=O)[O-])[C@@H](OC(=O)/C=C/c1ccc(O)c(O)c1)C(=O)[O-]
3kba,Cc1ccccc1CN(c1ccc(C#N)c(Cl)c1)[C@H]1CCN(S(C)(=O)=O)C1
6k1s,C/C=N\c1ncnc2c1ccn2[C@@H]1O[C@H]([C@H](O)c2ccc(Cl)cc2)[C@@H](O)[C@H]1O
2lo6,CC(O)C(NC(=O)C1CCCN1C(=O)C(CO)NC(=O)C([NH3+])Cc1ccc(O)cc1)C(=O)NC(COP(=O)(O)O)C(=O)N1CCCC1C(=O)NC(CO)C(=O)NC(Cc1ccc(O)cc1)C(=O)NC(CO)C(=O)N1CCCC1C(=O)NC(C(=O)NC(COP(=O)(O)O)C(=O)N1CCCC1C(=O)NC(CO)C(=O)O)C(C)O
1a4m,O=c1[nH]cnc2c1ncn2[C@@H]1O[C@H](CO)[C@@H](O)[C@H]1O
4mrf,c1ccc2c(c1)CC[NH2+]C2
3cfv,CC[C@H](C)[C@H](NC(=O)CNC(=O)[C@H](CCC(N)=O)NC(=O)[C@@H](NC(=O)[C@H](CC(N)=O)NC(=O)[C@@H]([NH3+])CC(=O)[O-])[C@@H](C)CC)C(=O)N[C@H](C(=O)N[C@@H](CCCC[NH3+])C(=O)N1CCC[C@H]1C(=O)N[C@@H](C)C(=O)N[C@H](C(=O)N[C@@H](CCCNC(N)=[NH2+])C(=O)N[C@@H](CCCNC(N)=[NH2+])C(=O)N[C@@H](CC(C)C)C(=O)N[C@@H](C)C(=O)N[C@@H](CCCNC(N)=[NH2+])C(=O)N[C@@H](CCCNC(N)=[NH2+])C(=O)NCC(=O)O)[C@@H](C)CC)[C@@H](C)O
2xln,COc1cccc(OC)c1C(=O)N[C@H](C)B(O)O
6oy1,CCC(CC)CN(C[C@@H](O)[C@H](Cc1ccccc1)NC(=O)O[C@H]1CO[C@H]2OCC[C@@H]12)S(=O)(=O)c1ccc([C@@H](O)CO)cc1
1jil,C[C@H]1O[C@@H]([C@H](NC(=O)[C@@H]([NH3+])Cc2ccc(O)cc2)C(=O)[O-])[C@H](O)[C@@H](O)[C@H]1O
4a6v,O=C(NO)c1coc(-c2ccccc2C(F)(F)F)n1
1yy6,C[C@@H](O)[C@H](NC(=O)[C@H](CO)NC(=O)[C@@H]1CCCN1C(=O)CNC(=O)[C@H](CCC(=O)[O-])NC(=O)CNC(=O)[C@@H]1CCCN1C(=O)[C@@H]([NH3+])CC(=O)[O-])C(=O)O
5x4p,O=C1Cc2cc(Nc3ncncc3Cl)ccc2N1
3saz,O=C([O-])C(=O)/C=C(\O)c1cccc(Br)c1
5e1b,CC[C@H](C)[C@H](NC(=O)[C@H](CCCNC(N)=[NH2+])NC(=O)[C@H](CCCC[NH3+])NC(=O)[C@@H]1CCCN1C(=O)[C@@H]([NH3+])CO)C(=O)N[C@@H](C)C(=O)[O-]
1k3q,CC(C)CC(NC(=O)C([NH3+])CO)C(=O)NC(CCC(=O)O)C(=O)NC(C(=O)NC(C(=O)NC(CCC(=O)O)C(=O)NC(C)C(=O)NC(CC(=O)O)C(=O)NC(C)C(=O)NC(C(=O)NC(Cc1ccccc1)C(=O)NC(C(=O)NC(CCC(N)=O)C(=O)O)C(C)C)C(C)O)C(C)OP(=O)(O)O)C(C)C
2q6b,CC(C)n1c(CC[C@@H](O)C[C@@H](O)CC(=O)[O-])c(-c2ccc(F)cc2)c2c1C(=O)N(c1ccccc1)CCC2
6alc,CC(=O)N1CCc2c(c(-c3cccc4[nH]ccc34)nn2CC2CC2)C1
5c7c,C[C@@H]1C[N@H+](CC(=O)N2CC(C)(C)c3ccc(Cl)cc32)CC[NH2+]1
2xow,COC(=O)Cc1ccc(N)cc1C=O
3tsz,CC(C)C[C@H](NC(=O)[C@H](Cc1ccccc1)NC(=O)[C@H](CO)NC(=O)[C@H](CO)NC(=O)[C@@H](NC(=O)[C@H](CCC(N)=O)NC(=O)[C@H](C)NC(=O)[C@H](Cc1ccccc1)NC(=O)[C@@H]([NH3+])CCC(=O)[O-])[C@@H](C)O)C(=O)N[C@H](C(=O)[O-])C(C)C
3wnr,S=CNCc1ccccc1
5cwa,C/C=C(\Oc1cccc(C(=O)[O-])c1O)C(=O)[O-]
6bu1,O=C(C[C@H](O)C(=O)[O-])c1cccc(O)c1Br
2zg3,CC(=O)N[C@@H]1[C@@H](O)C[C@H](C(=O)[O-])O[C@H]1[C@H](O)[C@H](O)CO
3srg,O=c1ccc2ccccc2[nH]1
5zef,CCC[C@H]([NH3+])C(=O)[O-]
1pf7,O=c1[nH]cnc2c([C@@H]3[NH2+][C@H](CO)[C@@H](O)[C@H]3O)c[nH]c12
6mlh,O=P(O)(O)CC1OC(CO)C(O)C(O)C1O
2ig0,C[C@H](CCCC[NH+](C)C)NC(=O)[C@@H]([NH3+])CCCNC(N)=[NH2+]
2ke1,C[C@H]([NH3+])C(=O)N[C@@H](CCCNC(N)=[NH2+])C(=O)N[C@H](C(=O)N[C@@H](CCCC[NH3+])C(=O)N[C@@H](CCC(N)=O)C(=O)N[C@H](C(=O)N[C@@H](C)C(=O)N[C@@H](CCCNC(N)=[NH2+])C(=O)N[C@@H](CCCC[NH3+])C(=O)N[C@@H](CO)C(=O)[O-])[C@@H](C)O)[C@@H](C)O
2qve,[NH3+][C@H](c1ccc(O)cc1)C(F)(F)C(=O)[O-]
3n5e,CC(C)C[C@H]([NH3+])C(=O)N[C@@H](CO)C(=O)N[C@@H](CS)C(=O)N[C@@H](CCC(N)=O)C(=O)N[C@@H](CC(C)C)C(=O)N[C@@H](Cc1ccc(O)cc1)C(=O)N[C@@H](CCC(N)=O)C(=O)N[C@@H](CCCNC(N)=[NH2+])C(=O)[O-]
3n2c,CP(=O)(O)N1CCCC1C(=O)O
5l2o,CCN(CC)c1ccc2c(C)cc(=O)oc2c1
5v7i,Cc1[nH]nc2c1[C@](c1cc(N3CCCC3)cc(C(F)(F)F)c1)(C(C)C)C(C#N)=C(N)O2
4bdc,O=C(NCc1ccco1)c1ccc2nccnc2c1
6g9f,NC(=O)[C@@H]1CC[C@@H]([NH2+]OS(=O)(=O)[O-])CN1C=O
6g4y,CN1CC[C@@](O)(C#Cc2ccc3c(c2)-c2nc(C(N)=O)c(C(=O)NC4CCOCC4)n2CCO3)C1=O
1qca,CC(=O)O[C@H]1C[C@@]2(C)[C@@H](C[C@@H](O)[C@H]3[C@@]4(C)CC[C@@H](O)[C@@H](C)[C@@H]4CC[C@@]32C)/C1=C(\CCC=C(C)C)C(=O)[O-]
5ehp,C[C@H]1CN(c2ncc(-c3cccc(Cl)c3Cl)c(N)n2)C[C@@H](C)[NH2+]1
3v7d,CC(C)CC(NC(=O)CNC(=O)C(CC(N)=O)NC(=O)C([NH3+])Cc1ccccc1)C(=O)NC(C(=O)NC(COP(=O)(O)O)C(=O)N1CCCC1C(=O)NC(CCC(N)=O)C(=O)NC(CCCNC(=N)N)C(=O)NC(COP(=O)(O)O)C(=O)O)C(C)O
3kc0,O=P(O)(O)COc1cccc2c1-c1ncsc1C2
5yyz,CCC(C)C([NH3+])C(=O)NC(CCC(N)=O)C(=O)N1CCCC1C(=O)NC(C(=O)NC(CCC(N)=O)C(=O)NC(Cc1ccccc1)C(=O)NC(C(=O)O)C(C)C)C(C)OP(=O)(O)O
4ybt,Cn1cnc(S(=O)(=O)Nc2cc3c(cc2Oc2cccc(OC[C@H]4CCOC4)c2)n(C)c(=O)n3C)c1
1zd4,O=C([O-])CCCCCNC(=O)NC1CCCCC1
2nnp,CC(C)(C)NC(=O)[C@@H]1C[C@@H]2CCCC[C@@H]2C[N@H+]1C[C@@H](O)[C@H](Cc1ccccc1)NC(=O)[C@H](CC(N)=O)NC(=O)c1ccc2ccccc2n1
4gmc,O=C(NS(=O)(=O)c1ccccc1)c1ccc2c(C3CCCCC3)c(-c3ccoc3)n(CC(=O)N3CCOCC3)c2c1
1qxy,CSCC[C@H]([NH3+])C(O)(O)c1ccccn1
3vb6,CC(C)C[C@H](NC(=O)[C@@H](NC(=O)[C@H](C)[NH3+])C(C)C)C(=O)N[C@H](C=N)CCC(N)=O
2ll7,CC[C@H](C)[C@H](NC(=O)[C@H](CCCC[NH3+])NC(=O)[C@@H](NC(=O)[C@H](C)NC(=O)[C@H](CC(N)=O)NC(=O)[C@H](C)NC(=O)[C@@H](NC(=O)[C@H](CCC(=O)[O-])NC(=O)[C@H](CCCC[NH3+])NC(=O)[C@H](Cc1ccccc1)NC(=O)[C@@H](NC(=O)[C@H](CCCC[NH3+])NC(=O)[C@@H]([NH3+])CCCC[NH3+])[C@@H](C)O)C(C)C)C(C)C)C(=O)N[C@@H](CO)C(=O)N[C@@H](C)C(=O)N[C@@H](CO)C(=O)N[C@@H](CC(C)C)C(=O)[O-]
5nn0,C[NH+](C)CCN(C[C@@H]1CCC[N@H+](C2Cc3ccccc3C2)C1)C(=O)c1ccc2ccccc2c1
5wkh,CC[C@H](C)[C@H](NC(=O)[C@@H](NC(=O)[C@@H]1CCCN1C(=O)[C@H](CO)NC(=O)CNC(=O)[C@H](CO)NC(=O)[C@@H](NC(=O)C[NH3+])[C@@H](C)O)[C@@H](C)CC)C(=O)N[C@@H](CC(N)=O)C(=O)N[C@@H](CCCNC(N)=[NH2+])C(=O)[O-]
6oot,CC(C)CN(C[C@@H](O)[C@H](Cc1ccccc1)NC(=O)O[C@H]1CO[C@H]2OCC[C@@H]12)S(=O)(=O)c1ccc(N)cc1
3efr,O=C([O-])CCCC[C@@H]1SC[C@@H]2NC(=O)N[C@H]12
3frz,CCc1cc(CC[C@]2(C3CCCC3)CC(O)=C(Cc3nc4nc(C)cc(C)n4n3)C(=O)O2)cc(CC)n1
4nrc,CNC(=O)c1scc2c1OCCO2
2eep,CC[C@H](C)[C@H](NC(=O)[C@H](C)[NH3+])C(=O)N1CCC[C@H]1B([OH2+])[OH2+]
2ay1,Nc1ccc(CCC(=O)[O-])cc1
4qwr,CC(C)C[C@H](NC(=O)[C@H](CCc1ccccc1)NC(=O)C[NH+]1CCOCC1)C(=O)N[C@@H](Cc1ccccc1)C(=O)N[C@@H](CC(C)C)[C@@H](O)[C@H](C)CO
1jk7,C=C1[C@@H]([C@@H](O)C[C@H](C)[C@H]2O[C@@]3(CCCCO3)CC[C@H]2C)O[C@@H]2CC[C@@]3(CC[C@H](/C=C/[C@@H](C)[C@@H]4CC(C)=C[C@@]5(O[C@H](C[C@@](C)(O)C(=O)[O-])CC[C@H]5O)O4)O3)O[C@H]2[C@@H]1O
6udx,O=C([O-])[C@H](O)c1ccc2c(c1)N(CC1CCC1)C[C@@]1(CCCc3cc(Cl)ccc31)CO2
3s2a,O=S(=O)(Nc1cc(-c2ccc3nccc(N4CCOCC4)c3c2)cnc1Cl)c1ccc(F)cc1
3sad,Cc1ccccc1/C(O)=C/C(=O)C(=O)[O-]
6qaa,CCCC[NH2+][C@@H](Cc1c[nH]c2ccccc12)C(=O)NCCC1CCCCCC1
4twd,C[C@]12C[C@@H]3C[C@](C)(C1)C[C@@]([NH3+])(C3)C2
5jq7,C[NH+](C)CCOc1ccc(/C(=C(/CCCl)c2ccccc2)c2ccccc2)cc1
1jfh,CO[C@H]1O[C@H](CO)[C@@H](S[C@H]2O[C@H](CO)[C@@H](SC)[C@H](O)[C@H]2O)[C@H](O)[C@H]1O
1rgj,CC(C)C[C@H](NC(=O)[C@H](CO)NC(=O)[C@H](CO)NC(=O)[C@H](CCC(=O)[O-])NC(=O)[C@H](Cc1ccc(O)cc1)NC(=O)[C@H](Cc1ccc(O)cc1)NC(=O)[C@H](CCCNC(N)=[NH2+])NC(=O)[C@@H]([NH3+])Cc1ccccc1)C(=O)N[C@@H](CCC(=O)[O-])C(=O)N1CCC[C@H]1C(=O)N[C@@H](Cc1c[nH]c2ccccc12)C(=O)N[C@@H](CC(=O)[O-])C(=O)N[C@@H](CC(=O)[O-])C(=O)O
2cnf,O=C1C[C@@H](c2ccc(C[C@H](Nc3nc4ccccc4s3)c3nc4ccccc4[nH]3)cc2)S(=O)(=O)N1
2ypp,[NH3+][C@@H](Cc1ccc(O)cc1)C(=O)[O-]
5etn,Nc1nc2nc(SCc3ccc(Cl)cc3)[nH]c2c(=O)[nH]1
6dkp,CC[C@H](C)[C@H](NC(=O)CNC(=O)[C@H](C)NC(=O)[C@H](CC(C)C)NC(=O)[C@@H]([NH3+])CCC(=O)[O-])C(=O)NCC(=O)N[C@H](C(=O)N[C@@H](CC(C)C)C(=O)N[C@H](C(=O)N[C@H](C(=O)[O-])C(C)C)[C@@H](C)O)[C@@H](C)CC
2w6c,CC[C@@]1(c2cccc(O)c2)CCCC[N@@H+](CCCCCCCCC[NH3+])C1
1zp5,CN(CCOc1ccc(-c2ccc(C#N)cc2)cc1)C(=O)NO
3ad7,CSCC(=O)[O-]
4mvn,O=C(NC(Cc1ccccc1)[PH](=O)O)OCc1ccccc1
3tll,CCNc1[nH]c2cc3[nH]c(NC)nc3cc2c(=O)[nH+]1
2v11,CCCCNC(=O)[C@H](C)CC(O)[C@@H]([NH3+])C[C@H](C)COC(=O)c1cn(Cc2ccccc2)c2ccccc12
1ai6,O=C([O-])Cc1ccc(O)cc1
5lpr,C[C@H]([NH3+])C(=O)N[C@@H](C)C(=O)N1CCC[C@H]1C(=O)N[C@@H](C)B(O)O
2ow9,O=C(OCc1ccccc1)c1cn2c(=O)n(Cc3ccccc3)c(=O)cc2s1
4a0j,CC([NH3+])C(=O)NC(CCCNC(=N)N)C(=O)NC(C(=O)NC(CCCC[NH3+])C(=O)NC(C)C(=O)NC(C)C(=O)O)C(C)OP(=O)(O)O
1vj5,O=C(Nc1ccc(I)cc1)NC1CCCCC1
5tg2,CCCCC[C@@H]1CCCCCNC(=O)CC[C@@H](CO)NC(=O)[C@H](CC(C)C)NC(=O)O1
5xo2,CC(=O)N[C@@H]1[C@@H](O)C[C@@H](CO[C@]2(C(=O)[O-])C[C@H](O)[C@@H](NC(C)=O)[C@H]([C@H](O)[C@H](O)CO)O2)O[C@@H]1O[C@H](C)[C@H](NC(=O)[C@H](C)NC(=O)[C@@H]1CCCN1C(=O)C[NH3+])C(=O)N1CCC[C@H]1C(=O)N[C@@H](C)C(=O)N1CCC[C@H]1C(=O)[O-]
3rg2,CC(C)(CO[PH](=O)O)C(O)C(=O)NCCC(=O)NCCSC(CS(=O)(=O)NCC1OC(n2cnc3c(N)ncnc32)C(O)C1O)c1ccccc1O
6oxz,CC[C@H](C)CN(C[C@@H](O)[C@H](Cc1ccccc1)NC(=O)O[C@H]1CO[C@H]2OCC[C@@H]12)S(=O)(=O)c1ccc([C@@H](O)CO)cc1
3vp1,O=C(Cc1ccccc1)Nc1nnc(CC=S)s1
3soq,CC[C@H](C)[C@H](NC(=O)[C@H](C)NC(=O)[C@H](CC(N)=O)NC(=O)[C@H](CO)NC(=O)[C@H](CC(N)=O)NC(C)=O)C(=O)N[C@@H](CCCC[NH3+])C(=O)N[C@@H](CC(N)=O)C(N)=O
1hy7,COCC#CC[C@@H](NS(=O)(=O)c1ccc(-c2ccc(OC)cc2)cc1)C(=O)[O-]
6fse,CC[N@H+]1CC[N@H+](C2CCN(C(=O)COc3ccc(C)cc3)CC2)CC1
1ycm,COc1ccc(S(=O)(=O)N(CC(=O)N=O)CC(C)C)cc1
3fnm,[NH3+][C@H](C(=O)[O-])[C@@H]1CC=NO1
5ytu,OCc1ccc(O)c(O)c1
3iqv,CC(O)C(NC(=O)C(COP(=O)(O)O)NC(=O)C(NC(=O)C(CO)NC(=O)C(CCCNC(=N)N)NC(=O)C([NH3+])CCC(N)=O)C(C)O)C(=O)O
5va9,CC[C@H](C)[C@@H]1NC(=O)[C@H](Cc2c[nH]cn2)NC(=O)[C@H](CO)NC(=O)[C@H](Cc2c[nH]cn2)NC(=O)CNC(=O)[C@H](Cc2ccc(O)cc2)NC(=O)CSC[C@@H](C(=O)NCC(N)=O)NC(=O)[C@H](Cc2ccc(O)cc2)NC(=O)[C@H](CO)NC(=O)[C@H](C(C)C)NC(=O)[C@H](Cc2c[nH]cn2)NC(=O)[C@H](Cc2ccc(O)cc2)NC(=O)[C@H](CO)NC(=O)[C@H](Cc2ccc(O)cc2)NC(=O)CNC(=O)[C@H](Cc2ccccc2)NC(=O)[C@H](CCCNC(N)=[NH2+])NC1=O
4m3m,CCC(CC)O[C@@H]1CC(C(=O)[O-])=C[C@H]([NH3+])[C@@H]1NC(C)=O
1gui,OC[C@H]1O[C@@H](O[C@@H]2[C@@H](O)[C@H](O[C@@H]3[C@@H](O)[C@H](O[C@@H]4[C@@H](O)[C@H](O[C@@H]5[C@@H](O)[C@H](O[C@@H]6[C@@H](O)[C@H](O)O[C@H](CO)[C@H]6O)O[C@H](CO)[C@H]5O)O[C@H](CO)[C@H]4O)O[C@H](CO)[C@H]3O)O[C@H](CO)[C@H]2O)[C@H](O)[C@@H](O)[C@@H]1O
4m6p,O=C(NCc1ccc(S(=O)(=O)c2ccccc2)cc1)c1cnc2[nH]ncc2c1
6qre,COc1cccc(COC(=O)c2cn[nH]c2)c1
5vlr,CC(=O)N1CCN(c2cccc(-c3cc(-c4ccnn4CC(F)(F)F)c4c(N)ncnn34)c2)C(=O)C1(C)C
1mns,C[C@@](O)(C(=O)[O-])c1ccccc1
1ztq,CC(C)[C@H](NS(=O)(=O)c1ccc(-c2ccc(NC(=O)c3cc4ccccc4o3)cc2)cc1)C(=O)[O-]
2buc,NC(=O)[C@@H]1Cc2ccccc2CN1C(=O)C[C@H]([NH3+])Cc1ccccc1F
5n58,O=C(N[C@H](Cc1c[nH]c2ccccc12)C(=O)[O-])c1nc(Cl)c2ccccc2c1O
4de7,C[C@H]1O[C@@H](n2ccc(=O)[nH]c2=O)[C@H](O)[C@@H]1O
5i40,Cn1ccc2cc[nH]c2c1=O
3rbm,CCCCCCCCCCCCn1cc[n+](CC(P(=O)(O)O)P(=O)(O)O)c1
2a8h,CC1(C)SCCN(S(=O)(=O)c2ccc(OCC#CC[NH3+])cc2)[C@H]1C(=O)NO
5vlk,CC[C@H](C)[C@H](NC(=O)[C@H](CCCCNC(N)=[NH2+])NC(=O)[C@@H](NC(=O)[C@H](CC(C)C)NC(=O)[C@H](CC(N)=O)NC(=O)[C@H](Cc1c[nH]c2ccccc12)NC(C)=O)C(C)C)C(=O)NCC(=O)N[C@@H](CC(C)C)C(=O)N[C@@H](CC(C)C)C(=O)[O-]
1xuc,Cc1cccc(CNC(=O)c2cc(C(=O)NCc3cccc(C)c3)ncn2)c1
5jjm,CC(C)C[C@H](NC(=O)[C@@H]([NH3+])CO)C(=O)N[C@@H](CCC(N)=O)C(=O)N[C@@H](Cc1ccccc1)C(=O)N[C@@H](CC(C)C)C(=O)N[C@@H](CC(C)C)C(=O)N[C@@H](CC(=O)[O-])C(=O)[O-]
3lil,NC(=O)[C@H](CCC(=O)[O-])NC(=O)[C@H](CCC(=O)[O-])NC(=O)CCc1cc(-c2ccc(-c3cccc(Cl)c3)cc2)no1
3e8n,COc1cc(F)c(F)c(Nc2ccc(I)cc2F)c1NS(=O)(=O)C1(C[C@H](O)CO)CC1
1l6m,O=C([O-])c1cccc(O)c1O
5uwj,CC[C@H](C)[C@H](NC(=O)[C@H](CCC(N)=O)NC(=O)[C@H](CC(C)C)NC(=O)[C@H](CCCNC(N)=[NH2+])NC(=O)[C@H](CCC(=O)[O-])NC(=O)[C@H](CC(C)C)NC(=O)[C@H](CCCNC(N)=[NH2+])NC(=O)[C@H](CC(C)C)NC(=O)[C@H](CCC(N)=O)NC(=O)[C@H](CC(=O)[O-])NC(=O)[C@@H]([NH3+])C(C)C)C(=O)[O-]
1p7m,C[n+]1cnc(N)c2[nH]cnc21
6mhm,CCCCCC[NH2+]CO
3r6g,CC(=O)N[C@H](C(=O)N[C@@H](CC(=O)[O-])C(=O)N[C@H](C(=O)N[C@@H](C)C(=O)N[C@@H](CC(=O)[O-])C(=O)[O-])C(C)C)C(C)C
5lsx,Nc1ncnc2c1ncn2[C@@H]1O[C@H](C[C@@H](CC[C@H]([NH3+])C(=O)[O-])[NH2+]Cc2ccccc2)[C@@H](O)[C@H]1O
3q5h,C[NH2+]C[C@H](C[C@H]1CCCOC1)NC(=O)N1CCC[C@@H]([C@@H](OCCNC(=O)OC)c2cccc(Cl)c2)C1
2hdr,Nc1ccc(C(=O)[O-])cc1O
6n83,Cc1ccc(-c2cc3c(NC(Cc4cccc(F)c4)P(=O)(O)O)ncnc3s2)cc1Cl
6cje,NC(=O)c1ccc(Nc2ncnc3nc[nH]c23)cc1
5q0h,COC(=O)Nc1ccc2c(c1)NC(=O)C[C@@H](C)/C=C/C[C@H](NC(=O)c1c(F)cc(C)cc1F)c1nc-2c(Cl)[nH]1
5jv0,Cc1ccc(-c2cc3c(NC(Cc4cccc(F)c4)P(=O)(O)O)ncnc3s2)cc1
2hha,C[C@H](c1nc(-c2ccc(S(C)(=O)=O)cc2)no1)[C@H]([NH3+])C(=O)n1cccc1
2gfd,COC(=O)c1c(O)cc(O)c(Cl)c1CCC(=O)NC1=CC(=O)C(OC)=CC1=O
6dgz,CCC(CC)CN(C[C@@H](O)[C@H](CC1CCCCC1)NC(=O)O[C@H]1CO[C@H]2OCC[C@@H]12)S(=O)(=O)c1ccc(N)cc1
5zms,NC(=[NH2+])NCCC[C@@H](NC(=O)[C@H](CCCC[NH3+])NC(=O)[C@@H](CCCC[NH3+])NC(=O)Cc1ccc(CNC(N)=[NH2+])cc1)C(=O)[O-]
6aqf,Nc1nc(NCCc2ccc(O)cc2)nc2[nH]c(-c3ccco3)n[n+]12
1f40,CCC(C)(C)C(=O)C(=O)N1CCC[C@H]1C(=O)OCCCc1cccnc1
2kbr,CC[C@H](C)[C@H](NC(=O)[C@H](C)NC(=O)[C@H](CCC(=O)[O-])NC(=O)[C@H](CCCNC(N)=[NH2+])NC(=O)[C@H](CC(C)C)NC(=O)[C@H](Cc1ccc(O)cc1)NC(=O)[C@H](CCCNC(N)=[NH2+])NC(=O)[C@H](CC(=O)[O-])NC(=O)[C@H](CC(=O)[O-])NC(=O)[C@@H]([NH3+])CC(=O)[O-])C(=O)N[C@@H](CCC(N)=O)C(=O)N[C@@H](CCC(=O)[O-])C(=O)N[C@@H](Cc1ccc(O)cc1)C(=O)N[C@@H](CC(=O)[O-])C(=O)N[C@@H](CC(N)=O)C(=O)N[C@H](C(=O)N[C@@H](C)C(=O)N[C@@H](CCCC[NH3+])C(=O)[O-])[C@@H](C)CC
1x7e,N#CCc1cc(O)cc2cc(-c3ccc(O)cc3)oc12
1s26,Nc1ncnc2c1ncn2C1OC(COP(=O)(O)CP(=O)(O)OP(=O)(O)O)C(O)C1O
5u7m,COc1ccnc2[nH]cc(C(=O)C(=O)N3CCN(C(=O)c4ccccc4)C[C@H]3C)c12
4rcp,CC(=O)NC(Cc1cncn1CCCCCCCCc1ccccc1)C(=O)NC(CO)C(=O)NC(C(N)=O)C(C)OP(=O)(O)O
4f70,Cc1ccc(-n2nc(C(C)(C)C)cc2NC(=O)NCC[NH+]2CCOCC2)cc1
4yrg,OCc1cccc(Br)n1
3vp2,Nc1nnc(CC=S)s1
4pg3,C[C@H]1CCC[C@H](C[C@H]2Cc3cc(O)cc(O)c3C(=O)O2)O1
1lq2,OC[C@@H]1[C@@H](O)[C@H](O)[C@@H](O)c2nc(-c3ccccc3)cn21
3lpu,CCC[C@H](C(=O)[O-])c1c(C)nc2ccc(Cl)cc2c1-c1ccccc1
5dhg,O=C(NCCC[N@H+]1CC[C@H](c2c(Cl)cccc2Cl)CC1)[C@H]1CCC[N@H+]1Cc1ccccc1
1xdd,CC[C@H](C)C(=O)O[C@H]1C[C@@H](C)C=C2C=C[C@H](C)[C@H](CC[C@H]3C[C@@H](O)CC(=O)N3Cc3ccc4c(CO)c(OC)ccc4c3)[C@H]21
5hvp,CC(=O)N[C@H](C(=O)N[C@H](C(=O)N[C@@H](CC(C)C)[C@@H](O)CC(=O)N[C@@H](C)C(=O)N[C@@H](CC(C)C)[C@@H](O)CC(=O)[O-])C(C)C)C(C)C
6mey,O=C(Nc1nn[nH]n1)[C@H](Nc1ccccc1)c1ccccc1
6g2n,O=c1[nH]c(=O)n(C2CC3OC(c4ccccc4)(P(=O)(O)O)OCC3O2)cc1/C=C/CP(=O)(O)O
1h26,CSCC[C@H](NC(=O)[C@H](CC(C)C)NC(=O)[C@H](CCCC[NH3+])NC(=O)[C@H](CCCC[NH3+])NC(=O)[C@H](Cc1c[nH]cn1)NC(=O)[C@H](CCCNC(N)=[NH2+])NC(=O)[C@@H]([NH3+])CO)C(=O)N[C@@H](Cc1ccccc1)C(=O)N[C@@H](CCCC[NH3+])C(=O)[O-]
1.00E+55,N#C[C@@H](O[C@@H]1O[C@H](CO)[C@@H](O)[C@H](O)[C@H]1O)c1ccc(O)cc1
1b0f,CC(C)[C@H](NC(=O)c1ccc(C(=O)N2CCOCC2)cc1)C(=O)N1CCC[C@H]1C(=O)N[C@@H](C(C)C)[C@H](O)C(F)(F)C(F)(F)F
1gt3,CC[C@H](C)CCCC(C)(C)O
4l58,C[C@H]([NH3+])C(=O)N[C@@H](CCCNC(N)=[NH2+])C(=O)N[C@H](C(=O)N[C@@H](CCCC[N+](C)(C)C)C(=O)N[C@@H](CCC(N)=O)C(=O)N[C@H](C(=O)N[C@@H](C)C(=O)[O-])[C@@H](C)O)[C@@H](C)O
2ajd,O=C([C@@H]1CCC[NH2+]1)N1CCC[C@H]1B(O)O
3d62,CC(=O)CNC(=O)OCc1ccccc1
4xm7,COc1cc(S(=O)(=O)N(CC(C)C)[C@@H](C(=O)NO)C(C)C)ccc1F
6er4,CC(=O)N[C@@H]1[C@@H](O)C[C@](OC[C@H]2O[C@@H](O[C@@H]3[C@@H](CO)O[C@@H](O)[C@H](O)[C@H]3O)[C@H](O)[C@@H](O)[C@H]2O)(C(=O)[O-])O[C@H]1[C@H](O)[C@H](O)CO
5ixt,CC[C@H](C)[C@H](NC(=O)[C@@H]1CCC[NH2+]1)C(=O)N1CCC[C@H]1C(=O)N1CCC[C@H]1C(=O)N[C@@H](CO)C(=O)N[C@@H](C)C(=O)N1C[C@H](O)C[C@H]1C(=O)N[C@@H](CO)C(=O)N[C@@H](CCCC[NH3+])C(=O)N[C@@H](CCCNC(N)=[NH2+])C(=O)N[C@@H](Cc1c[nH]cn1)C(=O)N[C@@H](CC(N)=O)C(=O)[O-]
4aza,CC(=O)N[C@@H](CCCC[NH3+])C(=O)N[C@@H](CCCC[NH3+])C(=O)N[C@@H](CCCNC(N)=[NH2+])C(=O)N[C@@H](Cc1ccc(O)cc1)C(=O)N[C@@H](CO)C(=O)N[C@@H](CCCNC(N)=[NH2+])C(=O)N[C@@H](CCC(=O)[O-])C(=O)N[C@@H](Cc1ccccc1)C(=O)N[C@@H](CC(C)C)C(=O)N[C@@H](CC(C)C)C(=O)NCC(=O)N[C@@H](Cc1ccccc1)C(N)=O
3wcg,CCCCCCCCCCCCCCCn1cc[n+](CC(P(=O)(O)O)P(=O)(O)O)c1
6c3n,S=C(NCCc1ccccc1)Nc1cccnc1
4g8o,O=C(NC[C@@H](COC(=O)c1cc(O)c(O)c(O)c1)OC(=O)c1cc(O)c(O)c(O)c1)Oc1cccc(C(F)(F)F)c1
1q6p,O=P(O)(O)c1cccc(-c2ccc(CC(Cc3ccc(C(F)(F)P(=O)(O)O)cc3)(c3ccccc3)n3nnc4ccccc43)cc2)c1
3mo2,COc1cc2c(NC3CC[N+](Cc4ccccc4)CC3)nc(NCCC[N+](C)C)nc2cc1OCCCCC[NH3+]
2qe2,CC(=O)c1cc(F)c(Cl)cc1NCC(=O)Nc1ccccc1C(=O)[O-]
2q9n,CCCCO[C@@H]1CCC[C@H]2[C@@H]([C@H](C=O)CC)N=C(C(=O)[O-])[C@@H]12
3r7r,CC(=O)Nc1ccc2c(c1)OCCc1cc(C(=O)N(C)c3ccccc3Cl)sc1-2
3hy7,CNC(=O)[C@@H](NC(=O)[C@H](CC(C)C)[C@H](O)C(=O)NO)C(C)(C)C
5qcl,O=C([O-])c1ccc(NC(=O)[C@@H]2c3ccccc3CCN2C(=O)/C=C/c2cc(Cl)ccc2-n2cnnn2)cc1
6q6f,C[N@H+]1CC[N@@H+](C)C[C@H]1CC[N@@H+]1CC[C@H](c2ccc(F)cc2)C1
1c3b,OB(O)c1cc2ccccc2s1
2uup,N#Cc1ccc(COc2ccc3cc(S(=O)(=O)N[C@H](CCC(=O)[O-])C(=O)[O-])ccc3c2)cc1
3sx4,COc1ccccc1N1Cc2c(nc(C)c(C[NH3+])c2-c2ccc(Cl)cc2Cl)C1=O
6giu,CC(Oc1ccc(O)cc1)(P(=O)(O)O)P(=O)(O)O
3b9g,O=c1[nH]cnc2c([C@@H]3[NH2+][C@H](CO)[C@@H](O)[C@H]3O)c[nH]c12
6r1x,CC(C)=CC(=O)N[C@H]1CC(=O)NC1=O
5tyj,OB(O)c1cc(Br)cc(Oc2ccccc2)c1
2pmc,CC(C)C[C@H](NC(=O)[C@@H]([NH3+])CC(=O)[O-])C(=O)N[C@@H](CC(C)C)C(=O)N[C@@H](CC(=O)[O-])C(=O)N[C@@H](CO)C(=O)N[C@@H](CC(C)C)C(=O)NCC(=O)N[C@@H](Cc1ccccc1)C(=O)[O-]
1dxp,CC[C@H](C)[C@H](NC(=O)[C@H](CCCNC(N)=[NH2+])NC(=O)CNC(=O)[C@@H](NC(=O)[C@@H](NC(=O)[C@@H](NC(=O)[C@@H](NC(=O)[C@H](CO)NC(=O)C[NH3+])C(C)C)C(C)C)[C@@H](C)CC)C(C)C)C(=O)N[C@H](C(=O)N[C@@H](CC(C)C)C(=O)N[C@@H](CO)C(=O)O)[C@@H](C)CC
4uat,O=C(COP(=O)(O)O)C(O)C(O)COP(=O)(O)O
6q9y,COc1cccc2c(C(=O)N[C@H]3CCN(c4ccc(C)cc4)C3)c[nH]c12
2z5t,CC(C)C[C@H](NC(=O)[C@H](CC(=O)[O-])NC(=O)[C@H](CO)NC(=O)[C@H](Cc1ccccc1)NC(=O)[C@@H](NC(=O)[C@@H]([NH3+])CCC(=O)[O-])[C@@H](C)O)C(=O)N[C@@H](Cc1c[nH]c2ccccc12)C(=O)N[C@@H](CCCC[NH3+])C(=O)N[C@@H](CC(C)C)C(=O)N[C@@H](CC(C)C)C(=O)N1CCC[C@H]1C(=O)O
6rjp,CC[C@H](C)[C@H](NC(=O)[C@H](CCCNC(N)=[NH2+])NC(=O)[C@H](CCCNC(N)=[NH2+])NC(=O)[C@H](CC(C)C)NC(=O)[C@H](C)NC(=O)[C@@H]1CCC(=O)N[C@@H](CNC(C)=O)C(=O)N[C@@H]([C@@H](C)CC)C(=O)NC(C)(C)C(=O)N1)C(=O)NCC(=O)N[C@@H](CC(=O)[O-])C(=O)N[C@@H](C)C(=O)N[C@@H](Cc1ccccc1)C(=O)N[C@@H](CC(N)=O)C(=O)N[C@@H](C)C(=O)N[C@@H](C)C(=O)N[C@@H](Cc1ccc(O)cc1)C(=O)[O-]
4j84,CC(C)C[C@H](NC(=O)[C@H](CCCC[NH3+])NC(=O)[C@H](CCCNC(N)=[NH2+])NC(=O)[C@H](C)[NH3+])C(=O)N[C@@H](CC(=O)[O-])C(=O)[O-]
6pnn,COCCN(C)S(=O)(=O)c1cc(NC(C)=O)ccc1Cl
1bwn,O=P(O)(O)OC1C(O)C(OP(=O)(O)O)C(OP(=O)(O)O)C(OP(=O)(O)O)C1O
4wyo,CC(C)(C)n1cc2c(n1)C(=O)CC1(CCN(C(=O)c3ccc4[nH]ncc4c3)CC1)O2
2q3z,CC(=O)CC[C@H](NC(=O)[C@@H]1CCC[NH2+]1)C(=O)N[C@@H](CC(C)C)C(=O)N1CCC[C@H]1C(=O)N[C@@H](Cc1ccccc1)C(=O)O
5qak,CN(C)c1cccc(-c2cccc(C(=O)[O-])c2)c1
3at1,NC(=O)CP(=O)(O)O
5zyk,O=S(=O)(CCO)c1ccc(-c2ccc(C3CCCC3)c([C@H]3C[C@H]3c3ccccn3)c2)cc1
3ws9,Cc1ccc2c(c1)nc(CCc1ncc3cccnn13)n2-c1ccccc1
5bns,O=C(NCc1ccc2ncccc2c1)C1CCN(c2ccc(-c3cc(CO)ccc3F)cn2)CC1
2oz5,O=C([O-])C(=O)N(Cc1cccc(Cl)c1)Cc1ccc(S(=O)(=O)NCCC(c2ccccc2)c2ccccc2)s1
6as6,Cc1ccc(C2CC2)cc1C(=O)C[C@H](O)C(=O)[O-]
6bw3,CC[C@H](NC(=O)[C@H](C)NC(=O)[C@H](CCCNC(N)=[NH2+])NC(=O)CNC(=O)[C@H](CCCC[NH3+])NC(=O)[C@H](CO)NC(=O)[C@H](CCCNC(N)=[NH2+])NC(=O)[C@@H]([NH3+])CCSC)C(=O)N[C@@H](CCCC[NH3+])C(=O)N[C@@H](C)C(=O)[O-]
5zee,[NH3+][C@@H](CC/C=N/[C@@H]([NH3+])[NH2+]O)C(=O)[O-]
5h5r,CC(=O)N[C@H]1CSSC[C@@H](C(=O)N[C@@H](C)C(=O)N[C@@H](CC(C)C)C(=O)N[C@@H](CCCNC(N)=[NH2+])C(=O)N[C@@H](CCCNC(N)=[NH2+])C(N)=O)NC(=O)[C@H](Cc2ccc(O)cc2)NC(=O)[C@H](CC(N)=O)NC(=O)[C@H](CCC(N)=O)NC(=O)[C@H](Cc2ccc(O)cc2)NC(=O)[C@H](Cc2c[nH]c3ccccc23)NC(=O)[C@H](C)NC(=O)[C@H](CCCNC(N)=[NH2+])NC1=O
1kkq,CCC(=O)NC[C@H](Cc1ccc(OCCc2nc(-c3ccccc3)oc2C)cc1)N/C(C)=C\C(=O)c1ccc(C(F)(F)F)cc1
3ap7,CC(=O)N[C@@H]1[C@@H](O)C[C@](O[C@H]2[C@@H](O)[C@@H](CO)O[C@@H](O[C@@H]3[C@@H](CO)O[C@@H](O)[C@H](O)[C@H]3O)[C@@H]2O)(C(=O)[O-])O[C@H]1[C@H](O)[C@H](O)CO
5ij7,CCc1cc(C)[nH]c(=O)c1CN1CCc2c(Cl)cc(OC3CCN(C(=O)[C@@H](C)O)CC3)c(Cl)c2C1=O
2n0w,COc1ccc(C2=N[C@@H](c3cc(Br)ccc3F)[C@@H](c3ccc(Cl)cc3)N2C(=O)N2CCNC(=O)C2)c(OC(C)C)c1
1njt,CC(=O)N[C@H](C(=O)N[C@H](C(=O)N[C@@H](CC(=O)N(C)C)C(=O)N[C@@H](C)CO)C(C)(C)C(=O)[O-])C(C)C
5y3o,COc1c(C)cnc(Cn2ncc3c(Cl)nc(N)nc32)c1C
5h08,CCOc1ccc(C(F)(F)F)cc1CSc1ccsc1C(=O)NS(=O)(=O)c1ccccc1
3ql9,C[C@H]([NH3+])C(=O)N[C@@H](CCCNC(N)=[NH2+])C(=O)N[C@H](C(=O)N[C@@H](CCCC[NH3+])C(=O)N[C@@H](CCC(N)=O)C(=O)N[C@H](C(=O)N[C@@H](C)C(=O)N[C@@H](CCCNC(N)=[NH2+])C(=O)N[C@@H](CCCC[N+](C)(C)C)C(=O)N[C@@H](CO)C(=O)[O-])[C@@H](C)O)[C@@H](C)O
2dxs,CC(C)(NC(=O)c1ccc2c(C3CCCCC3)c3n(c2c1)CCOc1ccccc1-3)C(=O)[O-]
3nf6,O=C([O-])c1c(CN2C(=O)Cc3ccccc32)ccc2c1OCO2
6q38,CC[C@H](C)[C@@H]1NC(=O)[C@H](CCCC[NH3+])NC(=O)[C@H](Cc2ccccc2)NC(=O)CNC(=O)[C@H](Cc2ccc(O)cc2)NC(=O)[C@H](CC(C)C)NC(=O)[C@H](CCCNC(N)=[NH2+])NC(=O)[C@@H](NC(=O)CNC(C)=O)Cn2cc(nn2)-c2cc(C(=O)[O-])cc(c2)-c2cn(nn2)C[C@]2(C(=O)NCC(=O)NCC(N)=O)ON2C(=O)[C@H](Cc2c[nH]cn2)NC1=O
2fjp,CN(C)C(=O)[C@@H](c1ccc(-c2ccc3ncnn3c2)cc1)[C@H]([NH3+])C(=O)N1CC[C@H](F)C1
3abt,Cc1cc2c(cc1C)N1C(O)CC(c3c(F)c(F)c(F)c(F)c3F)C13C(=O)NC(=O)NC3N2CC(O)C(O)C(O)COP(=O)(O)OP(=O)(O)OCC1OC(n2cnc3c(=N)[nH]cnc32)C(O)C1O
3pch,O=C([O-])c1ccc(O)c(Cl)c1
1rlq,CC(C)C[C@H](NC(=O)[C@@H]1CCCN1C(=O)[C@@H]1CCCN1C(=O)[C@H](CC(C)C)NC(=O)[C@H](C)NC(=O)[C@@H]([NH3+])CCCNC(N)=[NH2+])C(=O)N1CCC[C@H]1C(=O)N[C@@H](CCCNC(N)=[NH2+])C(=O)N[C@@H](Cc1ccc(O)cc1)C(=O)[O-]
4uy1,Cc1cc(-c2cc(C(N)=O)n[nH]2)c(C)s1
6q73,CS(=O)(=O)Nc1cc(C2=CCOCC2)cnc1Cl
5vpm,CCc1cccc(-c2c(F)cccc2[C@](O)(CCCNC(=O)OC)[C@@H]2CCCN(C(=O)CC3CC[NH2+]CC3)C2)c1
2l0i,CC(O)C(NC(=O)C1CCCN1C(=O)C(COP(=O)(O)O)NC(=O)C(Cc1ccc(O)cc1)NC(=O)C(CO)NC(=O)C1CCC[NH2+]1)C(=O)NC(CO)C(=O)N1CCCC1C(=O)NC(CO)C(=O)O
3kah,Cn1nc(-c2ccccc2)cc1C(=O)N[C@H](Cc1nc2ccccc2[nH]1)C(=O)[O-]
6hm2,O=C([O-])[C@@H]1CCC(=O)N1C[C@@H](O)[C@@H](O)[C@H](O)[C@H](O)CO
4lww,O=C(NCc1ccc(S(=O)(=O)c2ccccc2)cc1)c1cc2cnccc2[nH]1
1jij,[NH3+][C@@H](Cc1ccc(O)cc1)C(=O)N[C@H](C(=O)[O-])[C@H]1[C@H](O)[C@](O)(CO)[C@@H](O)C[N@@H+]1O
6c8p,O=C([O-])C(=O)/C=C(\O)c1ccccc1F
6ibs,CC(C)(C)OC(=O)Nc1cccc2cc([B-]([OH2+])([OH2+])[OH2+])sc12
2r4f,CC(C)c1c(C(=O)N(C)[C@H](C)c2ccccc2)nn(-c2ccc(F)cc2)c1CC[C@@H](O)C[C@@H](O)CC(=O)[O-]
4kw6,Cc1nc2ccccc2[n+]([O-])c1C
6fky,CC(C)C[C@H](NC(=O)[C@@H](NC(=O)CNC(=O)c1ccccc1)C(C)C)C(=O)N[C@@H](CCCC/N=C1/C[C@H](C(=O)[O-])[S@@+](Cc2ccccc2)O1)C(=O)N[C@@H](CCC(=O)[O-])C(=O)N[C@@H](Cc1ccc(O)cc1)C(=O)NCC(=O)N[C@H](C(=O)[O-])C(C)C
2o9v,CC(C)[C@H]([NH3+])C(=O)N1CCC[C@H]1C(=O)N1CCC[C@H]1C(=O)N1CCC[C@H]1C(=O)N[C@H](C(=O)N1CCC[C@H]1C(=O)N1CCC[C@H]1C(=O)N1CCC[C@H]1C(=O)N1CCC[C@H]1C(=O)N[C@@H](CO)C(=O)O)C(C)C
6dha,C[C@H](O)c1ccc(CCOc2ccc(C[C@@H]3SC(=O)NC3=O)cc2)nc1
4h4e,C/C(=C\COP(=O)(O)OP(=O)(O)O)CS
4hn2,O=C(CP(=O)(O)O)OC1C(OP(=O)(O)O)C(OP(=O)(O)O)C(OP(=O)(O)O)C(OP(=O)(O)O)C1OP(=O)(O)O
6nzr,CNC(=O)c1nnc(Nc2ccccn2)cc1Nc1ccccc1S(C)(=O)=O
4qxj,COc1ccc(C[C@H](NC(=O)[C@H](C)NC(=O)C[NH+]2CCOCC2)C(=O)N[C@@H](Cc2ccccc2)[C@@H](O)[C@H](C)CO)cc1
3vw6,CC(C)(C)c1ccc(C(=O)Nc2c[n+]3cc(-n4ccnc4)ccc3[nH]2)cc1
1w6y,C[C@]12CCc3c(ccc4cc(O)ccc34)[C@@H]1CCC2=O
4pz5,CC[C@H](C)[C@H](NC(=O)[C@H](CO)NC(C)=O)C(=O)N[C@@H](CO)C(=O)N[C@@H](Cc1ccc(O)cc1)C(=O)N[C@H](C(=O)N[C@@H](CC(=O)[O-])C(=O)N[C@@H](CCC(=O)[O-])C(=O)N[C@H](C(=O)N[C@@H](CCC(=O)[O-])C(=O)N[C@@H](CCC(=O)[O-])C(=O)N[C@@H](CCC(=O)[O-])C(=O)N[C@@H](CC(=O)[O-])C(=O)N[C@@H](Cc1ccc(O)cc1)C(=O)N[C@@H](CC(=O)[O-])C(=O)[O-])[C@@H](C)CC)[C@@H](C)O
1nzl,CCC(C)C(NC(=O)C(Cc1ccc(OP(=O)(O)O)cc1)NC(=O)C(CCC(=O)O)NC(=O)C(Cc1ccc(OP(=O)(O)O)cc1)NC(=O)C(CCC(N)=O)NC(=O)C1CCC[NH2+]1)C(=O)N1CCCC1C(=O)NC(C)C(=O)O
4gtq,COc1ccc(S(=O)(=O)N2Cc3cc(C#N)ccc3N(Cc3cncn3C)C[C@H]2Cc2ccc(OC(=O)NCc3ccccc3)cc2)cc1
2wgs,Cn1c(N2CCOCC2)nc2c1c(=O)n(Cc1ccc(Cl)c(Cl)c1)c(=O)n2C
4yc9,CCCOc1cc(OCCCC[NH+](C)C)cc(Oc2cc3c(cc2NS(=O)(=O)c2ccc(OC)c(OC)c2)n(C)c(=O)n3C)c1
3eks,C=C1[C@@H](O)[C@@H]2/C=C/C[C@H](C)C(=O)[C@](C)(O)/C=C/[C@@H](OC(C)=O)[C@]23C(=O)N[C@@H](Cc2ccccc2)[C@@H]3[C@@H]1C
4gj7,COCCCOc1cc(C(=O)N(C[C@@H]2C[NH2+]C[C@H]2Cc2ccccc2)C(C)C)ccc1OC
4ob0,[OH2+]B([OH2+])c1ccccc1
6jn6,C[C@H](CS)C(=O)N[C@H](Cc1coc2ccccc12)B(O)[OH2+]
3zzf,CC(=O)N[C@@H](CCC(=O)[O-])C(=O)[O-]
5tx5,CN1C(=O)[C@@H](NC(=O)c2nnc(Cc3ccccc3)[nH]2)COc2ccccc21
6fdp,CSCC[C@H](NC(=O)[C@H](CCCNC(N)=[NH2+])NC(=O)[C@H](CO)NC(=O)[C@@H](NC(=O)[C@@H]([NH3+])CC(=O)[O-])[C@@H](C)O)C(=O)N[C@@H](CCC(=O)[O-])C(=O)N[C@@H](CCC(=O)[O-])C(=O)N[C@H](C(=O)N[C@@H](CC(=O)[O-])C(=O)[O-])C(C)C
1p03,CC(C)[C@H](NC(=O)[C@@H]1CCCN1C(=O)[C@H](C)NC(=O)[C@H](C)[NH3+])B(O)O
6dji,O=C([O-])c1cccc(O)c1C(=O)[O-]
6bw5,CC(=O)N[C@H]1[C@@H](O[C@@H]2O[C@H](C[C@@H](O)[C@H]3O[C@@H](n4ccc(=O)[nH]c4=O)[C@H](O)[C@@H]3O)[C@H](O)[C@H](O)[C@H]2NC(=O)/C=C/CCCCCCCCC(C)C)O[C@H](CO)[C@@H](O)[C@@H]1O
1oko,OC[C@H]1O[C@@H](O)[C@H](O)[C@@H](O)[C@H]1O
3f3a,[NH3+][C@@H](Cc1c[nH]c2ccccc12)C(=O)[O-]
5ov9,CN(C)c1ccc(C(c2ccc(N(C)C)cc2)c2ccc(N(C)C)cc2)cc1
5x9o,O=c1[nH]c2ccc(Nc3ccc([N+](=O)[O-])cc3Cl)cc2[nH]1
3krx,O=C(N[C@@H]1C[NH2+]CCC[C@H]1OC(=O)c1cc(O)c(C(=O)c2c(O)cccc2C(=O)[O-])c(O)c1)c1ccc(O)cc1
1q0b,CCOC(=O)C1=C(C)NC(=S)N[C@H]1c1cccc(O)c1
1ntv,CC(C)[C@H](NC(=O)[C@@H]1CCCN1C(=O)[C@H](CC(N)=O)NC(=O)[C@H](CC(=O)[O-])NC(=O)[C@H](Cc1ccccc1)NC(=O)[C@@H]([NH3+])CC(N)=O)C(=O)N[C@@H](Cc1ccc(O)cc1)C(=O)N[C@@H](CCCNC(N)=[NH2+])C(=O)N[C@@H](CCCC[NH3+])C(=O)N[C@H](C(=O)[O-])[C@@H](C)O
4hby,CN1Cc2cc(S(=O)(=O)Nc3ccccc3)ccc2NC1=O
3nin,CC(C)C[C@H](NC(=O)[C@@H]([NH3+])CCCNC(N)=[NH2+])C(=O)NCC(=O)N[C@@H](CCC(=O)[O-])C(=O)[O-]
6gzl,CC(C)C[C@H](NC(=O)[C@H](CCC(=O)[O-])NC(=O)[C@H](CCC(=O)[O-])NC(=O)[C@@H](NC(=O)[C@H](CC(C)C)NC(=O)[C@@H](NC(=O)[C@H](Cc1ccc(O)cc1)NC(=O)[C@H](CO)NC(=O)[C@H](CC(=O)[O-])NC(=O)[C@H](CCCC[NH3+])NC(=O)[C@@H](NC(=O)[C@@H]1CCC[NH2+]1)[C@@H](C)O)[C@@H](C)O)[C@@H](C)O)C(=O)[O-]
5alv,Fc1cccc(-c2cc[nH]n2)c1
6ooz,Cc1ccc(C)c(Cn2c([C@@H](O)c3ccncc3)nc3ccccc32)c1
4oc4,O=C(N[C@@H](CCCCNC(=O)c1ccc(I)cc1)C(=O)[O-])N[C@@H](Cc1ccncc1)C(=O)[O-]
5k1v,COC(=O)[C@H](Cc1ccc(O)cc1)NC(=O)c1ccc(N)c(NC(=O)[C@@H]([NH3+])CCCNC(N)=[NH2+])c1
5tx3,CC1(C)c2cnc(Nc3cccc(C[NH+]4CCCC4)c3)nc2N([C@H]2CCc3c(O)cccc32)C1O
5jha,Nc1cc(C(F)(F)F)c(-c2cc(N3CCOCC3)nc(N3CC(CO)(CCl)C3)n2)cn1
2xi7,O=C([O-])/C(O)=C/C(=O)c1ccccc1
5kmh,COc1ccc(CC[N@H+](C)CCC[C@](C=N)(c2ccccc2Br)C(C)C)cc1OC
4u5l,NC(=O)[C@H](CCCC[NH3+])[NH2+]Cc1ccc(-c2cccnc2)cc1
4l1a,Cc1cccc(C)c1OCC(=O)N[C@@H](Cc1ccccc1)[C@@H](O)C[C@H](Cc1ccccc1)NC(=O)[C@H](C(C)C)N1CCCNC1=O
4jff,CC[C@H](C)[C@H](NC(=O)CNC(=O)[C@H](C)NC(=O)[C@H](CC(C)C)NC(=O)[C@@H]([NH3+])CCC(=O)[O-])C(=O)NCC(=O)N[C@H](C(=O)N[C@@H](CC(C)C)C(=O)N[C@H](C(=O)N[C@H](C(=O)[O-])C(C)C)[C@@H](C)O)[C@@H](C)CC
1fmb,CC(C)[C@H](NC(=O)[C@H](Cc1cccc2ccccc12)CS(=O)(=O)C(C)(C)C)C(=O)N[C@H](CO)Cc1ccccc1
5knx,O=c1[nH]cnc2c1ncn2CC(COCP(=O)(O)O)COCP(=O)(O)O
5iu6,O=c1[nH]cnc2[nH]ccc12
5l4h,CCC1(CCBr)C(=O)NC(=O)NC1=O
4o62,C[C@H]([NH3+])C(=O)N[C@@H](CCCNC(N)=[NH2+])C(=O)N[C@H](C(=O)N[C@@H](CCCC[N+](C)(C)C)C(=O)N[C@@H](CCC(N)=O)C(=O)N[C@H](C(=O)[O-])[C@@H](C)O)[C@@H](C)O
5f4r,CN(Cc1ccc2c(c1)C[C@H](CNC(N)=[NH2+])[C@H]2NC(=O)C(=O)Nc1ccc(Cl)c(F)c1)C(N)=[NH2+]
5ml4,CNc1cc(CN(CC2CC[NH2+]CC2)S(=O)(=O)c2ccc(S(=O)(=O)N(Cc3ccc(Cl)cc3)C3CCCC3)cc2)ccc1C(=O)[O-]
3q8h,[NH2+]=c1ccn([C@@H]2O[C@H](CNC(=O)c3c[nH]c4scc[n+]34)[C@@H](O)[C@H]2O)c(=O)[nH]1
4n8e,[NH3+]C[C@]1(c2cccc(Cl)c2)CC[C@H](N2CCCCC2=O)CC1
6hy2,CC[C@H](C)[C@H](NC(=O)[C@@H]1CCCN1C(=O)[C@H](CC(=O)[O-])NC(=O)[C@H](CC(C)C)NC(=O)[C@H](CCSC)NC(=O)[C@@H]([NH3+])Cc1c[nH]c2ccccc12)C(=O)N[C@@H](C)C(=O)NCC(=O)N[C@@H](CCCC[NH3+])C(=O)N[C@@H](Cc1c[nH]c2ccccc12)C(=O)N[C@@H](CO)C(=O)N[C@@H](CCCNC(N)=[NH2+])C(=O)[O-]
3n5j,O=C([O-])Cc1c(C(=O)[O-])[nH]c2c(Cl)cc(Cl)cc12
5elq,CC(C)[C@H](NC(=O)[C@H](C)NC(=O)[C@@H](NC(=O)[C@H](CCC(=O)[O-])NC(=O)[C@H](CCC(N)=O)NC(=O)[C@H](CC(=O)[O-])NC(=O)[C@@H]([NH3+])CCC(=O)[O-])[C@@H](C)O)C(=O)[O-]
5hk1,CCC[N@@H+]1CCC[C@@H](c2cc(-c3ccc(C)cc3)no2)C1
3ex2,N#CC1CC(=O)NC(=O)N1C1OC(COP(=O)(O)O)C(O)C1O
3zqt,C[C@@H](Cc1ccc(O)c(O)c1)[C@@H](C)Cc1ccc(O)c(O)c1
1juq,CC(C)C[C@@H](C=O)NC(=O)[C@H](CC(C)C)NC(=O)[C@H](Cc1cnc[nH]1)NC(=O)[C@H](CC(=O)[O-])NC(=O)[C@@H]([NH3+])CC(=O)[O-]
5ipa,O=C(/C=C/c1ccoc1)N1CCCC1
4h5d,CC(C)Oc1ccc(-c2ccnc(NC(P(=O)(O)O)P(=O)(O)O)c2)cc1
5b4k,Cn1ccc2ncnc(Oc3ccc(Nc4nc5ccccc5[nH]4)cc3)c21
5emk,O=C(NC[C@H](O)C[N@@H+]1CCc2ccccc2C1)c1cccc(-c2ccccn2)c1
4o15,O=C(NCc1ccc(S(=O)(=O)c2cccc(C(F)(F)F)c2)cc1)c1cnc2[nH]ncc2c1
3pvu,Cn1c(CNc2cccc(C(=O)NCc3ccccc3C(F)(F)F)c2)nnc1-c1ccncc1
1oh4,OC[C@H]1O[C@@H](O[C@@H]2[C@@H](CO[C@H]3O[C@H](CO)[C@H](O)[C@H](O)[C@H]3O)O[C@@H](O[C@@H]3[C@@H](CO[C@H]4O[C@H](CO)[C@H](O)[C@H](O)[C@H]4O)O[C@@H](O[C@@H]4[C@@H](CO)O[C@@H](O[C@@H]5[C@@H](CO)O[C@@H](O)[C@@H](O)[C@H]5O)[C@@H](O)[C@H]4O)[C@@H](O)[C@H]3O)[C@@H](O)[C@H]2O)[C@@H](O)[C@@H](O)[C@@H]1O
3fxb,CC1=N[C@H](C(=O)[O-])CCN1
2x3t,CC(=O)N[C@H]1[C@@H](OC(N)=O)O[C@H](CO)[C@@H](O)[C@@H]1O
4ohm,CC#C[C@H]1CN(S(=O)(=O)c2ccc(N)nc2)CCN1c1ccc([C@](O)(CO)C(F)(F)F)cc1
6nem,O=c1[nH]c(-c2ccc(-c3nnn[nH]3)cc2)c(Cc2cccc3ccccc23)cc1O
6cw4,O=P(O)(O)OC1C(O)C(OP(=O)(O)O)C(O)C(OP(=O)(O)O)C1O
2w16,C[C@@H](O)[C@@H]1NC(=O)[C@H](CCC[N+](=O)C=O)NC(=O)[C@@H](NC(=O)[C@H](CCC[N+](=O)C=O)NC(=O)[C@@H](CO)NC(=O)[C@H](CCCNC(N)=[NH2+])NC(=O)[C@H]([NH3+])CO)CCCCNC(=O)[C@H]([C@@H](C)O)NC1=O
5l3g,CC(C)CCCCC(=O)N[C@H](CC[NH3+])C(=O)N[C@@H](C(=O)N[C@H](CC[NH3+])C(=O)N[C@@H]1CCNC(=O)[C@@H]([C@H](C)O)NC(=O)[C@H](CC[NH3+])NC(=O)[C@H](CC[NH3+])NC(=O)[C@H](CC(C)C)NC(=O)[C@H](CC(C)C)NC(=O)[C@H](CC[NH3+])NC1=O)[C@H](C)O
1rlp,CC(C)C[C@H](NC(=O)[C@@H]1CCCN1C(=O)[C@@H]1CCCN1C(=O)[C@H](CC(C)C)NC(=O)[C@H](C)NC(=O)[C@@H]([NH3+])CCCNC(N)=[NH2+])C(=O)N1CCC[C@H]1C(=O)N[C@@H](CCCNC(N)=[NH2+])C(=O)N[C@@H](Cc1ccc(O)cc1)C(=O)[O-]
1d5r,O=C([O-])[C@H](O)[C@@H](O)C(=O)[O-]
3qkv,OC[N+]1CCC2(CC1)OCc1cc(Br)ccc1O2
1yvz,CC(C)N(C(=O)c1ccc(Cl)cc1Cl)c1cc(-c2ccccc2)sc1C(=O)[O-]
6qts,CC(C)[C@H](NC(=O)[C@H](C)NC(=O)[C@H](Cc1ccc(O)cc1)NC(=O)[C@@H]([NH3+])CCCNC(N)=[NH2+])C(=O)N[C@H](C(=O)N1CCC[C@H]1C(=O)N[C@@H](CC(=O)[O-])C(=O)[O-])C(C)C
4ngq,CCC(=O)N(CCCC[C@H](NC(=O)N[C@@H](CCC(=O)[O-])C(=O)[O-])C(=O)[O-])Cc1ccc(Br)cc1
4lh3,O=C([O-])CCCC(=O)[O-]
3sov,CC[C@H](C)[C@H](NC(=O)[C@H](C)NC(=O)[C@H](CC(N)=O)NC(=O)[C@@H]1CCCN1C(=O)[C@@H]([NH3+])CC(C)C)C(=O)NCC(=O)N[C@@H](CCCNC(N)=[NH2+])C(=O)[O-]
2go4,CCCCCCCCCCCCCC(=O)O[C@@H]1[C@@H](CC(=O)NO)CO[C@H](CO)[C@H]1O
3blt,CCS(=O)(=O)Oc1ccccc1
2p3d,CC(C)[C@H](NC(=O)[C@H](C)NC(=O)OCc1ccccc1)C(=O)N[C@@H](Cc1ccccc1)[C@@H](O)[C@H](O)[C@H](Cc1ccccc1)NC(=O)[C@@H](NC(=O)[C@H](C)NC(=O)OCc1ccccc1)C(C)C
3di6,O=C1CC=C(Cc2ccc(Cl)c(Oc3ccccc3)c2F)N=N1
2q96,O=C([O-])c1ccc(Cc2ccccc2Cl)o1
1o5m,NC(=O)N1CCC(CC(=O)N2CCC([C@H]3c4ncc(Br)cc4CCc4cc(Cl)cc(Br)c43)CC2)CC1
1apw,CNC(=O)C(F)(F)[C@H](O)[C@H](CC(C)C)NC(=O)[C@@H](NC(=O)[C@@H](NC(=O)CC(C)C)C(C)C)C(C)C
3zmj,CC(C)COC(=O)N[C@H](CC=O)c1ccccc1
4x61,O=C(NC[C@H](O)C[N@@H+]1CCc2ccccc2C1)c1cc(NC2COC2)ncn1
5zma,O=C(N/N=C/c1ccc(Sc2ncccn2)o1)c1cccc(F)c1
6bqk,COc1cnc(O[C@@H]2C[C@@H](C(=O)N[C@]3(C(=O)NS(=O)(=O)C4C=C4)C[C@H]3C(F)F)N(C(=O)[C@@H](NC(=O)OC(C)(C)C)C(C)(C)C)C2)c2cc(Cl)ccc12
4mse,Cc1nc2cc(OCc3ccc4ccccc4n3)ccc2s1
3nba,Nc1ncnc2c1ncn2C1OC(COP(=O)(O)CP(=O)(O)OP(=O)(O)O)C(O)C1O
2wbd,CCc1cccc(S(=O)(=O)NC(=O)Nc2ncc(Br)s2)c1
5h9p,OC[C@H]1O[C@@H](S[C@@H]2O[C@H](CO)[C@H](O)[C@H](n3cc(-c4cccc(F)c4)nn3)[C@H]2O)[C@H](O)[C@@H](n2cc(-c3cccc(F)c3)nn2)[C@H]1O
2qmj,C[C@H]1O[C@H](O[C@@H]2[C@@H](CO)O[C@H](O[C@@H]3[C@@H](CO)O[C@H](O)[C@H](O)[C@H]3O)[C@H](O)[C@H]2O)[C@H](O)[C@@H](O)[C@@H]1[NH2+][C@H]1C=C(CO)[C@@H](O)[C@H](O)[C@H]1O
1kl3,NC(=O)CC[C@H](NC(=O)[C@@H]1CCCN1C(=O)[C@H](Cc1cnc[nH]1)NC(=O)[C@@H]([NH3+])CO)C(=O)N[C@@H](Cc1ccccc1)C(=O)N[C@H](C=O)CCC(=O)[O-]
5t3n,Nc1nc(Cl)nc2c1ncn2[C@@H]1O[C@@H]2CO[P@](=O)(S)O[C@H]2[C@H]1O
3lpg,Cc1ccc2[nH]c(=O)c(CN(CCO)C(=O)Nc3ccccc3F)cc2c1
4jvi,CCCCCCCCCc1nc2cc(Cl)ccc2c(=O)n1[NH3+]
3d9n,CC(O)C(NC(=O)C1CCCN1C(=O)C(COP(=O)(O)O)NC(=O)C([NH3+])Cc1ccc(O)cc1)C(=O)NC(CO)C(=O)N1CCCC1C(=O)O
2jal,OC[C@H]1[C@@H](O)C[C@H](O)[C@@H](O)[C@@H]1O
3v3m,CC(C)(C)NC(=O)[C@@H](c1cccnc1)N(C(=O)c1ccco1)c1ccc(C(C)(C)C)cc1
2g1q,CCNC(=O)N1N=C(c2cc(F)ccc2F)C[C@@]1(CCC[NH3+])c1ccccc1
4fk7,Nc1ccc2[nH]c(=O)c3ccccc3c2c1
1n4m,CC[C@H](C)[C@H](NC(=O)CNC(=O)[C@H](CCC(=O)[O-])NC(=O)CNC(=O)[C@H](C)NC(=O)[C@H](CCC(=O)[O-])NC(=O)[C@H](CC(C)C)NC(=O)CNC(=O)[C@H](Cc1c[nH]c2ccccc12)NC(=O)[C@H](CC(C)C)NC(=O)[C@H](Cc1ccc(O)cc1)NC(=O)[C@H](CC(=O)[O-])NC(=O)[C@@H]([NH3+])CC(=O)[O-])C(=O)N[C@@H](CO)C(=O)N[C@@H](CC(=O)[O-])C(=O)N[C@@H](CC(C)C)C(=O)N[C@@H](Cc1ccccc1)C(=O)N[C@@H](CC(=O)[O-])C(=O)[O-]
3ccc,Cn1cnc2cc(C#N)c(-c3ccccc3Cl)c(C[NH3+])c21
2g96,NC(=O)C1=CN(C2OC(COP(=O)(O)O)C(O)C2O)CC=C1
1jn2,C/C(N)=C(\c1ccc(S(=O)(=O)[O-])cc1)c1ccc(/C(=C(/C)N)c2ccc(S(=O)(=O)[O-])cc2)[nH]1
3ook,O=C([O-])c1cc(F)c(NC(=O)[C@H](C2CCCCC2)n2c(-c3ccc(Cl)cc3)nc3cc(F)c(F)cc32)c(F)c1
2pgl,O=c1c2ncn3c2ncn1C1OC(COP(=O)(O)OP(=O)(O)OCC2=C(O)C(O)C3O2)C(O)C1O
4nnn,CC(C)C[C@@H](CO)NC(=O)[C@H](CC(C)C)NC(=O)[C@H](CC(C)C)NC(=O)OCc1ccccc1
5nps,CC(=O)NC(C(=O)NC(C(=O)N1CCCC1C(=O)NC(C(=O)NC(COCCCOP(=O)(O)OP(=O)(O)OCC1OC(n2ccc(=O)[nH]c2=O)C(O)C1O)C(=O)NC(C(=O)NC(C)C(N)=O)C(C)O)C(C)C)C(C)O)C(C)C
1dzm,O=C(OCc1ccccc1)c1ccccc1
5dgm,O=C(O)Cn1c(C(=O)NCP(=O)(O)O)cc2ccc3ccccc3c21
1f47,CC[C@H](C)[C@H](NC(=O)[C@H](CC(=O)[O-])NC(=O)[C@H](CC(C)C)NC(=O)[C@H](Cc1ccc(O)cc1)NC(=O)[C@H](CC(=O)[O-])NC(=O)[C@@H]1CCCN1C(=O)[C@H](C)NC(=O)[C@H](C)[NH3+])C(=O)N1CCC[C@H]1C(=O)N[C@@H](C)C(=O)N[C@@H](Cc1ccccc1)C(=O)N[C@@H](CC(C)C)C(=O)N[C@@H](CCCNC(N)=[NH2+])C(=O)N[C@@H](CCCC[NH3+])C(=O)N[C@@H](CCC(N)=O)C(=O)N[C@@H](C)C(=O)N[C@@H](CC(=O)[O-])C(=O)[O-]
6udy,O=C([O-])c1ccc2c(c1)N(CC1CCC1)C[C@@]1(CCCc3cc(Cl)ccc31)CO2
1xxe,CCCCCCCCCCCCCC(=O)O[C@@H]1[C@@H](CC(=O)NO)CO[C@H](CO)[C@H]1O
2bb7,CS(=O)(=O)Nc1cccc2cccnc12
6nfg,CNC(=O)c1c[nH]n2c(=O)cc(-c3ccccc3)nc12
2iw6,Cc1ccc(Cl)c(N(CC#N)c2cc(Nc3ccc(OC[C@H](O)C[NH+](C)C)cc3)ncn2)c1
5nat,Cn1cc(NC(=O)N2CCC[C@H]2C(=O)Nc2cccc(OC(F)(F)F)c2)c2ccccc21
6gu3,Cc1ncc(-c2ccnc(Nc3ccc(S(C)(=O)=O)cc3)n2)n1C(C)C
5fah,COc1ccc(CCNC(=O)[C@@H]2CCCN2C(=O)NCc2cccc3ccccc23)cc1
4q2k,O=C[C@H](Cc1ccccc1)NC(=O)[C@@H]1Cc2ccc(cc2)OCCCCOc2ccc(cc2)CCC(=O)c2ccc([nH]2)C(=O)N1
3ekq,CC(C)(C)NC(=O)[C@@H]1C[C@@H]2CCCC[C@@H]2C[N+]1C[C@@H](O)[C@H](Cc1ccccc1)NC(=O)[C@H](CC(N)=O)NC(=O)c1ccc2ccccc2n1
5yql,Cc1cc(C)nc(SCC(=O)Nc2cccc(COc3ccccc3)c2)n1
4kfp,O=C(NCc1ccc(S(=O)(=O)[C@H]2CC[N@H+](C3CCOCC3)CC2)cc1)n1cc2ccncc2c1
5mgx,CSCC[C@H](NC(=O)[C@H](C)NC(=O)[C@@H](NC(=O)[C@@H]([NH3+])CC(=O)[O-])[C@@H](C)O)C(=O)N[C@@H](CCC(=O)[O-])C(=O)N[C@@H](CCC(=O)[O-])C(=O)N[C@H](C(=O)N[C@@H](CC(=O)[O-])C(=O)[O-])C(C)C
4p0a,CC(C)C[C@H](NC(=O)[C@@H]([NH3+])CC(=O)[O-])C(=O)N[C@@H](Cc1ccc(O)cc1)C(=O)NCC(=O)[O-]
3u4i,Nc1c2nc[n+]3c-2ncn1C1CC(COP(=O)(O)OP(=O)(O)OCC2OC3C(O)C2O)C(O)C1O
1oqp,CC[C@H](C)[C@H](NC(=O)[C@H](CC(C)C)NC(=O)[C@H](CCC(=O)[O-])NC(=O)[C@H](CCCNC(N)=[NH2+])NC(=O)[C@H](CCCC[NH3+])NC(=O)[C@@H]([NH3+])CCCC[NH3+])C(=O)N[C@@H](CCC(=O)[O-])C(=O)N[C@@H](CO)C(=O)N[C@@H](CCCC[NH3+])C(=O)N[C@@H](Cc1c[nH]c2ccccc12)C(=O)N[C@@H](Cc1cnc[nH]1)C(=O)N[C@@H](CCCNC(N)=[NH2+])C(=O)N[C@@H](CC(C)C)C(=O)N[C@@H](CC(C)C)C(=O)N[C@@H](Cc1ccccc1)C(=O)N[C@@H](Cc1cnc[nH]1)C(=O)N[C@@H](CC(=O)[O-])C(=O)N[C@@H](CCCC[NH3+])C(=O)N[C@@H](CCCC[NH3+])C(=O)[O-]
5u5t,NC(=[NH2+])N1CCC[C@H](Cc2cccc3c2OCO3)C1
4zyu,[NH2+]=c1[nH]c(=O)c2cc(CCCCc3ccc(C(=O)N[C@@H](CCC(=O)[O-])C(=O)[O-])cc3)sc2[nH]1
1qf4,O=C(O)C(CCCN1C(=O)NC2(OC(COP(=O)(O)O)C(O)C2O)C1=O)[NH+](O)CO
2wxd,C[NH+](C)CCS/C(Cc1ccccc1)=N\OS(=O)(=O)[O-]
6oi9,Nc1ncc2cc(-c3c(Cl)cccc3Cl)c(N3CC[C@@H](C[NH3+])C3)nc2n1
3snl,Cc1cnccc1-c1nc(C)c2c(C)nc3c(Cl)cc(C(F)(F)F)cc3n12
6fby,CC(=O)NC(CCCNC(=N)N)C(=O)NC(C(=O)N1CCCC1C(=O)NC(COP(=O)(O)O)C(=O)NC(CC(C)C)C(=O)N1CCCC1C(=O)NCC(=O)N1CCCC1C(c1ccccc1)c1cccc(C)c1)C(C)O
2bks,COc1ccccc1COCCCOc1ccc(N2C(=O)C[NH2+]C[C@@H]2COc2ccc3c(c2)N(CCCO)CCC3)cc1
5ely,O=C(CC[C@H](Cc1ccc(C(=O)[O-])cc1)C(=O)[O-])NO
2obf,O=S(=O)(Nc1ccc(Cl)cc1)c1ccc2c(c1)C[NH2+][C@@H](CO)C2
1gsf,C=C(CC)C(=O)c1ccc(OCC(=O)[O-])c(Cl)c1Cl
4pnc,COc1ccc2c(c1)C(=O)[C@@H](C)CC2
6b7c,Cc1ccc2[nH]c(NCc3cc(C)nn3C)nc2n1
6dn5,CC[C@H](C)[C@@H]1NC(=O)[C@H](CC(=O)[O-])NC(=O)[C@@]2(Cc3c[nH]c4ccccc34)ON2C(=O)CCNC(=O)[C@H](CC(N)=O)NC(=O)[C@H](CC(N)=O)NC(=O)[C@H](CC(N)=O)NC1=O
1o9d,CC(C)C(NC(=O)C(NC(=O)C(Cc1ccc(O)cc1)NC(=O)C(CO)NC(=O)C([NH3+])CCC(N)=O)C(C)OP(=O)(O)O)C(=O)O
3s3n,C[C@@H]1CCO[C@H]2Cn3cc(C(=O)NCc4ccc(F)cc4F)c(=O)c(O)c3C(=O)N21
5mra,COc1cccc2c1C(=O)c1c(O)c3c(c(O)c1C2=O)C[C@@](O)(C(=O)CO)C[C@@H]3O[C@H]1C[C@H]([NH3+])[C@H](O)[C@H](C)O1
6f4w,Nc1ncnc2c([C@@H]3O[C@H](CO)[C@@H](O)[C@H]3O)n[nH]c12
2ynd,Cc1nn(C)c(C)c1NS(=O)(=O)c1c(Cl)cc(-c2ccnc(N3CC[NH2+]CC3)c2)cc1Cl
6qm7,O=C(Nc1ccc(F)c(-c2ccn3c(N4CCOCC4)cnc3n2)c1)N1CCCC1
5j9f,[NH2+]=c1[nH]c(=O)c2cc(CCNc3ccc(C(=O)N[C@@H](CCC(=O)[O-])C(=O)[O-])cc3)[nH]c2[nH]1
3rwf,C[C@@H](O)[C@H](NC(=O)[C@@H]([NH3+])CCC(N)=O)C(=O)N[C@@H](CO)C(=O)N[C@@H](CCC(N)=O)C(=O)N[C@@H](Cc1c[nH]c2ccccc12)C(=O)N[C@@H](CC(=O)[O-])C(=O)N[C@@H](CC(=O)[O-])C(=O)N1CCC[C@H]1C(=O)N[C@@H](Cc1c[nH]c2ccccc12)C(=O)[O-]
3gjt,CC[C@H](C)[C@H](NC(C)=O)C(=O)N[C@@H](CCC(=O)[O-])C(=O)N1CCC[C@H]1C(=O)N[C@H](CO)CC(=O)[O-]
4w5j,Nc1ncnc2c1ncn2C1OC(COP(=O)(O)OP(=O)(O)OP(=O)(O)OP(=O)(O)OP(=O)(O)OCC2OC(n3cnc4c(N)ncnc43)C(O)C2O)C(O)C1O
2lty,CSCC[C@H](NC(=O)[C@@H]1CCCN1C(=O)[C@H](Cc1ccc(O)cc1)NC(=O)[C@H](CCCNC(N)=[NH2+])NC(=O)[C@H](CO)NC(=O)[C@H](Cc1ccc(O)cc1)NC(=O)[C@@H]1CCCN1C(=O)[C@@H]1CCCN1C(=O)[C@@H]1CCCN1C(=O)[C@@H]1CCCN1C(=O)[C@H](CO)NC(=O)[C@H](CCC(=O)[O-])NC(=O)[C@H](CC(C)C)NC(=O)[C@@H]([NH3+])CCC(=O)[O-])C(=O)N[C@@H](CC(=O)[O-])C(=O)[O-]
4ede,C/C=C(C)/C=C/C=C(C)/C=C/C1=C(C)CCCC1(C)C
2x6f,C[n+]1cnc(N)c2nc[nH]c21
3n2e,Nc1ccc2c(O)c(/N=N/c3ccc4c(O)cc(S(=O)(=O)[O-])cc4c3)c(S(=O)(=O)[O-])cc2c1
3t1n,[NH3+]C(COP(=O)(O)O)C(=O)NC(CC(=O)O)C(=O)NC(CCC(=O)O)C(=O)NC(Cc1ccccc1)C(=O)O
5nxy,C[As+](C)(C)CCO
3g0d,Cn1c(=O)c2c(nc(N3CCC[C@@H]([NH3+])C3)n2Cc2ccccc2C#N)n(C)c1=O
6bhi,CC[C@H](NC(=O)[C@@H]1CCCN1C(=O)[C@H](C)NC(=O)[C@H](CCCCNC(C)=O)NC(=O)CNC(=O)CNC(=O)[C@@H](NC(=O)[C@H](C)NC(=O)[C@@H]([NH3+])CCCC[N+](C)(C)C)[C@@H](C)O)C(N)=O
6biy,CC[C@H](C)[C@H](NC(=O)[C@@H]([NH3+])CC(=O)[O-])C(=O)N[C@@H](Cc1ccccc1)C(=O)N[C@@H](CCC(=O)[O-])C(=O)N[C@@H](CCCNC(N)=[NH2+])C(=O)N[C@H](C(=O)N[C@@H](C)C(=O)N[C@@H](CO)C(=O)N[C@@H](CCC(=O)[O-])C(=O)N[C@@H](C)C(=O)N[C@@H](CO)C(=O)N[C@@H](CCCNC(N)=[NH2+])C(=O)N[C@@H](CC(C)C)C(=O)[O-])[C@@H](C)CC
5h19,N#Cc1c2c(c3nncn3c1NCc1ccco1)CN(Cc1ccccc1)CC2
4o2e,CC(C)C[C@H](NC(=O)[C@H](C)NC(=O)[C@H](CC(N)=O)NC(=O)[C@H](CCC(=O)[O-])NC(=O)[C@@H](NC(=O)[C@H](C)NC(=O)[C@@H](NC(=O)[C@H](Cc1c[nH]cn1)NC(=O)[C@@H]([NH3+])CO)C(C)C)C(C)C)C(=O)[O-]
3rwe,CSCC[C@H](NC(=O)[C@H](Cc1c[nH]c2ccccc12)NC(=O)[C@H](CCC(N)=O)NC(=O)[C@@H]([NH3+])Cc1ccccc1)C(=O)NCC(=O)N[C@@H](Cc1ccc(O)cc1)C(=O)N[C@@H](CCC(=O)[O-])C(=O)N[C@@H](CC(C)C)C(=O)N[C@@H](Cc1c[nH]c2ccccc12)C(=O)[O-]
1o48,CC(=O)N[C@@H](Cc1ccc(CC(=O)[O-])c(C(=O)[O-])c1)C(=O)N[C@H]1CCCCN(Cc2ccc(-c3ccccc3)cc2)C1=O
4mjr,C[C@H](C(=O)[O-])c1ccc2c(c1)[nH]c1ccc(Cl)cc12
2wtx,O=P(O)(O)OCC1CC([NH2+]C2C=C(CO)C(O)C(O)C2O)C(O)C(O)C1O
5zob,NC(=[NH2+])NCCC[C@H](NC(=O)Cc1ccc(CNC(N)=[NH2+])cc1)C(=O)N[C@@H](CCCNC(N)=[NH2+])C(=O)N[C@@H](CCCNC(N)=[NH2+])C(=O)NCc1ccc(C(N)=[NH2+])cc1
2.00E+95,O=P(O)(O)C(O)(Cc1cccc(-c2cccc(NS(=O)(=O)c3ccc4ccccc4c3)c2)c1)P(=O)(O)O
1d5j,COc1ccc(S(=O)(=O)N2CCCSC(C)(C)[C@H]2C(=O)NO)cc1
4ycn,C/C=C/C/C(C)=C\[C@H]1C/C=C/C=C/C[C@H](C)/C=C(\C)[C@@H](OC)C/C=C/[C@@H](O)CC(=O)O1
4mzf,C[C@H]([NH3+])C(=O)N[C@@H](CCCNC(N)=[NH2+])C(=O)N[C@H](C(=O)N[C@@H](CCCC[N+](C)(C)C)C(=O)N[C@@H](CCC(N)=O)C(=O)N[C@H](C(=O)N[C@@H](C)C(=O)N[C@@H](CCCNC(=[NH2+])N(C)C)C(=O)N[C@@H](CCCC[NH3+])C(=O)[O-])[C@@H](C)O)[C@@H](C)O
6qmr,[NH3+][C@H](CO)c1cccc(-c2cccc(COc3ccccc3CC(=O)[O-])c2)c1
1h8l,NC(=[NH2+])NCCS[C@@H](CC(=O)[O-])C(=O)[O-]
1af6,OC[C@H]1O[C@H](O[C@]2(CO)O[C@H](CO)[C@@H](O)[C@@H]2O)[C@H](O)[C@@H](O)[C@@H]1O
3.00E+85,O=C(Nc1ccccc1)Nc1ccccc1
4gs9,O=[N+]([O-])c1c(Nc2cccc(F)c2)ccc2nonc12
5lub,Nc1ccc(N2CCOCC2)c2nonc12
4lte,NC(=O)[C@H](CCCCNC(=O)[C@@H](Cc1ccc(C(=O)c2ccccc2)cc1)NC(=O)CCC1CCCCC1)NC(=O)/C=C/C(=O)[O-]
5eni,O=C(CO)NCc1c(Cl)cccc1Cl
4i9r,C/C=C(C)/C=C/C=C(C)/C=C/C1=C(C)CCCC1(C)C
6m9c,CC(C)CC(=O)N[C@@H](Cc1ccc(O)cc1)C(=O)N[C@@H](Cc1ccc(O)cc1)C(=O)[O-]
2vr4,[NH3+]CCCCNC1=N[C@H](CO)[C@@H](O)[C@H](O)[C@@H]1O
2ay3,COc1ccc(CCC(=O)[O-])cc1OC
4x8p,CC[C@H](C)[C@H](NC(=O)[C@H](CC(=O)[O-])NC(=O)[C@H](Cc1ccccc1)NC(=O)[C@H](CCC(=O)[O-])NC(=O)[C@H](CO)NC(=O)[C@H](CCC(=O)[O-])NC(=O)[C@H](CCCNC(N)=[NH2+])NC(=O)[C@H](CCC(=O)[O-])NC(=O)[C@H](CCC(=O)[O-])NC(=O)[C@H](Cc1ccc(O)cc1)NC(=O)[C@@H]([NH3+])CCC(=O)[O-])C(=O)N[C@@H](C)C(=O)[O-]
3cm7,CC[C@H]([NH3+])C(=O)N[C@@H]1C(=O)N2[C@@H](CC[C@@H]1CO)CC[C@H]2C(=O)NC(c1ccccc1)c1ccccc1
2yiv,C=NCCCC
4o4g,Cc1cc(C)c(Nc2ncnc(Nc3ccc(C#N)cc3)n2)c(C)c1
5qac,COc1ccc(-c2cccc(C(=O)[O-])c2)cc1
2oi3,CC(=O)N[C@@H](Cc1cnc[nH]1)C(=O)N[C@@H](CO)C(=O)N[C@@H](CCCC[NH3+])C(=O)N[C@@H](Cc1ccc(O)cc1)C(=O)N1CCC[C@H]1C(=O)N[C@@H](CC(C)C)C(=O)N1CCC[C@H]1C(=O)N1CCC[C@H]1C(=O)N[C@@H](CC(C)C)C(=O)N1CCC[C@H]1C(=O)N[C@@H](CO)C(=O)N[C@@H](CC(C)C)C(N)=O
3t0w,C[N+]1=C(C/C=C/c2cc[n+](CCCS(=O)(=O)[O-])c3ccccc23)C(C)(C)c2ccccc21
4l7c,O=C1c2ccccc2C(=O)N1C[C@@H]1c2ccccc2CCN1C(=O)[C@@H]1CCCC[C@@H]1c1nn[nH]n1
4p5e,O=P(O)(O)OCC1OC(n2cnc3c(-c4ccc5ccccc5c4)ncnc32)C(O)C1O
3sv8,CCC[C@H](NC(=O)[C@@H]1[C@H]2CCC[C@H]2CN1C(=O)[C@@H](NC(=O)[C@@H](NC(=O)c1cnccn1)C1CCCCC1)C(C)(C)C)[C@@H](O)C(=O)NC1CC1
5kbi,Oc1ccccc1O
3dsu,CC(C)=CCC/C(C)=C/CC/C(C)=C/COP(=O)(O)OP(=O)(O)O
4kp0,Cc1cccc2scc(Cn3c(SCCCC(=O)[O-])nc4ccccc43)c12
2v0c,Nc1ncnc2c1ncn2C1OC(COP(=O)(O)O)C2OB(c3ccc(F)cc3CO)OC21
2hqu,O=c1ccn(C2CC(O)C(COP(=O)(O)NP(=O)(O)OP(=O)(O)O)O2)c(=O)[nH]1
2oqs,CC(C)[C@H](NC(=O)[C@H](CCC(N)=O)NC(=O)[C@@H](NC(=O)[C@H](CCC(=O)[O-])NC(=O)[C@H](CCCNC(N)=[NH2+])NC(=O)[C@@H]([NH3+])CCCNC(N)=[NH2+])[C@@H](C)O)C(=O)[O-]
4oel,[NH3+][C@@H](CO)C(=O)N[C@@H](Cc1ccc(O)cc1)C(=O)[O-]
2x52,CC(=O)N[C@H]1[C@@H](OC(=O)NCCCOCCOCCOCCCNC(=O)O[C@H]2O[C@H](CO)[C@@H](O)[C@H](O)[C@H]2NC(C)=O)O[C@H](CO)[C@@H](O)[C@@H]1O
6avi,CCCCCCCCC(=O)[O-]
5dtk,O=C([O-])c1cc(-c2ccncc2)cc(-c2ccncc2)c1
5v88,CCC[C@@H](C)[N@H+]1CC[C@H](N(Cc2ccccc2NC(=O)CC)C(=O)Nc2cccc(C(F)(F)F)c2)CC1
2anm,NC(=[NH2+])c1ccc(CNC(=O)[C@@H]2CCCN2C(=O)[C@@H](CC2CCCCC2)[NH2+]CC(=O)[O-])cn1
4j82,NC(=O)CC[C@H](NC(=O)[C@H](Cc1c[nH]cn1)NC(=O)[C@H](CO)NC(=O)[C@@H]([NH3+])CCCC[NH3+])C(=O)N[C@@H](CCC(=O)[O-])C(=O)[O-]
6e5g,CC(=O)c1ccccc1Nc1cccc(C(F)(F)F)c1
2qlj,[NH3+][C@@H](Cc1c[nH]c2ccccc12)C(=O)N[C@@H](CCC(=O)[O-])C(=O)N[C@@H](Cc1c[nH]cn1)C(=O)N[C@H](C=O)CC(=O)[O-]
3kej,O=C([O-])c1ccc(Cn2nnc(-c3ccnc(C(=O)NCc4cccc(F)c4)c3)n2)cc1
5yia,CSC[C@H](NC(=O)Cc1ccc(O)cc1)C(=O)N[C@@H](Cc1ccccc1)[C@H](O)C(=O)N1CSC(C)(C)[C@H]1C(=O)N[C@H]1c2ccccc2C[C@H]1O
2.00E+98,O=P(O)(O)C(O)(Cc1cccc(-c2cccc3c2oc2ccccc23)c1)P(=O)(O)O
6ma1,COc1ccccc1[C@@H](NS(=O)(=O)c1cc2ccc(=O)[nH]c2cc1Cl)C(=O)N(CC(=O)[O-])Cc1cccs1
5a7c,CC(=O)NCCCCCCNC(C)=O
5dya,CC[C@H]1Nc2ccc(C(=O)[O-])cc2NC1=O
2rvn,C[C@H]([NH3+])C(=O)N[C@@H](CCCNC(N)=[NH2+])C(=O)N[C@H](C(=O)N[C@@H](CCCC[NH3+])C(=O)N[C@@H](CCC(N)=O)C(=O)N[C@H](C(=O)N[C@@H](C)C(=O)N[C@@H](CCCNC(N)=[NH2+])C(=O)N[C@@H](CCCC[N+](C)(C)C)C(=O)N[C@@H](CO)C(=O)N[C@H](C(=O)NCC(=O)NCC(=O)N[C@@H](CCCC[NH3+])C(=O)N[C@@H](C)C(=O)N1CCC[C@H]1C(=O)N[C@@H](CCCNC(N)=[NH2+])C(=O)N[C@@H](Cc1ccc(O)cc1)C(=O)[O-])[C@@H](C)O)[C@@H](C)O)[C@@H](C)O
4k2g,N#C[C@@H](c1ccc(F)cc1)c1cccc(C(F)(F)F)n1
4ycm,C/C=C/C/C(C)=C\[C@H]1C/C=C/C=C/C[C@H](C)/C=C(\C)[C@@H](OC)C/C=C/[C@@H](O[C@@H]2O[C@H](CO)[C@@H](O)[C@H](OC)[C@H]2O)CC(=O)O1
1rri,Nc1nc2nn(-c3cccc(C(=O)[O-])c3)nc2c(=O)[nH]1
3omc,CNC(NC)=[NH+]CCC[C@H](NC(=O)C[NH3+])C(=O)N[C@@H](C)C(=O)N[C@@H](CCCNC(N)=[NH2+])C(=O)N[C@@H](C)C(=O)N[C@@H](CCCNC(N)=[NH2+])C(=O)N[C@@H](C)C(=O)[O-]
6jjz,CC(C)[C@H](NC(=O)[C@H](Cc1ccc(O)cc1)NC(=O)[C@@H]1CCCN1C(=O)[C@@H]1CCCN1C(=O)[C@@H]1CCCN1C(=O)[C@H](C)NC(=O)[C@@H]([NH3+])CC(=O)[O-])C(=O)N[C@@H](C)C(=O)N1CCC[C@H]1C(=O)N1CCC[C@H]1C(=O)N[C@@H](CO)C(=O)N[C@@H](Cc1ccc(O)cc1)C(=O)N[C@@H](C)C(=O)[O-]
4jj7,CC(=O)N[C@@H](Cc1cccnc1)C(=O)N[C@@H](CC(=O)[O-])C(=O)N[C@H](CC(=O)N[C@@H](CCC(C)C)C(=O)N[C@@H](CC(=O)[O-])C(C)=O)CC(C)C
1k3n,CSCCC(NC(=O)C(CCCC[NH3+])NC(=O)C([NH3+])CCCC[NH3+])C(=O)NC(C(=O)NC(Cc1ccccc1)C(=O)NC(CCC(N)=O)C(=O)NC(C(=O)N1CCCC1C(=O)NC(C(=O)NC(CC(=O)O)C(=O)N1CCCC1C(=O)NC(CC(C)C)C(=O)NC(CCC(=O)O)C(=O)O)C(C)O)C(C)OP(=O)(O)O)C(C)O
3wut,CC[C@H](C)[C@H](NC(=O)[C@H](Cc1ccc(O)cc1)NC(=O)[C@H](CC(N)=O)NC(=O)[C@H](CC(C)C)NC(=O)[C@H](CO)NC(=O)[C@@H]1CCCN1C(=O)[C@@H]1CCCN1C(=O)CNC(=O)[C@@H](NC(=O)[C@H](C)NC(=O)[C@@H]([NH3+])CC(C)C)C(C)C)C(=O)N1CCC[C@H]1C(=O)N1CCC[C@H]1C(=O)[O-]
3u2q,CNC(=O)C[C@@H]1NC(=O)c2csc(n2)-c2ccc(-c3nc(N(CCCCC(=O)[O-])C(=O)O[C@H]4CC[C@H](C(=O)[O-])CC4)cs3)nc2-c2csc(n2)-c2csc(n2)[C@H]([C@@H](O)c2ccccc2)NC(=O)CNC(=O)c2nc(sc2COC)[C@H](C(C)C)NC(=O)c2nc1sc2C
1o4f,O=P(O)(O)Oc1cccc2c1NCCC2
1t13,O=c1[nH]c(NC[C@H](O)[C@H](O)[C@H](O)CO)c([N+](=O)[O-])c(=O)[nH]1
2wkt,CC(C)(COP(=O)(O)OP(=O)(O)OCC1OC(n2cnc3c(N)ncnc32)C(O)C1OP(=O)(O)O)C(O)C(=O)NCCC(=O)NCCS
2qqs,CC(C)C[C@H](NC(=O)[C@@H](NC(=O)[C@@H](CCCC[N+](C)(C)C)NC(=O)[C@H](CCCNC(N)=[NH2+])NC(=O)[C@H](Cc1c[nH]cn1)NC(=O)[C@@H]([NH3+])CCCNC(N)=[NH2+])C(C)C)C(=O)N[C@@H](CCCNC(N)=[NH2+])C(=O)O
5b4w,CC[C@H](C)[C@@H]1NC(=O)[C@H](CCC(N)=O)NC(=O)CNC(=O)[C@H]([C@@H](C)O)NC(=O)[C@H](Cc2c[nH]c3ccccc23)NC(=O)[C@H](CCCNC(N)=[NH2+])NC(=O)[C@H](C)NC(=O)[C@H](C(C)C)NC(=O)[C@H](CCCNC(N)=[NH2+])NC(=O)[C@@H]2CCCN2C(=O)[C@H](CCCNC(N)=[NH2+])NC(=O)[C@@H](Cc2c[nH]c3ccccc23)NC(=O)CSC[C@@H](C(=O)N[C@@H](CO)C(N)=O)NC(=O)[C@H](Cc2ccc(O)cc2)NC(=O)[C@H]([C@@H](C)CC)NC1=O
3pz4,COc1ccc(S(=O)(=O)N2Cc3cc(C#N)ccc3N(Cc3cncn3C)C[C@H]2Cc2ccccc2)cc1
5j7p,Oc1cc2c(cc1Cc1ccc(C(F)(F)F)cc1)OCO2
6i68,CCCC[C@H]([NH3+])C(=O)N[C@@H](C)C(=O)N[C@@H](CC(=O)[O-])C(=O)N[C@H](C(=O)N[C@H](C(=O)N[C@H](C(=O)N1CCC[C@H]1C(=O)[O-])[C@@H](C)O)[C@@H](C)O)[C@@H](C)O
1n7i,Clc1ccc2c(c1Cl)C[NH2+]CCC2
2y2k,O=C(NCB(O)O)c1c(F)cccc1F
5lg3,C[NH+](C)CCCN1c2ccccc2Sc2ccc(Cl)cc21
4i47,Cn1cnc2nc(N)[nH]c(=O)c21
1tr7,CCCCO[C@H]1O[C@H](CO)[C@@H](O)[C@H](O)[C@@H]1O
6fzm,CC#Cc1ccc2c(=O)[nH]c(CSc3ccc(C(=O)[O-])cc3)nc2c1C
6bto,CCCCC[C@H](CC(=O)NO)C(=O)N1[C@H](C(=O)N[C@H](C(=O)[O-])c2ccccc2)[C@H]2CC[C@@H]1C2
1is0,CCC(C)C(NC(=O)C(CCC(=O)O)NC(=O)C(CCC(=O)O)NC(=O)C1C(C(=O)NC)C1c1ccc(OP(=O)(O)O)cc1)C(=O)O
5hbh,COCC[N@H+]1CCCC12CCN(c1c(Cl)cncc1-c1ccc3c(c1)CS(=O)(=O)N3C)CC2
6j81,CCCc1ccc(-c2ccc(S(=O)(=O)CCO)cc2)cc1[C@H]1C[C@H]1c1ccccn1
2xuf,Nc1ccc2c(c1)C(c1ccccc1)N(CCCCCCc1cn(CCNc3c4ccccc4nc4ccccc34)nn1)c1cc(N)ccc1-2
3cvk,CC(C)(C)CCN1C(=O)C(C2=Nc3ccc(NS(C)(=O)=O)cc3S(=O)(=O)N2)=C(O)[C@@H]2CCC[N@@H+]21
4n6h,Oc1ccc2c3c1O[C@H]1c4[nH]c5ccccc5c4C[C@@]4(O)[C@@H](C2)[N@@H+](CC2CC2)CC[C@]314
3qt7,O=C(O)CC(O)(CF)CCOP(=O)(O)OP(=O)(O)O
4yoj,O=C(Nc1ccc(N(Cc2ccsc2)C(=O)Cn2nnc3ccccc32)cc1)c1ccccc1
4ucr,Cc1ccc2cc(C(N)=O)cc(O)c2n1
5i86,C[C@@H]1CC(=O)Nc2cccc(C(=O)NCc3ccccc3)c2N1
4zj8,Cc1ccc(-n2nccn2)c(C(=O)N2CCN(c3nc4cc(Cl)ccc4o3)CC[C@H]2C)c1
4xpj,CCCCCCCCCCCCC(=O)OCC(O)COP(=O)(O)OC1C(O)C(O)C(O)C(O)C1O
4i9o,O=C(CCS)N1CCC(O)(c2ccc(Cl)c(C(F)(F)F)c2)CC1
2gg8,COC(=O)[C@@H](CC(C)C)NC(=O)[C@H](C)NC(=O)[C@@H](O)[C@H]([NH3+])c1ccc(C)cc1
1r6g,O=C([O-])Cc1cc(Br)c(Oc2ccc(O)c(C(=O)NCCc3ccccc3)c2)c(Br)c1
3ll8,CC[C@H](C)[C@H](NC(=O)[C@H](C)NC(=O)[C@@H](NC(=O)[C@@H]1CCCN1C(=O)[C@@H]([NH3+])CCC(=O)[O-])[C@@H](C)CC)C(=O)N[C@H](C(=O)N[C@H](C(=O)N[C@H](C(=O)N[C@@H](CC(=O)[O-])C(=O)N[C@H](C(=O)N[C@@H](CCC(=O)[O-])C(=O)[O-])[C@@H](C)O)[C@@H](C)O)[C@@H](C)CC)[C@@H](C)CC
1gt4,CCCCCCCCCCC=O
3dg8,COc1cc(NC(=[NH2+])NC(N)=[NH2+])cc(OC)c1
5l99,Cc1ncccc1N[C@@H](C)c1cnc2ccsc2c1
4flh,COc1ncc(Nc2ncc([C@@H](C)[N+]3CCN(S(C)(=O)=O)CC3)cc2-c2nc(C)nc(N)n2)cc1F
5oxm,[NH3+][C@@H](CC(=O)[O-])C(=O)N[C@@H](CCC(=O)[O-])C(=O)[O-]
5ly3,CC[C@H](C)[C@H](NC(=O)CNC(=O)C[NH3+])C(=O)NCC(=O)N[C@@H](CCC(=O)[O-])C(=O)N[C@@H](CC(N)=O)C(=O)N[C@@H](CCC(=O)[O-])C(=O)N[C@@H](Cc1c[nH]c2ccccc12)C(=O)N[C@H](C(=O)N[C@@H](CCCC[NH3+])C(=O)N[C@H](C(=O)N[C@@H](CC(C)C)C(=O)N[C@@H](CCCNC(N)=[NH2+])C(=O)N[C@@H](CO)C(=O)N[C@@H](CCCC[NH3+])C(=O)N[C@@H](CCCNC(N)=[NH2+])C(=O)[O-])[C@@H](C)CC)C(C)C
4nnw,CC(C)C[C@H](NC(=O)OCc1ccccc1)C(=O)N[C@@H](CC(C)C)C(=O)N[C@@H](CC(C)C)[C@H](C)O
3uib,C[S@@+](O)c1ccc(-c2nc(-c3ccc(F)cc3)c(-c3ccncc3)[nH]2)cc1
3sfc,Cc1ccc(F)cc1Oc1c(C(=O)N2CC[NH2+]CC2)c2ccnc(Cc3ccccc3)c2n1-c1ccccc1
6ghp,C=CC(C)(C)OC[C@H]1O[C@H](O[C@@H]2C3=C([C@H](C)CNC(C)=O)C[C@H](O)[C@]3(C)/C=C3/[C@@H](COC)CC[C@H]3[C@@H](C)[C@H]2O)[C@H](O)[C@@H](O)[C@@H]1O
2wxk,C[N+]1CCN(c2nc3ccccc3cc2Cn2nc(-c3ccc4nc(N)sc4c3)c3c(N)ncnc32)CC1
3zs1,CCc1c(C)c2n3c1[CH]c1c(C)c(CC)c4n1[Fe@@+5]31n3c(c(C)c(CCC(=O)[O-])c3[CH]c3c(CCC(=O)[O-])c(CSc5nc(=O)c6nc[nH]c6n5CCOC)c(n31)[CH]2)[CH]4
2qh6,CCOC(=O)[C@@H]1[C@H]2O[C@H](C(c3ccc(O)cc3)=C2c2ccc(O)cc2)[C@@H]1C(=O)OCC
2jo9,[NH3+][C@@H](CCC(=O)[O-])C(=O)N[C@@H](CCC(=O)[O-])C(=O)N1CCC[C@H]1C(=O)N1CCC[C@H]1C(=O)N1CCC[C@H]1C(=O)N1CCC[C@H]1C(=O)N[C@@H](Cc1ccc(O)cc1)C(=O)N[C@@H](CCC(=O)[O-])C(=O)N[C@@H](CC(=O)[O-])C(=O)[O-]
1wum,[NH3+]CCCNc1ccccc1[N+](=O)[O-]
2aoi,CC(C)C[C@H]([NH2+]C[C@H](Cc1ccccc1)NC(=O)[C@H](CC(N)=O)NC(=O)CNC(=O)[C@@H]1CCCN1C(=O)[C@@H]([NH3+])CCCNC(N)=[NH2+])C(=O)N[C@@H](CCC(N)=O)C(=O)N[C@@H](CO)C(=O)N[C@@H](CCCNC(N)=[NH2+])C(=O)N1CCC[C@H]1C(N)=O
3ueo,CC(C)C(NC(=O)C(CC(=O)O)NC(=O)C(NC(=O)C(CC(=O)O)NC(=O)C(COP(=O)(O)O)NC(=O)C([NH3+])CC(=O)O)C(C)OP(=O)(O)O)C(=O)NC(CCC(=O)O)C(=O)NC(CCC(=O)O)C(=O)O
4na4,Nc1ncnc2c1ncn2C1OC(COP(=O)(O)OP(=O)(O)OCC2[NH2+]CC(O)C2O)C(O)C1O
1uvu,CCOC(=O)CCc1ccc2ccc(C(N)=[NH2+])cc2c1
4z8d,O=C(NC[C@H]1CC[C@@H](C(=O)[O-])CC1)OCc1ccccc1Cl
3d8y,Cc1cn([C@H]2C[C@H](O)[C@@H](C[NH+]3CCCCC3)O2)c(=O)[nH]c1=O
5hbj,Cn1ncc2cc(-c3cnc(N)c(Cl)c3N3CCC4(CCNC4=O)CC3)ccc21
5m2q,CC1=C2N3=C(C=C4N5=C(C(C)=C6N7[C@H]([C@H](CC(N)=O)[C@@]6(C)CCC(=O)NC[C@@H](C)O)[C@]6(C)N(=C1[C@@H](CCC(N)=O)[C@]6(C)CC(N)=O)[Co+2]753)[C@@H](CCC(N)=O)C4(C)C)[C@@H](CCC(N)=O)[C@]2(C)CC(N)=O
4knx,COc1cc2c(Nc3ccc(NC(=O)c4ccccc4)cc3)ncnc2cc1OCC(=O)[O-]
3zvt,[B+2]CNC(=O)c1c(OC)cccc1OC
3fa3,O=C([O-])C(O)(O)C(F)(F)C(=O)[O-]
5x72,O=C1c2ccccc2N[C@@H](c2ccccc2F)N1c1ccccc1
6-Apr,CC(C)CC(=O)N[C@H](C(=O)N[C@H](C(=O)N[C@@H](CC(C)C)[C@@H](O)CC(=O)N[C@@H](C)C(=O)N[C@@H](CC(C)C)[C@@H](O)CC(=O)[O-])C(C)C)C(C)C
1ysi,O=C(NS(=O)(=O)c1ccc(NCCSc2ccccc2)c([N+](=O)[O-])c1)c1ccc(-c2ccc(F)cc2)cc1
4nau,CCc1cc(-c2nc(O)c(C(N)=O)c(=O)[nH]2)nc([C@H]2CCCC[C@@H]2C(=O)NCc2ccc(Cl)c(Cl)c2)n1
2bua,[NH3+]CC1(c2ccccc2)CCCC1
1ru1,Nc1ncnc2c1ncn2C1OC(COP(=O)(O)CP(=O)(O)OP(=O)(O)O)C(O)C1O
1iky,COc1ccc(C(C)=O)c(O)c1[C@H]1C[C@H]1NC(=S)Nc1ccc(C#N)cn1
4lpg,Cc1ccc(-c2cc3c(NC(P(=O)(O)O)P(=O)(O)O)ncnc3s2)cc1
4joe,CC[C@H](C)[C@H](NC(=O)[C@@H](NC(=O)[C@H](CO)NC(=O)[C@@H](NC(=O)[C@@H]1CCCN1C(=O)[C@H](C)NC(=O)[C@H](CCCNC(N)=[NH2+])NC(=O)[C@H](CO)NC(=O)[C@H](CC(N)=O)NC(=O)[C@H](C)[NH3+])[C@@H](C)O)[C@@H](C)CC)C(=O)[O-]
2oc9,O=c1[nH]cnc2c([C@@H]3[NH2+][C@H](CO)[C@@H](O)[C@H]3O)c[nH]c12
2onz,O=S(=O)(Nc1ccc(Cl)cc1)c1ccc2c(c1)C[NH2+]CC2
6fug,[NH3+]Cc1cccc(Nc2[nH]nc3ncnc(Nc4cccc(O)c4)c23)c1
5u9d,CNC(=O)[C@H]1Cc2c([nH]c3ccccc23)CN1C(=O)c1occc1CNc1ccc2nccnc2c1
6m9d,CC(C)C[C@H](NC(=O)[C@@H]([NH3+])[C@H]1CCNC(=[NH2+])N1)C(=O)N[C@H](CO)Cc1ccccc1
1gu3,OC[C@H]1O[C@@H](O[C@@H]2[C@@H](CO)O[C@@H](O[C@@H]3[C@@H](CO)O[C@@H](O[C@@H]4[C@@H](CO)O[C@@H](O[C@@H]5[C@@H](CO)O[C@@H](O)[C@H](O)[C@H]5O)[C@H](O)[C@H]4O)[C@H](O)[C@H]3O)[C@H](O)[C@H]2O)[C@H](O)[C@@H](O)[C@@H]1O
6qxj,CCc1sc2ncnc(N[C@H](C)C(=O)[O-])c2c1-c1ccc2[nH]ccc2c1
5zdc,Nc1ncnc2c1ncn2C1OC(COP(=O)(O)OP(=O)(O)OCC2OC(O)C(O)C2O)C(O)C1O
3dxj,CCC/C(C)=C/C=C(\C)C(=O)c1c(O)cc([C@H](C)CC/C=C/NC(=O)OC)oc1=O
6c5t,Cc1c(C)n(Cc2ccc(C(C)(C)C(=O)[O-])cc2)c2ccc(C(=O)N[C@H](C)c3cccc(C4CC4)c3)cc12
4z46,C1CC[C@H]2[NH2+][Pt+][NH2+][C@@H]2C1
2rnx,CC(=O)NCCCC[C@H](NC(=O)[C@@H](NC(=O)CNC(=O)CNC(=O)[C@@H](NC(=O)[C@@H]([NH3+])CO)[C@@H](C)O)C(C)C)C(=O)N[C@@H](CCCC[NH3+])C(=O)N1CCC[C@H]1C(=O)N[C@@H](Cc1c[nH]cn1)C(=O)N[C@@H](CCCNC(N)=[NH2+])C(=O)N[C@@H](Cc1ccc(O)cc1)C(=O)N[C@@H](CCCC[NH3+])C(=O)N[C@@H](CS)C(=O)[O-]
5hfc,CC(C)[C@H](NC(=O)[C@H](CO)NC(=O)[C@H](Cc1ccccc1)NC(=O)[C@H](CCC(N)=O)NC(=O)[C@H](CCCC[NH3+])[NH2+][C@@H](O)[C@H](Cc1ccc(O)cc1)NC(=O)[C@@H]([NH3+])CC(N)=O)C(=O)[O-]
3mwe,O=C([O-])[C@H](O)[C@@H](O)C(=O)[O-]
5nqr,Cc1cccc(-c2nnc(Cn3c(N(C)C)nc4c3c(=O)n(C)c(=O)n4C)o2)c1
5tyk,OBc1ccc(OCc2ccccc2F)c(Cl)c1
2o48,CC(=O)c1ccc(O)cc1
6b4h,O=P(O)(O)OC1C(OP(=O)(O)O)C(OP(=O)(O)O)C(OP(=O)(O)O)C(OP(=O)(O)O)C1OP(=O)(O)O
6ovz,O=CONC(=O)OCc1ccccc1
2ha0,C[C@@H](O)CCC[N+](C)(C)C
6byk,CC(C)[C@H](NC(=O)[C@@H]1CCC[NH2+]1)C(=O)N[C@@H](CO)C(=O)N[C@@H](CCC(N)=O)C(=O)N[C@@H](C)C(=O)[O-]
5y7k,CC(C)(C)OC[C@@H]1C(=O)NCCN1C(=O)C[C@H]([NH3+])Cc1cc(F)c(F)cc1F
2rnw,CC(=O)NCCCC[C@H](NC(=O)[C@H](CCCNC(N)=[NH2+])NC(=O)[C@H](C)NC(=O)[C@@H](NC(=O)[C@H](CCC(N)=O)NC(=O)[C@H](CCCC[NH3+])NC(=O)[C@@H](NC(=O)[C@H](CCCNC(N)=[NH2+])NC(=O)[C@H](C)[NH3+])[C@@H](C)O)[C@@H](C)O)C(=O)N[C@@H](CO)C(=O)N[C@H](C(=O)NCC(=O)NCC(=O)N[C@@H](CCCC[NH3+])C(=O)N[C@@H](C)C(=O)[O-])[C@@H](C)O
4n7g,CC(C)C[C@H](NC(=O)CNC(=O)[C@@H]([NH3+])CCC(N)=O)C(=O)N[C@@H](CC(C)C)C(=O)N[C@@H](CC(=O)[O-])C(=O)N[C@@H](C)C(=O)N[C@@H](CC(C)C)C(=O)N[C@@H](CC(=O)[O-])C(=O)N[C@@H](CC(C)C)C(=O)N[C@@H](C)C(=O)N[C@@H](CO)C(=O)[O-]
3d3x,CC[C@H](C)[C@H](NC(=O)[C@H](C)[NH3+])C(=O)N[C@@H](CCSC)C(=O)[O-]
6cqf,CC(C)n1ncc2cnc(Nc3cc([C@@H]4CC[NH2+]C4)nc(N4CCC(F)(F)C4)n3)cc21
5t2d,CN(C)S(=O)(=O)n1cc(-c2nc(-c3nc(C4(c5ccccc5)CC4)n(C)n3)cnc2N)cn1
1w80,CC(C)[C@H](NC(=O)[C@H](Cc1c[nH]c2ccccc12)NC(=O)CNC(=O)[C@H](CCCC[NH3+])NC(=O)[C@@H]1CCC[NH2+]1)C(=O)N[C@H](C(=O)N[C@@H](Cc1ccccc1)C(=O)N[C@@H](CCC(=O)[O-])C(=O)[O-])[C@@H](C)O
1tow,O=C([O-])CCCn1c2ccccc2c2ccccc21
6qtx,CC(C)[C@H](NC(=O)CNC(=O)[C@H](Cc1ccccc1)NC(=O)C[NH3+])C(=O)N[C@H](C(=O)N1CCC[C@H]1C(=O)N[C@@H](CO)C(=O)N[C@@H](Cc1ccccc1)C(=O)[O-])C(C)C
4g1f,Cn1c(=O)c2c(-c3ccccc3Br)c(C[NH3+])c(N)nc2n(C)c1=O
5qad,O=C([O-])c1cccc(-c2ccccc2F)c1
1w7x,COc1cc([C@@H](Nc2ccc(C(N)=[NH2+])cc2)C(=O)N[C@H](C(=O)[O-])c2ccccc2)ccc1OCc1ccccc1
2cm7,CC(=O)N[C@@H](Cc1ccccc1)C(=O)N[C@@H](Cc1ccc([C@@H]2CC(=O)NS2(=O)=O)cc1)C(N)=O
3fei,CCO[C@@H](Cc1ccc(OCc2csc(-c3ccc(Cl)cc3)n2)cc1C)C(=O)[O-]
4z7q,CC(C)[C@H](NC(=O)[C@H](CC(=O)[O-])NC(=O)CNC(=O)[C@H](C)[NH3+])C(N)=O
2i0d,COc1ccc(S(=O)(=O)N(CC(C)C)C[C@@H](O)[C@H](Cc2ccccc2)NC(=O)[C@@H]2CN(c3cccc(C(C)=O)c3)C(=O)O2)cc1
4ixv,[NH3+][C@@](CCCC[B-](O)([OH2+])[OH2+])(C(=O)[O-])[C@H]1CC[N@@H+](Cc2ccc(Cl)cc2)CC1
5mxx,Cc1ccc(C(=O)Nc2cc(C(F)(F)F)ccc2N2CC[NH+](C)CC2)o1
4nal,Oc1c(Cl)cc(Cl)cc1-c1[nH]c(Br)c(Br)c1Br
4dhs,O=C(COc1ccccc1P(=O)(O)O)Nc1cc(Cl)cc(Cl)c1
3os3,C#Cc1ccc(Nc2c(C(=O)NOCCO)cc(C[NH2+]OCCO)c(F)c2F)c(F)c1
4qwj,CC(C)C[C@H](NC(=O)[C@H](CCc1ccccc1)NC(=O)C[NH+]1CCOCC1)C(=O)N[C@@H](Cc1ccccc1)C(=O)N[C@@H](CC(C)C)[C@@H](O)[C@H](C)CO
1fwv,CC(=O)N[C@H]1[C@H](O)O[C@H](CO)[C@@H](O[C@@H]2O[C@@H](C)[C@@H](O)[C@@H](O)[C@@H]2O)[C@@H]1O[C@@H]1O[C@H](CO)[C@H](O)[C@H](OS(=O)(=O)[O-])[C@H]1O
2qlf,CC(C)C[C@H](NC(=O)[C@H](CC(N)=O)NC(=O)[C@@H]([NH3+])CC(=O)[O-])C(=O)N[C@H](C=O)CC(=O)[O-]
3n5k,CCCCCCCC(=O)O[C@@H]1[C@@H](OC(=O)[C@H](C)CC)[C@@H](C)[C@H]2[C@@H]3O[C@@H](O)[C@@](C)(O)[C@@]3(O)[C@@H](OC(=O)CCC)C[C@](C)(OC(C)=O)[C@@H]12
3gpj,CC(C)[C@H](NC(=O)N[C@H](C(=O)N[C@H]1CCCCNC(=O)CC[C@H](C(C)C)NC1=O)C(C)C)C(=O)[O-]
5a83,Cc1cncc(-c2ccc(N[C@@H]3CC[NH2+]C[C@H]3OCC3CCS(=O)(=O)CC3)c3[nH]c(=O)c(C)cc23)c1
2ath,CCCc1c(OCCCOc2ccc3c(ccn3CC(=O)[O-])c2)ccc2c(C(F)(F)F)noc12
4jt8,CC(C)(C)C(=O)NCCC1CCN(c2ncnc3cc(C(N)=O)sc23)CC1
2opb,O=S(=O)(c1ccc2c(c1)C[NH2+][C@@H](CF)C2)N1CCSCC1
2y4a,O=C(NCB(O)O)c1ccccc1Cl
1il4,Nc1nc2cc[nH]c2c(=O)[nH]1
5dxh,COC(=O)Nc1ccc2c(c1)OCCc1cc(-c3nncn3-c3ccccc3Cl)sc1-2
1rpa,O=C([O-])[C@@H](O)[C@H](O)C(=O)[O-]
4ezo,CC(C)C[C@H](NC(=O)[C@H](Cc1ccc(O)cc1)NC(=O)[C@@H]1CCCN1C(=O)[C@@H]1CCC[NH2+]1)C(=O)N1CCC[C@H]1C(=O)N[C@@H](CCCNC(N)=[NH2+])C(=O)N1CCC[C@H]1C(=O)N[C@@H](CCCNC(N)=[NH2+])C(=O)[O-]
4ci3,Nc1cccc2c1C(=O)N([C@H]1CCC(=O)NC1=O)C2=O
5npe,OC[C@@H]1[C@@H](O)[C@H](O)[C@@H](O)[C@@H]2[NH2+][C@@H]21
6hvh,Cn1ccc2ccc(-c3cc(Nc4cnccc4C(=O)NC4CCOCC4)cc4nccnc34)cc21
6npi,O=C([O-])c1ccccc1-n1cccc1
2wl5,CC(C)(COP(=O)(O)OP(=O)(O)OCC1OC(n2cnc3c(N)ncnc32)C(O)C1OP(=O)(O)O)C(O)C(=O)NCCC(=O)NCCS
3ob2,CC(C)CC(NC(=O)C(Cc1ccccc1)NC(=O)C([NH3+])CO)C(=O)NC(CCC(N)=O)C(=O)NC(CCCNC(=N)N)C(=O)NC(Cc1ccc(OP(=O)(O)O)cc1)C(=O)NC(COP(=O)(O)O)C(=O)NC(CO)C(=O)NC(CC(=O)O)C(=O)N1CCCC1C(=O)NC(C(=O)O)C(C)O
2h5a,O=P(O)(O)OC1OCC(O)C(O)C1O
4pv7,CS(=O)(=O)n1c(-c2ccc(Cl)cc2Cl)c(C[NH3+])c2ccccc21
5tys,CC(C)CN(C[C@@H](O)[C@H](Cc1cc(F)cc(F)c1)NC(=O)O[C@H]1[C@@H](C)C[C@H]2[C@@H](O)OC[C@@H]12)S(=O)(=O)c1ccc2nc(NC3CC3)sc2c1
4ixu,[NH3+][C@@](CCCC[B-](O)([OH2+])[OH2+])(C(=O)[O-])[C@@H]1C[C@@H]2CC[C@H](C1)[N@@H+]2Cc1ccc(Cl)c(Cl)c1
5aei,NC(=[NH2+])NCCC[C@H](NC(=O)[C@H](CCCC[NH3+])NC(=O)[C@H](CCCNC(N)=[NH2+])NC(=O)[C@H](CCCC[NH3+])NC(=O)[C@H](CCCNC(N)=[NH2+])NC(=O)[C@H](CCCC[NH3+])NC(=O)[C@H](CCCNC(N)=[NH2+])NC(=O)[C@H](CCCC[NH3+])NC(=O)[C@H](CCCNC(N)=[NH2+])NC(=O)[C@@H]([NH3+])CCCC[NH3+])C(=O)[O-]
1hqf,[NH2+]=C(NO)NCCC[C@H]([NH3+])C(=O)[O-]
3u18,COc1cc(-c2ccc(NNc3ccc4c(S(=O)(=O)[O-])cc(S(=O)(=O)[O-])c(N)c4c3O)c(OC)c2)ccc1/N=N/c1ccc2c(S(=O)(=O)[O-])cc(S(=O)(=O)[O-])c(N)c2c1O
3pka,CO[C@@H](C(=O)NCCOc1c(C)cc(C)cc1C)[C@H](O)[C@@H](O)[C@H](O)/C=C/C(C)(C)C
5mwj,NC(=[NH2+])NCCC[C@@H]1NC(=O)[C@@H](NC(=O)[C@@H]([NH3+])Cc2ccccc2)Cc2cn(c3ccccc23)CCCC[C@@]2(C(=O)N[C@@H](Cc3c[nH]c4ccccc34)C(=O)[O-])CCCN2C1=O
3wk9,Nc1ncc(Cc2ccc(Br)cc2)s1
1jlx,CC(=O)N[C@H]1[C@@H](OCc2ccccc2)O[C@H](CO)[C@H](O)[C@@H]1O[C@@H]1O[C@H](CO)[C@H](O)[C@H](O)[C@H]1O
5j32,CC(C)[C@H](C(=O)[O-])[C@@H](O)C(=O)[O-]
2wtc,COc1cc(-c2cnc(N)c(-c3ccc(C(N)=O)cc3)c2)ccc1O
2r02,CC(C)C[C@H](NC(=O)[C@H](CO)NC(=O)[C@H](CCCNC(N)=[NH2+])NC(=O)[C@H](CC(C)C)NC(=O)[C@H](CO)NC(=O)[C@@H](NC(=O)[C@H](CC(C)C)NC(=O)[C@@H]1CCCN1C(=O)[C@H](Cc1ccc(O)cc1)NC(=O)[C@H](CC(C)C)NC(=O)[C@@H]([NH3+])CCC(=O)[O-])[C@@H](C)O)C(=O)O
2ajl,[NH3+]C[C@@H]1CCCN1C(=O)[C@@H]([NH3+])Cc1ccc(-c2ccccc2)cc1
1ibc,CC(=O)N[C@@H](Cc1c[nH]c2ccccc12)C(=O)N[C@@H](CCC(=O)[O-])C(=O)N[C@@H](Cc1cnc[nH]1)C(=O)N[C@H](CO)CC(=O)[O-]
4ikt,Cc1nc(-c2ccccn2)nc(NCCNc2ccc(C(F)(F)F)cn2)c1Cl
8hvp,CC[C@H](C)[C@H](NC(=O)[C@@H](C[C@H](O)[C@H](CC(C)C)NC(=O)[C@H](CC(N)=O)NC(=O)[C@H](CCC(N)=O)NC(=O)[C@H](CO)NC(=O)[C@@H]([NH3+])C(C)C)C(C)C)C(=O)N[C@H](C(=O)[O-])C(C)C
1bjr,CC(C)C[C@H](NC(=O)CNC(=O)[C@H](C)NC(=O)[C@H](C)NC(=O)CNC(=O)CNC(=O)[C@H](CCC(N)=O)NC(=O)[C@H](C)NC(=O)[C@@H]([NH3+])C(C)C)C(=O)N[C@@H](C)C=O
5xzr,CC1(C)CC(Nc2nc(-c3cccc(-c4ccccc4)c3)cs2)CC(C)(C)[NH2+]1
5iok,C/C=C/C(=O)NCCCC[C@H](NC(=O)[C@H](CCCNC(N)=[NH2+])NC(=O)[C@H](C)NC(=O)[C@@H](NC(=O)[C@H](CCC(N)=O)NC(C)=O)[C@@H](C)O)C(=O)N[C@@H](CO)C(=O)N[C@H](C(=O)[O-])[C@@H](C)O
2jjr,[NH3+]C(CCO)(CCO)CCO
4e8z,O=C([O-])COc1ccc2sc(CNc3nncc(-c4c(Cl)cccc4Cl)n3)nc2c1
3okh,O=C([O-])c1ccc2nc(-c3ccc(Cl)cc3)n([C@H](C(=O)NC3CCCCC3)C3CCCCC3)c2c1
6eqa,CC[C@H](C)[C@H](NC(=O)CNC(=O)[C@H](C)NC(=O)[C@H](C)[NH3+])C(=O)NCC(=O)N[C@H](C(=O)N[C@@H](CC(C)C)C(=O)N[C@H](C(=O)N[C@H](C(=O)[O-])C(C)C)[C@@H](C)O)[C@@H](C)CC
1t1s,O=P(O)(O)C(Nc1ccc(Cl)cn1)P(=O)(O)O
5f67,CC[C@H](C)[C@H](NC(=O)[C@H](CCSC)NC(=O)[C@H](C)NC(=O)CNC(=O)[C@@H](NC(=O)[C@@H](NC(=O)[C@@H](NC(=O)[C@H](CO)NC(=O)[C@H](CCCC[NH3+])NC(=O)CNC(=O)[C@H](CCCNC(N)=[NH2+])NC(=O)[C@H](CO)NC(=O)CNC(=O)[C@@H]1CCCN1C(=O)C[NH3+])[C@@H](C)O)C(C)C)[C@@H](C)O)C(=O)N[C@@H](CO)C(=O)NCC(=O)N[C@@H](Cc1c[nH]c2ccccc12)C(=O)N[C@@H](CC(C)C)C(=O)[O-]
5wbf,C[C@@H](O)C(=O)[O-]
1jpl,CC[C@H](C)[C@H](NC(=O)[C@H](Cc1cnc[nH]1)NC(=O)[C@H](CC(C)C)NC(=O)[C@H](CC(C)C)NC(=O)[C@H](CC(=O)[O-])NC(=O)[C@H](CCC(=O)[O-])NC(=O)[C@H](CC(=O)[O-])NC(=O)[C@@H]([NH3+])CO)C(=O)[O-]
1prm,CC(C)C[C@H](NC(=O)[C@@H]1CCCN1C(=O)[C@@H]1CCCN1C(=O)[C@H](C)NC(=O)[C@H](Cc1ccccc1)NC(=O)[C@H](C)[NH3+])C(=O)N1CCC[C@H]1C(=O)N[C@@H](CCCNC(N)=[NH2+])C(=O)N[C@@H](CCCNC(N)=[NH2+])C(=O)[O-]
6rj2,CC(=O)NS(=O)(=O)c1ccc([C@@H](C)NC(=O)c2cc(-c3ccccc3)nn2C)cc1
1ro7,CC(=O)NC1C(O)C(F)C(OP(=O)(O)OCC2OC(n3ccc(N)nc3=O)C(O)C2O)(C(=O)O)OC1C(O)C(O)CO
6fvm,CC(=O)N[C@@H](CCC(N)=O)C(=O)N[C@@H](CC1CCCCC1)C(=O)N[C@@H](CC(=O)[O-])C(=O)N[C@@H](CC(C)C)C(=O)N[C@@H](Cc1ccccc1)C(=O)[O-]
5wpb,O=C([O-])CCc1nc2ccccc2nc1OCc1ccccn1
6e6j,CCNC(=O)c1cc2c(-c3cc(C(C)(C)O)ccc3Oc3c(C)cc(F)cc3C)cn(C)c(=O)c2[nH]1
3hqy,c1ccc2nc(COc3ccc(-c4n[nH]cc4Cc4ccncc4)cc3)ccc2c1
6o4w,COc1cc2c(cc1OC)C(O)[C@H](C[C@H]1CC[N@H+](Cc3ccccc3)CC1)C2
6e4f,O=C(c1ccc(Oc2ccccc2)cc1Cl)c1c[nH]c2ncnc(N[C@@H]3CC[C@@H](CO)OC3)c12
5lxp,C[C@@H](Cn1cc(CNC(=O)CCCC(=O)Nc2cccc(C(N)=O)c2)nn1)c1ccccc1
4txs,N#CCc1ccc(O)cc1
6h14,O=C(Nc1cc(-c2cn(CCNc3c4c(nc5ccccc35)CCCC4)nn2)ccn1)Nc1cccc2c1[C@@H]1CCCCN1C2=O
2kzu,CC(C)C[C@H](NC(=O)[C@H](CCC(=O)[O-])NC(=O)[C@H](CO)NC(=O)[C@H](CC(=O)[O-])NC(=O)[C@H](CO)NC(=O)[C@H](CC(=O)[O-])NC(=O)[C@H](CCC(=O)[O-])NC(=O)[C@H](CCC(N)=O)NC(=O)[C@H](CO)NC(=O)C[NH3+])C(=O)N[C@@H](CCC(=O)[O-])C(=O)N[C@@H](CCC(N)=O)C(=O)N[C@@H](Cc1ccc(O)cc1)C(=O)N[C@@H](Cc1ccccc1)C(=O)N[C@H](C(=O)N[C@@H](C)C(=O)N[C@@H](CCCNC(N)=[NH2+])C(=O)N[C@@H](Cc1c[nH]c2ccccc12)C(=O)[O-])[C@@H](C)O
1oxn,CC(C)[C@H](NC(=O)[C@H](C)NC(=O)[C@H](CCC(=O)[O-])NC(=O)[C@H](C)[NH3+])C(=O)[O-]
4ayr,OC[C@H]1C[NH2+][C@@H](O)[C@@H](O)[C@@H]1O
3cde,CC(C)CCn1nc(-c2cccs2)c(O)c(C2=Nc3ccc(NS(C)(=O)=O)cc3S(=O)(=O)N2)c1=O
5o7n,O=C([O-])[C@H]1CCCCN1C(=O)[C@@H](CS)Cc1ccccc1
6dcz,O=C([O-])c1occc(=O)c1O
4mrh,Cc1cc(N)c(N)cc1Cl
4lv2,OB(O)c1cnn(-c2cc(Cl)ncn2)c1
6mvu,CC(=O)Oc1ccc([N+](=O)[O-])cc1
6ps0,CC(C)[NH2+]C[C@H](O)COc1cccc2[nH]c3ccccc3c12
5dms,CCC(C)C(NC(=O)C(NC(=O)C(CO)NC(=O)C(NC(=O)C([NH3+])CCCC[NH3+])C(C)O)C(C)OP(=O)(O)O)C(=O)O
5t54,CC(=O)N[C@H]1[C@@H](O[C@H]2[C@@H](O)[C@@H](CO)O[C@H](O)[C@@H]2O[C@@H]2O[C@@H](C)[C@@H](O)[C@@H](O)[C@@H]2O)O[C@H](CO)[C@H](O)[C@@H]1O
6ncj,Cc1nc2c(c(-c3cc(F)c4c(c3C)CCCO4)c1[C@H](OC(C)(C)C)C(=O)[O-])C[N@@H+](C[C@H]1C[C@H]1c1ccccc1)CC2
4nxo,O=C(C[C@@H](Cc1ccc2ccccc2c1)n1cc(CNC(=O)c2ccc(F)cc2)nn1)NO
4a23,CNC(=O)c1cc([N+](=O)[O-])c(N(C)C)cc1OC
3uda,CO[C@@H]1O[C@@H](C(=O)[O-])[C@@H](O[C@H]2O[C@H](COS(=O)(=O)[O-])[C@@H](O)[C@H](OS(=O)(=O)[O-])[C@H]2NS(=O)(=O)[O-])[C@H](O)[C@H]1OS(=O)(=O)[O-]
2avv,CC(C)(C)NC(=O)[C@@H]1C[N@H+](Cc2cccnc2)CC[N@H+]1C[C@@H](O)C[C@@H](Cc1ccccc1)C(=O)N[C@H]1c2ccccc2C[C@H]1O
4jfe,CC[C@H](C)[C@H](NC(=O)CNC(=O)[C@H](C)NC(=O)[C@H](CC(C)C)NC(=O)[C@@H]([NH3+])CCC(=O)[O-])C(=O)NCC(=O)N[C@@H](C)C(=O)N[C@@H](CC(C)C)C(=O)N[C@H](C(=O)N[C@H](C(=O)[O-])C(C)C)[C@@H](C)O
6ew7,O=C([O-])c1ccc(Nc2ncc(Cl)c(Nc3ccc(F)cc3)n2)cc1Cl
4nah,CCc1cc(Sc2ncc(C(=O)[O-])[nH]2)nc([C@H]2CCCC[C@@H]2C(=O)NCc2ccc(Cl)c(Cl)c2)n1
2nxd,CC[C@H](C)[C@H](NC(=O)[C@H](C)NC(=O)[C@H](C)[NH3+])C(=O)N[C@@H](Cc1ccccc1)C(=O)N[C@@H](Cc1ccc(O)cc1)C(=O)N[C@@H](CC(C)C)C(=O)N[C@@H](C)C(=O)NCC(=O)O
5uwm,CNC(=O)[C@H](NC(=O)c1ccc(-c2ccc(CSc3nc4c(c(=O)[nH]3)CCC4)cc2)o1)C(C)C
2cmc,CC(=O)NC(Cc1ccccc1)C(=O)NC(Cc1ccc(C(F)(F)P(=O)(O)O)cc1)C(N)=O
5myv,Cc1ccc(C(=O)Nc2cc(C(F)(F)F)ccc2N2CC[NH+](C)CC2)o1
5xvf,Cn1cnc(Nc2nc(N3CCC([NH3+])CC3)nc3ccc(Cl)cc23)c1
5ekg,C[C@@H](O)[C@H](NC(=O)[C@H](CCCC[NH3+])NC(=O)[C@H](CCCNC(N)=[NH2+])NC(=O)[C@H](CCCC[NH3+])NC(=O)[C@@H]([NH3+])CCCNC(N)=[NH2+])C(=O)[O-]
5obr,O=C([O-])c1cc(-c2cc(F)cc(Cl)c2)nc2ccccc12
2gvf,CCC[C@H](NC(=O)[C@@H]1C[C@@H]2CN1C(=O)[C@H](C1CCCCC1)NC(=O)CCc1cccc(c1)OCCO2)[C@@H](O)C(=O)NCC(=O)N[C@H](C(=O)N(C)C)c1ccccc1
6mdc,C[C@@H]1OCC2(CCN(c3[nH+]c4[nH]nc(-c5ccnc(NC6CC6)c5Cl)c4c(=O)n3C)CC2)[C@@H]1[NH3+]
4o55,Cc1nc(-c2nc3ccc(Cl)cc3[nH]2)c(C)c(-c2ccccc2)c1[C@H](OC(C)(C)C)C(=O)[O-]
1ybo,C[C@H](NC(=O)[C@H](Cc1ccc(O)cc1)NC(=O)[C@H](Cc1ccccc1)NC(=O)[C@H](CCC(=O)[O-])NC(=O)[C@H](CC(N)=O)NC(=O)[C@@H]([NH3+])[C@@H](C)O)C(=O)[O-]
6cf6,C[C@H]([NH3+])C(=O)N[C@@H](C)C(=O)N[C@@H](CCCNC(N)=[NH2+])C(=O)N[C@@H](CCC(=O)[O-])C(=O)N[C@@H](CO)C(=O)N[C@@H](CO)C(=O)N[C@@H](C)C(=O)N[C@@H](CC(=O)[O-])C(=O)NCC(=O)N[C@@H](C)C(=O)N[C@@H](CC(=O)[O-])C(=O)N[C@@H](CO)C(=O)[O-]
4i60,O=C1NC2CSC(CCCCC(=O)C3=C4C5=C6C3[Rh]4563789C4=C3C7C8=C49)C2N1
5vo2,CC(C)n1nc(-c2cnc(N)c(C(F)(F)F)c2)cc1[C@H]1CC[N@H+](C2COC2)CC1
2vd4,COCCCN(C(=O)c1ccc(Cl)cc1)[C@H]1CCC[N@@H+](CCc2ccccc2)C1
1exw,CCCCCCCCCCCCCCCC[S@H+](=O)[O-]
4o2a,N#CCCNc1nonc1-c1nc2ccccc2n1CC(=O)c1ccc(N)cc1
3zmp,CC([NH3+])C(=O)NC(Cc1ccc(C(F)(F)P(=O)(O)O)cc1)C(=O)NC(C)C(=O)O
1k2v,CC1=[O+][Fe+7]2345ON(C)C(=[O+]2)CCC(=O)NCCCCCN(O3)C(=[O+]4)CCC(=O)NCCCCCN1O5
3ayd,CC(=O)N[C@H]1[C@@H](Oc2ccc([N+](=O)[O-])cc2)O[C@H](CO)[C@H](O)[C@@H]1O[C@@H]1O[C@H](CO)[C@H](O)[C@H](O)[C@H]1O
2xwd,CC/N=C1/OC[C@@H]2[C@@H](O)[C@H](O)[C@@H](O)[C@H](O)N12
3uii,C[C@H]([NH3+])C(=O)N[C@@H](CCCNC(N)=[NH2+])C(=O)N[C@H](C(=O)N[C@@H](CCCC[NH3+])C(=O)[O-])[C@@H](C)O
5owa,Cc1nc(C)c(C(=O)Nc2nc(C[N@H+]3C[C@@H](C)C[C@@H](C)C3)cs2)o1
3qcl,O=C([O-])c1ccc(C#CCCO)cc1SCc1ccc(Cl)c(Cl)c1
4pvt,O=C([O-])[C@@H](S)Cc1c(Cl)ccc(Cl)c1Cl
3p50,CC(C)c1cccc(C(C)C)c1O
4bdd,CC(C)(C)NC(=O)Nc1ccc2nccnc2c1
1obx,CC(C)[C@H](NC(=O)[C@H](CO)NC(=O)[C@@H]([NH3+])CC(=O)[O-])C(=O)N[C@@H](Cc1ccccc1)C(=O)[O-]
5hh4,O=C(O)c1cccc(CP(=O)(O)O)n1
4g0l,[NH3+][C@@H](CCC(=O)N[C@@H](CS)C(=O)NCC(=O)[O-])C(=O)[O-]
1bmq,CC(C)[C@H](NC(=O)c1ccc2ccccc2c1)C(=O)N1CCC[C@H]1C(=O)N[C@H](CO)CC(=O)NS(C)(=O)=O
3rx5,OC[C@H]1O[C@@H](O[C@@H]2[C@@H](CO)O[C@@H](O[C@H]3[C@H](O)C[NH2+]C[C@@H]3CO)[C@H](O)[C@H]2O)[C@H](O)[C@@H](O)[C@@H]1O
3i0r,Cc1ccc2c(c1)CCCN2C(=O)SCC(=O)Nc1ccc(S(N)(=O)=O)cc1Cl
4uuq,O=CN1CCC(CNS(=O)(=O)c2ccc(Cl)cc2)CC1
3o9b,CC[C@H](C)CN(C[C@@H](O)[C@H](Cc1ccccc1)NC(=O)O[C@H]1CO[C@H]2OCC[C@@H]12)S(=O)(=O)c1ccc(CO)cc1
6gy5,CC(C)C[C@H]([NH3+])C(=O)NCC(=O)N[C@@H](CC(C)C)C(=O)N1CCC[C@H]1C(=O)N[C@@H](CC(=O)[O-])C(=O)N[C@@H](CC(C)C)C(=O)N[C@H](C(=O)N[C@@H](C)C(=O)N[C@@H](CCCC[NH3+])C(=O)N[C@@H](Cc1ccc(O)cc1)C(=O)N[C@@H](CC(N)=O)C(=O)[O-])C(C)C
4fci,NC(=[NH2+])NC[C@H]([NH3+])C(=O)[O-]
4yad,COc1ccc(S(=O)(=O)Nc2ccc3c(c2)CCC(=O)N3C)c(OC)c1
2gbg,CC#C[C@H]1CC[C@@H](C=N)N1C(=O)[C@@H]([NH3+])C1CCCC1
4pkt,Cc1cc(S(=O)(=O)N(Cc2ccc([N+](=O)[O-])cc2)[C@H](C)C(=O)NO)ccc1F
5w8v,Nc1nc2c(ncn2CC(COCCP(=O)(O)O)COCP(=O)(O)O)c(=O)[nH]1
5-Mar,OCCCc1nc(-c2ccc(Cl)cc2)no1
4wx7,COc1ccc(C(=O)NCC(=O)NCC=N)cc1C(=O)C(C)(C)c1cc(Cl)cc(Cl)c1
4ep2,CC(C)[C@H](NC(=O)[C@H](Cc1ccc(O)cc1)NC(=O)[C@H](Cc1ccccc1)NC(=O)[C@@H](NC(=O)[C@H](CCC(=O)[O-])NC(=O)[C@H](C)[NH3+])[C@@H](C)O)C(=O)N[C@@H](CC(=O)[O-])C(=O)[O-]
6s7k,CNS(=O)(=O)c1ccc(OC)c(NC(=O)Cc2n[nH]c(=O)c3ccccc23)c1
2i5f,O=P(O)(O)OC1C(O)C(OP(=O)(O)O)C(OP(=O)(O)O)C(OP(=O)(O)O)C1OP(=O)(O)O
1gni,CCCCCCCC/C=C\CCCCCCCC(=O)[O-]
2za3,O=c1ccn(C2OC(COP(=O)(O)O)C(O)C2O)c(=O)[nH]1
3m8p,Cc1cc(C#N)cc(C)c1Oc1nc(Nc2ccc(C#N)cc2)nc(N)c1Br
5zwf,C=C1[C@H](O)CC(=C/C=C2\CCC[C@@]3(C)[C@H]2CC[C@@H]3[C@H](C)CCC(=O)CCC)C[C@H]1O
2xup,Nc1ccc2c(c1)C(c1ccccc1)N(CCCCCCc1cnnn1CCNc1c3ccccc3nc3ccccc13)c1cc(N)ccc1-2
3.00E+51,CC(C)CCn1nc(N2CCCC2)c(O)c(C2=Nc3ccc(NS(C)(=O)=O)cc3S(=O)(=O)N2)c1=O
1yrs,CC(=O)N1N=C(c2ccccc2Cl)C[C@H]1c1cccc(O)c1
3h5s,Cc1cc(CN2C(=O)C(C3=NS(=O)(=O)c4c3ccc3c4CN(S(C)(=O)=O)CC3)=C(O)[C@@H]2C(C)(C)C)ccc1F
6rk4,C[C@@H](NC(=O)[C@H](CCCCNC(=O)CNC(=O)CNC(=O)CNC(=O)CNC(=O)C[NH3+])NC(=O)CC[C@@H]([NH3+])C(N)=O)C(=O)[O-]
4qbm,CC(=O)NCCCC[C@H](NC(=O)[C@H](C)NC(=O)C[NH3+])C(=O)N[C@@H](CCCNC(N)=[NH2+])C(=O)N[C@@H](Cc1c[nH]cn1)C(=O)N[C@@H](CCCNC(N)=[NH2+])C(=O)N[C@@H](CCCCNC(C)=O)C(=O)N[C@H](C(=O)N[C@@H](CC(C)C)C(=O)[O-])C(C)C
4q15,O=C(C[C@H]1[NH2+]CCC[C@@H]1O)C[n+]1c[nH]c2cc(Br)c(Cl)cc2c1=O
4xct,CC(C)ON([C@@H](C(=O)N=O)C(C)C)S(=O)(=O)c1ccc(-c2ccccc2)cc1
3dej,CC(=O)O[C@H](C(=O)Nc1cccc2c1C(=O)C(=O)NC2=O)c1cccc(Cl)c1
4xuz,O=C([O-])C[C@@H]1CC[C@H](NC(=O)Cc2cccs2)B(O)O1
4yuw,C[C@H]1CC[C@H]([NH3+])CC1
4feq,O=C(NCCCN1CCCC1=O)c1cnc(NCCc2ccncc2)nc1NC1CCCC1
5mlw,CC[C@H](C)[C@H](NC(=O)[C@H](CC(=O)[O-])NC(=O)[C@H](CO)NC(=O)C[NH3+])C(=O)N[C@H](C(=O)N[C@@H](CCCNC(N)=[NH2+])C(=O)N[C@@H](Cc1ccccc1)C(=O)N[C@@H](CC(C)C)C(=O)N[C@H](C(=O)N[C@@H](CCCC[NH3+])C(=O)N[C@@H](CCCC[NH3+])C(=O)[O-])C(C)C)[C@@H](C)O
2p99,N=NC(=O)c1ccc(-c2ccccc2Cl)o1
4wh7,N#Cc1ccc(O)cc1F
5kjn,O=C(NCCC[NH+]1CC=CC1)c1cncc(-c2ccccc2N2CC[NH+](CCc3c[nH]c4ccccc34)CC2)c1
5vdv,Oc1c2ccccc2nc2nnnn12
1q6s,Cc1ccc2cc(-c3ccc(CC(Cc4ccc(C(F)(F)P(=O)(O)O)cc4)(c4ccccc4)n4nnc5ccccc54)cc3)cc(P(=O)(O)O)c2n1
6nlj,O=C1NC(=O)c2c(NCc3cccc(O)c3)cccc21
4n98,O=C([O-])c1ccc(-c2ccc(F)cc2)cc1
1toi,O=C([O-])CCc1ccccc1
5aib,O=C1COc2ccc(Cl)cc2N1
4m6q,O=C(NCc1ccc(S(=O)(=O)c2cccc(C(F)(F)F)c2)cc1)c1cnc2c(cnn2C2OC(COP(=O)(O)O)C(O)C2O)c1
1ahx,O=C([O-])CCc1ccccc1
5cei,CNC(=O)c1cc2c(Oc3ccc(I)cc3)cncc2s1
2xxn,CC[C@H](C)[C@H](NC(=O)[C@H](Cc1c[nH]c2ccccc12)NC(=O)[C@@H](NC(=O)[C@@H]([NH3+])CO)C(C)C)C(=O)N1CCC[C@H]1C(=O)N[C@H](C(=O)N[C@@H](CC(N)=O)C(=O)N[C@@H](CCC(=O)[O-])C(=O)NCC(=O)N[C@@H](C)C(=O)N[C@@H](CO)C(=O)N[C@H](C(=O)N[C@@H](CO)C(=O)NCC(=O)N[C@@H](CCSC)C(=O)[O-])[C@@H](C)O)C(C)C
5e1m,CC[C@H](C)[C@H](NC(=O)[C@H](CCCNC(N)=[NH2+])NC(=O)[C@H](CCCC[NH3+])NC(=O)[C@@H]1CCCN1C(=O)[C@@H]1CCC[NH2+]1)C(=O)N[C@@H](C)C(=O)[O-]
2idk,CN1c2c([nH]c(=[NH2+])[nH]c2=O)NC[C@@H]1CNc1ccc(C(=O)N[C@@H](CCC(=O)[O-])C(=O)[O-])cc1
3hg1,CC[C@H](C)[C@H](NC(=O)CNC(=O)[C@H](C)NC(=O)[C@H](CC(C)C)NC(=O)[C@@H]([NH3+])CCC(=O)[O-])C(=O)NCC(=O)N[C@H](C(=O)N[C@@H](CC(C)C)C(=O)N[C@H](C(=O)N[C@H](C(=O)[O-])C(C)C)[C@@H](C)O)[C@@H](C)CC
6ewe,O=C([O-])/C(S)=C/c1csc2ccccc12
2xp5,Cc1[nH]c(-c2ccccc2)nc1C(=O)[O-]
5ai6,Brc1cccc2ncccc12
2z5o,C[C@H]([NH3+])C(=O)N[C@@H](C)C(=O)N[C@@H](C)C(=O)N[C@@H](C)C(=O)N[C@@H](C)C(=O)N[C@@H](C)C(=O)N[C@@H](C)C(=O)N[C@@H](C)C(=O)N[C@@H](C)C(=O)N[C@@H](C)C(=O)[O-]
3ard,CCCCCCCCCCCCCCCCCCCCCCCCCC(=O)N[C@@H](CO[C@H]1O[C@H](CO)[C@H](O)C[C@H]1O)[C@H](O)CCCCCCCCCCCCCCC
5d29,O=C(CC[C@@H](Cc1ccc(C(=O)[O-])cc1)C(=O)[O-])NO
4gbz,CCCCCCCCCO[C@@H]1O[C@H](CO)[C@@H](O)[C@H](O)[C@H]1O
3evf,C[n+]1cn(C2OC(COP(=O)(O)O)C(O)C2O)c2nc(N)[nH]c(=O)c21
4xe0,CC[C@H](Nc1ncnc2nc[nH]c12)c1nc2cccc(F)c2c(=O)n1-c1ccccc1
4tk4,CC[C@H](C)[C@H](NC(=O)[C@H](CO)NC(=O)[C@@H]([NH3+])Cc1ccccc1)C(=O)N[C@H](C(=O)NCC(=O)N[C@H](C(=O)N[C@@H](CC(C)C)C(=O)N[C@@H](Cc1ccc(O)cc1)C(=O)N1CCC[C@H]1C(=O)[O-])[C@@H](C)O)C(C)C
6ovc,O=C(NS(=O)(=O)Cc1ccccc1)c1ccc2c(c1)N(CC1CCC1)C[C@H](c1ccc(Cl)cc1Cl)O2
6hp5,CSCC[C@H](NC(=O)C[NH3+])C(=O)N1CCC[C@H]1C(=O)N[C@@H](CCCNC(N)=[NH2+])C(=O)NCC(=O)N[C@@H](C)C(=O)[O-]
6nzt,CC[C@H]1[C@@H](C(=O)N[C@]2(C(=O)NS(=O)(=O)C3(C)CC3)C[C@H]2C(F)F)N2C[C@@H]1Oc1nc3cc(OC)ccc3nc1C(F)(F)CCCC[C@@H]1C[C@H]1OC(=O)N[C@@H](C(C)(C)C)C2=O
3tvw,O=C(c1cccc(-c2ccn[nH]2)c1)N1CC[N+](CC2=Cc3ccccc3OC2)CC1
1hnn,NS(=O)(=O)c1ccc2c(c1)C[NH2+]CC2
4yje,CC[C@H](C)[C@H](NC(=O)[C@H](CC(=O)[O-])NC(=O)CNC(=O)[C@H](CS)NC(=O)CNC(=O)[C@@H](NC(=O)[C@@H]([NH3+])CC(C)C)[C@@H](C)O)C(=O)N[C@H](C(=O)N[C@@H](C)C(=O)N[C@@H](CCC(=O)[O-])C(=O)[O-])[C@@H](C)CC
3wc5,[NH3+]CCCCC[C@@H](C[SeH5])C(=O)[O-]
6f5l,CC(C)C[C@H](NC(=O)O[C@@H](CCC(=O)[O-])C(=O)[O-])C(=O)[O-]
2k4i,CCCC(=O)OCC(COP(=O)(O)OC1C(O)C(O)C(OP(=O)(O)O)C(OP(=O)(O)O)C1O)OC(=O)CCC
5qa4,Cc1ccccc1-c1cccc(C(=O)[O-])c1
5ega,O=C(N/N=C/c1cc(O)c(O)c(O)c1)c1cc(O)c(O)c(O)c1
5l2z,Cc1cc2ccc1[C@@H](C)COC(=O)Nc1ccc(C3(C(=O)[O-])CCCCC3)c(c1)CN(C)C(=O)[C@@H]2Nc1ccc2c(N)ncc(F)c2c1
1i32,COc1cc(OC)cc(C(=O)N[C@@H]2[C@H](O)[C@@H](CO)O[C@H]2n2cnc3c(NCc4cccc5ccccc45)ncnc32)c1
1iq1,CC(C)C[C@H](NC(=O)[C@H](C)[NH3+])C(=O)N[C@@H](CCCC[NH3+])C(=O)N[C@@H](CCCNC(N)=[NH2+])C(=O)N[C@@H](CCCNC(N)=[NH2+])C(=O)N[C@@H](CC(N)=O)C(=O)N[C@H](C(=O)O)C(C)C
2wey,COc1ccc(Cc2nccc3cc(OC)c(OC)cc23)cc1OC
5l8o,C[C@H](CCC(=O)[O-])[C@H]1CC[C@H]2[C@H]3[C@H](C[C@H](O)[C@@]21C)[C@@]1(C)CC[C@@H](O)C[C@H]1C[C@H]3O
5lt9,NC(=[NH2+])NCCC[C@H]([NH3+])C(=O)[O-]
5y7w,CC(C)C[C@H]([NH3+])C(=O)N[C@@H](CC(C)C)C(=O)N1CCC[C@H]1C(=O)N1CCC[C@H]1C(=O)N[C@H](C(=O)N[C@@H](CCC(=O)[O-])C(=O)N[C@@H](CCC(N)=O)C(=O)N[C@@H](CC(=O)[O-])C(=O)N[C@@H](CC(C)C)C(=O)N[C@@]1(C)CCCCCCCC[C@@](C)(C(=O)N[C@@H](Cc2ccc(O)cc2)C(N)=O)NC(=O)[C@H](CC2CCCCC2)NC(=O)[C@H](CC(C)C)NC(=O)[C@H](CCCC[NH3+])NC1=O)[C@@H](C)O
1ihy,Nc1ncnc2c1ncn2C1OC(COP(=O)(O)OP(=O)(O)OCC2OC(O)C(O)C2O)C(O)C1O
5v35,C/C=C(\C)CC/C=C(\C)CCC=C(C)C
5hld,C[C@H]1CS[C@@H]([C@@H](C=O)NC(=O)Cc2cccs2)[NH2+][C@@H]1C(=O)[O-]
3zxh,CC(C)CCN([C@@H](C(=O)NO)C(C)C)S(=O)(=O)c1ccc2ccccc2c1
4ucv,COc1ccc(O)c2nc(C)c(C)nc12
1jwm,CC(C)C[C@H](NC(=O)[C@H](CCCC[NH3+])NC(=O)[C@H](CC(C)C)NC(=O)[C@@H](NC(=O)[C@H](CC(N)=O)NC(=O)[C@H](CCC(N)=O)NC(=O)[C@H](CCCC[NH3+])NC(=O)[C@@H](NC(=O)[C@H](Cc1ccc(O)cc1)NC(=O)[C@H](CCCC[NH3+])NC(=O)[C@@H]1CCC[NH2+]1)C(C)C)[C@@H](C)O)C(=O)N[C@@H](C)C(=O)N[C@H](C(=O)[O-])[C@@H](C)O
1zh7,CC[C@H](C)[C@H](NC(=O)[C@@H](NC(=O)[C@@H]1CCCN1C(=O)[C@H](Cc1c[nH]cn1)NC(=O)[C@@H]([NH3+])CO)[C@@H](C)O)C(=O)N[C@@H](CC(C)C)C(=O)N[C@@H](Cc1ccc(O)cc1)C(=O)N[C@H](C(=O)N[C@@H](CC(C)C)C(=O)N[C@@H](CC(C)C)C(=O)N[C@@H](CO)C(=O)[O-])[C@@H](C)O
3.00E+73,[NH3+][C@@H](CC[C@@H](O)[NH2+][C@@H](CS)[C@@H](O)[NH2+]CC(=O)[O-])C(=O)[O-]
5v5o,C[C@@H](O)[C@H](NC(=O)[C@H](CCCC[NH3+])NC(=O)[C@H](CCCNC(N)=[NH2+])NC(=O)CNC(=O)[C@H](CC(N)=O)NC(=O)[C@H](CCC(=O)[O-])NC(=O)C[NH3+])C(=O)N[C@@H](CCCNC(N)=[NH2+])C(=O)[O-]
1hyz,[AsH2]c1ccccc1
3vsx,CC(C)[C@H](C[C@H](O)[C@@H]([NH3+])C[N+]1CC(=O)N(c2ccccc2Cl)CC1(C)C)C(=O)NCC(C)(C)C(N)=O
3e8r,NC(=O)C1(Cc2ccc(OCc3cc(-c4ccccc4)nc4ccccc34)cc2)C[C@@H]1C(=O)NO
5vt1,Cc1ccc(Nc2nsnc(Nc3ccc(C(N)=O)cc3)c2=O)cc1O
6afl,O=C1[C@@H](O)c2cc(F)ccc2N1CCc1ccccc1
5b6g,C[C@H](NC(=O)OCc1ccccc1)C(=O)NCC(=O)N[C@@H](CCC(=O)[O-])C(=O)N[C@@H](C)C(=O)N[C@@H](CC1CCCC1)C(=O)N[C@@H](Cc1ccc(O)cc1)C(=O)N[C@@H](CCC(=O)[O-])C(N)=O
1rbo,O=C(O)C(O)(COP(=O)(O)O)C(O)C(O)COP(=O)(O)O
3qmk,O=C([O-])[C@@H]1O[C@@H](O[C@@H]2[C@@H](COS(=O)(=O)[O-])O[C@H](O[C@H]3[C@H](O)[C@@H](OS(=O)(=O)[O-])[C@H](O[C@@H]4[C@@H](COS(=O)(=O)[O-])O[C@H](O)[C@H](NS(=O)(=O)[O-])[C@H]4O)O[C@H]3C(=O)[O-])[C@H](NS(=O)(=O)[O-])[C@H]2O)[C@H](OS(=O)(=O)[O-])[C@@H](O)[C@@H]1O
3b2t,CP(=O)(O)OP(=O)(O)OCC1OC(n2cnc3c(N)ncnc32)C(O)C1O
3hxb,O=C(N[C@H](Cc1ccc(O)cc1)C(=O)N[C@@H](Cc1ccccc1)C(=O)N[C@@H](Cc1ccc(O)cc1)C(=O)[O-])OCc1ccccc1
2v16,CCCCNC(=O)[C@H](C)C[C@H](O)[C@@H]([NH3+])CC(C)(C)CC(=O)N1C[C@H](C(=O)OC)Cc2ccccc21
3tv5,O=C(c1c2ccccc2cc2ccccc12)N1CCC([N+]2CCC[C@@H](C(=O)N3CCOCC3)C2)CC1
6b31,CCn1c(=O)c2cc(NC(=O)C[C@H](C)CC(=O)Nc3ccc(C#N)c(Cl)c3)ccc2n(CC)c1=O
5tc0,CS(=O)(=O)N1CCO[C@H](c2csc(-c3ccccc3NC(=O)c3ncc[nH]3)n2)C1
3iaw,CCCC[C@@H](C[NH2+][C@@H](CCCC)[C@H](O)[NH2+][C@@H](CCC(N)=O)C(=O)N[C@@H](CCCNC(N)=[NH2+])C(N)=O)NC(=O)[C@@H](NC(=O)[C@@H](NC(C)=O)[C@@H](C)O)[C@@H](C)CC
6i78,CNc1c(F)c(F)c(-c2cn([C@@H]3[C@@H](O)[C@H](Sc4ccc(C)cc4)O[C@H](CO)[C@@H]3O)nn2)c(F)c1F
1ckb,CC(C)NC(=O)[C@H](CCCNC(N)=[NH2+])NC(=O)[C@@H]1CCCN1C(=O)[C@@H]1CCCN1C(=O)[C@@H](NC(=O)[C@@H]1CCCN1C(=O)[C@@H]1CCCN1C(=O)[C@@H]1CCC[NH2+]1)C(C)C
4wmu,Cc1cc(OCCCc2c(C(=O)[O-])[nH]c3cc(Cl)ccc23)cc(C)c1Cl
3dxg,O=c1ccn(C2OC(COP(=O)(O)O)C(O)C2O)c(=O)[nH]1
5mgl,CNC(=O)c1cc(Cl)ccn1
5znr,CC(C)[C@H](NC(=O)CNC(=O)CNC(=O)[C@@H](NC(=O)[C@H](C)NC(=O)[C@@H]1CCCN1C(=O)[C@H](C)NC(=O)[C@H](CO)NC(=O)[C@H](CCCC[N+](C)(C)C)NC(=O)[C@H](CCCNC(N)=[NH2+])NC(=O)[C@H](C)NC(=O)[C@H](C)NC(=O)[C@H](CCCC[NH3+])NC(=O)[C@@H](NC(=O)[C@H](C)[NH3+])[C@@H](C)O)[C@@H](C)O)C(=O)N[C@@H](CCCC[NH3+])C(=O)[O-]
5gmv,CC(C)CC(NC(=O)C(CC(=O)O)NC(=O)C(CC(C)C)NC(=O)C(NC(=O)C(CCC(=O)O)NC(=O)C(Cc1ccc(O)cc1)NC(=O)C(COP(=O)(O)O)NC(=O)C([NH3+])CC(=O)O)C(C)C)C(=O)O
5xs2,NC(=O)c1[nH]cc(-c2ccncc2)c1Cl
1rgl,Nc1nc2c(ncn2C2OC(CO)C(O)C2OP(=O)(O)O)c(=O)[nH]1
5d6f,COc1ccc(Cn2nnc3c2[C@](C)(O)CC[C@@H]3OC(=O)NC(C)C)cc1
3guz,CC(C)(CO)[C@@H](O)C(=O)[O-]
5ndb,O=C([O-])[C@@H]1[CH]S[C@H]2[C@@H]1C(O)(O)C2(Cl)Cl
3c6w,C[C@H]([NH3+])C(=O)N[C@@H](CCCNC(N)=[NH2+])C(=O)N[C@H](C(=O)N[C@@H](CCCC[N+](C)(C)C)C(=O)N[C@@H](CCC(N)=O)C(=O)N[C@H](C(=O)N[C@@H](C)C(=O)O)[C@@H](C)O)[C@@H](C)O
3tww,NC(=[NH2+])NCCC[C@H](NC(=O)[C@@H]([NH3+])CCC(N)=O)C(=O)N[C@@H](CCC(N)=O)C(=O)N[C@@H](CO)C(=O)N1CCC[C@H]1C(=O)N[C@@H](CC(=O)[O-])C(=O)NCC(=O)N[C@@H](CCC(N)=O)C(=O)N[C@@H](CO)C(=O)N[C@@H](Cc1ccccc1)C(=O)N[C@@H](CCCNC(N)=[NH2+])C(=O)N[C@@H](CO)C(N)=O
5twl,C[NH+](C)C[C@H]1CC[C@H](N2C(=O)NCc3cnc4ccc(-c5cc(Cl)c(O)c(Cl)c5)cc4c32)CC1
5akk,O=C1Cc2ccc(Br)cc2N1
2pj6,CC(C)C(NS(=O)(=O)CCc1ccccc1)P(=O)(O)CC(C(=O)O)c1cccc(C[NH3+])c1
4wp7,CC(C)CCn1c(C[NH+]2CCN(C(=O)c3ccco3)CC2)nc2c1c(=O)n(C)c(=O)n2C
4pvo,Cn1c(O)c(Cc2c(Cl)ccc(Cl)c2Cl)sc1=S
3vyd,CC(C)CCNC(=O)[C@@H]1C[NH2+]C[C@H](C[N+]2CC(=O)N(c3ccccc3Cl)CC2(C)C)C1
4mds,CCC(C)(C)NC(=O)[C@@H](c1cccn1C)N(C(=O)Cn1nnc2ccccc21)c1ccc(NC(C)=O)cc1
3vjk,Cc1cc(N2CC[NH+]([C@@H]3C[NH2+][C@H](C(=O)N4CCSC4)C3)CC2)n(-c2ccccc2)n1
1b9s,CCC(CC)C(=O)Nc1cc(C(=O)[O-])ccc1NC(C)=O
1iew,OC[C@H]1OC[C@H](F)[C@@H](O)[C@@H]1O
1gt5,OC(c1ccccc1)c1ccccc1
2rip,[NH3+][C@H]1CN(C(=O)c2cnc3ccccc3n2)C[C@H]1C(=O)N1CCCC1
1g4k,CC1(c2ccc(Oc3ccccc3)cc2)C(=O)NC(=O)NC1=O
5z95,COCCOCCOCCOCCOCCOc1ccc(C(C)(C)CC(C)(C)C)cc1
2giu,CCCC[C@@]12CCC(=O)C(Br)=C1c1ccc(O)cc1C2
2g0g,O=S(=O)(Nc1cc(-c2cccs2)nn1-c1ccc(F)cc1)c1cccc(F)c1
1skj,CN(CCCC1CCCCC1)C(=O)C(CCC(=O)O)NC(=O)N(CC(=O)O)Cc1ccc(OP(=O)(O)O)cc1
4twy,O=C[C@H](Cc1c[nH]cn1)[NH2+]C[C@@H]1C[C@H]2CCCC[C@@H]2CN1C(=O)c1ccc(-c2ccccc2)cc1
2o9a,C[C@H](O)C(=O)[O-]
5i5x,Cc1c(C(=O)Nc2nncs2)sc2nc[nH]c(=O)c12
2yhd,Oc1ccc(C2Nc3cccc4cccc(c34)N2)cc1O
3n8n,CC(C)(C)NC(=O)C1C[C@@](O)(C(=O)[O-])C[C@@H](O)[C@@H]1O
4ps7,CC(=O)Nc1nc2ccc(-c3cccnc3)cc2s1
5cgd,N#Cc1cc(Cl)cc(-c2cc(-c3ccc(F)cn3)ncn2)c1
3cj3,Nc1ccc(Br)cc1C(=O)N1CCC[C@@H]1Cc1ccccc1Cl
5igq,CC[C@H](C)[C@H](NC(=O)[C@H](CCC(N)=O)NC(=O)[C@H](CC(=O)[O-])NC(=O)[C@@H]([NH3+])CO)C(=O)N[C@H](C(=O)N1CCC[C@H]1C(=O)N[C@@H](CCC(=O)[O-])C(=O)N[C@@H](Cc1ccc(O)cc1)C(=O)N[C@@H](CCC(N)=O)C(=O)N[C@@H](CCC(=O)[O-])C(=O)N[C@@H](CC(=O)[O-])C(=O)[O-])C(C)C
6hry,CCCNC(=O)Nc1cccc(C)n1
4iu1,[NH2+]=C(N=O)NCC[C@H]([NH3+])C(=O)[O-]
3qci,Nc1cccc(S(=O)(=O)NC(=O)c2sccc2SCc2ccc(Cl)c(Cl)c2)c1
1tfz,COc1ccc(-c2c(S(C)(=O)=O)ccc(C(=O)[C@@H]3C=NN(C(C)(C)C)C3=O)c2C)cc1
6oz6,CSCC[C@H](NC(=O)N[C@@H](Cc1cccc(O)c1)C(=O)[O-])C(=O)N[C@H](C(=O)N/C=C1\O[C@@H](n2ccc(=O)[nH]c2=O)[C@H](O)[C@@H]1O)[C@H](C)N(C)C(=O)[C@@H]([NH3+])CC1=CC(=O)C=CC1
4ezj,CC(C)(O)[C@H]1CC[N@H+](Cc2ccc3nc(-c4c(F)ccc5[nH]ccc45)nc(N4CCOCC4)c3n2)CC1
2ycq,C/C(=N\Nc1ncc[nH]1)c1ccc(NC(=O)c2cc3cccc([N+](=O)[O-])c3[nH]2)cc1
5w5j,O=C(Nc1ccccc1Cl)c1cnn2ccccc12
2o1c,O=P(O)(O)OP(=O)(O)O
1g9t,Nc1nc2c(ncn2C2OC(COP(=O)(O)O)C(O)C2O)c(=O)[nH]1
1br8,CC[C@H](C)[C@H](NC(=O)[C@@H](NC(=O)[C@@H](NC(=O)[C@H](C)NC(=O)[C@@H](NC(=O)[C@H](CO)NC(=O)[C@H](C)NC(=O)[C@H](C)NC(=O)[C@H](C)NC(=O)[C@H](CCC(=O)[O-])NC(=O)[C@@H]([NH3+])CO)[C@@H](C)O)C(C)C)C(C)C)C(=O)N[C@@H](C)C(=O)[O-]
3hxd,CN(C(=O)[C@H](Cc1c[nH]cn1)NC(=O)OCc1ccccc1)[C@@H](Cc1ccccc1)C(=O)N[C@@H](Cc1ccc(O)cc1)C(=O)NO
3juq,O=C([O-])c1cc(Br)ccc1N[C@@H]1CCC[NH2+]C1
5v3o,O=C1CC[C@H](N2Cc3c(OCc4ccc(C[NH+]5CCOCC5)cc4)cccc3C2=O)C(=O)N1
4jdf,N/C=C/CC[NH2+]CCC[NH3+]
5n2d,COc1cc(OCc2cccc(-c3ccccc3)c2C)cc(OC)c1C[NH2+]CCNC(C)=O
1jd5,CC[C@H](C)[C@H](NC(=O)[C@H](C)[NH3+])C(=O)N[C@@H](C)C(=O)N[C@@H](Cc1ccc(O)cc1)C(=O)N[C@@H](Cc1ccccc1)C(=O)N[C@H](C(=O)N1CCC[C@H]1C(=O)N[C@@H](CC(=O)[O-])C(=O)[O-])[C@@H](C)CC
3btc,CN(C)c1ccc(C(c2ccccc2)c2ccc(N(C)C)cc2)cc1
2pv2,CC[C@H](C)[C@H](NC(=O)[C@H](CC(=O)[O-])NC(=O)[C@H](Cc1c[nH]c2ccccc12)NC(=O)[C@H](Cc1ccccc1)NC(=O)[C@H](CCCC[NH3+])NC(=O)[C@H](CC(C)C)NC(=O)[C@@H](NC(=O)[C@H](Cc1ccccc1)NC(=O)[C@@H]([NH3+])CC(N)=O)[C@@H](C)O)C(=O)N[C@@H](Cc1ccccc1)C(=O)N[C@@H](CCCNC(N)=[NH2+])C(=O)N[C@@H](CCCC[NH3+])C(=O)[O-]
1jdj,Fc1nc(Cl)c2nc[nH]c2n1
2vfz,O=c1ccn(C2OC(COP(=O)(O)OP(=O)(O)OC3OC(CO)C(O)C(O)C3F)C(O)C2O)c(=O)[nH]1
4nak,Oc1c(Br)cc(Br)cc1-c1[nH]c(Br)c(Br)c1Br
5ehn,Nc1ccc2c(c1)[C@H](c1ccccc1)N(CCCCCc1cnnn1CCNc1c3c(nc4ccccc14)CCCC3)c1cc(N)ccc1-2
5a6n,NS(=O)(=O)c1cccc(-c2nn[nH]n2)c1
5f4u,CN(Cc1ccc2c(c1)[C@H](NC(=O)C(=O)Nc1ccc(Cl)c(F)c1)[C@@H](CNC(N)=[NH2+])C2)C(N)=[NH2+]
5xpm,C=C1[C@H](O)CC(=C/C=C2\CCC[C@@]3(C)[C@H]2CC[C@@H]3[C@H](C)[C@@H](CCCC)CC[C@H](OC)c2ccc(O)cc2)C[C@H]1O
3btl,CN(C)c1ccc(C(c2ccccc2)c2ccc(N(C)C)cc2)cc1
3rqf,CC(C)C[C@H](NC(=O)[C@H](CCC(=O)[O-])NC(=O)[C@H](CC(C)C)NC(=O)[C@H](CC(C)C)NC(=O)[C@H](CC(C)C)NC(=O)[C@H](CCCNC(N)=[NH2+])NC(=O)[C@H](CC(=O)[O-])NC(=O)[C@H](CC(C)C)NC(=O)[C@H](CCC(=O)[O-])NC(=O)[C@@H]([NH3+])CO)C(=O)N[C@@H](CC(N)=O)C(=O)[O-]
2hob,CC1=C[C@@H](C(=O)N[C@@H](C)C(=O)N[C@H](C(=O)N[C@@H](CC(C)C)C(=O)N[C@H](CCC(=O)OCc2ccccc2)C[C@@H]2CCNC2=O)C(C)C)[NH2+]O1
4d2t,[NH3+]CCCOc1cc(-c2cn[nH]c2)ccc1C(=O)Nc1ccccc1
1g7p,CSCC[C@H](NC(=O)[C@@H]1CCCN1C(=O)[C@@H](NC(=O)[C@H](CCCNC(N)=[NH2+])NC(=O)[C@H](CO)NC(=O)[C@H](Cc1cnc[nH]1)NC(=O)[C@H](CC(=O)[O-])NC(=O)[C@H](CCCNC(N)=[NH2+])NC(=O)[C@@H]([NH3+])CO)[C@@H](C)O)C(=O)[O-]
4dwg,CCCCCCC[NH2+]CC(P(=O)(O)O)P(=O)(O)O
1yvf,O=C([O-])/C(=C/c1ccc(Oc2ccccc2Br)cc1)NC(=O)c1ccccc1
3ibc,CC(=O)N[C@@H](Cc1ccc(O)cc1)C(=O)N[C@H](C(=O)N[C@@H](C)C(=O)N[C@H](CO)CC(=O)[O-])C(C)C
5xhz,CC[C@H](NC(=O)[C@H](CCSC)NC(=O)[C@@H]1CCCN1C(=O)[C@@H](NC(=O)[C@@H]1CCCN1C(=O)[C@@H]([NH3+])CCCNC(N)=[NH2+])C(C)C)C(=O)N[C@@H](CCCNC(N)=[NH2+])C(=O)N[C@@H](Cc1c[nH]cn1)C(=O)N[C@H](C(=O)N[C@@H](Cc1ccccc1)C(=O)N[C@@H](CCCNC(N)=[NH2+])C(=O)[O-])[C@@H](C)CC
3dkg,Cn1cc(-c2ccc3nnc(Sc4ccc5ncccc5c4)n3n2)cn1
1vru,CC(=O)c1ccc(C)cc1N[C@H](C(N)=O)c1c(Cl)cccc1Cl
2i0g,Oc1ccc([C@@H]2Oc3ccc(O)cc3[C@@H]3CCC[C@@H]32)cc1
4x3r,O=C([O-])CC[C@H](NC(=O)N[C@@H](CCCCN(Cc1ccc(Br)cc1)C(=O)c1ccc(N2CCN(c3ccccc3)CC2)nc1)C(=O)[O-])C(=O)[O-]
4oue,CC(C)S[C@@H]1O[C@H](CO)[C@H](O)[C@H](O)[C@H]1O
2o22,CC1(C)CCN(c2ccc(C(=O)NS(=O)(=O)c3ccc(NC(C)(C)CSc4ccccc4)c([N+](=O)[O-])c3)cc2)CC1
2y68,O=C([O-])/C=C/C(=N/C(=O)c1cc(CNc2ccc(/C=C3\SC(=S)NC3=O)cc2)ccc1F)C(=O)[O-]
3eq7,O=C([C@@H]1CC(F)(F)CN1C(=O)CCN1C(=O)c2ccccc2C1=O)N1CCCC1
5ddc,FC(F)(F)Cc1cc2c(N3CCN(c4nnc(C(F)(F)F)s4)CC3)ncnc2s1
4jxv,O=C([O-])c1ccc(CCNS(=O)(=O)c2ccsc2C(=O)[O-])cc1
1kr3,CO[C@@H]1O[C@@H](C)Cc2oc3cc(O)c(O)c(C(=O)[O-])c3c(=O)c21
6bhe,CC[C@H](NC(=O)[C@H](C)[NH3+])C(=O)N[C@@H](CCCC[N+](C)(C)C)C(=O)N[C@@H](CO)C(=O)N[C@H](C(=O)NCC(=O)NCC(=O)N[C@@H](CCCCNC(C)=O)C(=O)N[C@@H](C)C(=O)N1CCC[C@H]1C(=O)N[C@@H](CCCNC(N)=[NH2+])C(=O)N[C@@H](C)C(=O)[O-])[C@@H](C)O
4eoy,CC(C)C[C@H](NC(=O)[C@H](Cc1c[nH]c2ccccc12)NC(=O)[C@H](CC(=O)[O-])NC(=O)[C@@H]([NH3+])CC(N)=O)C(=O)N[C@@H](CC(C)C)C(=O)N1CCC[C@H]1C(=O)N[C@@H](CO)C(=O)N[C@@H](Cc1ccc(O)cc1)C(=O)[O-]
5vsd,CCCN(C)c1nc(N[C@H]2CC[N@H+](C)CC2)c2cc(OC)c(OC)cc2n1
3ogp,CC(C)CN(C[C@@H](O)[C@H](Cc1ccccc1)NC(=O)O[C@H]1CO[C@H]2OCC[C@@H]12)S(=O)(=O)c1ccc(N)cc1
2jk7,CC[C@H]([NH2+]C)C(=O)N[C@H]1CCCC[C@H]2CC[C@@H]([C@@H](O)[NH2+]C(c3ccccc3)c3ccccc3)N2C1=O
2f71,CNC(=O)[C@@H]1Cc2ccc(NS(=O)(=O)[O-])cc2CN1C(=O)CCc1cccc(C(=O)[O-])c1
4fxy,C[C@H](NC(=O)N[C@H]1[C@@H]2C[C@H]3C[C@@H](C2)C[C@@H]1C3)C(=O)N1CC[C@H](c2ccccc2Cl)N1c1ccccc1F
5qaw,O=C([O-])c1cccc(-c2ccc3ccccc3c2)c1
4e8w,COc1cccc(OC)c1-c1cnnc(NCc2nc3cc(OCC(=O)[O-])ccc3s2)n1
5yof,CC(=O)N[C@@H](CCCC[NH3+])C(=O)N[C@H](C=O)CCCNC(N)=[NH2+]
4zxy,Nc1nccc2cc(N[C@H]3C(=O)NCc4cccc(c4)NC(=O)CCCc4ccc3cc4)ccc12
4wvt,C[NH2+][C@@H](C)C(=O)N[C@H]1Cc2ccc(cc2)OCc2cn(nn2)CCCOc2ccc(cc2)C[C@@H](C(=O)[O-])NC(=O)[C@H](Cc2ccccc2)NC(=O)[C@@H]2CCCN2C1=O
2yoh,Cc1cn([C@@H]2C[C@H](O)[C@@H](CNC(=O)Nc3ccc([N+](=O)[O-])cc3)O2)c(=O)[nH]c1=O
3n1w,O=C([O-])Cc1csc2ccc(Cl)cc12
4o24,CC(C)CN1C(=O)/C(=C/c2ccc(O)cc2)SC1=S
6fym,Cc1ccc2c(=O)[nH]c(CSc3ncccn3)nc2c1C
5tg6,CC(C)(C)OC(=O)Nc1ccc2c(c1)B(O)OC2
2qwg,CCN(CC)C(=O)[C@@H]1OC(C(=O)[O-])=C[C@H]([NH3+])[C@H]1NC(C)=O
5whc,C[N@H+]1CC[C@H](c2noc(-c3ccc(O)cc3)n2)CC1
6h9v,CO[C@@H]1O[C@@H](C)[C@@H](O)[C@@H](O)[C@@H]1O
1vgc,CC(=O)N[C@@H](Cc1ccc(Cl)cc1)B(O)O
5vee,CCN1c2nc(Nc3ccc(N4CC[NH2+]CC4)c(F)c3)ncc2C=C(c2ccc(Cl)cc2Cl)C1O
4q3q,[NH3+][C@@H](CCCCB(O)(O)[OH-])C(=O)[O-]
1i8h,CC(C)C(NC(=O)C([NH3+])CCCC[NH3+])C(=O)NC(CO)C(=O)NC(C(=O)NC(C(=O)NC(CCCNC(=N)N)C(=O)NC(C(=O)N1CCCC1C(=O)N1CCCC1C(=O)NC(CCCC[NH3+])C(=O)NC(CO)C(=O)N1CCCC1C(=O)NC(CO)C(=O)O)C(C)OP(=O)(O)O)C(C)C)C(C)C
3luo,CC(C)C[C@H](NC(=O)[C@H](C)[NH2+][C@@H](O)CCC(=O)[O-])C(=O)N1CCC[C@H]1C(=O)N[C@@H](C)C(=O)Nc1ccc([N+](=O)[O-])cc1
3o86,O=S(=O)(Cc1ccccc1)NCB(O)O
6biz,CC[C@H](C)[C@H](NC(=O)[C@@H]([NH3+])CC(=O)[O-])C(=O)N[C@@H](Cc1ccccc1)C(=O)N[C@@H](CCC=O)C(=O)N[C@@H](CCCNC(N)=O)C(=O)N[C@H](C(=O)N[C@@H](C)C(=O)N[C@@H](CO)C(=O)N[C@@H](CCC(=O)[O-])C(=O)N[C@@H](C)C(=O)N[C@@H](CO)C(=O)N[C@@H](CCCNC(N)=O)C(=O)N[C@@H](CC(C)C)C(=O)[O-])[C@@H](C)CC
6tyz,CCC[C@H](NC(=O)[C@H](CCCNC(N)=[NH2+])NC(=O)[C@@H]([NH3+])CCC(=O)[O-])C(=O)N[C@@H](CCCNC(N)=[NH2+])C(=O)N[C@H](C(=O)N[C@@H](CC(C)C)C(=O)N1CCC[C@H]1C(=O)N[C@H](C(=O)N[C@@H](Cc1c[nH]c2ccccc12)C(=O)N[C@@H](CCSC)C(=O)N[C@@H](CC(C)C)C(=O)N[C@@H](C)C(=O)[O-])[C@@H](C)O)[C@@H](C)CC
1lt5,OC[C@H]1O[C@@H](S[C@@H]2O[C@H](CO)[C@H](O)[C@H](O)[C@H]2O)[C@H](O)[C@@H](O)[C@H]1O
1x6u,O=C(O)C1(O)CC(O)C(O)C(C(O)COP(=O)(O)O)O1
5jqb,CC(C)Cc1ccc([C@H](C)C(=O)[O-])cc1
1rhu,CC(=O)N[C@@H](CC(=O)[O-])C(=O)N[C@H]1CCc2cccc3c2N(C1=O)[C@H](C(=O)N[C@@H](CC(=O)[O-])[C@H](O)CSCc1ccccc1)C3
5alm,CSc1ccc(O[C@]2(C)CC[N@@H+](CC3CC3)C2)cc1
5n69,COC(=O)N1CC[NH+](C[C@H]2CCC[C@H]([NH2+][C@H](O)[NH2+][C@H]3CCC(C)=NC3)[C@@H]2F)CC1
4gfd,Cc1cn([C@H]2CCC[N+]([C@H](CC(C)(C)C)c3ccc(C(=O)[O-])c(Oc4cccc(Br)c4)c3)C2)c(=O)[nH]c1=O
6bij,C[C@H](NC(=O)[C@H](C)NC(=O)[C@H](CCCC[NH3+])NC(=O)[C@H](C)NC(=O)[C@@H]1CCCN1C(=O)[C@H](CCCNC(N)=O)NC(=O)[C@H](C)[NH2+][C@H](O)[C@H](CCCNC(N)=O)NC(=O)[C@H](Cc1ccc(O)cc1)NC(=O)CNC(=O)C[NH3+])C(=O)N[C@@H](C)C(=O)N[C@H](C(=O)[O-])[C@@H](C)O
3so6,C=C(C)[C@H](NC(=O)[C@@H]1C=CCN1C(=O)[C@H](CC(N)=O)NC(=O)[C@H](CC(=O)[O-])NC(=O)[C@H](Cc1ccccc1)NC(=O)[C@H](CC(N)=O)NC(=O)[C@@H](NC(=O)[C@@H]([NH3+])CO)[C@@H](C)CC)C(=O)N[C@@H](Cc1ccc(O)cc1)C(=O)N[C@@H](CCC(N)=O)C(=O)N[C@@H](CCCC[NH3+])C(=O)N[C@H](C(=O)N[C@H](C(=O)[O-])[C@@H](C)O)[C@@H](C)O
1swp,O=C([O-])CCCC[C@@H]1SC[C@@H]2NC(=O)N[C@H]12
5kns,O=c1[nH]cnc2c1ncn2CCN(CCOCCP(=O)(O)O)CCP(=O)(O)O
5akz,CNC(=O)NC1CCCCC1
4p2t,CS(=O)(=O)NC(=O)c1ccc(NC(=O)c2cccc(CC3CCCCC3)n2)c(Cc2ccccc2)c1
4f8h,C[NH2+][C@@]1(c2ccccc2Cl)CCCCC1=O
5yfz,Cc1n[nH]c2c1[C@](c1cc(F)cc(N3CCC(CC(=O)[O-])CC3)c1)(C(C)C)C(C#N)C(=N)O2
4odl,CC[C@H](C)[C@H](NC(=O)[C@H](Cc1ccccc1)NC(=O)[C@@H]1CCCN1C(=O)[C@H](CCCC[NH3+])NC(=O)[C@H](CCSC)NC(=O)[C@H](CCCC[NH3+])NC(=O)[C@@H]1CCCN1C(=O)[C@H](CC(N)=O)NC(=O)[C@H](Cc1c[nH]c2ccccc12)NC(=O)[C@H](Cc1ccc(O)cc1)NC(=O)[C@H](CCCNC(N)=[NH2+])NC(=O)[C@@H]([NH3+])[C@@H](C)O)C(=O)N[C@@H](Cc1ccccc1)C(=O)NCC(=O)N[C@@H](C)C(N)=O
1ek1,O=C(Nc1ccc(I)cc1)NC1CCCCC1
4ght,CCOC(=O)CC[C@H](C[C@@H]1CCNC1=O)NC(=O)[C@@H](CC(=O)[C@@H](NC(=O)c1cc(C)on1)C(C)C)Cc1ccc(F)cc1
5ctb,Cc1cc2c(cc1C)C(=O)CC1(CCN(C(=O)c3cc(C)c4[nH]ncc4c3)CC1)O2
3isw,CC(C)C[C@H](NC(=O)[C@H](CCCC[NH3+])NC(=O)[C@H](CO)NC(=O)[C@@H](NC(=O)[C@@H](NC(=O)[C@H](CO)NC(=O)[C@H](C)NC(=O)[C@H](CCCC[NH3+])NC(=O)[C@H](CCC(=O)[O-])NC(=O)[C@H](CC(C)C)NC(=O)[C@@H]1CCC[NH2+]1)C(C)C)C(C)C)C(=O)N[C@@H](Cc1ccccc1)C(=O)N[C@@H](Cc1ccccc1)C(=O)N[C@@H](CO)C(=O)N[C@@H](Cc1c[nH]c2ccccc12)C(=O)N[C@H](C(=O)N[C@@H](C)C(=O)N1CCC[C@H]1C(=O)[O-])[C@@H](C)O
3uph,CS(=O)(=O)NC(=O)c1c(C2C=CC=NC2=O)c2c3occc3ccc2n1Cc1cc(F)ccc1F
4qz4,COc1ccc(C[C@H](NC(=O)[C@H](C)NC(=O)C[NH+]2CCOCC2)C(=O)N[C@@H](Cc2ccccc2)[C@@H](O)[C@H](C)CO)cc1
3g3m,O=c1[nH]c(=O)n(C2OC(COP(=O)(O)O)C(O)C2O)cc1F
6cqz,CCO[P@@H](C)=O
5w7x,CC(NC(=O)C(Cc1ccc(O)cc1)NC(=O)C1CCC[NH2+]1)C(=O)NCC(=O)NC(COP(=O)(O)O)C(=O)NC(C(=O)NC(CC(=O)O)C(=O)O)C(C)OP(=O)(O)O
5epp,CSCC[C@H](NC(=O)[C@H](CCC(=O)[O-])NC(=O)[C@H](CCC(=O)[O-])NC(=O)[C@@H]1CCCN1C(=O)[C@@H]([NH3+])CO)C(=O)N[C@@H](CCCNC(N)=[NH2+])C(=O)N[C@@H](CCCNC(N)=[NH2+])C(=O)N[C@@H](CCC(N)=O)C(=O)N[C@@H](CCCNC(N)=[NH2+])C(=O)N[C@@H](CC(C)C)C(=O)N[C@@H](Cc1c[nH]cn1)C(=O)N[C@@H](CCCNC(N)=[NH2+])C(=O)N[C@@H](Cc1ccccc1)C(=O)N[C@@H](CC(=O)[O-])C(=O)N[C@@H](CO)C(=O)[O-]
4ovz,C[C@H](c1cccc2ccccc12)[N@H+]1CC[C@H](C(=O)NCc2ccc(F)cc2)CC1
5trr,CCN(CC)C(=O)C[C@H](NC(=O)CCc1ccccc1)C(=O)N[C@@H](C)C(=O)NCc1cccc2ccccc12
5enj,CC(=O)N(C)Cc1c(Cl)cccc1Cl
3s7f,CC(C)C[C@H]([NH3+])C(=O)N[C@@H](CCCC[NH3+])C(=O)N[C@@H](CO)C(=O)N[C@@H](CCCC[NH3+])C(=O)N[C@@H](CCCC[NH3+])C(=O)NCC(=O)[O-]
2qtu,COCc1cc(O)cc2c1O[C@@H](c1ccc(O)cc1)[C@H]1CC(F)(F)C[C@@H]21
4wq3,O=C([O-])C(Cc1c[nH]c2cc(Br)ccc12)SS[C@@H](Cc1c[nH]c2cc(Br)ccc12)C(=O)[O-]
1o4a,CC(=O)N[C@@H](Cc1ccc(C(=O)[O-])c(CO)c1)C(=O)N[C@H]1CCCCN(Cc2ccc(-c3ccccc3)cc2)C1=O
3u7s,CC(C)CN(C[C@@H](O)[C@H](Cc1ccccc1)NC(=O)O[C@H]1CO[C@H]2OCC[C@@H]12)S(=O)(=O)c1ccc(N)cc1
5lp1,CC[NH+](CC)CCN(C[C@]12C[C@](c3ccc(C(F)(F)F)cc3)(C1)C2)C(=O)Cn1c(SCc2ccc(F)cc2)nc(=O)c2c1CCC2
5fq9,O=C([O-])c1cccc2c1OB(O)[C@@H](NC(=O)C1CCCCC1)C2
2r3y,CC(C)[C@H]([NH3+])C(=O)N[C@@H](Cc1ccc(O)cc1)C(=O)N[C@@H](Cc1c[nH]c2ccccc12)C(=O)N[C@@H](Cc1ccccc1)C(=O)[O-]
4oz3,FC(F)(F)c1n[nH]cc1-c1ccccc1
2q6h,C[NH+](C)CCCN1c2ccccc2CCc2ccc(Cl)cc21
6gva,CC(C)c1[nH]nc2c(NCc3ccc(-c4ccccn4)cc3)nc(SCC[NH3+])nc12
4b71,CC[C@@H]([NH3+])c1ccc(Cl)c(Oc2ccccc2)c1F
1uj0,CSCC[C@H](NC(=O)[C@@H]1CCCN1C(=O)[C@@H]([NH3+])[C@@H](C)O)C(=O)N[C@H](C(=O)N[C@@H](CC(N)=O)C(=O)N[C@@H](CCCNC(N)=[NH2+])C(=O)N[C@@H](CCC(=O)[O-])C(=O)N[C@@H](CC(N)=O)C(=O)N[C@@H](CCCC[NH3+])C(=O)O)C(C)C
5jpt,NC1=CCN(C2OC(COP(=O)(O)OP(=O)(O)O)C(O)C2O)C(=O)N1
6dgt,Cc1nc2c(-c3nnc[nH]3)cc(-c3ccnc(N)c3F)cc2n1-c1ccnc2c(F)ccc(F)c12
2x2i,C[C@H]1O[C@H](O[C@@H]2[C@@H](CO)O[C@H](O[C@@H]3[C@@H](CO)O[C@@H](O)[C@H](O)[C@H]3O)[C@H](O)[C@H]2O)[C@H](O)[C@@H](O)[C@@H]1[NH2+][C@H]1C=C(CO)[C@@H](O)[C@H](O)[C@H]1O
5f3t,COc1ccc(CC(=O)[O-])cc1-c1ccccc1
5wqj,NC(=O)c1ccsc1NC(=O)CSc1nc(=O)c2ccccc2[nH]1
5y48,O=C1CC=NC(=O)N1
6dug,Cc1cc(/C=C/C#N)cc(C)c1Oc1nc(N[C@H]2CC[N@H+](Cc3ccc(S(N)(=O)=O)cc3)CC2)nc2ccsc12
5est,CC[C@H](C)[C@@H](BO)NC(=O)[C@H](C)NC(=O)OCc1ccccc1
4pry,CC(=O)N[C@@H](CC(C)C)C(=O)N[C@@H](CCC(=O)[O-])C(=O)N[C@H](C(=O)N[C@@H](CC(=O)[O-])C(=O)[O-])[C@@H](C)O
3s9z,O=C([O-])C(=O)/C=C(\O)c1ccccc1Br
5a3h,OC[C@H]1O[C@@H](O[C@H]2[C@H](O)[C@@H](F)CO[C@@H]2CO)[C@H](O)[C@@H](O)[C@@H]1O
3mp1,C[C@H]([NH3+])C(=O)N[C@@H](CCCNC(N)=[NH2+])C(=O)N[C@H](C(=O)N[C@@H](CCCC[N+](C)(C)C)C(=O)N[C@@H](CCC(N)=O)C(=O)[O-])[C@@H](C)O
3vhv,O=C1COc2ccc(C3=Nn4cnnc4S[C@H]3c3ccccc3)cc2N1
2np9,CC(C)(COP(=O)(O)OP(=O)(O)OCC1OC(n2cnc3c(N)ncnc32)C(O)C1OP(=O)(O)O)C(O)C(=O)NCCC(=O)NCCNC(=O)Cc1cc(O)cc(O)c1
4c1h,C[C@H](CS)C(=O)N1CCC[C@H]1C(=O)[O-]
5yg2,Cc1n[nH]c2c1[C@](c1cc(F)cc(N3CCC(CCC(=O)[O-])CC3)c1)(C(C)C)C(C#N)=C(N)O2
4yym,CCCC(=O)NCCCC[C@H]([NH3+])C(=O)NCC(=O)NCC(=O)N[C@@H](CCCCNC(=O)CCC)C(=O)NCC(=O)N[C@@H](CC(C)C)C(=O)NCC(=O)[O-]
1qxz,CSCC[C@H]([NH3+])C(O)(O)c1nccs1
5u6k,CC(C)C(NC(=O)C([NH3+])Cc1ccccc1)C(=O)N1CCCC1C(=O)N1CCCC1C(=O)NC(COP(=O)(O)O)C(=O)N1CCCC1C(=O)O
1sje,CC[C@H](C)[C@H](NC(=O)[C@@H](NC(=O)[C@H](CCC(=O)[O-])NC(=O)[C@@H]1CCC[NH2+]1)C(C)C)C(=O)N1CCC[C@H]1C(=O)N[C@@H](CCSC)C(=O)N[C@@H](Cc1ccccc1)C(=O)N[C@@H](CO)C(=O)N[C@@H](C)C(=O)N[C@@H](CC(C)C)C(=O)N[C@@H](CO)C(=O)N[C@@H](CCC(=O)[O-])C(=O)NCC(=O)N[C@@H](C)C(=O)N[C@H](C(=O)[O-])[C@@H](C)O
3uih,CC[C@H](C)[C@H](NC(=O)[C@@H]1CCCN1C(=O)[C@@H](NC(=O)[C@H](C)[NH3+])C(C)C)C(=O)[O-]
5yjo,CCCOC(=O)N1CCN(C(=O)c2ccc3cc4c(nc3c2)C[C@H](C[NH3+])CC4)[C@@H](C)C1
4u0m,C[NH+]1C2C(=NC(=[NH2+])NC2O)NC[C@@H]1CNc1ccc(C(=O)N[C@@H](CCC(=O)N[C@@H](CCC(=O)[O-])C(=O)[O-])C(=O)[O-])cc1
4cix,O=C([O-])[C@]1(O)C=C([C@@H](O)Cc2ccccc2)[C@@H](O)[C@H](O)C1
1jii,[NH3+][C@@H](Cc1ccc(O)cc1)C(=O)N[C@H](C(=O)[O-])[C@H]1[C@H](O)[C@]2(O)CO[C@@H]([C@@H]2O)[N@@H+]1O
5ylj,COc1ccc(/C=C/C(=O)c2ccc(OC)c3c2OC(C)(C)CC3)cc1
3mct,Cn1c(N)ccnc1=O
5x73,O=C1c2ccccc2N[C@@H](c2ccccc2F)N1c1ccccc1
5f04,C[NH2+]Cc1ccc(N2CCCN(C(=O)CCC3CCCC3)C2)cc1
2pj7,CC(C)C(NS(=O)(=O)c1ccccc1)P(=O)(O)CC(C(=O)O)c1cccc(C[NH3+])c1
4xua,Cc1cn(CCn2cnc(-c3ccccc3)c2-c2ccc(C#N)cc2)nn1
2y67,O=C([O-])CC[C@@H](NS(=O)(=O)c1ccc(COc2ccc(/C=C3\SC(=O)NC3=O)cc2)cc1)C(=O)[O-]
4qsw,C=C1CN([C@@H]2O[C@H](CO)[C@@H](O)[C@H]2O)C(=O)NC1=O
6c3l,C[N@H+]1CC[N@H+](Cc2cn(CC(=O)N3CCOCC3)c3cc(NC(=S)NCCc4c[nH]c5ccccc45)ccc23)CC1
4e3j,O=S(=O)(NCB(O)O)c1ccc(-c2nnn[nH]2)cc1
3k83,O=C([O-])c1cccc(-c2cnc([C@@H](O)CCc3ccc(-c4ccccc4)cc3)o2)n1
4mm5,C[NH2+][C@H]1CC[C@@H](c2ccc(Cl)c(Cl)c2)c2ccccc21
4mp7,O=C(c1ccc(O)cc1O)n1cc2ccccc2c1
3ft3,CC(C)C[C@H](NC(=O)[C@H](CC(C)C)NC(=O)[C@H](CC(=O)[O-])NC(=O)[C@H](CC(=O)[O-])NC(=O)[C@H](Cc1c[nH]cn1)NC(=O)[C@H](CC(C)C)NC(=O)[C@@H]([NH3+])C(C)C)C(=O)N[C@@H](CCC(=O)[O-])C(=O)N[C@@H](C)C(=O)[O-]
2jqi,CCC(C)C(NC(=O)C([NH3+])CC(N)=O)C(=O)NC(C(=O)NC(CCC(N)=O)C(=O)N1CCCC1C(=O)NC(C(=O)NC(CCC(N)=O)C(=O)NC(CCC(N)=O)C(=O)NC(CO)C(=O)NC(C(=O)O)C(C)O)C(C)O)C(C)OP(=O)(O)O
1oai,[NH3+]CCCC[C@H](NC(=O)[C@H](CO)NC(=O)CNC(=O)[C@H](Cc1ccccc1)NC(=O)[C@H](CO)NC(=O)[C@H](Cc1ccccc1)NC(=O)CNC(=O)[C@H](CO)NC(=O)[C@@H]([NH3+])CC(=O)[O-])C(=O)[O-]
5h1e,CC(C)C[C@H](NC(=O)[C@H](C)NC(=O)[C@H](CC(N)=O)NC(=O)[C@@H]([NH3+])CCC(=O)[O-])C(=O)N[C@@H](CC(C)C)C(=O)N[C@@H](CCCNC(N)=[NH2+])C(=O)N[C@@H](Cc1ccc(O)cc1)C(=O)N[C@@H](CC(C)C)C(=O)N[C@@H](CC(C)C)C(=O)N[C@@H](CC(=O)[O-])C(=O)[O-]
3tia,CO[C@H]([C@H](O)CO)[C@@H]1O[C@H](C(=O)[O-])C[C@H](NC(N)=[NH2+])[C@H]1NC(C)=O
5e0h,CC(C)C[C@@H]1NC(=O)[C@@H](NC(=O)[O-])Cc2cn(nn2)CCCNC(=O)CC[C@@H](CO)NC1=O
4ay6,CC(=O)NC1C(OP(=O)(O)OP(=O)(O)OCC2OC(n3ccc(=O)[nH]c3=O)C(O)C2O)SC(CO)C(O)C1O
4ydq,O=C(C[C@H]1[NH2+]CCC[C@@H]1O)Cn1cnc2cc(Br)c(Cl)cc2c1=O
3v31,CC[C@H](C)[C@H](NC(=O)[C@H](CC(N)=O)NC(=O)[C@@H]1CCCN1C(=O)[C@H](CC(C)C)NC(=O)[C@H](CO)NC(=O)[C@@H]1CCCN1C(=O)[C@H](CO)NC(=O)[C@@H](NC(=O)[C@H](Cc1ccc(O)cc1)NC(=O)[C@H](CC(C)C)NC(=O)[C@@H]1CCCN1C(=O)[C@H](CC(C)C)NC(C)=O)[C@@H](C)O)C(=O)N[C@H](C(=O)N[C@@H](CC(C)C)C(=O)NCC(=O)N[C@@H](CC(C)C)C(=O)N1CCC[C@H]1C(=O)[O-])[C@@H](C)O
4pis,CC[C@H](C)[C@H](NC(=O)[C@@H](c1cc(Cl)cc(Cl)c1)[NH+](C)C)C(=O)NCc1ccnc(C=N)n1
4v25,Cc1cnc(Cl)nc1-c1ccc(N(Cc2ccc(CNC(=O)C(F)F)cc2)C(=O)c2ccc(O)cc2O)cc1
4kzc,CC(=O)Nc1cn2cc(-c3cnc(N)c(C(F)(F)F)c3)ccc2n1
2ncz,CC[C@H](C)[C@H](NC(=O)[C@@H]([NH3+])CCC(=O)[O-])C(=O)N[C@@H](CCCC[NH3+])C(=O)N[C@@H](CC(C)C)C(=O)N[C@@H](CCCC[NH3+])C(=O)N[C@H](C(=O)N[C@H](C(=O)N[C@@H](CCCC[NH3+])C(=O)N[C@H](C(=O)N[C@H](C(=O)N[C@@H](CCC(N)=O)C(=O)N[C@@H](CC(N)=O)C(=O)[O-])[C@@H](C)CC)[C@@H](C)O)[C@@H](C)O)[C@@H](C)CC
4mdt,CCCCCCCCCCCC(O)CC(=O)OC1C([NH3+])C(OP(=O)(O)OP(=O)(O)OCC2OC(n3ccc(=O)[nH]c3=O)C(O)C2O)OC(CO)C1O
1j07,C[N+](C)(C)CCCCCCCCCC[n+]1c(-c2ccccc2)c2cc(N)ccc2c2ccc(N)cc21
5zh5,C[C@H]1CCC[C@H](C[C@@H]2Cc3cc(O)cc(O)c3C(=O)O2)O1
4ewh,C[N+](C)CCOc1ccc(-c2[nH]c3ncnc(NCC4SCCS4)c3c2-c2ccccc2)cc1
4po7,CC(C)C[C@H](NC(=O)[C@@H]1CCC(=O)N1)C(=O)N[C@@H](Cc1ccc(O)cc1)C(=O)N[C@@H](CCC(=O)[O-])C(=O)N[C@H](C=O)CC(N)=O.CC[C@H](C)[C@H](NC(=O)[C@H](Cc1ccc(O)cc1)NC(=O)[C@@H]1CCC[NH2+]1)C(=O)N[C@@H](CC(C)C)C(=O)[O-]
1tvr,CC(C)=CC[N@H+]1Cc2cc(Cl)cc3[nH]c(=S)n(c23)C[C@@H]1C
4m3g,Cc1nc(-c2ccc(S(=O)(=O)NCCC(F)(F)F)cc2)cs1
2l7u,C[C@H](NC(=O)[C@H](CCCC[NH2+][C@H](C)C(=O)[O-])NC(=O)[C@H](Cc1ccccc1)NC(=O)[C@H](CCC(=O)[O-])NC(=O)[C@@H]([NH3+])CC(=O)[O-])C(=O)N[C@@H](CC(=O)[O-])C(=O)N[C@@H](CCC(=O)[O-])C(=O)[O-]
3wc7,CC(C)C(NC(=O)CCc1ccccc1)P(=O)(O)CC(CCCCC[NH3+])C(=O)O
2zp0,CC[C@@H](C)[C@@H](NS(=O)(=O)Cc1ccccc1)C(=O)N[C@@H](CCC(N)=O)C(=O)NCc1ccc(C(N)=[NH2+])cc1
4ypf,Nc1cnc2ccccc2c1
5wdw,O=C(NC[C@@H]1Cc2ccccc2O1)c1nc([C@@H]2CCCN2C(=O)CSc2ccccc2Cl)[nH]c(=O)c1O
6cwi,CO[C@@H]1O[C@@H]2CO[C@](C)(C(=O)[O-])O[C@H]2[C@H](O)[C@@H]1NC(C)=O
3dei,CC(=O)O[C@H](C(=O)Nc1cccc2c1C(=O)C(=O)NC2=O)c1ccccc1
3bla,C[C@H](Oc1cccc2nc(N)nc(N)c12)c1cccc(Cl)c1
4ajw,Cn1c(Cc2nc(N3CCOCC3)cc(=O)[nH]2)nc2ccccc21
1sme,CC(C)CC(=O)N[C@H](C(=O)N[C@H](C(=O)N[C@@H](CC(C)C)[C@@H](O)CC(=O)N[C@@H](C)C(=O)N[C@@H](CC(C)C)[C@@H](O)CC(=O)[O-])C(C)C)C(C)C
4q1n,CCOC[C@@H](CC(C)C)NC(=O)[C@@H]1C[NH2+]C[C@H](C(=O)N(c2ccc(C(C)C)cn2)C2CC2)[C@@H]1O
2y1o,O=C([O-])CC[C@@H](NC(=O)c1cccc(NCc2ccc(/C=C3\SC(=S)NC3=O)cc2)c1)C(=O)[O-]
1gvk,CC[C@H](C)[C@@H](C=O)NC(=O)[C@@H]1CCCN1C(=O)[C@H](CC(N)=O)NC(C)=O
3s22,C[NH2+]CCCCNC(=O)N1CC[C@@H](NS(=O)(=O)[O-])[C@H]1CO
3uxg,CC[C@H](C)[C@H](NC(=O)[C@H](CC(N)=O)NC(=O)[C@@H]1CCCN1C(=O)[C@H](CC(C)C)NC(=O)[C@H](CO)NC(=O)[C@@H]1CCCN1C(=O)[C@H](CO)NC(=O)[C@@H](NC(=O)[C@H](Cc1ccc(O)cc1)NC(=O)[C@H](CC(C)C)NC(=O)[C@@H]1CCC[NH2+]1)[C@@H](C)O)C(=O)N[C@H](C(=O)N[C@@H](CC(C)C)C(=O)NCC(=O)N[C@@H](CC(C)C)C(=O)N1CCC[C@H]1C(=O)[O-])[C@@H](C)O
2qki,CC[C@H](C)[C@H]([NH3+])C(=O)N[C@@H](CS)C(=O)N[C@H](C(=O)N[C@@H](Cc1c[nH]c2ccccc12)C(=O)N[C@@H](CCC(N)=O)C(=O)N[C@@H](CC(=O)[O-])C(=O)N[C@@H](Cc1c[nH]c2ccccc12)C(=O)NCC(=O)N[C@@H](C)C(=O)N[C@@H](Cc1cnc[nH]1)C(=O)N[C@@H](CCCNC(N)=[NH2+])C(=O)N[C@@H](CS)C(=O)N[C@H](C(=O)O)[C@@H](C)O)C(C)C
6gbe,CC[C@H](C)[C@H](NC(=O)[C@H](Cc1ccc(O)cc1)NC(=O)[C@H](CC(=O)[O-])NC(=O)[C@H](Cc1ccccc1)NC(=O)[C@H](CC(=O)[O-])NC(=O)[C@H](CCCNC(N)=[NH2+])NC(=O)[C@H](Cc1ccccc1)NC(=O)[C@@H]([NH3+])CCSC)C(=O)N[C@@H](C)C(=O)N[C@@H](CC(=O)[O-])C(=O)N[C@@H](Cc1c[nH]c2ccccc12)C(=O)N[C@@H](CS)C(=O)[O-]
6i74,Cc1ccc(S[C@@H]2O[C@H](CO)[C@H](O)[C@H](n3cc(-c4c(F)c(F)c(F)c(F)c4F)nn3)[C@H]2O)cc1
2kwn,CC(=O)NCCCC[C@H](NC(=O)[C@H](C)NC(=O)CNC(=O)CNC(=O)[C@H](CCCC[NH3+])NC(=O)CNC(=O)[C@H](CC(C)C)NC(=O)C[NH3+])C(=O)N[C@@H](CCCNC(N)=[NH2+])C(=O)N[C@@H](Cc1c[nH]cn1)C(=O)N[C@@H](CCCNC(N)=[NH2+])C(=O)N[C@@H](CCCC[NH3+])C(=O)N[C@H](C(=O)N[C@@H](CC(C)C)C(=O)N[C@@H](CCCNC(N)=[NH2+])C(=O)[O-])C(C)C
6oyz,CO[C@@H]1[C@@H]([C@@H](O[C@H]2OC(C(=O)N[C@H]3CCCCNC3=O)=C[C@H](O)[C@@H]2O)C(N)=O)O[C@@H](n2ccc(=O)[nH]c2=O)[C@@H]1O
5t8r,C[C@H]([NH3+])C(=O)N[C@@H](CCCNC(N)=[NH2+])C(=O)N[C@H](C(=O)N[C@@H](CCCC[NH3+])C(=O)N[C@@H](CCC(N)=O)C(=O)N[C@H](C(=O)N[C@@H](C)C(=O)N[C@@H](C)C(=O)[O-])[C@@H](C)O)[C@@H](C)O
3dek,O=C(CCC(=O)Nc1ccc2c(c1)C(=O)C(=O)NC2=O)Nc1cccc(OCCF)c1
2xbj,COC1Cc2nc(-c3cc(F)ccc3O)nc(N[C@@H]3C[NH2+]C[C@H]3C(C)(C)O)c2CC1OC
3ijz,CC(=O)c1ccc(N2C(=O)c3cccc(C)c3C2=O)cc1
4jyu,CCOc1cc([C@@H](Nc2ccc3c(N)nccc3c2)C(=O)NS(=O)(=O)c2ccccc2)ccc1OC(C)C
2hj4,[NH3+]Cc1ccc([N+](=O)[O-])cc1
3wyj,O=P(O)(O)C(O)(Cc1cccc(-c2cccc(NS(=O)(=O)c3cccc(S(=O)(=O)Nc4cccc(-c5cccc(CC(O)(P(=O)(O)O)P(=O)(O)O)c5)c4)c3)c2)c1)P(=O)(O)O
2qic,C[C@H]([NH3+])C(=O)N[C@@H](CCCNC(N)=[NH2+])C(=O)N[C@H](C(=O)N[C@@H](CCCC[N+](C)(C)C)C(=O)N[C@@H](CCC(N)=O)C(=O)N[C@H](C(=O)N[C@@H](C)C(=O)N[C@@H](CCCNC(N)=[NH2+])C(=O)O)[C@@H](C)O)[C@@H](C)O
4w4s,O=P(O)(O)C(O)(Cc1cccc(C2CC=Cc3c2oc2ccccc32)c1)P(=O)(O)O
5agv,CC(=O)N(C)[C@H](C(=O)N1C[C@H](C)C[C@H]1C(=O)N(C)[C@@H]1C(=O)N[C@@H](CC(C)C)C(=O)N2C[C@H](C)C[C@H]2C(=O)N[C@@H](CC(C)C)C(=O)N(C)[C@@H](C(C)C)C(=O)N2C[C@H](C3CCCCC3)C[C@H]2C(=O)N(C)[C@H](CC(C)C)C(=O)NCC(=O)O[C@@H]1C)C(C)C
4umr,O=C(Nc1ccc2c(c1)C[NH2+]CC2)c1ccc(F)cc1
1erq,CC(=O)N[C@@H](Cc1cccc(C(=O)[O-])c1O)B(O)O
4c1d,C[C@H](CS)C(=O)N1CCC[C@H]1C(=O)[O-]
2.00E+93,O=P(O)(O)C(O)(Cc1cccc(-c2cccc3c2oc2ccccc23)c1)P(=O)(O)O
4u0n,CN1C2=C(NC[C@@H]1CNc1ccc(C(=O)N[C@@H](CCC(=O)N[C@@H](CCC(=O)[O-])C(=O)[O-])C(=O)[O-])cc1)NC(=[NH2+])NC2O
1tok,O=C([O-])/C=C\C(=O)[O-]
6c98,CC(=O)C1C(C)=Nc2ncnn2[C@@H]1c1cccc(F)c1
6fty,NC(=O)c1cc2c(NC(=O)[C@@]34C[C@@H]5C[C@@H](C[C@@]([NH3+])(C5)C3)C4)cccc2[nH]1
3g4f,CC(C)=CCC/C(C)=C/CC/C(C)=C(\F)COP(=O)(O)OP(=O)(O)O
4x47,CC(=O)N[C@@H]1[C@@H](O)C=C(C(=O)[O-])O[C@H]1[C@H](O)[C@H](O)CO
2aa9,O=C([O-])C1=C[C@@H](O)[C@@H](O)[C@H](O)C1
6cdc,CC(C)C[C@H](NC(=O)CNC(=O)[C@@H]1CCC[NH2+]1)C(=O)N[C@@H](Cc1c[nH]c2ccccc12)C(=O)[O-]
4tpp,CC(=O)N1CCC(c2nc3ccccc3nc2OC2CN(c3ccc4ccccc4n3)C2)CC1
4bpi,CC[C@H](C)[C@H](NC(=O)C[C@H](CCC(=O)[O-])NC(=O)[C@H](CCC(=O)[O-])NC(=O)[C@H](C)[NH3+])C(=O)NCC(=O)N[C@@H](C)C(=O)N[C@@H](CCC(N)=O)CC(=O)N[C@@H](CC(C)C)C(=O)N[C@@H](CCCNC(N)=[NH2+])C(=O)N[C@@H](CCCNC(N)=[NH2+])CC(=O)N[C@@H](CCSC)C(=O)N[C@@H](C)C(=O)N[C@@H](CC(=O)[O-])C(=O)N[C@@H](CC(=O)[O-])CC(=O)N[C@@H](CC(C)C)C(=O)N[C@@H](CC(N)=O)C(=O)N[C@@H](C)CC(=O)N[C@@H](CCC(N)=O)C(=O)N[C@@H](Cc1ccc(O)cc1)C(=O)[O-]
1pwq,CSCC[C@H](NC(=O)[C@@H]1CCCN1C(=O)[C@H](Cc1ccc(O)cc1)NC(=O)CS)C(N)=O
3w8o,c1ccc2c3n4c(c2c1)[N-]c1c2ccccc2c2n1[FeH2+7]41n4c(c5ccccc5c4[N-]c4c5ccccc5c(n41)[N-]2)[N-]3
6ibx,Cn1ccc2ccc(-c3cc(Nc4cnccc4C(=O)N[C@H]4CCC[N@H+](C)C4)cc4nccnc34)cc21
1wdy,Nc1ncnc2c1ncn2C1OC(CO[PH](=O)OC2C(O)C(COP(=O)(O)OC3C(O)C(COP(=O)(O)O)OC3n3cnc4c(N)ncnc43)OC2n2cnc3c(N)ncnc32)C(O)C1O
6prg,OC[C@H]1O[C@@](CO)(O[C@H]2O[C@H](CO[C@H]3O[C@H](CO[C@H]4O[C@H](CO)[C@H](O)[C@H](O)[C@H]4O)[C@H](O)[C@H](O)[C@H]3O)[C@@H](O)[C@H](O)[C@H]2O)[C@@H](O)[C@@H]1O
1i48,O=C([O-])CSc1nc(-c2cccc(Cl)c2)no1
5iep,C[C@@H]1CC[C@H](O)C[C@H]1C/C=C1\CCC[C@@]2(C)[C@H]1CC[C@@H]2[C@H](C)CCCC(C)(C)O
1lxh,CC(C)[C@H](NC(=O)[C@H](Cc1c[nH]c2ccccc12)NC(=O)[C@H](Cc1c[nH]cn1)NC(=O)[C@H](CCCC[NH3+])NC(=O)[C@H](Cc1c[nH]c2ccccc12)NC(=O)CNC(=O)[C@H](CCCNC(N)=[NH2+])NC(=O)[C@@H]([NH3+])Cc1ccc(O)cc1)C(=O)N[C@@H](Cc1ccc(O)cc1)C(=O)N[C@@H](Cc1ccc(O)cc1)C(=O)N[C@H](C(=O)N[C@H]1CSSC[C@@H](C(=O)N2CCC[C@H]2C(=O)N[C@@H](CC(=O)[O-])C(=O)N[C@H](C(=O)N2CCC[C@H]2C(=O)N[C@@H](Cc2ccc(O)cc2)C(=O)O)[C@@H](C)O)NC1=O)[C@@H](C)O
4jck,OC[C@H]1O[C@@H](S[C@@H]2O[C@H](CO)[C@H](O)[C@H](O)[C@@H]2O)[C@@H](O)[C@@H](O)[C@H]1O
4wi1,Cn1nc(C(F)(F)F)c(-c2ccc(F)cc2)c1NC(=O)Nc1ccc(F)cc1
4n1z,CCCCCCCC[n+]1ccn(CC(O)(P(=O)(O)O)P(=O)(O)O)c1
3qk5,Cc1c([C@H]2CCCN(c3nccc(-c4cc5ccccc5s4)n3)C2)c2cccnc2n1CC#N
5qa7,O=C([O-])c1cccc(-c2cccc(O)c2)c1
5bqg,O=C(Nc1nc(-c2ccccc2)cs1)c1ccccc1Cl
2srt,C[C@@H]([NH2+][C@@H](CCc1ccccc1)C(=O)N[C@@H](CCCNC(N)=[NH2+])C(=O)Nc1ccccc1)C(=O)[O-]
4clz,O=S(=O)([O-])c1cc(N=C=S)ccc1/C=C/c1ccc(N=C=S)cc1S(=O)(=O)[O-]
3bgl,CC(C)c1c(S(=O)(=O)N2CCOCC2)c(-c2ccccc2)c(-c2ccc(F)cc2)n1CC[C@@H](O)C[C@@H](O)CC(=O)[O-]
6f6i,Fc1ccc([C@@H]2CC[NH2+]C[C@H]2COc2ccc3c(c2)OCO3)cc1
1n1t,CC(=O)N[C@@H]1[C@@H](O)C=C(C(=O)[O-])O[C@H]1[C@H](O)[C@H](O)CO
2h5i,CC(=O)N[C@@H](CC(=O)[O-])C(=O)N[C@@H](CCC(=O)[O-])C(=O)N[C@H](C(=O)N[C@H](C=O)CC(=O)[O-])C(C)C
2bow,c1ccc([P+](c2ccccc2)(c2ccccc2)c2ccccc2)cc1
1a09,CCCCCN(CCCCC)C(=O)C(CCC(=O)O)NC(=O)C(Cc1ccc(OP(=O)(O)O)c(CO)c1)NC(C)=O
4idt,Nc1ncc2c(n1)-c1c([nH]c3ccc(Br)cc13)CCC2
6n7z,Cc1ccc(-c2cc3c(NC(Cc4ccccc4)P(=O)(O)O)ncnc3s2)cc1
1br5,Nc1nc2ncc([C@@H](O)[C@H](O)CO)nc2c(=O)[nH]1
6mq3,Cc1cccc(-c2ccc([C@@H]3[C@@H](CO)[N@H+]4CCCCN(S(=O)(=O)c5nccn5C)C[C@@H]34)cc2)c1C
6g86,CC(C)C[C@H](NC(=O)[C@H](CC(C)C)NC(=O)[C@@H]1CCCN1C(=O)[C@H](C)NC(=O)[C@H](C)NC(=O)[C@H](C)NC(=O)[C@@H]([NH3+])Cc1ccccc1)C(=O)N[C@@H](C)C(=O)N1CCC[C@H]1C(=O)N1CCC[C@H]1C(=O)[O-]
4a9n,Cc1ccc(-c2c(C)noc2C)cc1S(=O)(=O)NC1C=C1
1p4u,CC(C)C[C@H](NC(=O)[C@@H]1CCCN1C(=O)CNC(=O)[C@H](Cc1ccccc1)NC(=O)[C@@H]([NH3+])CC(=O)[O-])C(=O)N[C@H](C(=O)NCC(=O)N[C@@H](C)C(=O)O)C(C)C
5kls,CCOC(=O)C1=C(COCC[NH+](C)C)NC(C)=C(C(=O)OC)[C@H]1c1ccccc1Br
6i5p,CC[C@H]([NH3+])C(=O)N[C@@H](C)C(=O)N[C@@H](CC(=O)[O-])C(=O)N[C@H](C(=O)N[C@H](C(=O)N[C@H](C(=O)N1CCC[C@H]1C(=O)[O-])[C@@H](C)O)[C@@H](C)O)[C@@H](C)O
2w4i,OC1CN(C2=Nc3ccccc3C(c3ccccc3)=N[C@@H]2c2cccs2)C1
3bl9,Nc1nc(N)c2c(OC[C@H]3CC[N@H+](Cc4cccc(Cl)c4Cl)CC3)cccc2n1
2bv4,CO[C@H]1O[C@H](CO)[C@@H](O)[C@H](O)[C@@H]1O
3ehw,O=c1ccn(C2CC(O)C(COP(=O)(O)NP(=O)(O)OP(=O)(O)O)O2)c(=O)[nH]1
1lhd,CC(=O)N[C@H](Cc1ccccc1)C(=O)N1CCC[C@H]1C(=O)N[C@@H](CCCC[NH3+])B(O)O
5l8n,Cc1cc2nc(N)[nH]c2cc1C
4nuf,CSCC[C@H]([NH3+])C(=O)N[C@@H](Cc1c[nH]cn1)C(=O)N[C@@H](CCCNC(N)=[NH2+])C(=O)N[C@H](C(=O)N[C@@H](CO)C(=O)N[C@@H](C)C(=O)N[C@@H](C)C(=O)N[C@@H](CC(C)C)C(=O)N[C@@H](CCC(=O)[O-])C(=O)N[C@@H](CCC(=O)[O-])C(=O)N[C@@H](C)C(=O)N[C@@H](CC(N)=O)C(=O)N[C@@H](CCCC[NH3+])C(=O)N[C@H](C(=O)N[C@@H](Cc1ccccc1)C(=O)N[C@@H](CC(C)C)C(=O)[O-])C(C)C)C(C)C
5alt,Cn1nnc(-c2cc(-c3ccsc3)cnc2N)n1
3nzc,COc1ccc(OCCc2ccccc2)cc1Cc1cnc2nc(N)nc(N)c2c1C
3hr1,Cn1cc(-c2ccncc2)c(-c2ccc(OCc3ccc4ccccc4n3)cc2)n1
4qw7,CC(C)C[C@H](NC(=O)[C@H](CCc1ccccc1)NC(=O)C[NH+]1CCOCC1)C(=O)N[C@@H](Cc1ccccc1)C(=O)N[C@@H](CC(C)C)[C@@H](O)[C@H](C)CO
7gch,CC(=O)N[C@@H](CC(C)C)C(=O)N[C@@H](Cc1ccccc1)[C@H](O)C(F)(F)F
4eo4,Nc1ncnc2c1ncn2[C@@H]1O[C@H](COS(=O)(=O)NC(=O)[C@@H]([NH3+])CO)[C@@H](O)[C@H]1O
6g84,CC(C)C[C@H](NC(=O)[C@H](C)NC(=O)[C@@H]1CCCN1C(=O)[C@@H]([NH3+])C(C)C)C(=O)N[C@@H](C)C(=O)N[C@@H](Cc1ccc(O)cc1)C(=O)N1CCC[C@H]1C(=O)[O-]
4ntj,CCOC(=O)c1cc(C#N)c(N2CCC(C(=O)NS(=O)(=O)Cc3ccccc3)CC2)nc1C
4msl,Cc1cc(=O)oc2c(C[NH2+][C@@H](CC(C)C)C(=O)[O-])c(O)ccc12
3p4q,O=C([O-])CC(=O)C(=O)[O-]
5hbe,CN1c2ccc(-c3cncc(Cl)c3N3CCC4(CC3)CNC(=O)O4)cc2CS1(=O)=O
5mxq,O=C([O-])c1ncccc1NS(=O)(=O)c1ccccc1
6gj7,O=C1N[C@H](c2c(C[NH2+]Cc3ccc4ccn(Cc5ccccc5)c4c3)[nH]c3ccccc23)c2cc(O)ccc21
2kfg,C[C@H](NC(=O)[C@@H](NC(=O)[C@H](Cc1ccccc1)NC(=O)[C@@H]1CCCN1C(=O)[C@H](CC(=O)[O-])NC(=O)[C@@H](NC(=O)[C@H](CO)NC(=O)[C@H](CCC(=O)[O-])NC(=O)[C@H](Cc1ccc(O)cc1)NC(=O)[C@H](CC(N)=O)NC(=O)[C@@H]([NH3+])Cc1ccccc1)[C@@H](C)O)[C@@H](C)O)C(=O)N[C@@H](CCCC[NH3+])C(=O)[O-]
5xw6,Nc1ncnc2c1ncn2C1OC(COP(=O)(O)OP(=O)(O)OP(=O)(O)O)C2OC3(OC21)C([N+](=O)[O-])=CC([N+](=O)[O-])=CC3[N+](=O)[O-]
6.00E+49,CC[C@H](C)[C@H](NC(=O)CNC(=O)[C@@H]([NH3+])CC(N)=O)C(=O)N[C@@H](C)C(=O)N[C@@H](C)C(=O)N[C@@H](CCSC)C(=O)N[C@@H](CC(C)C)C(=O)N[C@@H](CCC(N)=O)C(=O)N[C@@H](CCCNC(N)=[NH2+])C(=O)N[C@@H](Cc1c[nH]cn1)C(=O)N[C@@H](CO)C(=O)N[C@@H](CCCNC(N)=[NH2+])C(=O)N[C@@H](CCCC[NH3+])C(=O)N[C@@H](CCCNC(N)=[NH2+])C(=O)N[C@@H](Cc1ccccc1)C(=O)N[C@@H](CCC(N)=O)C(=O)N[C@@H](CC(C)C)C(=O)[O-]
5lzg,CC(=O)N[C@@H]1[C@@H](O)C[C@@](C(=O)[O-])(n2cc(CCC(=O)NCC[C@@H]3O[C@H](CO)[C@H](O)[C@H](O)[C@H]3O)nn2)O[C@H]1[C@H](O)[C@H](O)CO
1nde,Oc1ccc(CCNc2nc(SCCCc3ccc(Cl)cc3)nc(N3CC[NH2+]CC3)n2)cc1
3upy,O=C[N+](=O)CCCP(=O)(O)O
3asx,CC(C)(C)CN(C(=O)CCC(=O)N1CCC[C@@H](C(=O)[O-])C1)c1ccc(Cl)cc1[C@H](O)c1ccccc1Cl
3bzi,CC(C)CC([NH3+])C(=O)NC(CC(C)C)C(=O)NC(CS)C(=O)NC(CO)C(=O)NC(C(=O)N1CCCC1C(=O)NC(CC(N)=O)C(=O)O)C(C)OP(=O)(O)O
1z1r,CC(C)CCN(C[C@@H](O)[C@@H]1Cc2ccc(cc2)OCCCC(=O)N[C@@H](CC(N)=O)C(=O)N1)S(=O)(=O)c1ccccc1
5ai5,O=C(NC1CCCCC1)NC1CCCCC1
2z52,CCCCCCCCCCCC(O)(P(=O)(O)O)P(=O)(O)O
2zu4,CC(=O)CC[C@H](C[C@@H]1CCNC1=O)NC(=O)[C@H](CC(C)C)NC(=O)[C@H](CNC(=O)C(C)(C)C)NC(=O)OCc1ccccc1
4xm6,Cc1cc(S(=O)(=O)N(CC(C)C)[C@@H](C(=O)NO)C(C)C)ccc1F
3wv3,COc1cccc(CNC(=O)c2nc3sccc3c(=O)[nH]2)c1
4u03,C[N@H+]1C2C(=NC(=[NH2+])NC2O)NC[C@@H]1CNc1ccc(C(=O)N[C@@H](CCC(=O)N[C@@H](CCC(=O)[O-])C(=O)[O-])C(=O)[O-])cc1
4tw8,COc1ccc(CC[C@@H](OC(=O)[C@@H]2CCCCN2C(=O)[C@H](c2cc(OC)c(OC)c(OC)c2)[C@@H]2CC=CCC2)c2cccc(OCC(=O)NCc3c(O)ccc4cc5ccc(=O)cc-5oc34)c2)cc1OC
1klu,CC[C@H](C)[C@H](NC(=O)[C@H](CC(C)C)NC(=O)[C@H](CCC(=O)[O-])NC(=O)C[NH3+])C(=O)NCC(=O)N[C@H](C(=O)N[C@@H](CC(C)C)C(=O)N[C@@H](CC(N)=O)C(=O)N[C@@H](C)C(=O)N[C@@H](C)C(=O)N[C@@H](CCCC[NH3+])C(=O)N[C@H](C(=O)N1CCC[C@H]1C(=O)N[C@@H](C)C(=O)N[C@@H](CC(=O)[O-])C(=O)[O-])C(C)C)[C@@H](C)O
6fa3,COc1nc(-c2cccc3c2O[C@H](CNC(=O)C2CCOCC2)CO3)ccc1Nc1cccc(C[NH+](C)C)c1
3apc,CS(=O)(=O)n1ccc2c(-c3cnc(N)nc3)nc(N3CCOCC3)nc21
5x4n,Nc1ncc(Cl)c(Nc2ccccc2)n1
5kde,c1ccc(-n2cccc2-c2nc(N3CC3)nc(N3CC3)n2)cc1
6mrg,O[C@@H](CNc1cc(-c2ccc3c(c2)OCCO3)ncn1)c1ccccc1
4ynk,C=C1[C@H](O)CC(=C/C=C2\CCC[C@]3(C)[C@@H](C#CC#C[C@@H](O)[C@]45C[C@H]6C[C@H](C[C@H](C6)C4)C5)CC[C@@H]23)C[C@H]1O
2no3,NC(=O)c1ccccc1Nc1ccnc(Nc2cccc(O)c2)n1
6cd8,CC(C)[C@H](NC(=O)[C@H](CCCNC(N)=[NH2+])NC(=O)[C@H](CO)NC(=O)[C@@H]1CCC[NH2+]1)C(=O)[O-]
4aof,CC(=O)Nc1nc2ccc(-c3cncc(S(C)(=O)=O)c3)cn2n1
5d75,C=CC[C@@H]1/C=C(\C)C[C@H](C)C[C@H](OC)[C@H]2O[C@@](O)(C(=O)C(=O)N3CCCC[C@H]3C(=O)O[C@H](/C(C)=C/[C@@H]3CC[C@@H](O)[C@H](OC)C3)[C@H](C)[C@@H](O)CC1=O)[C@H](C)C[C@@H]2OC
1gwm,OC[C@H]1O[C@@H](O[C@@H]2[C@@H](CO)O[C@@H](O[C@@H]3[C@@H](CO)O[C@@H](O[C@@H]4[C@@H](CO)O[C@@H](O[C@@H]5[C@@H](CO)O[C@@H](O[C@@H]6[C@@H](CO)O[C@H](O)[C@H](O)[C@H]6O)[C@H](O)[C@H]5O)[C@H](O)[C@H]4O)[C@H](O)[C@H]3O)[C@H](O)[C@H]2O)[C@H](O)[C@@H](O)[C@@H]1O
4z2p,CC(C)C[C@H](NC(=O)[C@H](Cc1ccccc1)NC(=O)[C@H](CO)NC(=O)[C@H](CCC(=O)[O-])NC(=O)[C@H](CO)NC(=O)[C@@H](NC(=O)[C@@H](NC(=O)[C@H](C)NC(=O)[C@@H]([NH3+])C(C)C)[C@@H](C)O)C(C)C)C(=O)N[C@H](C(=O)N[C@@H](CCC(=O)[O-])C(=O)[O-])[C@@H](C)O
2o4h,CP(=O)(O)NC(CC(=O)O)C(=O)O
3jvk,CC(=O)NCCCC[C@H](NC(=O)CNC(=O)C[NH3+])C(=O)N[C@@H](C)C(=O)[O-]
5ovf,COc1cc2nc(C)nc(N[C@H](C)c3cccc(-c4cn[nH]c4)c3)c2cc1OC
3kwj,COc1cc2c(cc1OC)[C@@H]1C[C@H]([NH3+])[C@@H](c3cccc(CF)c3)C[N+]1CC2
1esz,CC(=O)N[C@@H]1CCCN2O[Fe+7]345(ON(CCC[C@@H]6NC(=O)[C@H](CCCN(O3)C(CC(C)CCO)=[O+]4)NC6=O)C(=[O+]5)CCCCOC1=O)[O+]=C2C[C@@H](C)CCO
5dhs,C#Cc1cccc(CCNC(=O)CSc2nc3c(N)ncnc3n2[C@@H]2O[C@H](CN=[N+2]#N)[C@@H](O)[C@H]2O)c1
6dry,CC[C@@H](CO)NC(=O)[C@@H]1C=C2c3cccc4[nH]cc(c34)C[C@H]2[N@H+](C)C1
3cwj,CC(C)CCn1nc(-c2cccs2)c(O)c(C2=CS(=O)(=O)c3cc(NS(C)(=O)=O)ccc3N2)c1=O
3bh8,CCC(C)C(NC(=O)C(COP(=O)(O)O)NC(=O)C(C)NC(=O)C(CCC(N)=O)NC(=O)C([NH3+])CCCNC(=N)N)C(=O)NC(CCC(=O)O)C(=O)NC(CC(C)C)C(=O)N1CCCC1C(=O)NC(CO)C(=O)NC(CCSC)C(=O)O
4irx,O[C@H]1[C@H](O)[C@@H](O)[C@H](O)[C@@H](O)[C@H]1O
4qzx,COc1ccc(C[C@H](NC(=O)[C@H](C)NC(=O)C[NH+]2CCOCC2)C(=O)N[C@@H](Cc2ccccc2)[C@@H](O)[C@H](C)CO)cc1
5axi,CSCCC(NC(=O)C(Cc1ccc(OP(=O)(O)O)cc1)NC(=O)CNC(=O)C([NH3+])CC(=O)O)C(=O)N1CCCC1C(=O)O
2w77,[NH3+]CCCC[C@H](NC(=O)[C@H]([NH3+])CO)C(=O)NCC(=O)N[C@@H](CCC[N+](=O)C=O)C(=O)N[C@@H](CO)C(=O)N[C@H](CO)C(=O)NCC(=O)N[C@H]1CCCCNC(=O)[C@H](CO)NC(=O)[C@@H](CCC[N+](=O)C=O)NC1=O
3hy5,C[C@H](/C=C\C[C@@H](C)/C=C/[C@H]1[C@H](C)CCCC1(C)C)CCO
4oho,CC#C[C@H]1CN(S(=O)(=O)c2ccc(N)nc2)CCN1c1ccc([S@](=N)(=O)C(F)(F)F)cc1
1i41,Cc1ncc(COP(=O)(O)O)c(C/N=C(\C=C\CP(=O)(O)O)C(=O)O)c1O
6iso,C[C@H](NC(=O)[C@@H](NC(=O)[C@H](CCC(N)=O)NC(=O)[C@H](CCCC[NH3+])NC(=O)[C@@H](NC(=O)[C@@H]([NH3+])CCCNC(N)=[NH2+])[C@@H](C)O)[C@@H](C)O)C(=O)N[C@@H](CCCNC(N)=[NH2+])C(=O)[O-]
5umz,CCC[C@H](NC(=O)C[NH3+])C(=O)N[C@@H](CCCC[NH3+])C(=O)N[C@@H](CCCNC(N)=[NH2+])C(=O)N[C@@H](CCCNC(N)=[NH2+])C(=O)N[C@@H](CCCNC(N)=[NH2+])C(=O)N[C@@H](CCC(=O)[O-])C(=O)N[C@@H](CCCNC(N)=[NH2+])C(=O)[O-]
5v6u,CC(=O)c1ccccc1Sc1ccccc1C(=O)[O-]
5abp,OC[C@H]1O[C@H](O)[C@H](O)[C@@H](O)[C@H]1O
5ugm,Cc1oc(-c2ccccc2)nc1CCOc1ccc(C[C@@H]2SC(=O)NC2=O)c2sccc12
4no9,CC(C)C[C@H](NC(=O)OCc1ccccc1)C(=O)N[C@@H](CC(C)C)C(=O)N[C@@H](CC(C)C)[C@@H](O)[C@H](C)CO
6k05,Cc1nnc2n1C1=C(CC(c3cnn(C)c3)CC1)[C@H](Nc1ccc(Cl)cc1)CC2
6e8k,O=C(O)C(CO)NC(=O)C(Cc1ccc(OP(=O)(O)O)cc1)NC(=O)C1CCC[NH2+]1
2eum,CCCCCCCCCCCCC/C=C/[C@@H](O)[C@H](CO[C@H]1O[C@H](CO)[C@@H](O[C@@H]2O[C@H](CO)[C@H](O)[C@H](O)[C@H]2O)[C@H](O)[C@H]1O)[NH2+][C@@H](O)CCCCCCC
6qme,Cc1cc([C@H](CC(=O)[O-])c2ccc3c(c2)nnn3C)ccc1Cl
4qme,[NH3+]C(CCc1ccccc1)P(=O)(O)CC(Cc1ccccc1)C(O)O
4rxd,O=P(O)(O)C(O)(Cc1cccnc1)P(=O)(O)O
5qaf,O=C([O-])c1cccc(-c2ccc(F)cc2)c1
2jkr,CC[C@H](C)[C@H](NC(=O)[C@H](CCC(N)=O)NC(=O)[C@H](CO)NC(=O)[C@@H]([NH3+])CCSC)C(=O)N[C@@H](CCCC[NH3+])C(=O)N[C@@H](CCCNC(N)=[NH2+])C(=O)N[C@@H](CC(C)C)C(=O)N[C@@H](CC(C)C)C(=O)N[C@@H](CO)C(=O)O
3eio,[NH3+][C@@H](CC(=O)N1CCCN(C(=O)c2ccc(C(=O)[O-])cc2)CC1)Cc1cc(F)c(F)cc1F
6fzg,CN(CCOc1ccc(C[C@H](Nc2ccccc2C(=O)c2ccccc2)C(=O)[O-])cc1)c1ccccn1
3i1y,O=C(NCCC(c1ccccc1)c1ccccc1)c1cccnc1
3nef,O=S(=O)(NCc1ccccn1)c1ccc(Br)c2ccccc12
2lko,O=P(O)(O)OC1C(O)C(OP(=O)(O)O)C(OP(=O)(O)O)C(OP(=O)(O)O)C1O
5jv1,Cc1ccc(-c2cc3c(NC(Cc4cccc(F)c4)P(=O)(O)O)ncnc3s2)cc1Cl
6q37,[NH3+][C@@]1(C(=O)[O-])C[NH2+]C[C@@H]1CCC[B-]([OH2+])([OH2+])[OH2+]
4z0u,CC[C@H](C)[C@H](NC(=O)[C@@H]([NH3+])CC(=O)[O-])C(=O)N1CCC[C@H]1C(=O)N[C@@H](Cc1ccccc1)C(=O)[O-]
6ahs,CC1=N[C@H](c2cn(S(=O)(=O)c3ccccc3Cl)c3ccc(C)cc23)CN1
5klr,CC(C)[C@H](NC(=O)[C@H](CCCC[NH3+])NC(=O)[C@H](CCCNC(N)=[NH2+])NC(=O)[C@H](CCCC[NH3+])NC(=O)[C@H](CCCC[NH3+])NC(=O)[C@H](C)NC(=O)[C@@H]1CCCN1C(=O)[C@@H]([NH3+])Cc1ccccc1)C(=O)[O-]
3zls,COC(=O)c1c[nH]c2ncccc12
6hhp,CC(NC(=O)C1CCCN1C(=O)C([NH3+])Cc1ccccc1)C(=O)NC(C(=O)NC(C(=O)O)C(C)C)C(C)OP(=O)(O)O
3zpt,COC(=O)N[C@H](C(=O)N[N@H+](CCC[C@@]1(O)Cc2ccc(cc2)C/C=C\CNC(=O)[C@H](C(C)C)NC1=O)Cc1ccc(Br)cc1)C(C)(C)C
2lh8,Cc1ncc(C[N+]2CS[C@@H](CCO)[C@@H]2C)c(N)n1
6d59,Cc1cc(Cn2c(N3CC[NH2+]CC3)nc3c(-c4c(C)n[nH]c4C)cc(Cl)cc32)cc(C)c1F
6f6r,C[C@H](C(=O)N[C@H](CO)CC(=O)[O-])n1c(=O)c(NC(=O)c2ccc(Nc3cnc4ccccc4n3)cc2)cn(C)c1=O
3lqj,C[C@H]([NH3+])C(=O)N[C@@H](CCCNC(N)=[NH2+])C(=O)N[C@H](C(=O)N[C@@H](CCCC[N+](C)(C)C)C(=O)N[C@@H](CCC(N)=O)C(=O)N[C@H](C(=O)[O-])[C@@H](C)O)[C@@H](C)O
5y21,CC(C)[C@H](NC(=O)[C@@H]([NH3+])CCC(=O)[O-])C(=O)N[C@@H](CCCNC(N)=[NH2+])C(=O)N[C@@H](CCC(N)=O)C(=O)N[C@@H](CCCC[NH3+])C(=O)N[C@@H](CCCC[NH3+])C(=O)N[C@@H](CCCNC(N)=[NH2+])C(=O)N[C@@H](CCCNC(N)=[NH2+])C(=O)N[C@@H](CCCC[NH3+])C(=O)N[C@@H](CCCNC(N)=[NH2+])C(=O)N[C@@H](CO)C(=O)N[C@H](C(=O)[O-])[C@@H](C)O
5jgd,CC(C)Oc1c(NC(=O)c2csc3c(=O)[nH]cnc23)cccc1C(=O)N1CC[NH+](C)CC1
1llb,CO/N=C(\C(=O)N[C@H](C=O)[C@@H]1[NH2+][C@@H](C(=O)[O-])C(C)(C)S1)c1csc(N)n1
2wxl,FC(F)c1nc2ccccc2n1-c1nc(N2CCOCC2)nc(N2CCOCC2)n1
4tzm,CC[C@H](C)[C@H](NC(=O)[C@H](CO)NC(=O)[C@@H](NC(=O)[C@H](CC(N)=O)NC(=O)[C@H](CO)NC(=O)[C@@H](NC(=O)CNC(=O)[C@H](Cc1ccc(O)cc1)NC(=O)[C@H](CCCNC(N)=[NH2+])NC(=O)[C@H](C)[NH3+])C(C)C)[C@@H](C)O)C(=O)N[C@@H](CC(N)=O)C(=O)N[C@@H](CCCNC(N)=[NH2+])C(=O)N[C@@H](CCCC[NH3+])C(=O)[O-]
1w84,c1ccc2c(CCc3ccncc3)c[nH]c2c1
5xii,O=C1CCC[NH2+][C@@H]1CCCn1cnc2cc(F)c(Cl)cc2c1=O
5w7j,CC(C)[C@H](NC(=O)[C@H](C)NC(=O)[C@H](C)NC(=O)[C@@H]1CCCN1C(=O)[C@H](CCC(N)=O)NC(=O)[C@H](CO)NC(=O)[C@H](C)NC(=O)[C@@H](NC(=O)[C@@H](NC(=O)C[NH3+])C(C)C)C(C)C)C(=O)[O-]
2aq7,C/C=C/C(C)=C/[C@@]1(C)SC(=O)C(C)=C1O
6fzx,O=C(CC(=O)Nc1ccc(Cl)c(Cl)c1)NO
2w2u,CC(C)C[C@H](NC(=O)[C@H](CCC(=O)[O-])NC(=O)[C@@H]([NH3+])CCCNC(N)=[NH2+])C(=O)N[C@@H](CC(C)C)C(=O)N1CCC[C@H]1C(=O)N[C@@H](CCC(=O)[O-])C(=O)N[C@@H](CC(C)C)C(=O)N1CCC[C@H]1C(=O)N[C@@H](Cc1c[nH]cn1)C(=O)N1CCC[C@H]1C(=O)N1CCC[C@H]1C=O
6oyt,CC(C)n1cnnc1-c1cccc(NC(=O)C2=C[C@H](n3cnc(C4CC4)c3)[C@@H](C)C=C2F)n1
1rth,CCN1c2cc([N+](=O)[O-])ccc2N(C)C(=O)c2cccnc21
5nt4,O=c1[nH]c(-c2ccc(N3CCOCC3)cc2)nc2ccccc12
5typ,Cc1ccc(B(O)O)cc1Br
5ml2,O=S(=O)(NCc1ccccc1)c1ccc(S(=O)(=O)N(Cc2ccc(Cl)cc2)C2CCCC2)cc1
2e9d,O=P(O)(O)C(O)(COc1cccc(-c2cccc(-c3ccccc3)c2)c1)P(=O)(O)O
5yso,CC(C)[NH+]1CCN(c2ccc([C@@H](c3ccc(O)cc3)[C@H](CCCO)c3ccccc3)cc2)CC1
1csh,CC(C)(COP(=O)(O)OP(=O)(O)OCC1OC(n2cnc3c(N)ncnc32)C(O)C1OP(=O)(O)O)C(O)C(=O)NCCC(=O)NCCCC(N)=O
3rwg,CSCC[C@H]([NH3+])C(=O)N[C@@H](Cc1c[nH]cn1)C(=O)N1CCC[C@H]1C(=O)N[C@@H](C)C(=O)N[C@@H](CCC(N)=O)C(=O)N[C@H](C(=O)N[C@@H](CO)C(=O)N[C@@H](CCC(N)=O)C(=O)N[C@@H](Cc1c[nH]c2ccccc12)C(=O)[O-])[C@@H](C)O
4fcb,CCCc1nc(C)c2c(C)nc3cc(OCc4ccc5ccccc5n4)ccc3n12
4gvd,C[C@H](NC(=O)[C@H](Cc1ccc(O)cc1)NC(=O)[C@H](Cc1ccccc1)NC(=O)[C@H](C)NC(=O)[C@H](C)NC(=O)[C@H](C)NC(=O)[C@H](CCCC[NH3+])NC(=O)[C@@H]([NH3+])[C@@H](C)O)C(=O)[O-]
6e5b,COc1ccc(C(=O)NCCn2cc(C(=O)N[C@@H](CC(C)C)B([OH2+])[OH2+])nn2)c(OC)c1OC
2k1q,CC(C)COC(=O)N[C@@H](CCC(=O)[O-])C(=O)N[C@@H](CC(C)C)C(=O)N[C@@H](CC(F)F)C(=O)NCCc1ccc(C(=O)[O-])cc1Cl
4e3k,O=S(=O)(NCB(O)O)c1ccc(-c2nn[nH]n2)nc1
1lhg,CC(=O)N[C@H](Cc1ccccc1)C(=O)N1CCC[C@H]1C(=O)N[C@@H](CCC[NH3+])B(O)O
6i7a,C[C@H]([NH3+])C(=O)N[C@@H](C)C(=O)N[C@@H](CC(=O)[O-])C(=O)N[C@H](C(=O)N[C@H](C(=O)N[C@H](C(=O)N1CCC[C@H]1C(=O)[O-])[C@@H](C)O)[C@@H](C)O)[C@@H](C)O
1gu1,O=C([O-])[C@]1(O)C=C[C@@H](O)[C@H](O)C1
5tw5,CCCCCCCC(=O)N[C@@H](CO[C@H]1O[C@H](CO)[C@H](O)[C@H](O)[C@H]1O)[C@H](O)[C@H](O)CCCCCCCCCCCCc1ccccc1
5lwe,CC(C)(C)c1ccc(S(=O)(=O)Nc2ccc(Cl)cc2C(=O)c2cc[n+]([O-])cc2)cc1
6cen,CCCC[C@H](NC(=O)[C@@H](NC(=O)CNC(C)=O)C(C)C)C(=O)N[C@@H](CCCNC(N)=[NH2+])C(=O)N[C@H](C(N)=O)[C@@H](C)CC
6dgo,Cc1c(C)c2c(c(C)c1O)CC[C@](C)(COc1ccc(C[C@@H]3SC(=O)NC3=O)cc1)O2
5a5s,COc1cncc(-c2cnc(NC3CC[NH2+]CC3)c3[nH]c(=O)c(C)cc23)c1
5dda,FCc1nnc(N2CCN(c3ncnc4sc(CC(F)(F)F)cc34)CC2)s1
4h71,CC1=CC(=O)C(C(C)C)=C/C1=N\O
4p73,O=C(Nc1cccc(S(=O)(=O)N2CCN(c3ccccn3)CC2)c1)Nc1nccs1
3q4j,CC(=O)N[C@@H](CCC(N)=O)C(=O)N[C@@H](CC(C)C)C(=O)N[C@@H](CC(=O)[O-])C(=O)N[C@@H](CC(C)C)C(=O)N[C@@H](Cc1ccccc1)C(=O)[O-]
4gao,CC[C@H](C)[C@H](NC(=O)[C@H](CCSC)NC(C)=O)C(=O)N[C@@H](C)C(=O)N[C@@H](CC(C)C)C(=O)N[C@@H](C)C(=O)N[C@@H](C)C(=O)N[C@@H](C)C(=O)N[C@@H](C)C(=O)N[C@@H](C)C(=O)N[C@@H](C)C(=O)N[C@@H](C)C(=O)[O-]
4k75,CC(C)C[C@H](NC(=O)[C@H](CCCNC(N)=[NH2+])NC(=O)[C@@H](NC(=O)[C@H](CC(=O)[O-])NC(=O)[C@H](CCC(N)=O)NC(=O)[C@H](Cc1c[nH]c2ccccc12)NC(=O)[C@@H]([NH3+])CCCNC(N)=[NH2+])[C@@H](C)O)C(=O)[O-]
1nfs,C[NH+](C)CCOP(=O)(O)OP(=O)(O)O
2rf2,NC(=O)c1[nH]c2ccc(Br)cc2c1S(=O)(=O)N1CCCC1
6k5r,CCC(C)C(NC(=O)C(CS)NC(=O)CNC(=O)C(C)NC(=O)C(NC(=O)C([NH3+])CC(=O)O)C(C)O)C(=O)NC(C(=O)NC(C(=O)NC(COP(=O)(O)O)C(=O)NC(CC(=O)O)C(=O)NC(COP(=O)(O)O)C(=O)NC(CCC(=O)O)C(=O)O)C(C)CC)C(C)C
3dgq,C=C(CC)C(=O)c1ccc(OCC(=O)[O-])c(Cl)c1Cl
2zsc,O=C([O-])CCCC[C@@H]1SC[C@@H]2NC(=O)N[C@H]12
5ntp,Cc1ncc(C(=O)Nc2cc(Cl)cc(C[N@@H+]3CCN(C(=O)C4CCCC4)[C@@H](C)C3)c2C)cn1
2kpl,CC(C)[C@H](NC(=O)[C@H](CCC(N)=O)NC(=O)[C@@H](NC(=O)[C@H](CCC(=O)[O-])NC(=O)[C@H](CCCNC(N)=[NH2+])NC(=O)[C@H](CCCNC(N)=[NH2+])NC(=O)[C@@H](NC(=O)[C@H](CCCNC(N)=[NH2+])NC(=O)[C@H](CO)NC(=O)[C@H](CO)NC(=O)[C@@H]([NH3+])CCCNC(N)=[NH2+])[C@@H](C)O)[C@@H](C)O)C(=O)[O-]
6keb,COc1ccc([C@@H]2Sc3ccccc3N(CC[NH+](C)C)C(=O)[C@H]2OC(C)=O)cc1
6hgx,CC(C)(C)[N@@H+]1CCO[C@H](COc2ccc(NC(=O)NC3CCCCC3)cc2)C1
1juf,CC[C@H](C)[C@H](NC(=O)[C@@H](NC(=O)[C@H](CO)NC(=O)[C@@H]([NH3+])CO)C(C)C)C(=O)NCC(=O)N[C@H](C(=O)N[C@@H](Cc1c[nH]c2ccccc12)C(=O)N[C@@H](Cc1ccc(O)cc1)C(=O)N[C@@H](CC(C)C)C(=O)[O-])C(C)C
6o68,CC1(COc2ccc(Cc3sc(=O)[nH]c3O)cc2)CCCCC1
1dth,CNC(=O)[C@H](Cc1ccccc1)NC(=O)[C@H](CC(C)C)[C@H](CSc1cccs1)C(=O)NO
2igy,CCCCCc1ccc(C(=O)N(Cc2ccc(N(C)c3ccncc3)cc2)[C@H]2CC[N@H+](CCC(C)C)CC2)cc1
5syn,COc1ccc(N2CCN(C(=O)c3cc4c(s3)-c3ccccc3S(=O)(=O)C4)CC2)cc1
4a9t,NC(=O)c1ccc2nc(-c3ccc(OCC4CC[NH2+]CC4)cc3)[nH]c2c1
1y98,CC(NC(=O)CNC(=O)C(Cc1ccccc1)NC(=O)C(NC(=O)C1CCCN1C(=O)C(COP(=O)(O)O)NC(=O)C(CO)NC(=O)C(NC(=O)C(CCCNC(=N)N)NC(=O)C(NC(=O)C1CCC[NH2+]1)C(C)O)C(C)C)C(C)C)C(=O)NC(C(=O)O)C(C)O
2q2n,CC1=C(CCC(=O)O)/C2=C/C3=N/C(=C\C4=N/C(=C\C5=N/C(=C\C1=N2)C(C)=C5S(=O)(=O)O)C(C)=C4S(=O)(=O)O)C(C)=C3CCC(=O)O
5fi2,O=C(Cc1ccccc1)Nc1nnc(N[C@H]2C=[N+](c3nnc(NC(=O)Cc4ccccc4)s3)CC2)s1
6ami,[NH3+][C@@H](Cc1c[nH]c2ccccc12)C(=O)[O-]
3uvu,C[C@H](NC(=O)[C@@H]([NH3+])CO)C(=O)N[C@@H](CCCC[NH3+])C(=O)N[C@@H](CCCNC(N)=[NH2+])C(=O)N[C@@H](CCCC[NH3+])C(=O)N[C@@H](CCC(=O)[O-])C(=O)N1CCC[C@H]1C(=O)N[C@@H](CCC(=O)[O-])C(=O)N1CCC[C@H]1C(=O)N[C@@H](CCCC[NH3+])C(=O)NCC(=O)N[C@@H](CO)C(=O)N[C@H](C(=O)N[C@@H](CCCC[NH3+])C(=O)N[C@@H](CCCC[NH3+])C(=O)N[C@@H](CCCC[NH3+])C(=O)N[C@@H](C)C(=O)N[C@@H](CCCC[NH3+])C(=O)N[C@H](C(=O)[O-])[C@@H](C)O)[C@@H](C)O
5vs6,C[C@H](CC(=O)N1CCC(O)(Cn2cnc3cc(NC(=O)CC[N@H+]4CC[N@H+](C)CC4)ccc3c2=O)CC1)c1ccccc1
5g2n,COc1c(OCCC[NH+]2CCOCC2)ccc2c1nc(NC(=O)c1cnc(N)nc1)n1ccnc21
4i7f,CCOP(=O)(COc1ccc(CCc2cnc3c(c2)C(=O)N(C)c2cccnc2N3CC)cc1)OCC
5a3s,Nc1ncnc2c1ncn2C1OC(COP(=O)(O)OP(=O)(O)OP(=O)(O)O)C2OC3(OC21)C([N+](=O)[O-])=CC([N+](=O)[O-])=CC3[N+](=O)[O-]
5ggn,CC(=O)N[C@H]1[C@H](Oc2ccc([N+](=O)[O-])cc2)O[C@H](CO)[C@@H](O)[C@@H]1O
4q3r,[NH3+][C@@](CCC[CH2]B(O)(O)O)(C(=O)[O-])[C@H]1CC[N@H+](Cc2ccc(Cl)c(Cl)c2)CC1
3d1g,CCOc1cc(C[C@H]2SC(=S)N(CC(=O)[O-])C2=O)c(Br)c(Br)c1O
3u8d,CCC1C(CC(N)=O)c2cc(OCCCP(=O)(O)O)ccc2N1Cc1ccccc1
5zkb,CCC[NH+](CCC)C[C@@H]1CCCC[N@H+]1CCNC(=O)N1c2ccccc2C(=O)Nc2cccnc21
5dy7,O=C1CNc2ccc(C(F)(F)F)cc2N1
2jfh,CCCCOc1ccc2cc(S(=O)(=O)N[C@@H](CCC(=O)[O-])C(=O)[O-])ccc2c1
5wg5,Fc1ccc([C@@H]2CC[NH2+]C[C@H]2COc2ccc3[nH]ncc3c2)cc1
3dz6,C=Cc1nc2c(N)ncnc2n1[C@@H]1O[C@H](C[N@@H+](C)CCCCO[NH3+])[C@@H](O)[C@H]1O
6oy0,CC[C@H](C)CN(C[C@@H](O)[C@H](CC1CCCCC1)NC(=O)O[C@H]1CO[C@H]2OCC[C@@H]12)S(=O)(=O)C1CCC([C@H](O)CO)CC1
1yw7,Cc1ccc(NS(=O)(=O)c2ccccc2)c(C(=O)[O-])c1
5wkf,CC[C@H](C)[C@H](NC(=O)[C@@H]1CCCN1C(=O)[C@H](CO)NC(=O)CNC(=O)[C@H](CO)NC(=O)[C@@H](NC(=O)C[NH3+])[C@@H](C)O)C(=O)N[C@H](C(=O)N[C@@H](CC(N)=O)C(=O)N[C@@H](CCCNC(N)=[NH2+])C(=O)[O-])C(C)C
5dts,O=C([O-])c1cccc(-c2cccnc2)c1
3adu,COc1ccc2[nH]cc(CC(=O)[O-])c2c1
4y64,C[C@@H]([NH3+])C(=O)NC[C@H]1O[C@@H](n2ccc(=O)[nH]c2=O)[C@H](O)[C@@H]1O
1lhf,CC(=O)N[C@H](Cc1ccccc1)C(=O)N1CCC[C@H]1C(=O)N[C@@H](CCCCC[NH3+])B(O)O
1fe3,CCCCCCCCCCCCCCCCCC(=O)[O-]
5jfr,Cc1nc2[nH]cnc2cc1-n1c2ccc(F)cc2c2[nH]ncc21
5y5w,CC(C)[C@H](NC(=O)[C@H](CCCC[N+](C)(C)C)NC(=O)[C@H](CCCNC(N)=[NH2+])NC(=O)[C@H](Cc1c[nH]cn1)NC(=O)[C@@H]([NH3+])CCCNC(N)=[NH2+])C(=O)[O-]
6p7p,Nc1ncnc2c1ncn2C1OC2COP(=O)(O)OC3C(COP(=O)(O)OC4C(COP(=O)(O)OC2C1O)OC(n1cnc2c(N)ncnc21)C4O)OC(n1cnc2c(N)ncnc21)C3O
6djj,Nc1ccc(C(=O)[O-])c(C(=O)[O-])c1
3s3o,C[C@@H]1CCO[C@H]2Cn3cc(C(=O)NCc4ccc(F)cc4F)c(=O)c(O)c3C(=O)N21
4na7,CC(C)CC(=O)Nc1cc(-c2ccc(C(N)=O)cc2C(=O)[O-])cc([C@@H]2C[C@](C)(c3ccccc3)c3cc(C(N)=[NH2+])ccc3N2)c1
5fjx,[NH3+]CCCC[C@H]([NH3+])C(=O)N[C@@H](Cc1c[nH]c2ccccc12)C(=O)N[C@@H](CC(=O)[O-])C(=O)N[C@@H](CC(=O)[O-])C(=O)N[C@@H](Cc1ccccc1)C(=O)[O-]
6b5j,CNS(=O)(=O)c1cccc(Nc2cc(Nc3ccc(C(F)(F)F)cc3)ncn2)c1
4u90,CC[C@H](C)[C@H](NC(=O)[C@H](CC(N)=O)NC(=O)[C@@H]([NH3+])Cc1ccccc1)C(=O)N[C@H](C(=O)NCC(=O)N[C@H](C(=O)N[C@H](C(=O)N[C@@H](Cc1ccc(O)cc1)C(=O)N1CCC[C@H]1C(=O)N[C@@H](CS)C(=O)[O-])[C@@H](C)O)[C@@H](C)O)C(C)C
2ww0,O[C@@H]1[C@H](O)C[N@@H+]2CCC[C@@H](O)[C@H]12
4j0s,Cc1noc(C)c1-c1cc(O)cc([C@@H](O)c2ccccc2)c1
5afl,Cc1cccc(NC(=O)N2CCCC2)c1
2zu5,CC(C)C[C@H](NC(=O)[C@@H](NC(=O)OCc1ccccc1)[C@@H](C)OC(C)(C)C)C(=O)N[C@H](CCC(=O)C1CC1)C[C@@H]1CCNC1=O
2f1a,OC[C@@H]([NH2+]C[C@H]1[NH2+]C[C@H](O)[C@@H]1O)c1ccccc1
5alj,Cc1ccc(Nc2cc(C)c3c(O)cccc3n2)cc1F
4anu,CNC(=O)c1nc(-c2cccc(-c3nnn[nH]3)c2)cnc1N
4bdj,C1=CC1c1[nH]nc2nccc(-c3ccco3)c12
5zo7,COc1ccc(C2(SC[C@H]([NH3+])C(=O)[O-])c3ccccc3CCc3ccccc32)cc1
2hrm,O=c1ccn(C2CC(O)C(COP(=O)(O)CP(=O)(O)O)O2)c(=O)[nH]1
1lqf,NC(=O)C(Cc1ccc(C(F)(F)P(=O)(O)O)cc1)NC(=O)C(Cc1ccc(C(F)(F)P(=O)(O)O)cc1)NC(=O)C(CCC(=O)O)NC(=O)c1ccccc1
5f0c,O=C(CCC1CCCC1)Nc1cccc(N2CCCCC2)c1
6oy2,CCC(CC)CN(C[C@@H](O)[C@H](Cc1ccccc1)NC(=O)O[C@H]1CO[C@H]2OCC[C@@H]12)S(=O)(=O)c1ccc([C@H](O)CO)cc1
2y3p,CC(=O)O[C@@H]1[C@@H](C)O[C@@H](c2ccc3c(c2O)[C@H](O)[C@]24O[C@@]2(C3=O)[C@@]2(O)C(=O)C=C(C)C[C@@]2(O)C[C@@H]4O)C[C@H]1OC(=O)/C=C/C=C/C=C/C=C/C(=O)Nc1c(O)c2ccc(O)c(Cl)c2oc1=O
6ckl,CC(=O)N[C@@H]1[C@@H](O)C=C(C(=O)[O-])O[C@H]1[C@H](O)[C@H](O)CO
5xwr,CC[C@H](C)[C@H](NC(=O)[C@H](Cc1c[nH]cn1)NC(=O)[C@H](CCC(N)=O)NC(=O)[C@@H]1CCCN1C(=O)[C@H](C)NC(=O)[C@H](C)NC(=O)[C@H](CCC(N)=O)NC(=O)[C@H](CCCC[NH3+])NC(=O)[C@H](CCCNC(N)=[NH2+])NC(=O)[C@H](CCCNC(N)=[NH2+])NC(=O)[C@H](CO)NC(=O)[C@@H]([NH3+])CCSC)C(=O)[O-]
4m1j,CCCCCCCCCCCCCB(O)O
2f2c,CC(C)[C@@H](CO)Nc1nc(Nc2cc(N)cc(Cl)c2)c2ncn(C(C)C)c2n1
5myd,O=c1ccn(C2CC(O)C(COP(=O)(O)NP(=O)(O)OP(=O)(O)O)O2)c(=O)[nH]1
3tlh,CC(C)[C@H](NC(=O)[C@H](C)NC(=O)OCc1ccccc1)C(=O)N[C@H](CO)Cc1ccccc1
2v83,C[C@H]([NH3+])C(=O)N[C@@H](CCCNC(N)=[NH2+])C(=O)N[C@H](C(=O)N[C@@H](CCCC[N+](C)(C)C)C(=O)N[C@@H](CCC(N)=O)C(=O)N[C@H](C(=O)N[C@@H](C)C(=O)N[C@@H](CCCNC(N)=[NH2+])C(=O)N[C@@H](CCCC[NH3+])C(=O)[O-])[C@@H](C)O)[C@@H](C)O
3sn7,COc1cc(F)cc2c1nc(C)c1c(C)nc(-c3ccncc3C)n12
6q9w,COc1ncc(-c2nc3c(n2C(C)C)[C@H](c2ccc(Cl)cc2)N([C@@H](C)c2cccc(Cl)c2)C3=O)c(OC)n1
4j4v,Cc1ccc(C(=O)Nc2ccc(S(=O)(=O)[O-])c3cc(S(=O)(=O)[O-])cc(S(=O)(=O)[O-])c23)cc1N
6gop,C[C@]1(O)[C@@H](CCCCl)C(=O)N[C@]1(C=O)[C@@H](O)[C@@H]1C=CCCC1
2g97,O=C(/C=C/c1cccnc1)NCCCCC1CCN(C(=O)c2ccccc2)CC1
1z4u,O=C([O-])/C(=C/c1ccc(Oc2ccccc2Br)cc1)NC(=O)[C@]12C[C@H]3C[C@H](C[C@H](C3)C1)C2
6ar4,O=C([O-])[C@H](CC1CC1)NC(=O)[C@]1(c2ccc(Br)cc2)CC[N@H+](Cc2ccccc2C(F)(F)F)CC1
4b81,CC[NH+](CC)CCNS(=O)(=O)Cc1ccc(Cl)cc1
6afg,CN1C(=O)[C@@H](O)c2ccccc21
1rww,O=C[C@H](CC(=O)[O-])NC(=O)c1ccc(CNC(=O)c2ccc(Nc3cnc4ccccc4n3)cc2)nc1
4ci2,Nc1cccc2c1CN([C@H]1CCC(=O)NC1=O)C2=O
4hxs,O=c1[nH]c(-c2cccc(NS(=O)(=O)Cc3ccccc3)c2)cs1
4yrt,CCC(=O)Nc1ccc2c(O)cccc2c1
2nnk,CC(C)(C)NC(=O)[C@@H]1C[C@@H]2CCCC[C@@H]2C[N@H+]1C[C@@H](O)[C@H](Cc1ccccc1)NC(=O)[C@H](CC(N)=O)NC(=O)c1ccc2ccccc2n1
4qwf,CC(C)C[C@H](NC(=O)[C@H](CCc1ccccc1)NC(=O)C[NH+]1CCOCC1)C(=O)N[C@@H](Cc1ccccc1)C(=O)N[C@@H](CC(C)C)[C@@H](O)[C@H](C)CO
2fl6,CN(C)C(=O)N1C[C@@H](c2cc(F)ccc2F)C[C@H]1c1ccccc1
4z90,FC(F)O[C@H](Cl)C(F)(F)F
6oxv,CCC(CC)CN(C[C@@H](O)[C@H](Cc1ccccc1)NC(=O)O[C@H]1CO[C@H]2OCC[C@@H]12)S(=O)(=O)c1ccc([C@H](C)O)cc1
5yr4,CO[C@H]1[C@H]([C@@]2(C)O[C@@H]2CC=C(C)C)[C@](C)(O)CC[C@H]1OC(N)=O
5tv1,O=P(O)(O)OC1C(OP(=O)(O)O)C(OP(=O)(O)O)C(OP(=O)(O)O)C(OP(=O)(O)O)C1OP(=O)(O)O
6bsx,Cc1cc2nc(CO)[nH]c2cc1C
4k6y,CC[C@H](C)[C@H](NC(=O)[C@@H](NC(=O)[C@H](CO)NC(=O)[C@@H](NC(=O)[C@H](CCC(N)=O)NC(=O)[C@H](Cc1c[nH]c2ccccc12)NC(=O)[C@H](CCCNC(N)=[NH2+])NC(=O)[C@@H]([NH3+])CO)[C@@H](C)O)[C@@H](C)CC)C(=O)[O-]
1ung,CCCCc1c(-c2ccc(O)cc2)[nH]c2nccnc12
2gbi,Cn1c(=O)c2c(nc(N3CCC[C@@H]([NH3+])C3)n2Cc2ccccc2C#N)n(C)c1=O
2koh,CC[C@H](C)[C@H](NC(=O)[C@@H](NC(=O)[C@H](CC(C)C)NC(=O)[C@H](CCC(=O)[O-])NC(=O)[C@H](CCC(=O)[O-])NC(=O)[C@H](CCC(N)=O)NC(=O)[C@@H]1CCCN1C(=O)[C@H](CC(=O)[O-])NC(=O)[C@H](CO)NC(=O)CNC(=O)[C@H](Cc1ccc(O)cc1)NC(=O)[C@H](CC(C)C)NC(=O)[C@H](CCC(=O)[O-])NC(=O)[C@H](C)NC(=O)[C@H](CC(C)C)NC(=O)[C@@H]([NH3+])CCSC)[C@@H](C)CC)C(=O)[O-]
1kfy,C[C@H](c1ccc(Cl)cc1)c1cc([N+](=O)[O-])cc([N+](=O)[O-])c1O
3ft4,CC(C)C[C@H](NC(=O)[C@H](CC(C)C)NC(=O)[C@H](CC(=O)[O-])NC(=O)[C@H](CC(=O)[O-])NC(=O)[C@H](CCCNC(N)=[NH2+])NC(=O)[C@H](CC(C)C)NC(=O)[C@@H]([NH3+])C(C)C)C(=O)N[C@@H](CCC(=O)[O-])C(=O)N[C@@H](C)C(=O)[O-]
1h1b,CC(C)[C@H](C=O)[C@H]1[C@H](NS(C)(=O)=O)CCN1C(=O)c1coc(C[NH+]2CCCC2)n1
1eei,O=[N+]([O-])c1cccc(O[C@H]2O[C@H](CO)[C@H](O)[C@H](O)[C@H]2O)c1
5ewd,c1ccc(-c2ccncc2)cc1
6cvw,C=C[C@@H]1C[C@]1(NC(=O)[C@@H]1C[C@@H](Oc2nc3cc(OC)ccc3nc2C)CN1C(=O)[C@@H](NC(=O)OC1CCCC1)C(C)(C)C)C(=O)NS(=O)(=O)C1(C)CC1
4ny3,CC(C)C[C@H](NC(=O)[C@H](Cc1ccccc1)NC(=O)[C@H](Cc1ccc(O)cc1)NC(=O)[C@H](CC(=O)[O-])NC(=O)[C@@H]1CCC[NH2+]1)C(=O)[O-]
1pus,Nc1nc2c([nH]c(=O)n2C2CC(O)C(COP(=O)(O)O)O2)c(=O)[nH]1
1czc,O=C([O-])CCCC(=O)[O-]
4prn,CC(C)[C@H](NC(=O)[C@@H]1CCCN1C(=O)[C@@H]([NH3+])Cc1c[nH]cn1)C(=O)N[C@@H](C)C(=O)N[C@@H](CCC(=O)[O-])C(=O)N[C@@H](C)C(=O)N[C@@H](CC(=O)[O-])C(=O)N[C@@H](Cc1ccc(O)cc1)C(=O)N[C@@H](Cc1ccccc1)C(=O)N[C@@H](CCC(=O)[O-])C(=O)N[C@@H](Cc1ccc(O)cc1)C(=O)[O-]
4lng,Cn1c2c(c(-c3cccc(Cl)c3)cc1=O)C=C([C@]([NH3+])(c1ccc(Cl)cc1)[C@H]1CNC=[N+]1C)CC2
2w12,CNC(=O)[C@@H](NC(=O)[C@H](CC(C)C)[C@H](CNC(=O)c1nccs1)C(=O)NO)C(C)(C)C
2pnc,Clc1cccc(Cl)c1[NH+]=C1NCCN1
6jij,Cc1cc(C(=O)N[C@@H](C)C(=O)N[C@H](C(=O)N[C@@H](CC(C)C)C(=O)N[C@H](/C=C/C(=O)OCc2ccccc2)C[C@@H]2CCNC2=O)C(C)C)no1
3s7b,O=C1COc2c(CC[NH2+]CCN(C(=O)CC[NH2+]CCc3ccc(Cl)c(Cl)c3)C3CCCCC3)ccc(O)c2N1
6oi8,Nc1ncc2cc(-c3c(Cl)cccc3-c3cccnc3)c(N3C[C@H]4[C@H]([NH3+])[C@H]4C3)nc2n1
4xek,CSCC[C@H](NC(=O)[C@H](CC(C)C)NC(=O)[C@H](C)NC(=O)[C@H](CC(=O)[O-])NC(=O)[C@H](CC(C)C)NC(=O)[C@H](CCC(N)=O)NC(=O)[C@H](C)NC(=O)[C@H](C)NC(=O)[C@H](C)NC(=O)[C@H](CO)NC(=O)[C@@H](NC(=O)[C@@H]([NH3+])CCCC[NH3+])[C@@H](C)O)C(=O)N[C@@H](C)C(=O)N[C@@H](C)C(=O)N[C@@H](CC(C)C)C(=O)N[C@@H](C)C(=O)[O-]
4j06,O=C([O-])c1ccc(Cl)cc1NS(=O)(=O)c1ccc(Br)s1
5ctc,Cc1cc(C(=O)N2CCC3(CC2)CN(C(=O)OC(C)(C)C)C3)cc2cn[nH]c12
4z89,CC(C)C[C@H](NC(=O)[C@H](CCCNC(N)=[NH2+])NC(=O)[C@H](CCCNC(N)=[NH2+])NC(=O)C[NH3+])C(=O)N1CCC[C@H]1C(=O)N1CCC[C@H]1C(=O)N[C@H](C(=O)N1CCC[C@H]1C(=O)N[C@@H](CO)C(=O)N[C@@H](CCCC[NH3+])C(=O)N1CCC[C@H]1C(=O)N[C@@H](CO)C(=O)[O-])[C@@H](C)O
4luo,Cc1cccc(-n2nc(C(=O)[O-])cc2-c2ccccc2)c1
6g1w,COc1cc(CNC(=O)Cc2cn(CCNc3c4ccccc4nc4cc(Cl)ccc34)nn2)ccc1O
3ud5,Nc1ncnc2c1ncn2[C@@H]1O[C@H](CS[C@H]2CC[N@@H+](CC[NH2+]Cc3cnc4[nH]c(=[NH2+])[nH]c(=O)c4n3)CC2)[C@@H](O)[C@H]1O
4xt9,CCS(=O)(=O)c1ccc(CC(=O)Nc2nc(-c3cc(Cl)ccc3Cl)c(-c3ccccc3)s2)cc1
4bty,C[NH+]1CCN(c2ccc(/N=C3\CC(=O)N(c4ccc(Cl)cc4)N=C3c3nnc[nH]3)cc2)CC1
3wig,CNS(=O)(=O)Nc1nccc(Cc2c(C)c3ccc(Oc4ncccn4)cc3oc2=O)c1F
6qxs,O=c1[nH]c(=O)n(C2CC(O)C(COP(=O)(O)O)O2)cc1F
1zkk,CC(C)C[C@H](NC(=O)[C@@H](NC(=O)[C@H](CCCC[NH3+])NC(=O)[C@H](CCCNC(N)=[NH2+])NC(=O)[C@H](Cc1c[nH]cn1)NC(=O)[C@H](CCCNC(N)=[NH2+])NC(=O)[C@H](C)[NH3+])C(C)C)C(=O)N[C@@H](CCCNC(N)=[NH2+])C(=O)[O-]
5glu,CC(=O)N[C@@H]1[C@@H](O)C[C@](O[C@H]2[C@@H](O)[C@@H](CO)O[C@@H](O[C@@H]3[C@@H](CO)O[C@H](O)[C@H](O)[C@H]3O)[C@@H]2O)(C(=O)[O-])O[C@H]1[C@H](O)[C@H](O)CO
1z6j,CC[C@@H](C)NC(=O)c1cc(N)cc(-c2cnc(NC(C)C)c(=O)n2CC(=O)NCc2ccc(C(N)=[NH2+])cc2C(=O)Nc2ccncc2)c1
6bnh,CC(C)C[C@H](NC(=O)[C@H](CCCNC(N)=[NH2+])NC(=O)[C@H](CCC(=O)[O-])NC(=O)[C@H](CC(C)C)NC(=O)[C@@H](NC(=O)[C@H](Cc1c[nH]c2ccccc12)NC(=O)[C@@H]([NH3+])CCCC[NH3+])[C@@H](C)O)C(=O)N[C@@H](CCCC[NH3+])C(=O)N[C@@H](CCCNC(N)=[NH2+])C(=O)N[C@@H](CCCC[NH3+])C(=O)N[C@@H](Cc1ccc(O)cc1)C(=O)N[C@@H](CCCNC(N)=[NH2+])C(=O)N[C@@H](CC(N)=O)C(=O)[O-]
1mq1,CC[C@H](C)[C@H](NC(=O)[C@H](CCCC[NH3+])NC(=O)[C@H](CC(N)=O)NC(=O)[C@H](Cc1c[nH]c2ccccc12)NC(=O)[C@H](CC(=O)[O-])NC(=O)[C@@H](NC(=O)[C@H](CCCC[NH3+])NC(=O)[C@@H](NC(=O)[C@H](CCCNC(N)=[NH2+])NC(=O)[C@@H]([NH3+])[C@@H](C)O)[C@@H](C)O)[C@@H](C)CC)C(=O)N[C@@H](CC(C)C)C(=O)N[C@@H](CO)C(=O)[O-]
6n3e,C[C@@H](O)[C@H](NC(=O)[C@H](CCC(=O)[O-])NC(=O)[C@H](CC(=O)[O-])NC(=O)[C@H](Cc1c[nH]c2ccccc12)NC(=O)[C@H](CCCNC(N)=[NH2+])NC(=O)[C@@H]([NH3+])CC(N)=O)C(=O)N1CCC[C@H]1C(=O)[O-]
5ak3,[NH3+]C1Cc2ccccc2C1
6cus,O=P(O)(O)OC1C(OP(=O)(O)O)C(OP(=O)(O)O)C(OP(=O)(O)O)C(OP(=O)(O)O)C1OP(=O)(O)O
4i7d,CCC(=O)NCCCC[C@H](NC(=O)[C@@H]1CCCN1C(=O)[C@H](CCCNC(N)=[NH2+])NC(=O)[C@@H](NC(=O)[C@H](CCSC)NC(=O)[C@H](C)NC(=O)[C@@H](NC(=O)[C@@H]1CCCN1C(=O)[C@H](CCCNC(N)=[NH2+])NC(=O)[C@H](CC(C)C)NC(=O)[C@H](CCCC[NH3+])NC(C)=O)C(C)C)C(C)C)C(=O)N[C@H](C(=O)N[C@@H](CCCNC(N)=[NH2+])C(=O)[O-])C(C)C
3jpx,CC(C)C[C@H](NC(=O)[C@@H](NC(=O)[C@H](CCCC[N+](C)(C)C)NC(=O)[C@H](CCCNC(N)=[NH2+])NC(=O)[C@@H]([NH3+])Cc1c[nH]cn1)C(C)C)C(=O)N[C@@H](CCCNC(N)=[NH2+])C(=O)[O-]
6o4x,Nc1c2ccccc2nc2ccccc12
5ajv,N#Cc1c(N)[nH]c2ccc(Oc3ccc(NC(=O)[C@@H]([NH3+])CO)cc3)cc12
2mpm,CC(C)C[C@H](NC(=O)[C@H](CC(C)C)NC(=O)CNC(=O)[C@@H](NC(=O)[C@H](CC(=O)[O-])NC(=O)[C@H](CC(=O)[O-])NC(=O)[C@H](Cc1ccc(OS(=O)(=O)[O-])cc1)NC(=O)[C@H](Cc1ccc(OS(=O)(=O)[O-])cc1)NC(=O)[C@H](CO)NC(=O)[C@@H](NC(=O)[C@@H](NC(=O)CNC(=O)[C@H](Cc1ccccc1)NC(=O)[C@@H](NC(=O)[C@H](CCC(=O)[O-])NC(=O)[C@@H]([NH3+])C(C)C)[C@@H](C)O)[C@@H](C)O)[C@@H](C)O)C(C)C)C(=O)[O-]
6g6z,CC(=O)NC1[NH2+]N(C(C)=O)[C@](C)(c2ccccc2)S1
3h0a,CCC#CCOc1cc(COc2ccc(C(F)(F)F)cc2)ccc1Sc1ccc(OCC(=O)[O-])c2c1CCCC2
5eds,C[C@H](Nc1ncnc(N)c1C#N)c1nc2ccc(F)cc2n1-c1cccc(S(C)(=O)=O)c1
3hfz,[NH3+][C@@H](Cc1cccc(O)c1)C(=O)[O-]
3snd,CC(C)C[C@H]([NH3+])C(=O)N[C@H](CO)CCC(N)=O
4wr8,Oc1ccc(-n2cc(-c3ccc4ccccc4n3)nn2)cc1
2ygu,CCCCCCC
5uqv,CCc1c(-c2ccc3[nH]ncc3c2)cnc(N)c1-c1ccc(O)cc1
4pid,N=Cc1ncc(C(=O)NCc2ccccc2)cn1
3h85,CC(C)C[C@H](NC(=O)[C@@H]1CCCN1C(=O)[C@H](CO)NC(=O)[C@H](Cc1ccc(O)cc1)NC(=O)[C@@H](NC(=O)[C@H](Cc1c[nH]c2ccccc12)NC(=O)[C@@H]([NH3+])CO)C(C)C)C(=O)N[C@@H](Cc1c[nH]cn1)C(=O)[O-]
5ieo,C[C@@H]1CC[C@H](O)C/C1=C/C=C1\CCC[C@@]2(C)[C@H]1CC[C@@H]2[C@H](C)CCCC(C)(C)O
1rm8,CNC(=O)[C@H](Cc1ccccc1)NC(=O)[C@H](CC(C)C)[C@H](CSc1cccs1)C(=O)NO
5ihc,Fc1ccccc1-n1cc(-c2ccncc2OCC2CC[NH2+]CC2)cn1
5ajw,N#Cc1c(N)n(Cc2ccccc2)c2ccc(Oc3ccc(NC(=O)C[NH3+])cc3)cc12
4b84,CC[NH+](CC)CCNS(=O)(=O)c1cccc(C(F)(F)F)c1
3nc9,CSc1nn(-c2ccccc2)c2cc(NC(=O)C3CC[NH2+]CC3)ccc12
6b3v,CC(C)c1ccc(CC(=O)N2CCN(c3ccc(C#N)nn3)CC2)cc1
1ros,CCOc1ccc(-c2ccc(C(=O)C[C@H](CCN3C(=O)c4ccccc4C3=O)C(=O)[O-])cc2)cc1
4gv8,O=c1ccn(C2CC(O)C(COP(=O)(O)NP(=O)(O)OP(=O)(O)O)O2)c(=O)[nH]1
3i28,CS(=O)(=O)c1ccc([C@@H](CCNC(=O)c2ccc(C#N)cc2)c2ccc(F)cc2)cc1
5c13,C[C@H]([NH3+])C(=O)N[C@@H](CCCNC(N)=[NH2+])C(=O)N[C@H](C(=O)N[C@@H](CCCCC(C)(C)C)C(=O)N[C@@H](CCC(N)=O)C(=O)N[C@H](C(=O)[O-])[C@@H](C)O)[C@@H](C)O
5i43,CC(=O)N[C@H]1[C@H](OCCCn2cc(CN([C@@H](C(=O)[O-])C(C)C)S(=O)(=O)c3ccc(-c4ccccc4)cc3)nn2)O[C@H](COC(C)=O)[C@@H](OC(C)=O)[C@@H]1OC(C)=O
3oyl,CCN1C[C@H](C)n2c(c(O)c3c(=O)n(Cc4ccc(F)c(Cl)c4)nc(C(=O)NC)c32)C1=O
5v3r,CC[C@H](C)[C@H](NC(=O)[C@H](CC(=O)[O-])NC(=O)[C@H](CC(=O)[O-])NC(=O)[C@H](CC(=O)[O-])NC(=O)[C@@H]([NH3+])CCC(=O)[O-])C(=O)N[C@@H](CCCC[NH3+])C(=O)N[C@@H](CCC(N)=O)C(=O)N[C@@H](CC(C)C)C(=O)N[C@@H](C)C(=O)N[C@@H](C)C(=O)N[C@@H](Cc1c[nH]c2ccccc12)C(=O)N[C@@H](C)C(=O)N[C@H](C(=O)[O-])[C@@H](C)O
5e0j,O=C1CC[C@@H](CO)NC(=O)[C@H](CC2CCCCC2)NC(=O)[C@@H](NC(=O)OCc2ccccc2)Cc2cn(nn2)CCCCCCN1
4y83,Nc1ncc(-c2cnc3ccccc3c2)cc1-c1n[nH]c(=S)o1
3bc4,[NH3+]CCOC(=O)Cc1cccc2ccccc12
1nju,CC[C@@H](NC(=O)[C@@H](O)[C@H](C)NC(=O)[C@H](CC(=O)N(C)C)NC(=O)[C@@H](NC(=O)[C@@H](NC(=O)CCCCC[NH3+])C(C)(C)C)C(C)(C)C)c1ccccc1
4n7j,CN(C)C1=NC(=O)c2ccccc2C1
6bjo,CC(C)(C)OC(=O)N1CCC[C@H]1C(=O)N1CCC(C(=O)N[C@@H](C(=O)[O-])C2CCCC2)(c2ccc(Br)cc2)CC1
2qcg,O=c1[nH]c(=O)n(C2OC(COP(=O)(O)O)C(O)C2O)cc1Br
1ke0,O=C([O-])/C=C/c1ccc(B(O)O)cc1
2ea4,CCc1ccc(NS(=O)(=O)c2ccc(F)cc2)c(C(=O)[O-])c1OCC[NH3+]
6gcw,CCC(=O)NCCn1cc(C[NH2+]Cc2ccc(Nc3ncc(Cl)c(Nc4ccccc4C(=O)NC)n3)cc2)nn1
1i43,O=C(O)c1ncccc1CP(=O)(O)O
5hg1,O=C(/C=C/c1ccc(Cl)c(Cl)c1)N[C@H]1[C@@H](O)O[C@H](CO)[C@@H](O)[C@@H]1O
3l16,CS(=O)(=O)N1CC[N+](Cc2cc3nc(-c4ccc(N)nc4)nc(N4CCOCC4)c3s2)CC1
2b2v,C[NH2+]CCCC[C@H](NC(=O)[C@@H](NC(=O)[C@H](CCCNC(N)=[NH2+])NC(=O)[C@H](C)[NH3+])[C@@H](C)O)C(=O)N[C@@H](CCC(N)=O)C(=O)N[C@H](C(=O)O)[C@@H](C)O
2be2,Cc1cc(C)cc(Oc2c(CSCc3ccco3)c(C)[nH]c(=O)c2I)c1
6pka,Cc1ccc(NC(=O)N[C@@H](Cc2cc(F)cc(F)c2)C(=O)N[C@@H]2C(=O)N3C=CC[C@H]3C(=O)N3CCCC[C@H]3C(=O)N[C@@H](C)C(=O)N3C[C@H](C)C[C@H]3C3(O)OC2O3)cc1
2oc0,CC(C)(C)OC(=O)N[C@H](C(=O)N1C[C@H]2[C@@H]([C@H]1C(=O)N[C@@H](CC1CCC1)[C@@H](O)C(N)=O)C2(C)C)C1CCCCC1
4ezq,CC[C@H](C)[C@H](NC(=O)[C@@H]1CCCN1C(=O)[C@H](CCCNC(N)=[NH2+])NC(=O)[C@@H]1CCCN1C(=O)[C@@H]1CCC[NH2+]1)C(=O)N[C@@H](Cc1ccc(O)cc1)C(=O)N[C@@H](CC(N)=O)C(=O)[O-]
3c8e,[NH3+][C@@H](CCC(=O)N[C@@H](CS)C(=O)NCC(=O)[O-])C(=O)[O-]
4ie3,[NH3+][C@](CCCC[B-](O)([OH2+])[OH2+])(CC[N@H+]1CC[C@H](O)CC1)C(=O)[O-]
3i97,NC(=[NH2+])NCCC[C@H](NC(=O)c1sccc1NS(=O)(=O)c1cccc2nsnc12)C(=O)[O-]
4j08,Cc1ccc(S(=O)(=O)Nc2ccc(Oc3ccccc3)cc2C(=O)[O-])cc1
3c6u,N#Cc1cc(Cl)cc(Oc2cc(OCc3[nH]nc4ccccc34)ccc2Cl)c1
5t5g,COc1cc2c(NCCCCC[NH+]3CCCC3)nc(N3CCCC3)nc2cc1OCC[NH3+]
2liq,CO[C@@H]1O[C@H](CO)[C@@H](O[C@@H]2O[C@H](CO)[C@@H](O)[C@H](O)[C@H]2NC(C)=O)[C@H](O[C@@H]2O[C@@H](C)[C@@H](O)[C@@H](O)[C@@H]2O)[C@H]1NC(C)=O
6egs,CC(=O)NC1C(OP(=O)(O)OP(=O)(O)OCC2OC(n3ccc(=O)[nH]c3=O)C(O)C2O)OC(CO)C(O)C1O
1rsi,Nc1nc(-c2ccccc2)c(Br)c(=O)[nH]1
3tg5,CC(C)C[C@H](NC(=O)[C@@H]([NH3+])Cc1c[nH]cn1)C(=O)N[C@@H](CCCC[NH3+])C(=O)N[C@@H](CO)C(=O)N[C@@H](CCCC[NH3+])C(=O)N[C@@H](CCCC[NH3+])C(=O)NCC(=O)N[C@@H](CCC(N)=O)C(=O)[O-]
5alh,COc1ccc(C)cc1S(=O)(=O)NCC1(c2ccccc2)CCN(C(=O)NCc2ccc(C)cc2)CC1
4xsx,O/N=C(\Nc1ccccc1)c1cccc(C(F)(F)F)c1
3doz,O=C(/N=N\Cc1cc(Br)c(O)c(Br)c1O)c1cccc(Br)c1
3q2g,C[C@@H](C[C@@](C)(CS(=O)(=O)N1CCC(OCc2ccc(Cl)cc2Cl)CC1)N(O)C=O)c1ncc(F)cn1
3rv9,CC/C=C(\OC1C=CC=C(C(=O)[O-])C1=O)C(=O)[O-]
2cma,NC(=O)[C@H](Cc1ccc([C@@H]2CC(=O)NS2(=O)=O)cc1)NC(=O)[C@H](Cc1ccccc1)NC(=O)c1ccccc1
2o9k,C[C@H]([NH3+])C(=O)N[C@@H](CCCNC(N)=[NH2+])C(=O)N[C@H](C(=O)N[C@@H](CCCC[NH+](C)C)C(=O)N[C@@H](CCC(N)=O)C(=O)N[C@H](C(=O)O)[C@@H](C)O)[C@@H](C)O
5up0,O=c1n(Cc2ccc(Cl)cc2)c2sc3c(c2c2ncnn12)CCCC3
3dp3,CC(C)(C)c1ccc(C(=O)/N=N\Cc2cc(Br)c(O)c(Br)c2O)cc1
2g0h,O=S(=O)(Nc1cc(-c2cccs2)nn1-c1ccc(F)cc1)c1cc(C(F)(F)F)cc(C(F)(F)F)c1
3r5j,CC(=O)N[C@@H](C)C(=O)N[C@@H](CC(=O)[O-])C(=O)N[C@H](C(=O)N[C@@H](C)C(=O)N[C@@H](CC(=O)[O-])C(=O)[O-])C(C)C
4ov5,CC(C)C[C@H](NC(=O)[C@H](Cc1ccccc1)NC(=O)[C@H](CCCNC(N)=[NH2+])NC(=O)[C@H](C)NC(=O)[C@H](CC(=O)[O-])NC(=O)[C@H](CO)NC(=O)C[NH3+])C(=O)N[C@@H](CCCNC(N)=[NH2+])C(=O)NCC(=O)N[C@@H](Cc1ccc(O)cc1)C(=O)N[C@@H](Cc1c[nH]cn1)C(=O)N[C@@H](CC(C)C)C(=O)N[C@@H](Cc1ccc(O)cc1)C(=O)N[C@@H](C)C(=O)[O-]
3zyh,CCS[C@@H]1O[C@H](CO)[C@H](O)[C@H](O)[C@H]1O
5jau,CO[C@H](CO)Cn1ccc(Nc2cc(-c3ccccc3C)c(C)cc2OCC[NH3+])n1
4rxh,CC(C)[C@H](NC(=O)[C@H](CCCC[NH3+])NC(=O)[C@H](CCCNC(N)=[NH2+])NC(=O)[C@H](CCCC[NH3+])NC(=O)[C@@H]([NH3+])CCCC[NH3+])C(=O)[O-]
3qpn,COc1cc2cncnc2cc1OCCc1ccc2ccccc2n1
2ajb,CC[C@H](C)[C@H]([NH2+][C@H](O)[C@@H]1CCCN1C(=O)[C@@H]([NH3+])C(C)(C)C)C(=O)[O-]
3qip,O=C([O-])c1nc(Cc2c(-c3ccccc3)[nH]c3ccccc23)nc(O)c1O
4y4g,NC(=[NH2+])NOCC[C@H]([NH3+])C(=O)[O-]
5w19,Cc1ncc(COP(=O)(O)O)c(/C=N/C(CC2C(=O)Nc3ccccc32)C(=O)O)c1O
6hlb,NC(=[NH2+])NCCC[C@H]([NH3+])C(=O)N[C@@H](CCCNC(N)=[NH2+])C(=O)N[C@@H](CCCNC(N)=[NH2+])C(=O)N[C@@H](CCCNC(N)=[NH2+])C(=O)N[C@@H](CCCC[NH3+])C(=O)N[C@@H](CCCNC(N)=[NH2+])C(=O)NCc1ccc(C(N)=[NH2+])cc1
5u66,CSCC[C@H](NC(=O)[C@H](CC(N)=O)NC(=O)[C@H](Cc1ccccc1)[NH2+][C@H](O)CCC(=O)[O-])C(=O)N[C@H]1CCC(=O)NCCCCCNC(=O)CC[C@@H](C(=O)N[C@@H](C)C(=O)N[C@@H](CC(C)C)C(=O)N[C@@H](Cc2c[nH]cn2)C(=O)[O-])NC(=O)[C@H](Cc2ccc(O)cc2)NC(=O)[C@H](Cc2ccccc2)NC(=O)[C@H](CCCNC(N)=[NH2+])NC(=O)[C@H](CCCNC(N)=[NH2+])NC(=O)[C@H](CCC(N)=O)NC(=O)[C@H](CCC(N)=O)NC1=O
3wzp,[NH2+]=C1N[C@@H]2[C@H](CCCCC(=O)NCCCCCC(=O)[O-])SC[C@@H]2N1
5gvl,COCc1ccc(-c2cc(C#N)cc([C@@]3(C(C)C)C(C#N)=C(N)Oc4[nH]nc(C)c43)c2)s1
5jk3,CCC(=O)Nc1ccccc1Oc1nc(Nc2cnn(C)c2)ncc1Cl
4kz0,COC(=O)c1ccc2nc(NC(C)=O)sc2c1
3il6,C[C@H]1C[C@@H](C)CN(c2ccc(C(=O)Nc3ccccc3C(=O)[O-])cc2Oc2ccccc2)C1
4b8o,CC(C)[C@H](NC(=O)[C@H](CCCC[NH3+])NC(=O)[C@H](CCCNC(N)=[NH2+])NC(=O)[C@H](CCCC[NH3+])NC(=O)[C@H](CCCC[NH3+])NC(=O)[C@H](CCCC[NH3+])NC(=O)[C@@H]1CCCN1C(=O)[C@@H]1CCCN1C(=O)[C@H](CO)NC(=O)C[NH3+])C(=O)NCC(=O)[O-]
1k9q,CCCCCCCC[NH2+]CC(=O)N1CCC[C@H]1C(=O)N1CCC[C@H]1C(=O)N1CCC[C@H]1C(=O)N[C@@H](Cc1ccc(O)cc1)C(N)=O
4k42,CCC(=O)O[C@H](CCOCc1ccccc1)[C@@H](C)[C@H](O)[C@@H](C)CCC(=O)[C@H](C)[C@H](OC(C)=O)[C@H](C)/C=C/N(C)C=O
6et8,COc1c(NC(=O)c2ccc(NC(=O)c3ccc(NC(=O)[C@H](CC#N)NC(=O)c4ccc(NC(=O)/C(C)=C/c5ccc(O)cc5)cc4)cc3)c(OC)c2O)ccc(C(=O)[O-])c1O
4zg6,N#C/C(=C\c1cn(Cc2ccc(F)cc2)c2cc(Cl)ccc12)c1ccc(C(=O)[O-])cc1
1x11,C[C@@H](O)[C@H](NC(=O)[C@@H]1CCCN1C(=O)[C@H](CC(N)=O)NC(=O)[C@H](CCC(=O)[O-])NC(=O)[C@H](Cc1ccc(O)cc1)NC(=O)CNC(=O)[C@H](CC(N)=O)NC(=O)[C@@H]([NH3+])CCC(N)=O)C(=O)N[C@@H](Cc1ccc(O)cc1)C(=O)N[C@@H](CCCC[NH3+])C(=O)N[C@@H](Cc1ccccc1)C(=O)N[C@H](C=O)Cc1ccccc1
5zh3,C[C@@H]1CCC[C@H](C[C@@H]2Cc3cc(O)cc(O)c3C(=O)O2)O1
1j7z,CSCC[C@H](NC(=O)[C@H](Cc1c[nH]cn1)NC(=O)[C@H](CCC(N)=O)NC(=O)[C@H](CCCNC(N)=[NH2+])NC(=O)[C@H](CCC(=O)[O-])NC(=O)[C@H](Cc1ccccc1)NC(=O)[C@H](CCCC[NH3+])NC(=O)[C@H](C)NC(=O)[C@H](C)NC(=O)[C@H](C)NC(=O)[C@@H](NC(=O)[C@H](CCC(=O)[O-])NC(=O)[C@@H]([NH3+])CCCC[NH3+])[C@@H](C)O)C(=O)N[C@@H](CC(=O)[O-])C(=O)N[C@@H](CO)C(N)=O
5zk7,CC(=O)N[C@@H](CCCNC(N)=[NH2+])C(=O)N[C@@H](Cc1ccc(O)cc1)C(=O)N[C@@H](CO)C(=O)N[C@H](C=O)CCCNC(N)=[NH2+]
5y20,C[C@H]([NH3+])C(=O)N[C@@H](CCCNC(N)=[NH2+])C(=O)N[C@H](C(=O)N[C@@H](CCCC[N+](C)(C)C)C(=O)N[C@@H](CCC(N)=O)C(=O)N[C@H](C(=O)N[C@@H](C)C(=O)[O-])[C@@H](C)O)[C@@H](C)O
2fw3,CCCCCCCCCCCCCCNC(=O)N[C@H](CC(=O)[O-])C[N+](C)(C)C
1qr3,C/C=C1\NC(=O)[C@H]2NC(=O)[C@@H](NC(=O)C(C)C)CCCNC(=O)Nc3cc(O)c(O)cc3C[C@@H](C(=O)N[C@@H](C(C)C)C(=O)O[C@@H]2C)N(C)C(=O)[C@H](Cc2ccccc2)N2C(=O)[C@H](CC[C@H]2O)NC1=O
3hha,Cc1cccc(C[C@H](NC(=O)c2cc(C(C)(C)C)nn2C)C(=O)NCC=N)c1
5wxg,CC(=O)NCCCC[C@H](NC(=O)[C@@H](NC(=O)[C@H](CCCNC(N)=[NH2+])NC(=O)[C@H](C)[NH3+])[C@@H](C)O)C(=O)N[C@@H](CCC(N)=O)C(=O)N[C@H](C(=O)N[C@@H](C)C(=O)[O-])[C@@H](C)O
4yw7,OC[C@H]1O[C@@H](c2cn([C@@H]3[C@@H](CO)O[C@@H](n4cc([C@@H]5O[C@H](CO)[C@@H](n6cc(CCCO[C@@H]7O[C@H](CO)[C@H](O)[C@H](O)[C@H]7O)nn6)[C@H](O)[C@H]5O)nn4)[C@H](O)[C@H]3O)nn2)[C@H](O)[C@@H](O)[C@@H]1n1cc(CCCO[C@@H]2O[C@H](CO)[C@H](O)[C@H](O)[C@H]2O)nn1
2xgo,CC(=O)/N=C1\C(SP(=O)(O)OP(=O)(O)OCC2OC(n3ccc(=O)[nH]c3=O)C(O)C2O)OC(CO)C(O)C1O
1awi,O=C([O-])[C@@H]1CCCN1C(=O)[C@@H]1CCCN1C(=O)[C@@H]1CCCN1C(=O)[C@@H]1CCCN1C(=O)[C@@H]1CCCN1C(=O)[C@@H]1CCCN1C(=O)[C@@H]1CCCN1C(=O)[C@@H]1CCCN1C(=O)[C@@H]1CCCN1C(=O)[C@@H]1CCC[NH2+]1
4xuh,CSc1ccc(/C=C2\C(C)=C(CC(=O)[O-])c3cc(F)ccc32)cc1
5ieg,COCCCCCCCCC[N@@H+]1C[C@H](O)[C@@H](O)[C@H](O)[C@H]1CO
4.00E+81,CC[C@H](C)[C@H](NC(=O)[C@H](Cc1ccc(O)cc1)NC(=O)[C@@H](NC(=O)[C@@H]1CCCN1C(=O)[C@@H]([NH3+])CCCNC(N)=[NH2+])C(C)C)C(=O)N1CCC[C@H]1C(=O)N[C@@H](CCCNC(N)=[NH2+])C(=O)N1CCC[C@H]1C(N)=O
5cdh,O=C([O-])[C@H](O)[C@@H](O)C(=O)[O-]
4tv3,COc1ccc(-c2cc3c(C)nc(N)nc3n([C@H]3CC[C@H](OCCO)CC3)c2=O)cn1
5ufo,COc1nc2ccc([C@](O)(c3ccc(C(F)(F)F)nc3)c3cncn3C)cc2c(Cl)c1-c1ccc(S(C)(=O)=O)cc1
5mhp,CCc1nc2c(C)cc(N3CC[NH+](CC(=O)N4CC(O)C4)CC3)cn2c1N(C)c1nc(-c2ccc(F)cc2)c(C#N)s1
5moc,CSCCC(NC(=O)C(CC(C)C)NC(=O)C([NH3+])CCCC[NH3+])C(=O)NC(Cc1ccccc1)C(=O)NC(CCCC[NH3+])C(=O)NC(C(=O)NC(CCC(=O)O)C(=O)NCC(=O)N1CCCC1C(=O)NC(CC(=O)O)C(=O)NC(CO)C(=O)NC(CC(=O)O)C(=O)O)C(C)OP(=O)(O)O
3fr4,O=C([O-])c1cccc2c3c(n(Cc4ccccc4C(F)(F)F)c12)CCCC3
5eqq,CCc1nc2ccc(OC)cc2nc1O[C@@H]1C[C@@H](C(=O)N[C@]2(C(=O)NS(=O)(=O)C3CC3)C[C@H]2CC)N(C(=O)[C@@H](NC(=O)OC(C)(C)C)C(C)(C)C)C1
1w2x,O=C(c1c2ccccc2cc2ccccc12)N1CCC([N@H+]2CCC[C@@H](C(=O)N3CCOCC3)C2)CC1
4pkr,Cc1cc(S(=O)(=O)N(Cc2ccccc2)[C@H](C)C(=O)NO)ccc1F
6e7m,C/C=C(C)/C=C/C=C(C)/C=C/[C@@H]1[C@H](C)CCCC1(C)C
4wvs,C#CC[C@H](NC(=O)[C@H](C)[NH2+]C)C(=O)N1CCC[C@H]1C(=O)N[C@@H](Cc1ccccc1)C(=O)N[C@@H](Cc1ccc(OCCN=[N+2]#N)cc1)C(=O)[O-]
4cae,COc1cccc(Cc2nnc(-c3sc4ccccc4c3OC3CC[NH2+]CC3)o2)c1
3ava,CC[C@H](C)[C@@H]1NC(=O)[C@H](CCCC[NH3+])NC(=O)[C@H](CC(C)C)NC(=O)[C@H](C)NC(=O)[C@H](CC(=O)[O-])NC(=O)[C@H](CC(C)C)NC(=O)[C@H](CC(N)=O)NC(=O)[C@H](CC(=O)[O-])NC1=O
4cik,O=c1cc([C@H]2CC[NH2+][C@@H](Cc3ccccc3)C2)o[nH]1
6n4b,COC(=O)[C@@H](NC(=O)c1nn(Cc2ccc(F)cc2)c2ccccc12)C(C)(C)C
5ih8,O=C(NCc1ccccn1)c1ccc(-n2cc(-c3ccncc3)cn2)cc1
5k0x,[NH3+][C@H]1CCCCNC2=N[C@H]([NH2+]CCCCCCNC1=O)[NH2+]C[C@@H]2C(=O)NCc1ccc(F)cc1
3dga,NC(=[NH2+])NC(=[NH2+])Nc1cc(C(F)(F)F)ccc1Cl
1noj,OC[C@@H]1[C@@H](O)[C@H](O)[C@@H](O)c2nnnn21
1jyc,CC(C)C[C@H](NC(=O)[C@H](Cc1ccc(O)cc1)NC(=O)[C@H](CO)NC(=O)CNC(=O)[C@H](Cc1ccc(O)cc1)NC(=O)[C@@H]1CCCN1C(=O)[C@H](Cc1ccc(O)cc1)NC(=O)[C@H](Cc1c[nH]c2ccccc12)NC(=O)[C@@H](NC(=O)[C@@H]([NH3+])CCCNC(N)=[NH2+])C(C)C)C(=O)N[C@H](C(=O)N[C@@H](C)C(=O)N[C@@H](CO)C(=O)NCC(=O)N[C@@H](CO)C(=O)[O-])[C@@H](C)O
4ds1,CC[C@H](C)[C@H](NC(=O)CNC(=O)[C@H](CO)NC(=O)[C@H](CCC(=O)[O-])NC(=O)[C@H](C)NC(=O)[C@@H]([NH3+])Cc1ccc(O)cc1)C(=O)N[C@@H](CCC(N)=O)C(=O)N[C@H](C(=O)N[C@@H](CC(=O)[O-])C(=O)N[C@@H](CC(C)C)C(=O)[O-])[C@@H](C)O
3h9k,O=c1[nH]c(=O)n(C2CC(O)C(COP(=O)(O)O)O2)cc1F
2i7c,Nc1ncnc2c1ncn2[C@@H]1O[C@H](CS/C(=C/C[NH3+])CCCCC[NH3+])[C@@H](O)[C@H]1O
6g9m,CC(C)(NC(=O)CN1Cc2ccc(-c3nc(NC4CCOCC4)ncc3Cl)cc2C1=O)c1ccccc1
4xyc,O=c1[nH]c2c(n3ccnc13)Cc1c(-c3ccccc3)cccc1-2
4nmx,CC(C)C[C@H](NC(=O)[C@H](Cc1ccc(O)cc1)NC(=O)[C@H](CCC(=O)[O-])NC(=O)[C@H](CCC(=O)[O-])NC(=O)[C@H](Cc1c[nH]c2ccccc12)NC(=O)[C@H](CO)NC(=O)[C@@H](NC(=O)[C@H](Cc1ccccc1)NC(=O)[C@@H](NC(=O)[C@@H]([NH2+][C@@H](C)O)[C@@H](C)O)C(C)C)[C@@H](C)O)C(=O)N[C@@H](CC(=O)[O-])C(=O)N[C@@H](Cc1c[nH]c2ccccc12)C(=O)N[C@H](C(N)=O)C(C)C
4awg,O=C([O-])/C(O)=C/C(=O)[C@]1(Cc2ccc(Cl)cc2)CCC[N+](Cc2ccccc2)C1
4jfw,C[C@@H]1[NH2+][C@@H](CC[NH2+]CCCC2=C3C4=C5[C@H]2[Fe+10]3452678C3=C2C6C7=C38)[C@H](O)[C@@H]1O
2qnx,CCCCCCCCCCOC(=O)S
5x79,[NH3+][C@@H](CCC(=O)N[C@@H](CSCC[SH](=O)=O)C(=O)NCC(O)O)C(O)O
2zxb,O[C@H]1[C@H](O)C[NH2+][C@@H](Cc2ccccc2)[C@H]1O
1u2y,OC[C@H]1N/C(=N\O)[C@H](O)[C@@H](O)[C@@H]1O
2m0u,CC(C)C[C@H](NC(=O)[C@H](CCCNC(N)=[NH2+])NC(=O)[C@@H](NC(=O)[C@H](CC(=O)[O-])NC(=O)[C@@H]([NH3+])CCC(N)=O)[C@@H](C)O)C(=O)[O-]
3fsm,CCCC[C@@H](C[NH2+][C@@H](CCCC)C(=O)N[C@@H](CCC(N)=O)C(=O)N[C@@H](CCCNC(N)=[NH2+])C(N)=O)NC(=O)[C@@H](NC(=O)[C@@H](NC(C)=O)[C@@H](C)O)[C@@H](C)CC
5m6m,C[C@@H]1C[N@H+](CC(=O)N2CC(C)(C)c3ncc(Cc4ccccc4)cc32)[C@@H](CN2CCCC2=O)C[NH2+]1
5sy3,c1coc(CNc2ncnc3sc4ccccc4c23)c1
5axp,COc1cn(-c2ccc(N3CCOC3=O)cc2F)nc(-c2ccnn2-c2ccccc2)c1=O
4jt9,CS(=O)(=O)NCCC1CCN(c2ncnc3cc(C(N)=O)sc23)CC1
6g9n,Cc1cccc([C@@H](CO)NC(=O)[C@@H](C)N2Cc3ccc(-c4nc(NC5CCOCC5)ncc4Cl)cc3C2=O)c1
3tf7,CC(C)C[C@H](NC(=O)[C@H](CC(=O)[O-])NC(=O)[C@H](Cc1ccccc1)NC(=O)[C@@H]1CCCN1C(=O)[C@H](Cc1ccccc1)NC(=O)[C@@H]1CCCN1C(=O)[C@H](CO)NC(=O)[C@H](CC(C)C)NC(=O)[C@@H]([NH3+])CCC(N)=O)C(=O)[O-]
1qpl,CC[C@@H]1/C=C(\C)[C@@H](O)[C@H](C)C[C@H](OC)[C@H]2O[C@@](O)(C(=O)C(=O)N3CCCC[C@H]3C(=O)O[C@H](/C(C)=C/[C@@H]3CC[C@@H](Oc4ccc5c(ccn5C)c4)[C@H](OC)C3)[C@H](C)[C@@H](O)CC1=O)[C@H](C)C[C@@H]2OC
6pgp,CCC(=O)N1CCN(c2nc(=O)n(-c3ccccc3C(C)C)c3cc(-c4c(O)cccc4F)c(Cl)cc23)CC1
4int,Cc1c(O)cccc1C(=O)N[C@H](C(=O)N[C@@H](CO)C(=O)N[C@H](CCS(C)(=O)=O)Cc1ccc(C[NH3+])cc1)C(C)C
3kwf,COc1cc2c(cc1OC)[C@@H]1C[C@H]([NH3+])[C@@H](N3C[C@@H](CF)CC3=O)C[N@H+]1CC2
4tsx,Cc1nc2ccccc2c(-c2ccc3c(c2)CCCO3)c1[C@H](OC(C)(C)C)C(=O)[O-]
4rxc,O=P(O)(O)C(O)(CCc1cccnc1)P(=O)(O)O
5kbh,Oc1cccc(Cl)c1
3fck,O=C1CC(/C=N/OCCC[NH2+]Cc2cccc(C(=O)[O-])c2)=NC(=O)N1
2ql9,CSCC[C@H](NC(=O)[C@H](CCC(N)=O)NC(=O)[C@@H]([NH3+])CC(=O)[O-])C(=O)N[C@H](C=O)CC(=O)[O-]
4zt2,Clc1cc(Cl)cc(C[NH2+]CCCNc2nc3cccnc3[nH]2)c1
4xx3,CC(C)[C@]1(C)CC(=O)N(Cc2cccc(C(=O)NCc3ccccc3)c2)C(=[NH2+])N1
1m21,CC(C)C[C@H](NC(=O)[C@@H](NC(=O)N[C@@H](Cc1ccccc1)C(=O)[O-])[C@@H]1CCNC(=[NH2+])N1)C(=O)N[C@H](CO)Cc1ccccc1
1lrt,NC(=O)c1csc(C2OC(COP(=O)(O)CP(=O)(O)OCC3OC(n4cnc5c(N)ncnc54)C(O)C3O)C(O)C2O)n1
3ejt,CC(C)(C)c1ccc(CC[C@@H]2CC[C@@H](O)[C@@H]3[C@H](O)[C@H](O)C[N@@H+]23)cc1
5hk9,CCC(=O)Nc1cc(Cl)c(Oc2ccc(O)c(-c3ccc(NC(N)=O)cc3)c2)c(Cl)c1
1los,O=c1cnn(C2OC(COP(=O)(O)O)C(O)C2O)c(=O)[nH]1
2w6u,CC(=O)[N+](=O)CCC[C@H](NC(=O)[C@H](C)NC(=O)[C@H]([NH3+])CO)C(=O)N[C@H]1CCCNC(=O)[C@H](CO)NC(=O)[C@H](CCC[N+](=O)C(C)=O)NC(=O)[C@@H](CC(=O)[O-])NC1=O
4o0r,Cc1nc(Nc2[nH]nc3c2CN(C(=O)N[C@H](C[NH+](C)C)c2ccccc2)C3(C)C)c2sccc2n1
4ob1,CCCCB([OH2+])[OH2+]
3cs8,CC(C)C[C@H](NC(=O)[C@H](CC(C)C)NC(=O)[C@H](CC(C)C)NC(=O)[C@H](CCCC[NH3+])NC(=O)[C@H](CCCC[NH3+])NC(=O)[C@H](CC(C)C)NC(=O)[C@H](CC(C)C)NC(=O)[C@H](CO)NC(=O)[C@@H]1CCC[NH2+]1)C(=O)N[C@@H](C)C(=O)N1CCC[C@H]1C(=O)N[C@@H](C)C=O
5h63,CC(=O)NC1C(OP(=O)(O)OP(=O)(O)OCC2OC(n3ccc(=O)[nH]c3=O)C(O)C2O)OC(CO)C(O)C1O
5qa9,O=C([O-])c1cccc(-c2cccc(CO)c2)c1
5e1d,CC[C@H](C)[C@H](NC(=O)[C@H](CCCNC(N)=[NH2+])NC(=O)[C@H](CCCC[NH3+])NC(=O)[C@@H]1CCCN1C(=O)[C@@H]([NH3+])Cc1ccc(O)cc1)C(=O)N[C@@H](C)C(=O)[O-]
1nlt,CC[C@H](C)[C@H](NC(=O)[C@H](CCC(=O)[O-])NC(=O)[C@H](Cc1ccc(O)cc1)NC(=O)[C@H](CC(C)C)NC(=O)[C@H](Cc1c[nH]c2ccccc12)NC(=O)C[NH3+])C(=O)N[C@H](C=O)CO
6bj2,CC[C@H](C)[C@H]([NH3+])C(=O)N1CCC[C@H]1C(=O)N[C@@H](CC(C)C)C(=O)N[C@H](C(=O)N[C@@H](CCC(=O)[O-])C(=O)N[C@@H](CCC(=O)[O-])C(=O)N[C@@H](C)C(=O)N[C@@H](CCC(=O)[O-])C(=O)N[C@@H](CC(C)C)C(=O)[O-])[C@@H](C)O
4rxe,Cc1cccnc1NC(P(=O)(O)O)P(=O)(O)O
5d6e,COc1ccc(Cn2nnc3c2[C@@](C)(O)CC[C@H]3OC(=O)NC(C)C)cc1
5ll7,O=C([O-])/C=C/c1ccccc1B([OH2+])[OH2+]
4hev,O=C(C[C@]12C[C@H]3C[C@H](C[C@H](C3)C1)C2)NO
3lp1,[O-][n+]1c(O)c(C2CCCC2)c(O)c2cccnc21
2qcn,O=c1ccn(C2OC(COP(=O)(O)O)C(O)C2O)c(=O)[nH]1
6.00E+13,[NH3+][C@H](CSc1cc(C[C@H]([NH3+])C(=O)[O-])cc(O)c1O)C(=O)[O-]
1h62,C[C@]12C=CC(=O)C=C1CC[C@@H]1[C@@H]2CC[C@]2(C)C(=O)CC[C@@H]12
1j19,CC(C)C[C@H](NC(=O)[C@@H](NC(=O)CNC(=O)[C@H](Cc1ccc(O)cc1)NC(=O)[C@@H](NC(=O)CNC(=O)[C@@H](NC(=O)[C@H](CCCNC(N)=[NH2+])NC(=O)[C@H](CCCNC(N)=[NH2+])NC(=O)[C@H](C)[NH3+])[C@@H](C)O)[C@@H](C)O)C(C)C)C(=O)N[C@@H](C)C(=O)N[C@@H](C)C(=O)N[C@@H](Cc1c[nH]c2ccccc12)C(=O)N[C@@H](C)C(=O)N[C@@H](C)C(=O)N[C@@H](C)C(=O)[O-]
2yog,Cc1cn([C@@H]2C[C@H](O)[C@@H](CNC(=S)Nc3ccc(Cl)c(C(F)(F)F)c3)O2)c(=O)[nH]c1=O
3g3d,O=c1[nH]c(=O)n(C2OC(COP(=O)(O)O)C(O)C2O)cc1F
2wks,Cc1ccc2sc(COC3=C[C@@](O)(C(=O)[O-])C[C@@H](O)[C@@H]3O)cc2c1
1g49,CCCCOc1ccc(S(=O)(=O)N2C[C@@H](NS(C)(=O)=O)C[C@@H]2C(=O)NO)cc1
1w4l,COc1ccc2c3c1O[C@H]1C[C@@H](O)C=C[C@@]31CC[N+](CCCCCCCCN1C(=O)c3ccccc3C1=O)=C2
2wxh,Cc1ccccc1-n1c(Cn2nc(-c3ccc(O)c(F)c3)c3c(N)ncnc32)nc2cccc(C)c2c1=O
4z7o,CC(C)[C@H](NC(=O)[C@H](CC(=O)[O-])NC(=O)CNC(=O)[C@H](C)[NH3+])C(=O)[O-]
5arf,CCN(C(=O)CO)[C@H]1CN(/C(Nc2cccc(OC(F)F)c2)=[NH+]/C#N)N=C1c1ccc(Cl)cc1
5yyb,O=C(CO)N[C@@H]1[C@@H](O)C[C@@](O)(C(=O)[O-])O[C@H]1[C@H](O)[C@H](O)CO
6gw1,C[C@H](CCC(N)=O)[C@H]1CC[C@H]2[C@H]3[C@H](CC[C@@]21C)[C@@]1(C)CC[C@@H](O)C[C@H]1C[C@H]3O
5btr,CC(=O)NCCCC[C@H](NC(=O)[C@H](CCCC[NH3+])NC(=O)[C@H](Cc1c[nH]cn1)NC(=O)[C@@H]([NH3+])CCCNC(N)=[NH2+])C(=O)Nc1ccc2c(C)cc(=O)oc2c1
5uxm,[NH3+][C@@H](Cc1c[nH]c2ccccc12)C(=O)[O-]
4rsc,[NH3+]CC[C@@H](O)c1cccc(OCC2CCCCC2)c1
5n21,N#Cc1cnn2c(Nc3ccc4c(c3)CCC(=O)N4)cc(N3CCC[C@H]3CC(=O)[O-])nc12
1gz9,C[C@@H]1O[C@@H](O[C@H]2[C@H](O[C@@H]3[C@@H](CO)O[C@@H](O)[C@H](O)[C@H]3O)O[C@H](CO)[C@H](O)[C@@H]2O)[C@@H](O)[C@H](O)[C@@H]1O
3gjq,CC(=O)N[C@@H](Cc1c[nH]c2ccccc12)C(=O)N[C@@H](CCC(=O)[O-])C(=O)N[C@@H](Cc1c[nH]cn1)C(=O)N[C@H](CO)CC(=O)[O-]
4j79,CC(C)[C@H](NC(=O)[C@H](Cc1c[nH]cn1)NC(=O)[C@@H](NC(=O)[C@H](CCCC[NH3+])NC(=O)[C@@H]([NH3+])CCC(=O)[O-])C(C)C)C(=O)N[C@@H](CCC(N)=O)C(=O)[O-]
4wk7,C[C@]1(CNC(=O)COc2ccc(Cl)cc2)NC(=O)NC1=O
6ap7,Cc1c(Nc2ccccc2C(=O)[O-])cccc1[N+](=O)[O-]
6eds,Cc1cccc(-c2ccc([C@@H]3[C@@H](CO)[N@H+]4CCCCN(S(=O)(=O)c5nccn5C)C[C@@H]34)cc2)c1C
6g93,O=C1NCc2ccc(-c3nc(NC4CCOCC4)ncc3Cl)cc21
5oq4,Nc1cc(C(F)(F)F)c(-c2nc(N3CCOCC3)nc(N3CCOCC3)n2)cn1
2o3z,CCCCCCCOc1cccc(C(=O)[O-])c1
1lor,O=c1cc(O)n(C2OC(COP(=O)(O)O)C(O)C2O)c(=O)[nH]1
4e1m,Cc1ccc(-c2c([C@H](OC(C)(C)C)C(=O)[O-])c(C)nc3ccccc23)cc1C
6ai9,CC(C)(COP(=O)(O)O)C(O)C(=O)NCCC(=O)O
3v0p,O=c1[nH]c(=O)n(C2OC(COP(=O)(O)OP(=O)(O)O)C(O)C2O)cc1-c1ccc(CO)s1
1j4q,CC(C)CC(NC(=O)C([NH3+])CO)C(=O)NC(CCC(=O)O)C(=O)NC(C(=O)NC(C(=O)NC(CCC(=O)O)C(=O)NC(C)C(=O)NC(CC(=O)O)C(=O)NC(C)C(=O)NC(C(=O)NC(CC(C)C)C(=O)NC(C(=O)NC(CCC(N)=O)C(=O)O)C(C)C)C(C)O)C(C)OP(=O)(O)O)C(C)C
1bxl,CC[C@H](C)[C@H](NC(=O)[C@H](C)NC(=O)[C@H](CC(C)C)NC(=O)[C@H](CCC(N)=O)NC(=O)[C@H](CCCNC(N)=[NH2+])NC(=O)CNC(=O)[C@@H](NC(=O)[C@H](CCC(N)=O)NC(=O)C[NH3+])C(C)C)C(=O)N[C@H](C(=O)NCC(=O)N[C@@H](CC(=O)[O-])C(=O)N[C@@H](CC(=O)[O-])C(=O)N[C@H](C(=O)N[C@@H](CC(N)=O)C(=O)N[C@@H](CCCNC(N)=[NH2+])C(=O)[O-])[C@@H](C)CC)[C@@H](C)CC
4mvy,O=C(NCCC[NH2+]Cc1cc(Cl)cc(Cl)c1)Nc1cccc(O)c1
6mhc,CCC(=O)Nc1nc(-c2ccccc2)cs1
3el0,CC1C(=O)C=CC=C1C(=O)N[C@@H](CSc1ccccc1)[C@H](O)C[N+]1C[C@H]2CCCC[C@H]2C[C@H]1C(=O)NC(C)(C)C
1pdq,CC(C)C[C@H]([NH3+])C(=O)N[C@@H](C)C(=O)N[C@H](C(=O)N[C@@H](CCCC[NH3+])C(=O)N[C@@H](C)C(=O)N[C@@H](C)C(=O)N[C@@H](CCCNC(N)=[NH2+])C(=O)N[C@@H](CCCC[N+](C)(C)C)C(=O)N[C@@H](CO)C(=O)O)[C@@H](C)O
1o4o,O=P(O)(O)Oc1ccccc1
2fsv,NC(=O)C1=CN(C2OC(COP(=O)(O)OP(=O)(O)OCC3OC(n4cnc5c(N)ncnc54)C(O)C3O)C(O)C2O)C=CC1
1x81,Cn1cncc1[C@@]([NH3+])(c1ccc(Cl)cc1)c1ccc2c(c1)c(-c1cccc(Cl)c1)cc(=O)n2C
4d2w,O=C(Nc1ccc2c(c1)CC[NH2+]CC2)c1ccc(Br)cc1
6b30,COc1ccc([C@H](C(=O)Nc2ccc([Si](C)(C)C)cc2)N(C)C(=O)c2cc(=O)[nH]o2)cc1
3bls,Nc1cccc(B(O)O)c1
1eef,O=c1[nH]n(CCc2ccccc2)c(=O)c2cc(O[C@H]3O[C@H](CO)[C@H](O)[C@H](O)[C@H]3O)ccc12
3kme,O=C(NCc1cccs1)[C@H](O)[C@@H](O)C(=O)N1CCC[C@@H]1c1ccccc1
5uuu,Cn1c(CNc2cccc(C(=O)NCc3ccccc3C(F)(F)F)c2)nnc1-c1ccncc1
3e1r,C[C@H](NC(=O)[C@@H]([NH3+])CCC(N)=O)C(=O)N[C@@H](CCC(N)=O)C(=O)NCC(=O)N1CCC[C@H]1C(=O)N1CCC[C@H]1C(=O)N[C@@H](Cc1ccc(O)cc1)C(=O)N1CCC[C@H]1C(=O)N[C@H](C(=O)N[C@@H](Cc1ccc(O)cc1)C(=O)N1CCC[C@H]1C(=O)NCC(=O)N[C@@H](Cc1ccc(O)cc1)C(=O)[O-])[C@@H](C)O
3ska,Nc1cc(Cn2c(C(=O)[O-])c(-c3ccc[nH]c3=O)c3cc(C(F)(F)F)ccc32)ccn1
2rib,OC[C@H](O)[C@H]1O[C@H](O)[C@@H](O)[C@@H](O)[C@@H]1O
1h9l,CC[C@H](C)[C@@H](C=O)NC(=O)[C@@H]1CCCN1C(=O)[C@H](CCC(=O)[O-])NC(=O)[C@@H]([NH3+])C(C)C
4nxr,CC(C)[C@H](NC(=O)[C@H](Cc1ccc(O)cc1)NC(=O)[C@H](Cc1ccc(O)cc1)NC(=O)[C@H](CCC(=O)[O-])NC(=O)[C@H](CCCC[NH3+])NC(=O)[C@H](CC(=O)[O-])NC(=O)[C@H](CCCC[NH3+])NC(=O)[C@@H]([NH3+])CC(N)=O)C(=O)[O-]
4dt2,CC1(C)Cc2cccc(CO)c2O1
5w99,[NH3+]Cc1nc(-c2nc(-c3nc(-c4nc(C(=O)[O-])cs4)ccc3-c3nc(C(=O)[O-])cs3)cs2)cs1
3odu,CC1(C)C[n+]2c(CS/C(=N/C3CCCCC3)NC3CCCCC3)csc2N1
4ikn,CC(C)C[C@H](NC(=O)[C@H](CCCNC(N)=[NH2+])NC(=O)[C@H](CCC(N)=O)NC(=O)[C@H](Cc1ccc(O)cc1)NC(=O)[C@@H]([NH3+])CC(=O)[O-])C(=O)[O-]
4inh,CC(C)C[C@H](NC(=O)[C@H](C)NC(=O)OCc1ccccc1)C(=O)N[C@@H](CCC(=O)N(C)C)C(=O)[O-]
5y3n,Nc1nc(Cl)c2cnn(Cc3cc4c(cc3Br)OCO4)c2n1
4mrd,CC(=O)N[C@H]1CO[C@H](CO)[C@@H](O)[C@@H]1O[C@@H]1O[C@H](C(=O)[O-])[C@@H](O[C@@H]2O[C@H](CO)[C@@H](O)[C@H](O[C@@H]3O[C@H](C(=O)[O-])[C@@H](O)[C@H](O)[C@H]3O)[C@H]2NC(C)=O)[C@H](O)[C@H]1O
1uwb,CC(C)=CC[N@@H+]1Cc2c(Cl)ccc3[nH]c(=S)n(c23)C[C@@H]1C
4an2,O=C(c1ccc(F)c(F)c1Nc1ccc(I)cc1F)N1CC(O)([C@@H]2CCCC[NH2+]2)C1
3hnz,C[C@]12C[C@@]34C=CC(=O)[C@@](C)(CCC(=O)Nc5c(O)ccc(C(=O)[O-])c5O)[C@@H]3[C@H](C[C@@H]1C4)O2
4hv7,[NH2+]=c1[nH]c(=O)c2ncc(C(=O)NCC(=O)NCC(=O)[O-])nc2[nH]1
3csl,C=Cc1c(C)c2n3c1[CH]c1c(C)c(C=C)c4n1[Fe@+5]31n3c(c(C)c(CCC(=O)[O-])c3[CH]c3c(CCC(=O)[O-])c(C)c(n31)[CH]4)[CH]2
5lgt,Cn1c(C(=O)Nc2ccccc2COc2ccc(O[C@H]3CC[N@H+](C)CC3)cc2)cc2sccc21
1nhv,O=C([O-])[C@H](Cc1ccccc1)N(Cc1ccc(-c2cc3ccccc3o2)s1)C(=O)c1ccc(Cl)cc1Cl
3qj0,O=NC(=O)[C@@H]1C[C@@H](Oc2ccc(Cl)cc2)CN1S(=O)(=O)c1ccc(Cl)cc1
4xsz,Fc1ccc(-c2[nH]ncc2-c2ccc(NCC[NH+]3CC[NH2+]CC3)c(C(F)(F)F)c2)cc1
5ckr,CC(C)C[C@H](NC(=O)[C@@H](NC(=O)N[C@H](C(=O)[O-])C(C)C)[C@@H]1CCNC(=[NH2+])N1)C(=O)NCCC[NH2+][C@H](C(=O)[O-])[C@H](O[C@@H]1O[C@H](C[NH3+])[C@@H](O)[C@H]1O)[C@H]1O[C@@H](n2ccc(=O)[nH]c2=O)[C@H](O)[C@@H]1O
1shd,CC[C@H](C)[C@H](NC(=O)[C@H](CCC(=O)[O-])NC(=O)[C@H](CCC(=O)[O-])NC(=O)[C@H](Cc1ccc(O)cc1)NC(=O)[O-])C(=O)[O-]
2piz,N=C(N)Nc1cccc(C(CP(=O)(O)CCCc2ccccc2)C(=O)O)c1
2il2,CCc1nc(N)nc(NCCNS(=O)(=O)c2ccc3ccccc3c2)c1-c1ccc2c(c1)N(CCCOC)C(=O)C(C)(C)O2
4bae,CO[C@H]1CN(c2nc(-c3ncnn3C)c(C(=O)[O-])s2)CC[C@H]1NC(=O)c1[nH]c(C)c(Cl)c1Br
5v1d,C[C@H](NC(=O)[C@H](Cc1ccc(O)cc1)NC(=O)[C@H](Cc1ccccc1)NC(=O)[C@H](CCCNC(N)=[NH2+])NC(=O)[C@H](Cc1c[nH]c2ccccc12)NC(=O)[C@@H]1CCCN1C(=O)[C@H](CCC(N)=O)NC(=O)[C@@H]1CCC[NH2+]1)C(=O)N1CCC[C@H]1C(=O)[O-]
6pf4,[NH2+]=c1[nH]c(=O)c2c(Cc3ccc(C(=O)Nc4ccccc4CC(=O)[O-])cc3)c[nH]c2[nH]1
5tca,NC(=O)c1nn(CC(=O)N2CCS[C@H]2C(=O)Nc2cccc(Br)n2)c2ncccc12
4l3p,Nc1ncc(-c2cnn(C3CC[NH2+]CC3)c2)c2cc(-c3cccc4ccsc34)oc12
1oy7,CC(C)[C@H](NC(=O)[C@@H](NC(=O)[C@H](CCC(=O)[O-])NC(=O)[C@H](C)[NH3+])C(C)C)C(=O)[O-]
5y5n,NC(=O)c1ccccc1Nc1cccc(OCCc2ccccc2)c1
3clp,Nc1ncnc2c1ncn2C1OC2COP(=O)(O)OC2C1O
4ok6,COc1ccc([N+](=O)[O-])cc1Cn1cc(CC(=O)[O-])c2ccccc21
4ks3,CCC(CC)O[C@@H]1CC(C(=O)[O-])=C[C@H](n2cc(CCCO)nn2)[C@H]1NC(C)=O
6mdb,Cn1c(N2CCC(C)([NH3+])CC2)[nH+]c2[nH]nc(-c3cccc(Cl)c3Cl)c2c1=O
3mxs,CCN1CCN(C(=O)N[C@H](Cc2ccc(O)cc2)C(=O)NCB(O)O)C(=O)C1=O
6hzu,N#CC[C@H]1CC[C@H](n2c(=O)[nH]c3cnc(Nc4ccc[nH]c4=O)nc32)CC1
1o6q,C=CC[N@H+](C)C/C=C/COc1ccc2c(-c3ccc(Br)cc3)coc2c1
3vgc,CC(=O)N[C@@H](Cc1cccc2ccccc12)B(O)O
5n53,COc1ccc(NC(C)=O)cc1Cl
1re1,O=C([O-])C[C@@H](CO)NC(=O)c1cncc(Br)c1
4qgg,Cc1cn([C@H]2CCC[N@@H+]([C@H](CC(C)C)c3ccc(C(=O)[O-])c(Oc4cccc(Cl)c4)c3F)C2)c(=O)[nH]c1=O
3pty,CCCCCCCCO[C@H]1O[C@H](CO)[C@@H](O)[C@@H]1O
6q92,[NH3+][C@@H](CCCC[B-]([OH2+])([OH2+])[OH2+])C(=O)[O-]
4b14,COc1cccc(COC(=O)c2oc3cccc(OC4CC[NH2+]CC4)c3c2C)c1
6npf,O=C1CC(P(=O)([O-])[O-])C(=O)N1O
4ysi,[NH3+][C@@H](CO)C(=O)N1CCC[C@H]1C(=O)NCC(=O)N[C@@H](CCC(=O)[O-])C(=O)NCC(=O)N1CCC[C@H]1C(=O)N[C@@H](CO)C(=O)NCC(=O)[O-]
5l6j,NS(=O)(=O)OC[C@H]1C[C@@H](Nc2ccnc3cc(-c4cccc(SC(F)(F)F)c4)nn23)[C@H](O)[C@@H]1O
1r2b,CC[C@H](C)[C@H](NC(=O)[C@H](CO)NC(=O)[C@H](CCCNC(N)=[NH2+])NC(=O)CNC(=O)[C@H](C)NC(=O)[C@H](CCC(=O)[O-])NC(=O)[C@H](CCCC[NH3+])NC(=O)[C@@H](NC(=O)[C@@H](NC(=O)[C@H](C)NC(=O)[C@@H](NC(=O)[C@H](CC(C)C)NC(=O)[C@H](CO)NC(=O)C[NH3+])C(C)C)[C@@H](C)O)C(C)C)C(=O)N[C@@H](Cc1c[nH]cn1)C(=O)N[C@@H](CCC(=O)[O-])C(=O)N[C@H](C(=O)N1CCC[C@H]1C(=O)N[C@@H](CCCNC(N)=[NH2+])C(=O)[O-])[C@@H](C)CC
5c11,C[C@H]([NH3+])C(=O)N[C@@H](CCCNC(N)=[NH2+])C(=O)N[C@H](C(=O)N[C@@H](CCCCC(C)(C)C)C(=O)N[C@@H](CCC(N)=O)C(=O)N[C@H](C(=O)N[C@@H](C)C(=O)[O-])[C@@H](C)O)[C@@H](C)O
2n9e,CCC(C)C(NC(=O)C(Cc1ccccc1)NC(=O)C(C)NC(=O)C(CC(=O)O)NC(=O)C(CCC(=O)O)NC(C)=O)C(=O)NC(C(=O)NC(C(=O)NC(COP(=O)(O)O)C(=O)NC(CC(=O)O)C(=O)NC(COP(=O)(O)O)C(=O)NC(CC(=O)O)C(=O)NCC(=O)NC(CCC(=O)O)C(N)=O)C(C)CC)C(C)C
5iay,C[C@H](NC(=O)[C@H](CO)NC(=O)[C@H](CCCC[NH3+])NC(=O)[C@H](CCCNC(N)=[NH2+])NC(=O)[C@H](CCCC[NH3+])NC(=O)[C@H](Cc1c[nH]c2ccccc12)NC(=O)[C@H](CCCC[NH3+])NC(=O)CNC(=O)[C@H](CCCC[NH3+])NC(=O)CNC(=O)[C@@H]([NH3+])[C@@H](C)O)C(=O)NCC(=O)NCC(=O)NCC(=O)N1CCC[C@H]1C(=O)N[C@@H](CO)C(=O)[O-]
4y38,COC(=O)[C@@H]([NH3+])Cc1ccccc1
3fcl,O=C1CC(C[NH2+]CCCC[NH2+]Cc2cccc(C(=O)[O-])c2)=NC(=O)N1
5vqz,CC(=O)N(C)c1cc(Oc2ccccc2OCCn2ccc(=O)[nH]c2=O)c(C)c2cc(C#N)ccc12
3vi2,COc1ccc(C(=O)CCC(=O)[O-])c(O)c1
2p0d,O=P(O)(O)OC1C(O)C(O)C(OP(=O)(O)O)C(OP(=O)(O)O)C1O
1jmi,O=c1ccn(C2CC(O)C(COP(=O)(O)O)O2)c(=O)[nH]1
3d7h,O=C([O-])CC[C@H](NC(=O)N[C@@H](CCCCNC(=O)c1ccc(I)cc1)C(=O)[O-])C(=O)[O-]
1j4k,CCC(C)C(NC(=O)C(CC(=O)O)NC(=O)C([NH3+])CCC(=O)O)C(=O)NC(Cc1ccc(OP(=O)(O)O)cc1)C(=O)NC(Cc1ccc(O)cc1)C(=O)NC(CC(C)C)C(=O)NC(CC(=O)O)C(=O)O
6n3k,O=C(NCCCc1ccccc1)N[C@H]1CC[C@@H](OCc2c(F)cccc2F)CC1
4hej,Cc1cn([C@H]2CCC[N@@H+](Cc3cccc(Oc4cccc(C(F)(F)F)c4)c3)C2)c(=O)[nH]c1=O
1ulg,CC(=O)N[C@H]1[C@H](O)O[C@@H](CO)[C@H](O)[C@@H]1O[C@@H]1O[C@H](CO)[C@H](O)[C@H](O)[C@H]1O
5a8z,C[N@H+]1CC2=C(C(=O)N1)[C@@H](c1ccc(C#N)cc1)NC(=O)N2c1cccc(C(F)(F)F)c1
4a9u,NC(=O)c1ccc2nc(-c3ccc(OCC4CC[NH2+]CC4)cc3)[nH]c2c1
3sl0,[NH3+][C@@](CCCCB(O)O)(C(=O)[O-])C(F)F
2ynr,CC(C)C[C@H]([NH3+])C(=O)NCC(=O)N[C@@H](CCCC[NH3+])C(=O)N[C@@H](CCCNC(N)=[NH2+])C(=O)N[C@@H](CCCC[NH3+])C(=O)N[C@@H](CCCNC(N)=[NH2+])C(=O)N[C@@H](Cc1cnc[nH]1)C(=O)[O-]
6o3y,CC(C)C[C@H](NC(=O)[C@H](CC(=O)[O-])NC(=O)[C@H](Cc1ccc(O)cc1)NC(=O)[C@@H]1CCCN1C(=O)[C@H](CC(=O)[O-])NC(=O)[C@@H]([NH3+])CCC(=O)[O-])C(=O)N[C@@H](CC(N)=O)C(=O)[O-]
4fyh,C[n+]1nc(N)c2cn(C3OC(COP(=O)(O)O)C(O)C3O)c3c2c1NC=N3
2fm2,CN(C)C(=O)[C@@H](NC(=O)CNC(=O)[C@H](O)[C@H](CC1CC1)NC(=O)[C@@H]1[C@@H]2[C@H](CN1C(=O)[C@@H](NC(=O)OC(C)(C)C)C(C)(C)C)C2(C)C)c1ccccc1
4gpk,CC[C@H](C)[C@H](NC(=O)[C@H](CC(=O)[O-])NC(=O)[C@@H]1CCCN1C(=O)[C@H](CCCC[NH3+])NC(=O)[C@H](CO)NC(=O)[C@@H]([NH3+])CO)C(=O)N[C@H](C(=O)NCC(=O)[O-])C(C)C
1h3h,CC[C@H](C)[C@H](NC(=O)[C@H](CO)NC(=O)[C@@H]1CCCN1C(=O)[C@H](C)[NH3+])C(=O)N[C@@H](CC(=O)[O-])C(=O)N[C@@H](CCCNC(N)=[NH2+])C(=O)N[C@@H](CO)C(=O)N[C@H](C(=O)N[C@@H](CCCC[NH3+])C(=O)N1CCC[C@H]1C(=O)N[C@@H](C)C(=O)[O-])[C@@H](C)O
6qrf,O=C(OCc1ccccc1)c1cn[nH]c1
4mw7,CCOc1c(I)cc(Cl)cc1C[NH2+]CCCNC(=O)Nc1ccsc1
6v1c,CC(=O)N[C@H]1[C@@H](O[C@H]2[C@@H](CO)O[C@@H](O)[C@H](O)[C@H]2O)O[C@H](CO)[C@@H](O)[C@@H]1O
3d4l,NC(=O)c1cccc(-c2ccc([C@H]([NH3+])Cc3cc(F)ccc3F)cc2)c1
3u7k,COc1ccccc1NC(=O)N[C@H](C(=O)N(CC(=O)NO)CC1CCCC1)C(C)(C)C
6n3z,CNC(=O)c1ccc(O[C@H]2CC[C@H](NC(=O)Nc3ccc(OC(F)(F)F)cc3)CC2)cc1
1jr1,COc1c(C)c2c(c(O)c1C/C=C(\C)CCC(=O)[O-])C(=O)OC2
5ih2,CC(=O)N[C@@H](Cc1ccc(O)cc1)C(=O)N[C@@H](CCC(=O)[O-])C(=O)N[C@@H](CCCC[NH3+])C(=O)N1CCC[C@H]1C(=O)N[C@@H](C)C(=O)N[C@@H](CC(C)C)C(=O)N1CCC[C@H]1C(=O)N[C@@H](CCCNC(N)=[NH2+])C(=O)N[C@@H](CCCC[NH3+])C(=O)N[C@@H](CCCNC(N)=[NH2+])C(N)=O
6bmr,COc1cccc(-c2nnc3n(Cc4ccccc4Cl)c(=O)c4ccccc4n23)c1O
2xpb,CN(Cc1ccccc1)C(=O)c1nc(-c2cccc(Cl)c2)[nH]c1C(=O)[O-]
6jn5,C[C@H](CS)C(=O)N[C@@H](B([OH2+])[OH2+])c1ccc(F)cc1
5itd,COc1ncc(-c2ccc3ncnc(-c4cccc(C(=O)N5CCN(C(C)=O)CC5)c4)c3c2)cc1C#N
6me1,CC(C)C[C@H](NC(=O)CNC(=O)[C@@H](NC(=O)[C@H](C)[NH3+])C(C)C)C(=O)NCC(=O)N[C@@H](C)C(=O)N[C@H](C(=O)N[C@@H](Cc1ccccc1)C(=O)N[C@@H](CC(C)C)C(=O)NCC(=O)[O-])C(C)C
6d4o,O=C([O-])[C@H]1O[C@@H]([N@H+]2CC[N@H+]([C@H]3Nc4ccccc4Oc4ccc(Cl)cc43)CC2)[C@H](O)[C@@H](O)[C@@H]1O
3bc5,Cc1oc(-c2ccccc2)nc1CCOc1cccc(Cc2nn(-c3ccccc3)nc2CC(=O)[O-])c1
6s43,COc1ccc(S(=O)(=O)N2CCCCCCC2)cc1NC(=O)Cc1n[nH]c(=O)c2ccccc12
2f9u,CCCC[C@H](NC(=O)[C@@H]1[C@H]2CC[C@H](C2)N1C(=O)[C@@H](NC(=O)OC(C)(C)C)C1CCCCC1)[C@@H](O)C(=O)NCC(=O)N[C@H](C(=O)N(C)C)c1ccccc1
3qw7,NC(=[NH2+])NCCC[C@H]([NH3+])C(=O)N[C@@H](CCCNC(N)=[NH2+])C(=O)N[C@@H](Cc1ccccc1)C(=O)N[C@@H](CS)C(N)=O
6oqn,O=C1NS(=O)(=O)CCOCCCCCCN2C[C@@]3(CCc4cc(Cl)ccc43)COc3ccc1cc32
5un9,CCN[C]1N[C@H]2[C@H](O[C@H](CO)[C@@H](O)[C@@H]2O)S1
5alg,O=C(NC[C@H]1COc2ccccc2O1)c1ccc2c(c1)N(Cc1cccc(Cl)c1)C(=O)CS2
4e8y,COc1cccc(OC)c1-c1cnnc(NCc2nc3cc(OCC(=O)[O-])ccc3s2)n1
4qgf,CC[C@H](c1ccc(C(=O)[O-])c(Oc2cccc(Cl)c2)c1OC)[N@@H+]1CCC[C@H](n2cc(C)c(=O)[nH]c2=O)C1
1sqb,CO/C=C(/C(=O)OC)c1ccccc1Oc1cc(Oc2ccccc2C#N)ncn1
4zy6,Clc1c(CNc2nccc(Nc3cc(C4CC4)n[nH]3)n2)ccc2[nH]cnc12
3g0g,N#Cc1ccccc1Cn1c(N2CCC[C@@H]([NH3+])C2)[nH+]cc(Br)c1=O
1vkj,Nc1ncnc2c1ncn2C1OC(COP(=O)(O)O)C(OP(=O)(O)O)C1O
5ttg,CCNc1nc(N[C@H]2CC[N@H+](C)CC2)c2cc(OC)c(OC)cc2n1
3adt,O=C([O-])Cc1c[nH]c2ccc(O)cc12
5akh,FC(F)(F)c1cccc(-c2[nH]ncc2-c2ccncc2)c1
2q80,CC(C)=CCC/C(C)=C/CC/C(C)=C/CC/C(C)=C/COP(=O)(O)OP(=O)(O)O
1ka7,CC[C@H](C)[C@H](NC(=O)[C@@H](NC(=O)[C@H](CC(C)C)NC(=O)[C@H](CO)NC(=O)[C@H](CCCC[NH3+])NC(=O)[C@@H]([NH3+])CCCNC(N)=[NH2+])[C@@H](C)O)C(=O)N[C@@H](Cc1ccc(O)cc1)C(=O)N[C@@H](C)C(=O)N[C@@H](CCC(N)=O)C(=O)N[C@H](C(=O)N[C@@H](CCC(N)=O)C(=O)N[C@@H](CCCC[NH3+])C(=O)[O-])C(C)C
3f9y,C[NH2+]CCCC[C@H](NC(=O)[C@H](CCCNC(N)=[NH2+])NC(=O)[C@H](Cc1c[nH]cn1)NC(=O)[C@H](CCCNC(N)=[NH2+])NC(=O)[C@@H]([NH3+])CCCC[NH3+])C(=O)N[C@H](C(=O)N[C@@H](CC(C)C)C(=O)[O-])C(C)C
6n4e,CC(C)(O)[C@H]1CC[C@H](NC(=O)c2cnc3cc(OC(F)F)ccc3c2)CC1
3t0m,COc1ccc(OC)c(NC(=O)COc2ccccc2P(=O)(O)O)c1
3lgl,C[NH+](C)CCCC[C@H]([NH3+])C(=O)[O-]
6mo2,[NH3+]Cc1ccc(-c2ncc(OCC3CC[NH2+]CC3)nc2-c2ccc(-c3cn[nH]c3)cc2)cc1
1jjt,O=C([O-])[C@@H](Cc1ccc2c(c1)OCO2)[C@H](Cc1ccc2c(c1)OCO2)C(=O)[O-]
3zhz,O=C(c1ccccc1Nc1cccc(C(F)(F)F)c1)N(O)CCC(c1ccc(Cl)c(Cl)c1)P(=O)(O)O
1vik,CC(C)[C@H](NC(=O)[C@H](Cc1cccc2ccccc12)CS(=O)(=O)C(C)(C)C)C(=O)N[C@@H](Cc1ccccc1)[C@@H](O)[C@H](O)[C@H](Cc1ccccc1)NC(=O)[C@@H](NC(=O)[C@H](Cc1cccc2ccccc12)CS(=O)(=O)C(C)(C)C)C(C)C
1o46,COC(=O)c1cc(C[C@H](NC(C)=O)C(=O)N[C@H]2CCCCN(Cc3ccc(-c4ccccc4)cc3)C2=O)ccc1C(F)(C(=O)[O-])C(=O)[O-]
4j8s,CC[C@H](C)[C@H](NC(=O)[C@H](CCCNC(N)=[NH2+])NC(=O)[C@H](CC(N)=O)NC(=O)[C@H](Cc1ccccc1)NC(=O)[C@@H](NC(=O)[C@@H]1CCCN1C(=O)[C@H](CC(C)C)NC(=O)[C@H](CCCNC(N)=[NH2+])NC(=O)[C@@H]([NH3+])CCCNC(N)=[NH2+])[C@@H](C)CC)C(=O)N[C@@H](CO)C(=O)N[C@H](C(=O)N[C@@H](CO)C(=O)[O-])C(C)C
1o44,CC(=O)N[C@@H](Cc1ccc(C(C(=O)[O-])C(=O)[O-])c(C(=O)[O-])c1)C(=O)N[C@H]1CCCCN(Cc2ccc(-c3ccccc3)cc2)C1=O
4n5g,CC1=C(CCc2nn[nH]n2)c2cc(F)ccc2/C1=C\c1ccc(C(C)C)cc1
3uzd,CCCC(NC(=O)C(NC(=O)C(NC(=O)C(CC(N)=O)NC(=O)C1CCCN1C(=O)C(CC(C)C)NC(=O)C(COP(=O)(O)O)NC(=O)C1CCCN1C(=O)C([NH3+])CO)C(C)CC)C(C)O)C(=O)O
5jy0,CC(C)C[C@H]([NH3+])C(=O)N[C@@H](CC(=O)[O-])C(=O)N[C@H](C(=O)[O-])C(C)C
3q4k,CC(=O)N[C@@H](CCC(N)=O)C(=O)N[C@@H](CC1CCCCC1)C(=O)N[C@@H](CC(=O)[O-])C(=O)N[C@@H](CC(C)C)C(=O)N[C@@H](Cc1ccc(Cl)cc1)C(=O)[O-]
1zhk,CC(C)C[C@H]([NH3+])C(=O)N1CCC[C@H]1C(=O)N[C@@H](CCC(=O)[O-])C(=O)N1CCC[C@H]1C(=O)N[C@@H](CC(C)C)C(=O)N1CCC[C@H]1C(=O)N[C@@H](CCC(N)=O)C(=O)NCC(=O)N[C@@H](CCC(N)=O)C(=O)N[C@@H](CC(C)C)C(=O)N[C@H](C(=O)N[C@@H](C)C(=O)N[C@@H](Cc1ccc(O)cc1)C(=O)[O-])[C@@H](C)O
6r1k,O=C1C[C@H](NC(=O)c2c(Cl)cc(Cl)cc2Cl)C(=O)N1
4o13,O=C(NCc1ccc(S(=O)(=O)c2cccc(C(F)(F)F)c2)cc1)c1cnc2[nH]ncc2c1
2kaw,CC1=C(CC(=O)[O-])c2cc(F)ccc2[C@@H]1Cc1ccc([S@@](C)=O)cc1
4a9i,CC(=O)c1cc(-c2ccccn2)c2ccccn12
5qas,CC(=O)NCCc1ccc(-c2cccc(C(=O)[O-])c2)cc1
4tmf,Nc1nc2c(=O)nc[nH]c2n1CCCCOP(=O)(O)OP(=O)(O)OCC1OC(O)C(O)C1O
4zg7,Cc1c(Sc2cccc(C(=O)[O-])c2F)c2ccc(Cl)c(F)c2n1CC(=O)N1CC2(CC2)c2ccccc21
1prl,CC(C)C[C@H](NC(=O)[C@@H]1CCCN1C(=O)[C@@H]1CCCN1C(=O)[C@H](C)NC(=O)[C@H](Cc1ccccc1)NC(=O)[C@H](C)[NH3+])C(=O)N1CCC[C@H]1C(=O)N[C@@H](CCCNC(N)=[NH2+])C(=O)N[C@@H](CCCNC(N)=[NH2+])C(=O)[O-]
1l6s,O=C([O-])CCCCCCCCC(=O)[O-]
3gwv,C[NH2+]CC[C@@H](Oc1ccc(C(F)(F)F)cc1)c1ccccc1
4mk0,O=C1NCc2cc(OC[C@@H]3C[NH2+]CC[C@H]3c3ccc(F)cc3)ccc21
3wke,O=C(N[C@H]1CC[C@H](Oc2ccc(C(=O)[O-])cc2)CC1)N[C@]12C[C@H]3C[C@H](C[C@H](C3)C1)C2
6hv0,CC(C)Nc1cc(Cl)nn2c(-c3ccc4[nH]ncc4c3)cnc12
2jj3,COCc1cc(O)cc2c1O[C@@H](c1ccc(O)cc1)[C@H]1CCC[C@@H]21
1k9r,CC(=O)N1CCC[C@H]1C(=O)N[C@@H](CC(C)C)C(=O)N1CCC[C@H]1C(=O)N1CCC[C@H]1C(=O)N[C@@H](Cc1ccc(O)cc1)C(=O)[O-]
4h3c,CCCCCCCCCCOc1cccc(C(=O)C[C@@H](O)C(=O)[O-])c1
5wbr,N#Cc1c(C(F)(F)F)cc(N2CC[NH+](CCO)CC2)nc1N1CCC[C@H](CO)C1
3l3q,C[C@H](NC(=O)[C@H](CCC(=O)[O-])NC(=O)[C@H](CCCNC(N)=[NH2+])NC(=O)[C@H](CCCNC(N)=[NH2+])NC(=O)[C@H](CCCC[NH3+])NC(=O)[C@H](CCCC[NH3+])NC(=O)[C@H](CCCC[NH3+])NC(=O)[C@H](Cc1ccccc1)NC(=O)[C@@H]1CCC[NH2+]1)C(=O)[O-]
1j5i,COc1cc(C)c2ccc(O)c(C(=O)O[C@@H]3[C@@H](O)C=C[C@H]3O)c2c1
6e8m,CC([NH3+])C(=O)NC(Cc1ccc(OP(=O)(O)O)cc1)C(=O)O
1hiv,CC[C@H](C)[C@H](NC(=O)[C@H](C(C)C)[C@@H](O)[C@H](O)[C@H](CC1CCCCC1)NC(=O)[C@H](Cc1cnc[nH]1)NC(=O)COc1cccc2ccccc12)C(=O)NCc1ccccn1
3v0l,O=c1[nH]c(=O)n(C2OC(COP(=O)(O)OP(=O)(O)OC3OC(CO)C(O)C(O)C3O)C(O)C2O)cc1-c1ccccc1
2xqq,CC(=O)N[C@@H](CO)C(=O)N[C@@H](CCCNC(N)=[NH2+])C(=O)NCC(=O)N[C@H](C(=O)N[C@@H](CCC(N)=O)C(=O)N[C@H](C(=O)N[C@@H](CCC(=O)[O-])C(=O)[O-])[C@@H](C)O)[C@@H](C)O
5ewz,CSCCC(NC(=O)C(C)NC(=O)C1CCCN1C(=O)C(CC(C)C)NC(=O)C(NC(=O)C(CC(N)=O)NC(=O)C(CCCNC(=N)N)NC(=O)C(CCCNC(=N)N)NC(=O)C1CCC[NH2+]1)C(C)OP(=O)(O)O)C(=O)O
4q3s,[NH3+][C@](CCCCB(O)(O)[OH-])(CC[NH+]1CCCCC1)C(=O)[O-]
5t1i,CC[C@H](C)[C@H](NC(=O)[C@H](CCC(=O)[O-])NC(=O)[C@H](C)NC(=O)[C@H](CC(C)C)NC(=O)[C@H](C)NC(=O)[C@@H](NC(=O)[C@@H](NC(=O)CNC(=O)[C@@H]1C=CCN1C(=O)[C@H](CCCNC(N)=[NH2+])NC(=O)[C@H](Cc1ccc(O)cc1)NC(=O)[C@H](CCCNC(N)=[NH2+])NC(=O)[C@H](Cc1c[nH]cn1)NC(=O)[C@@H]1CCCN1C(C)=O)[C@@H](C)O)C(C)C)C(=O)N[C@@H](CCCNC(N)=[NH2+])C(N)=O
1a8i,O=C1NC(=O)[C@@]2(N1)O[C@H](CO)[C@@H](O)[C@H](O)[C@H]2O
1x7b,C=Cc1cc(O)cc2nc(-c3ccc(O)c(F)c3)oc12
3k26,C[N+](C)(C)CCCC[C@H]([NH3+])C(=O)N[C@@H](CCC(N)=O)C(=O)[O-]
5wre,COC(=O)C1=C(C[N@@H+]2CC(F)(F)C[C@H]2C(=O)[O-])NC(c2nccs2)=N[C@H]1c1ccc(F)cc1Cl
6u7p,CC(C)CN(C[C@@H](O)[C@H](Cc1ccccc1)NC(=O)O[C@H]1CCO[C@H]2OCC[C@@H]12)S(=O)(=O)c1ccc(B([OH2+])[OH2+])cc1
2gbf,C#C[C@H]1CC[C@@H](C=N)N1C(=O)[C@@H]([NH3+])C1CCCC1
6cgt,C[C@H]1O[C@H](O[C@@H]2[C@@H](CO)O[C@H](O)[C@H](O)[C@H]2O)[C@H](O)[C@@H](O)[C@@H]1[NH2+][C@@H]1[C@H](O)[C@@H](O)[C@H](O[C@H]2O[C@H](CO)[C@@H](O[C@H]3O[C@H](C)[C@@H]([NH2+][C@@H]4[C@H](O)[C@@H](O)[C@H](O)[C@]5(CO)O[C@H]45)[C@H](O)[C@H]3O)[C@H](O)[C@H]2O)[C@]2(CO)O[C@H]12
2y76,O=C([O-])[C@@]1(O)C[C@@H](O)[C@H](O)C(OCc2ccc3sccc3c2)=C1Cc1ccc2sccc2c1
2wxg,Cc1ccccc1-n1c(Cn2nc(-c3cc(O)cc(F)c3)c3c(N)ncnc32)nc2cccc(C)c2c1=O
3f8w,[NH3+]C1NC=Nc2c1ncn2[C@@H]1O[C@H](CO)[C@@H](O)[C@H]1O
5iu2,c1ccc(-c2cc3c(cn2)ncc2ncn(-c4ccc5nc(NCC[NH+]6CCOCC6)sc5c4)c23)cc1
3zmz,CC(C)[C@H](NC(=O)[C@H](C)NC(=O)[C@H](Cc1ccccc1)NC(=O)[C@H](CO)NC(=O)[C@H](CCCNC(N)=[NH2+])NC(=O)[C@@H]1CCC[NH2+]1)C(=O)[O-]
5ur9,O=C([O-])[C@H]1[C@H](c2ccccc2)[C@H](C(=O)Oc2cccc3ccccc23)[C@H]1c1ccccc1
5ai1,C[C@]12C=Cc3c(ccc4cc(O)ccc34)[C@@H]1CCC2=O
3k5i,Nc1cncn1C1OC(COP(=O)(O)O)C(O)C1O
6nzk,CO[C@]1(C(=O)[O-])C[C@H](O)[C@@H](NC(C)=O)[C@H]([C@H](O)[C@H](O)COC(C)=O)O1
2bed,CS(=O)(=O)N1CCC([C@H]2c3ccc(Cl)cc3C(N3CC[NH2+]CC3)=Cc3cccnc32)CC1
4zyt,[NH2+]=c1[nH]c(=O)c2cc(CCCCc3ccc(C(=O)N[C@@H](CCC(=O)[O-])C(=O)[O-])cc3)[nH]c2[nH]1
5ism,[NH3+][C@H]1C[C@@H]([N@@H+]2Cc3nn4cccnc4c3C2)CO[C@@H]1c1cc(F)ccc1F
3ogx,O=C([O-])C1=C[C@H](O)[C@@H](OS(=O)(=O)[O-])[C@H](O[C@@H]2[C@@H](COS(=O)(=O)[O-])O[C@H](O)[C@H](NS(=O)(=O)[O-])[C@H]2O)O1
6k1q,Cc1cc(C)cc(C(=O)N(C)[C@H](Cc2ccc(-c3ccccc3)cc2)C(=O)N[C@@H](Cc2c[nH]c3ccccc23)C(=O)[O-])c1
3rsr,O=[N+]([O-])c1ccc2c(ccn2C2CC(O)C(COP(=O)(O)OP(=O)(O)OP(=O)(O)O)O2)c1
5jas,Cc1ccccc1-c1cc(Nc2nccs2)ccc1C
3wgw,[NH3+][C@H](CO)Cc1cc(I)c(Oc2ccc(O)cc2)c(I)c1
5owc,NC(=O)c1cc2ccc(OC(F)(F)F)cc2n1-c1cccc(CCC(=O)[O-])c1
3n7s,[NH3+]CCCC[C@H](NC(=O)[C@@H](Cc1cc(Br)c(O)c(Br)c1)NC(=O)N1CCC(N2Cc3ccccc3NC2=O)CC1)C(=O)N1CCN(c2ccncc2)CC1
2pfy,O=C1CC[C@@H](C(=O)[O-])N1
5f90,CCCO[C@@H]1O[C@H](CO)[C@@H](O[C@@H]2O[C@H](CO)[C@H](O[C@H]3O[C@H](CO)[C@H](O)[C@H](O)[C@H]3O)[C@H](O)[C@H]2O)[C@H](O)[C@H]1O
4wwn,C[C@H](Nc1ncnc2nc[nH]c12)c1cc2ccc(F)cc2nc1-c1ccccn1
5g3n,NC(=O)c1ccc(Cc2ccccc2)cc1-c1cccc(CCC(=O)[O-])c1
6peu,CC(C)C[C@H](NC(=O)[C@H](CCCNC(N)=[NH2+])NC(=O)C[NH3+])C(=O)NCC(=O)N[C@@H](Cc1ccccc1)C(=O)N[C@@H](Cc1ccc(O)cc1)C(=O)NCC(=O)N[C@@H](Cc1ccc(O)cc1)C(=O)N[C@@H](CC(=O)[O-])C(=O)N[C@@H](CC(C)C)C(=O)N[C@@H](CCC(N)=O)C(=O)N[C@@H](CC(=O)[O-])C(=O)[O-]
4hy9,CC(C)C[C@H]([NH3+])C(=O)N[C@@H](Cc1ccc(O)cc1)C(=O)N[C@@H](CC1CCCCC1)C(=O)N[C@@H](CC1CCCCC1)C(=O)N1CCC[C@H]1C(=O)N[C@@H](CCCNC(N)=[NH2+])C(=O)N1CCC[C@H]1C(=O)N[C@H](C(N)=O)[C@@H](C)O
1ryf,Nc1nc2c(ncn2C2OC(COP(=O)(O)OP(=O)(O)O)C(O)C2O)c(=O)[nH]1
4op3,C[C@](O)(c1ccc(-c2ccc(S(=O)(=O)c3ccc(N)nc3)nc2Nc2ccccc2)nc1)C(F)(F)F
2sfp,CCC(=O)[O-]
2wxq,COc1ccccc1-n1c(SCC(=O)Nc2ccc3nccnc3c2)nc2c(c1=O)CCCC2
6qcg,CC(C)[C@H](NC(=O)[C@H](CCCNC(N)=[NH2+])NC(=O)[C@H](CCCNC(N)=[NH2+])NC(=O)[C@@H]([NH3+])CCC(N)=O)C(=O)N[C@H](C(=O)N[C@@H](CC(=O)[O-])C(=O)N[C@@H](Cc1ccccc1)C(=O)N[C@@H](Cc1ccccc1)C(=O)N[C@@H](C)C(=O)N[C@@H](CCCNC(N)=[NH2+])C(=O)[O-])[C@@H](C)O
4ys7,Cc1ncc(C)[n+]2nc(CCc3nc4c5cccnc5ccc4n3C)[nH]c12
5ett,N#Cc1ccc(CSc2nc3[nH]c(=[NH2+])[nH]c(=O)c3[nH]2)c(F)c1
6ezg,COc1c(C(=O)CC[C@H]2CC[N@H+](Cc3ccccc3)CC2)cc(Cl)c2[nH]ccc12
3fbr,C[C@@H](C=O)NC(=O)CNC(=O)[C@H](C)NC(=O)[C@H](C)NC(=O)[C@H](C)NC(=O)CNC(=O)CNC(=O)[C@H](C)NC(=O)[C@H](C)[NH3+]
3w2t,N=C[C@@H]1CCCN1C(=O)C[NH2+][C@@]12C[C@@H]3C[C@@H](C[C@@](O)(C3)C1)C2
4eyr,CC(C)c1nc(CN(C)C(=O)N[C@H](C(=O)N[C@@H](Cc2ccccc2)C[C@H](O)[C@H](Cc2ccccc2)NC(=O)OCc2cncs2)C(C)C)cs1
6ckx,CC(=O)N(c1ccc(-c2cnn(C)c2)cc1)[C@H]1CC[C@H](Nc2ncc3ccccc3n2)CC1
4ge9,COc1cc2c(cc1Cc1ccccc1)C/C(=N\Cc1c(COP(=O)(O)O)cnc(C)c1O)C(=O)N2O
3v7s,Cc1ccc2oc(=O)n(CCCCn3cc(CCCCC[C@@H]4SC[C@@H]5NC(=O)N[C@H]45)nn3)c2c1
4o2f,CC(C)C[C@H](NC(=O)[C@H](C)NC(=O)[C@H](CC(N)=O)NC(=O)[C@H](CCC(=O)[O-])NC(=O)[C@@H](NC(=O)[C@H](C)NC(=O)[C@@H](NC(=O)[C@@H]([NH3+])Cc1c[nH]cn1)C(C)C)C(C)C)C(=O)[O-]
3mo5,COc1cc2c(NC3CC[N+](CCCCC[NH3+])CC3)nc(NCCC[N+](C)C)nc2cc1OCCCCC[NH3+]
1a7t,O=S(=O)(O)CC[NH+]1CCOCC1
5e8a,OC[C@H]1O[C@@H](S[C@@H]2O[C@H](CO)[C@H](O)[C@H](n3cc(-c4ccc(F)cc4)nn3)[C@H]2O)[C@H](O)[C@@H](n2cc(-c3ccc(F)cc3)nn2)[C@H]1O
6afc,O=C1Nc2ccc(F)cc2[C@@H]1O
4c1e,C[C@H](CS)C(=O)N1CCC[C@@H]1C(=O)[O-]
4odp,CC[C@H](C)[C@H](NC(=O)[C@H](Cc1ccccc1)NC(=O)[C@@H]1CCCN1C(=O)[C@H](CCCC[NH3+])NC(=O)[C@@H]([NH3+])CCSC)C(=O)[O-]
5klt,CSCC[C@H](NC(=O)[C@H](CCCC[NH3+])NC(=O)[C@H](CCCC[NH3+])NC(=O)[C@H](C)NC(=O)[C@@H]1CCCN1C(=O)[C@@H]([NH3+])Cc1ccccc1)C(=O)N[C@@H](CCCC[NH3+])C(=O)N[C@H](C(=O)[O-])C(C)C
2hf8,Nc1nc2c(ncn2C2OC(COP(=O)(O)OP(=O)(O)OP(=O)(O)S)C(O)C2O)c(=O)[nH]1
4aa2,CC[C@H](C)[C@H](NC(=O)[C@H](CCCC[NH3+])NC(=O)[C@@H]1CCCN1C(=O)[C@@H]([NH3+])CCCNC(N)=[NH2+])C(=O)N1CCC[C@H]1C(=O)N1CCC[C@H]1C(=O)[O-]
2g6q,C[C@H]([NH3+])C(=O)N[C@@H](CCCNC(N)=[NH2+])C(=O)N[C@H](C(=O)N[C@@H](CCCC[N+](C)(C)C)C(=O)N[C@@H](CCC(N)=O)C(=O)N[C@H](C(=O)N[C@@H](C)C(=O)N[C@@H](CCCNC(N)=[NH2+])C(=O)O)[C@@H](C)O)[C@@H](C)O
6sze,NC(=O)c1cnn(-c2ccccc2)c1N
6mmq,Nc1ncnc2c1ncn2C1OC2COP(=O)(O)OC2C1O
5a3o,CO[C@H]1O[C@H](CNC(=O)/C=C/c2ccccc2)[C@@H](O)[C@H](O)[C@@H]1O
1xfv,Nc1ncnc2c1ncn2C1OC(COP(=O)(O)OP(=O)(O)OP(=O)(O)O)CC1O
5n7x,CC(C)[C@H](NC(=O)[C@H](Cc1c[nH]c2ccccc12)NC(=O)[C@@H]([NH3+])CCC(=O)[O-])C(=O)N[C@@H](Cc1c[nH]cn1)C(=O)N1CCC[C@H]1C(=O)N[C@@H](CCC(N)=O)C(=O)N[C@@H](Cc1ccccc1)C(=O)N[C@@H](CCC(=O)[O-])C(=O)N[C@@H](CCC(N)=O)C(=O)N[C@@H](CCCC[NH3+])C(=O)N[C@@H](C)C(=O)[O-]
3lbz,O=C([O-])C[C@H](C(=O)[O-])N1C(=O)/C(=C2/C(=O)Nc3ccc(Br)cc32)SC1=S
5etk,[NH2+]=c1[nH]c(=O)c2[nH]c(SCc3ccccc3F)nc2[nH]1
5lca,O=C([O-])c1cccc2c1C(=O)N(c1cccc(C(F)(F)F)c1)C2
4i7c,CCC(=O)NC[C@H](NC(=O)[C@@H](NC(=O)[C@@H]1CCCN1C(=O)[C@H](CCCNC(N)=[NH2+])NC(=O)[C@H](CC(C)C)NC(=O)[C@@H]([NH3+])CCCC[NH3+])C(C)C)C(=O)N[C@@H](CCSC)C(=O)N[C@H](C(=O)N[C@@H](CCCNC(N)=[NH2+])C(=O)N1CCC[C@H]1C(=O)N[C@@H](Cc1c[nH]c2ccccc12)C(=O)N[C@H](C(=O)N[C@@H](CCCNC(N)=[NH2+])C(=O)[O-])C(C)C)C(C)C
4gto,COc1ccc(S(=O)(=O)N2Cc3cc(C#N)ccc3N(Cc3cncn3C)C[C@H]2Cc2ccc(OS(=O)(=O)C(F)(F)F)cc2)cc1
5o45,CCCC[C@H]1C(=O)N(C)CC(=O)N[C@@H](CC(=O)[O-])C(=O)N[C@@H](C(C)C)C(=O)N(C)[C@@H](Cc2ccccc2)C(=O)N[C@@H](Cc2ccc(O)cc2)C(=O)N(C)CC(=O)N[C@@H](Cc2c[nH]c3ccccc23)C(=O)N[C@@H](Cc2ccc(O)cc2)C(=O)N[C@@H](CC(C)C)C(=O)N[C@H](C(=O)NCC(N)=O)CSCC(=O)N[C@@H](Cc2ccccc2)C(=O)N(C)[C@@H](Cc2ccccc2)C(=O)N1C
6huq,COC[C@H](NC(=O)[C@H](CC(C)C)NC(=O)c1cnc(C)s1)C(=O)N[C@H](CCS(C)(=O)=O)Cc1ccc(C[NH3+])cc1
5ls6,COC1=C(CNC(=O)c2c(C)n([C@H](C)[C@H]3CC[N@H+](CC(C)(F)F)CC3)c3ccccc23)C(=O)N=C(C)C1
5qb3,CC(=O)Nc1cccc(-c2cc(C(=O)[O-])cc(-c3ccc4cccnc4c3)c2)c1
3wfg,C[C@@H]1OC(=O)C(c2ccc(F)cc2)=C1c1ccc2c(c1)NC(=O)CO2
6aoy,O=[N+]([O-])c1ccccc1O[C@@H]1O[C@H](CO)[C@H](O)[C@H](O)[C@H]1O
5f1u,[NH3+]C/C=C/C[C@@]([NH3+])(CC[C@]([NH3+])(CCCC[NH3+])C(=O)[O-])C(=O)[O-]
1s64,N#Cc1ccc(Cn2cncc2C[N@H+]2CCN(c3cccc(Cl)c3)C(=O)C2)cc1
4hv3,[NH2+]=c1[nH]c(=O)c2ncc(C(=O)N[C@@H](CO)C(=O)N[C@@H](Cc3c[nH]c4ccccc34)C(=O)[O-])nc2[nH]1
5w8j,NS(=O)(=O)c1ccc(Cc2c(-c3ccc(F)c(F)c3)nn(-c3nc(C(=O)[O-])cs3)c2O)cc1
6bcy,CC(C)CC(NC(=O)C(NC(=O)C(CCCC[NH3+])NC(=O)C(CC(N)=O)NC(=O)C(CCC(=O)O)NC(=O)C([NH3+])C(C)O)C(C)OP(=O)(O)O)C(=O)N1CCCC1C(=O)NC(CCCNC(=N)N)C(=O)NC(CO)C(=O)NC(CO)C(=O)O
5tkt,COC(=O)Nc1ccc2c(c1)NC(=O)CC/C=C/C[C@H](NC(=O)/C=C/c1cc(Cl)ccc1-n1cnnn1)c1nc-2c[nH]1
5y9l,COc1ccc(Cl)cc1C[C@@H]1CN/C(=N\N(C)C)CN(CC(=O)Nc2cccc(C(=O)[O-])c2)C1=O
1csr,CC(C)(COP(=O)(O)OP(=O)(O)OCC1OC(n2cnc3c(N)ncnc32)C(O)C1OP(=O)(O)O)C(O)C(=O)NCCC(=O)NCCC(F)C(N)=O
6afh,O=C1[C@@H](O)c2ccccc2N1CCc1ccccc1
4j51,O=C(COc1ccc(-c2oc3cc(O)c(C(=O)[O-])cc3c2C#Cc2cccc(Cl)c2)cc1)NC1CC1
6ijh,O=C1c2cccc3cccc(c23)C(=O)N1CCc1n[nH]c(=S)n1-c1ccccc1
5m3b,CC1=C2N3=C(C=C4N5=C(C(C)=C6N7[C@H]([C@H](CC(N)=O)[C@@]6(C)CCC(=O)NC[C@@H](C)O)[C@]6(C)N(=C1[C@@H](CCC(N)=O)[C@]6(C)CC(N)=O)[Co+2]753)[C@@H](CCC(N)=O)C4(C)C)[C@@H](CCC(N)=O)[C@]2(C)CC(N)=O
2x38,Cc1ccccc1-n1c(Cn2cnc3c(N)ncnc32)nc2cccc(C)c2c1=O
5ywx,O=C(Nc1ccc(N2CCCC2=O)cc1)c1cnc(-c2ccccn2)nc1
3tkz,CCC(C)C(NC(=O)C([NH3+])C(C)C)C(=O)NC(Cc1ccc(OP(=O)(O)O)cc1)C(=O)NC(Cc1ccccc1)C(=O)NC(C(=O)N1CCCC1C(=O)NC(CC(C)C)C(=O)O)C(C)C
3oqf,O=C(c1c(Cc2ccccc2)n(-c2ccccc2)c2ccccc12)N1CC[NH2+]CC1
4wki,Cn1ccnc1[C@]1(CNC(=O)c2cc3cc(Cl)ccc3o2)NC(=O)NC1=O
5jjs,COc1cc(OC)c(-c2ccc(C#CCO)s2)cc1C(=O)NS(=O)(=O)[C@@H]1CCC[C@@H](OC)C1
1r5h,Cc1ccc(NNC(=O)[C@@H](O)[C@H]([NH3+])CC2CCCCC2)cc1
5ove,COc1cc2ncnc(N[C@H](C)c3cccc4ccccc34)c2cc1OC
4ktc,O=C(N[C@H]1CCCCCCC[C@@H]2C[C@@]2(C(=O)NS(=O)(=O)C2CC2)NC(=O)[C@@H]2C[C@@H](OC(=O)N3CCc4ccccc4C3)CN2C1=O)OC1CCCC1
5mrh,CC(C)CC[NH+]1CC(=O)N[NH2+]1
2fsa,C[C@H]([NH3+])C(=O)N[C@@H](CCCNC(N)=[NH2+])C(=O)N[C@H](C(=O)N[C@@H](CCCC[NH+](C)C)C(=O)N[C@@H](CCC(N)=O)C(=O)N[C@H](C(=O)O)[C@@H](C)O)[C@@H](C)O
6f09,CCC(C)C(NC(=O)C(CC(=O)O)NC(=O)C1CCCN1C(=O)C(CO)NC(=O)C(COP(=O)(O)O)NC(=O)C(Cc1ccc(O)cc1)NC(=O)C(CO)NC(=O)C([NH3+])CCCNC(=N)N)C(=O)NC(C(=O)NC(CCC(N)=O)C(=O)O)C(C)O
1so2,C[C@@H]1CC(=O)NN=C1c1ccc(NC2=C(Cc3cccc(I)c3)C(=O)CCC2)cc1
5dp7,CCOC(=O)CC[C@H](C[C@@H]1CCNC1=O)NC(=O)[C@H](Cc1ccccc1)NC(=O)CC(C)C
1kf6,CCCCCCCC1=CC(=O)c2ccccc2[N+]1=O
5ni8,CCS(=O)(=O)c1ccc(CC(=O)Nc2cc(-c3cccnc3OCc3ccccc3)cs2)cc1
5k00,COc1cccc(Nc2ncc(-c3ccc(C(=O)NCC(=O)Nc4ccccc4)cc3)c(OCC3CC[NH2+]CC3)n2)c1
5nxq,CC[C@H](C)[C@@H]1NC(=O)[C@H](CC(=O)[O-])NC(=O)[C@H](CC(=O)[O-])NC(=O)[C@H]([C@@H](C)CC)NC(=O)[C@@H](NC(=O)[C@@H](NC(=O)[C@H](CC(=O)[O-])NC(=O)[C@@H]([NH3+])CCSC)[C@@H](C)CC)CCCn2cc(nn2)CCCc2cn(nn2)CCC[C@@H](C(=O)N[C@@H](CCC(=O)[O-])C(=O)N[C@@H](CC(C)C)C(=O)N[C@@H](CC(=O)[O-])C(=O)N[C@@H](CCCC[NH3+])C(=O)N[C@@H](CCC(=O)[O-])C(=O)[O-])NC(=O)[C@H](CC(C)C)NC1=O
4u91,CC[C@H](C)[C@H](NC(=O)[C@H](CO)NC(=O)[C@@H]([NH3+])Cc1ccccc1)C(=O)N[C@H](C(=O)NCC(=O)N[C@@H](CO)C(=O)N[C@@H](CC(C)C)C(=O)N1CCC[C@H]1C(=O)N[C@@H](CCCNC(N)=[NH2+])C(=O)N[C@@H](CC(=O)[O-])C(=O)N[C@@H](CS)C(=O)[O-])C(C)C
1wug,Cc1ccc(NCCC[NH3+])c([N+](=O)[O-])c1
3ur0,CC(=O)Nc1ccc(S(=O)(=O)[O-])c2cc(S(=O)(=O)[O-])cc(S(=O)(=O)[O-])c12
5qau,O=C([O-])c1cccc(-c2cccc(-c3nnn[nH]3)c2)c1
5vqw,C=CC(=O)Nc1cc(Oc2ccccc2OCCn2ccc(=O)[nH]c2=O)c(C)c2cc(C#N)ccc12
5mlo,CC[C@H](C)[C@H](NC(=O)[C@H](CC(=O)[O-])NC(=O)[C@H](Cc1c[nH]cn1)NC(=O)[C@H](CCC(N)=O)NC(=O)[C@@H]([NH3+])CCCC[NH3+])C(=O)N[C@@H](CCCNC(N)=[NH2+])C(=O)N[C@@H](CO)C(=O)N[C@@H](Cc1ccccc1)C(=O)N[C@@H](Cc1ccccc1)C(=O)N[C@H](C(=O)[O-])C(C)C
2on3,[NH3+]CCCO[NH3+]
2hdx,CC(C)CC(NC(=O)C(CCC(=O)O)NC(=O)C(Cc1ccc(OP(=O)(O)O)cc1)NC(=O)C(CC(=O)O)NC(=O)C1CCCN1C(=O)C([NH3+])C(C)O)C(=O)NC(CC(C)C)C(=O)NC(C(=O)NC(CCC(=O)O)C(=O)O)C(C)O
5alu,O=C(N[C@H]1[C@H]2C[C@H]3C[C@@H]1C[C@](O)(C3)C2)c1cnc(N[C@H]2CCOC2)nc1C1CCCC1
5eb3,Cc1ncc(CO)c(CO)c1O
4zh4,Fc1ccc(-c2[nH]ncc2-c2ccc(F)c(C(F)(F)F)c2)cc1
3zly,N#Cc1cccc2n[nH]c(N)c12
2o4s,Cc1cccc(C)c1OCC(=O)N[C@@H](Cc1ccccc1)[C@@H](O)C[C@H](Cc1ccccc1)NC(=O)[C@H](C(C)C)N1CCCNC1=O
5e3g,O=c1[nH]c2[nH]c(=S)[nH]c(=O)c2[nH]1
1cqp,CC[C@H](C)C(=O)O[C@H]1C[C@@H](C)C=C2C=C[C@H](C)[C@H](CC[C@@H]3C[C@@H](O)CC(=O)O3)[C@H]21
5v5e,O=C([O-])c1ccc(NC(=O)c2cccc(CC3CCCCC3)n2)c(Nc2cccc(OC(F)(F)F)c2)c1
4m8t,N#C[C@H](Cc1cccc(-c2cn[nH]c2)c1)C(N)=O
3qaq,N#CCNc1ncnc(-n2c(Nc3cccc(O)c3)nc3ccccc32)n1
4og8,N#Cc1ccc(OCCC[N@H+]2CC[C@H]([C@@]([NH3+])(c3ccccc3)C3CCCC3)CC2)cc1
5dp9,CCOC(=O)CC[C@H](C[C@@H]1CCNC1=O)NC(=O)[C@H](Cc1ccccc1)NC(=O)C(=O)NCC1CCC1
4qvy,CC(C)C[C@H](NC(=O)[C@H](Cc1ccccc1)NC(=O)c1cnccn1)B(O)O
4z22,[NH2+]=c1[nH]c2cc(-c3ccccc3)ccc2c(=O)n1C[C@H]1CC[C@@H](c2ccccc2)O1
4mjq,Nc1c(CC(=O)[O-])cccc1C(=O)c1ccc(Br)cc1
3k22,Cc1cc(NCC(O)(C(F)(F)F)C(F)(F)F)c2cnn(-c3cccc(C(=O)N[C@H](C)C(N)=O)c3)c2c1
1w76,COc1ccc2c3c1O[C@H]1C[C@@H](O)C=C[C@@]31CC[N+](C)=C2
2lyb,CCCCCCCC(=O)OCC(COP(=O)(O)OCC([NH3+])C(=O)O)OC(=O)CCCCCCC
4jc1,OC[C@H]1O[C@@H](S[C@@H]2O[C@H](CO)[C@H](O)[C@H](O)[C@H]2O)[C@H](O)[C@@H](O)[C@H]1O
5vex,CS(=O)(=O)c1cccc(NC(=O)N(Cc2ccc(C(=O)Nc3nnn[nH]3)cc2)c2ccc(C3CCCCC3)cc2)c1
3ps6,COc1ccc(NC(=O)c2cccc3c(N)nc(C)nc23)cn1
3krd,CC[C@@H](O)CC(=O)N[C@@H](CC(N)=O)C(=O)N[C@@H](CCC(N)=O)C(=O)N[C@H](CO)CC(C)C
3.00E+37,Cc1ccccc1S(=O)(=O)N(CCN(Cc1cncn1C)c1ccc(C#N)cc1)CC1CCN(C(=O)OC(C)(C)C)CC1
4wxi,Nc1[nH]nc2cc(-c3ccnc([C@H](Cc4ccccc4)NC(=O)[C@H]4CC[C@H](C[NH3+])CC4)c3)ccc12
4jmx,C[C@@H](O)[C@@H](C=O)[C@H]1CC(S)=C(C(=O)[O-])N1
4y6m,CCCN(CCC)C(=O)c1cc(C(=O)N/C(=C\c2ccccc2)[C@H](O)C[NH2+]C(C)(C)c2cccc(OC)c2)cc(N2CCCCC2)c1
5ael,CCCCC#CC1=CC=CN(CC(P(=O)(O)O)P(=O)(O)O)C1
5lch,C=CC[C@H]1c2cccc(C(=O)[O-])c2C(=O)N1c1cccc(OC)c1
3pjg,O=C(O)C1OC(OP(=O)(O)OP(=O)(O)OCC2OC(n3ccc(=O)[nH]c3=O)C(O)C2O)C(O)C(O)C1O
3ern,N=c1ccn(C2OC(COP(=O)(O)O)C(O)C2O)c(=O)[nH]1
3wk6,C[C@@H]1CN=C(NCCc2ccccc2)S1
4raq,O=c1[nH]cnc2c1ncn2CC[NH+](CCOCP(=O)(O)O)CCP(=O)(O)O
6hks,CC(C)C[C@H](NC(=O)[C@H](CCC(N)=O)NC(=O)[C@@H](NC(=O)[C@H](CCC(=O)[O-])NC(=O)[C@H](CCCNC(N)=[NH2+])NC(=O)[C@H](CCCNC(N)=[NH2+])NC(=O)[C@@H]([NH3+])[C@@H](C)O)[C@@H](C)O)C(=O)[O-]
6ck3,C[C@H]1NC(=O)c2ccc(Nc3ccncn3)cc21
3nil,C[C@H](NC(=O)[C@H](CC(=O)[O-])NC(=O)[C@@H]([NH3+])CCCNC(N)=[NH2+])C(=O)[O-]
4p4b,[NH3+]C(CCC(=O)NC(COP(=O)(O)NC(CCC(=O)O)C(=O)O)C(=O)O)C(=O)O
5c84,COC[C@H]1C[NH2+][C@H](C)C[N@@H+]1CC(=O)N1CC(C)(C)c2cnc(Cl)cc21
1agm,C[C@H]1O[C@H](O[C@@H]2[C@@H](CO)O[C@H](O[C@@H]3[C@@H](CO)O[C@@H](O)[C@H](O)[C@H]3O)[C@H](O)[C@H]2O)[C@H](O)[C@@H](O)[C@@H]1[NH2+][C@H]1C=C(CO)[C@@H](O)[C@H](O)[C@H]1O
4hbx,CN1Cc2cc(S(=O)(=O)N3CCCC3)ccc2NC1=O
4jjq,C[C@H]([NH3+])C(=O)N[C@@H](CO)C(=O)N[C@H](C(=O)N[C@H](C=O)CO)[C@@H](C)O
2jdk,COC(=O)c1cn([C@@H]2O[C@H](CO)[C@@H](O[C@@H]3O[C@@H](C)[C@@H](O)[C@@H](O)[C@@H]3O)[C@H](O)[C@H]2NC(C)=O)nn1
6s7s,COc1ccc(S(=O)(=O)Nc2ccccc2)cc1NC(=O)Cc1n[nH]c(=O)c2ccccc12
2wq4,C[Se][C@@H]1O[C@@H](C)[C@@H](O)[C@@H](O)[C@@H]1O
5am3,O=C(N[C@H]1CC[C@H](Oc2ccc(C(=O)[O-])cc2)CC1)N[C@]12C[C@H]3C[C@H](C[C@H](C3)C1)C2
3voz,O=C(Cc1ccccc1)Nc1nnc(CC=S)s1
3i5r,CC(C)C[C@H](NC(=O)[C@@H]1CCCN1C(=O)[C@@H]1CCCN1C(=O)[C@H](CC(C)C)NC(=O)[C@@H]1CCCN1C(=O)[C@H](CCCNC(N)=[NH2+])NC(=O)[C@@H]([NH3+])CCCC[NH3+])C(=O)N1CCC[C@H]1C(=O)N[C@@H](CO)C(=O)[O-]
4ojq,O=C([O-])Cc1c[nH]c2ccc(Br)cc12
4x3t,COc1cccc(C(=O)N2CCN(C(=O)COc3cccc(C)c3)CC2)c1OC
4jit,Nc1nc2c(ncn2C2CCN(C(=O)CP(=O)(O)O)C2)c(=O)[nH]1
6ajh,O=C(Nc1ccc(F)c(F)c1F)N[C@H]1[C@H]2C[C@@H]3C[C@H](C2)C[C@H]1C3
6hf5,O=C([O-])c1ncsc1NS(=O)(=O)c1cccnc1
5ods,CC(C)CC(NC(=O)C(CC(C)C)NC(=O)C1CCCN1C(=O)C(CC(=O)O)NC(=O)C(Cc1ccccc1)NC(=O)C(CCCC[NH3+])NC(=O)C(CC(C)C)NC(=O)C(Cc1ccc(O)cc1)NC(=O)C(CC(C)C)NC(=O)C(COP(=O)(O)O)NC(=O)C(CCC(N)=O)NC(=O)C(CCCC[NH3+])NC(=O)C(CCCNC(=N)N)NC(=O)C(CC(C)C)NC(=O)C(C)NC(=O)C(CO)NC(=O)C(C)NC(=O)C(C)[NH3+])C(=O)O
5oqw,C[C@@H]1C[N@H+](CC(=O)N2CC(C)(C)c3nc(CO)c(Cc4ccc(F)cc4)cc32)[C@@H](C[N@@H+]2CCOC[C@H]2C)C[NH2+]1
4oow,Oc1ccccc1O
2pj9,CC(C)C(NS(=O)(=O)c1cccc2nsnc12)P(=O)(O)CC(C(=O)O)c1cccc(C[NH3+])c1
2f6v,CNC(=O)[C@@H]1Cc2ccc(NS(=O)(=O)[O-])cc2CN1C(=O)OCc1ccccc1
4wbg,C[C@H](NS(=O)(=O)[O-])[C@@H](C=O)NC(=O)/C(=N\OC(C)(C)C(=O)[O-])c1csc(N)n1
4pd6,O=c1ccn([C@@H]2O[C@H](CO)[C@@H](O)[C@H]2O)c(=O)[nH]1
6qto,CC[C@H](C)[C@H](NC(=O)[C@H](CCC(=O)[O-])NC(C)=O)C(=O)N[C@@H](CCCNC(N)=[NH2+])C(=O)N[C@@H](CCCNC(N)=[NH2+])C(=O)N[C@H](C(=O)N1CCC[C@H]1C(=O)N[C@@H](CCC(=O)[O-])C(=O)N[C@@H](Cc1ccccc1)C(=O)[O-])C(C)C
6n9t,CC(C)C[C@@H]1NC(=O)[C@H](Cc2c[nH]cn2)NC(=O)[C@H](Cc2c[nH]c3ccccc23)NC(=O)[C@H](C)NC(=O)[C@@H](NC(=O)[C@@H]([NH3+])CC(=O)[O-])CSSC[C@@H](C(=O)N[C@H](C(=O)[O-])[C@@H](C)O)NC(=O)[C@H](Cc2c[nH]c3ccccc23)NC(=O)[C@H](Cc2ccc([C@@H](O)c3ccccc3)cc2)NC(=O)[C@H](CC(C)C)NC(=O)[C@H](CCC(=O)[O-])NC(=O)CNC1=O
6qwi,CCOCCOc1ccc(-c2cn(C[C@@H]3[NH2+]C[C@@H](O)[C@H]3O)nn2)cc1
5dyw,COCCN(C[C@@H]1CCC[N@@H+](Cc2ccccc2)C1)S(=O)(=O)c1ccc2ccccc2c1
2pj2,CC(C)C(NC(=O)OCc1ccccc1)P(=O)(O)CC(C(=O)O)c1cccc(C[NH3+])c1
5zun,O=C(c1nccs1)N1CC[NH+]([C@@H]2CC(=O)N(c3cccc(-c4ccccc4Cl)c3)C2)CC1
4lts,N#CN/C(Nc1ccncc1)=[NH+]\Cc1ccc(S(=O)(=O)c2cccc(OC(F)(F)F)c2)cc1
4avt,O=C([O-])[C@H]1CCCN1C(=O)CCCCC(=O)N1CCC[C@@H]1C(=O)[O-]
5khk,Nc1ncc2ncn(C3OC4COP(=O)(O)OC4C3O)c2n1
1eed,CC(C)C[C@H](NC(=O)C[C@H](O)[C@H](CC1CCCCC1)NC(=O)CC[C@H](O)[C@H](Cc1ccccc1)NC(=O)OC(C)(C)C)C(=O)[O-]
1nnb,CC(=O)N[C@@H]1[C@@H](O)C=C(C(=O)[O-])O[C@H]1[C@H](O)[C@H](O)CO
5d7e,CC(=O)NCCCC[C@H](NC(=O)[C@H](CCCNC(N)=[NH2+])NC(=O)[C@H](C)NC(=O)[C@@H](NC(=O)[C@H](CCC(N)=O)NC(C)=O)[C@@H](C)O)C(=O)N[C@@H](CO)C(=O)N[C@H](C(=O)[O-])[C@@H](C)O
2phb,CO[C@@H]1C[C@H](C(=O)Nc2ccc(-n3ccccc3=O)cc2F)N(C(=O)Nc2ccc(Cl)cc2)C1
2k0x,CC(C)(CO[PH](=O)O)C(O)C(=O)NCCC(=O)NCCS
6qzb,CCc1sc2ncnc(N[C@H](Cc3ccccc3)C(=O)[O-])c2c1-c1ccccc1C
6os6,[NH3+][C@@H](Cc1c[nH]c2ccccc12)C(=O)[O-]
2cfd,CN(C)c1cccc(OCCCCc2cc[n+]3c4c2ccc2ccc[n+](c24)[Ru+7]324([n+]3ccccc3-c3cccc[n+]32)[n+]2ccccc2-c2cccc[n+]24)c1
5tbn,C[C@H]([NH3+])C(=O)N[C@@H](CCCNC(N)=[NH2+])C(=O)N[C@H](C(=O)N[C@@H](CCCC[NH+](C)C)C(=O)N[C@@H](CCC(N)=O)C(=O)N[C@H](C(=O)N[C@@H](C)C(=O)N[C@@H](CCCNC(N)=[NH2+])C(=O)N[C@@H](CCCC[NH3+])C(=O)N[C@@H](CO)C(=O)N[C@H](C(N)=O)[C@@H](C)O)[C@@H](C)O)[C@@H](C)O
1w82,CC(C)(C)c1cc(NC(=O)Nc2ccc(Cl)cc2)n(-c2ccccc2)n1
4o0t,COCCNc1nc2ccc(C#CC3(O)CCCCC3)cc2n1-c1ccnc(N)n1
5kzq,[NH3+][C@@]1(C(=O)[O-])[C@H](CSc2ccc(F)c(F)c2)[C@@H](O)[C@@H]2[C@H]1[C@H]2C(=O)[O-]
4xtp,CC(=O)N[C@H]1[C@@H](OC[C@H]([NH3+])C(=O)[O-])O[C@H](CO)[C@H](O)[C@@H]1O
5tyr,CC(C)CN(C[C@@H](O)[C@H](Cc1ccccc1)NC(=O)O[C@H]1[C@@H](C)C[C@H]2[C@@H](O)OC[C@@H]12)S(=O)(=O)c1ccc2nc(NC3CC3)sc2c1
6nj0,Nc1ncnc2c1ncn2[C@@H]1O[C@H](COc2cccc(CCC(=O)c3ccccc3C(=O)[O-])c2)[C@@H](O)[C@H]1O
2wtd,NC(=O)c1ccc(-c2cc(-c3cccc4c3OCO4)cnc2N)cc1
6do5,CC(C)C[C@H](NC(=O)CNC(=O)[C@H](C)[NH3+])C(=O)N[C@@H](CC(C)C)C(=O)NCC(=O)NCC(=O)[O-]
5afj,C[NH+]1C[C@](C)(O)C(=O)CC1c1ccc(Br)cc1
6hoi,CC[C@H](C)[C@H](NC(=O)[C@H](CC(C)C)NC(=O)[C@@H](NC(=O)[C@H](Cc1ccccc1)NC(=O)[C@H](CO)NC(=O)[C@H](C)NC(=O)[C@H](C)[NH3+])[C@@H](C)O)C(=O)NCC(=O)N[C@@H](CCC(=O)[O-])C(=O)[O-]
4no6,CC(C)C[C@@H](CCS(C)(=O)=O)NC(=O)[C@H](CC(C)C)NC(=O)[C@H](CC(C)C)NC(=O)OCc1ccccc1
1fpy,CP(=O)(O)CCC([NH3+])C(=O)O
6hzc,CC(C)(C)[C@@H]1NC(=O)[C@H](CCCNC(N)=[NH2+])NC(=O)[C@H](CCCNC(N)=[NH2+])NC(=O)[C@@H]([NH3+])CCCCNC(=O)Cc2ccc(cc2)CNC(=O)CCCC(=O)NCCCC[C@@H](C(=O)NCc2ccc(C(N)=[NH2+])cc2)NC1=O
2w6q,Nc1nc(N)nc(OCCOc2ccccc2)n1
5ncz,CC1=CSC2C=C([C@H](C)Nc3ncnc(N)c3C#N)C(c3cccc(C[NH+](C)C)c3)C(=O)N12
4fjz,Cc1c(-c2ccccn2)nc2cc(F)ccc2c1N1CC2(CCOCC2)c2ncc(N3CCOCC3)cc21
3nal,C/C=C(/C)C(=O)O[C@@H]1C[C@H]2C(=C1C)[C@@H]1OC(=O)[C@@](C)(O)[C@@]1(O)[C@@H](OC(=O)CCCCCCCCCCC)C[C@]2(C)OC(C)=O
4xjt,Cc1cc(NCc2c(C)cccc2C)c2cccc(C(N)=O)c2n1
3wiz,Cc1cc(C(=O)NS(=O)(=O)c2ccc(N[C@H](CC[NH+](C)C)CSc3ccccc3)c([N+](=O)[O-])c2)ccc1-c1cccc2c(CCCOc3cccc4ccccc34)c(C(=O)[O-])nn12
3co9,CC(C)CCn1c(=O)c(C2=Nc3ccc(NS(C)(=O)=O)cc3S(=O)(=O)N2)c(O)c2cccn21
2wxf,COc1ccccc1-n1c(CSc2ncnc3nc[nH]c23)nc2cccc(Cl)c2c1=O
2las,CC[C@H](C)[C@H](NC(=O)[C@H](CCC(=O)[O-])NC(=O)[C@H](CC(N)=O)NC(=O)[C@@H]([NH3+])CC(=O)[O-])C(=O)N[C@@H](CCC(=O)[O-])C(=O)N[C@H](C(=O)N[C@H](C(=O)N[C@H](C(=O)N[C@H](C(=O)N[C@@H](Cc1c[nH]c2ccccc12)C(=O)N[C@@H](CCC(=O)[O-])C(=O)N[C@@H](CCCC[NH3+])C(=O)N[C@@H](CCCC[NH3+])C(=O)[O-])C(C)C)[C@@H](C)CC)[C@@H](C)CC)C(C)C
3kb3,CC1=CC(=O)CC(C)(C)[C@@]1(O)/C=C/C(C)=C\C(=O)[O-]
5jr6,C[C@H](NC(=O)[C@@H]1CCCN1C(=O)[C@@H]1CCCN1C(=O)[C@@H](O)[C@H]([NH3+])Cc1ccccc1)C(N)=O
6f08,CC(NC(=O)C1CCCN1C(=O)C(C)NC(=O)C(COP(=O)(O)O)NC(=O)C(CCC(=O)O)NC(=O)C1CCCN1C(=O)C(CCCNC(=N)N)NC(=O)C([NH3+])CCCNC(=N)N)C(=O)NC(CCC(=O)O)C(=O)O
2f9v,CC(C)COC(=O)N[C@H](C(=O)NN(CC1CC1)C(=O)N[C@@H](CC1CC1)[C@@H](O)C(=O)NCC(=O)N[C@H](C(=O)[O-])c1ccccc1)C1CCCCC1
2hai,CC(C)Oc1ccc(CC[C@@]2(C3CCCC3)CC(O)=CC(=O)O2)cc1F
5djv,O=C([O-])c1ccc2cc(-c3ccc[nH]3)cc(-c3cccc4ccccc34)c2n1
5fiv,CC(C)[C@H](NC(=O)[C@H](C)NC(=O)OCc1ccccc1)C(=O)N[C@H](CO)Cc1ccccc1
3s1g,CNc1nc2cc3c(=O)[nH]cnc3cc2[nH]1
3er3,CC(C)C[C@H](C[C@H](O)[C@H](CC1CCCCC1)NC(=O)[C@H](Cc1cnc[nH]1)NC(=O)[C@H](Cc1ccccc1)NC(=O)OC(C)(C)C)C(=O)N[C@@H](CCCC[NH3+])C(=O)[O-]
4k3m,CC(C)C[C@H](NC(=O)[C@@H]([NH3+])CC(=O)[O-])C(=O)N[C@@H](Cc1ccccc1)C(=O)[O-]
3diw,CC(C)C[C@H](NC(=O)[C@H](CC(=O)[O-])NC(=O)[C@@H](NC(=O)[C@H](CC(=O)[O-])NC(=O)[C@H](Cc1ccccc1)NC(=O)[C@H](Cc1c[nH]c2ccccc12)NC(=O)[C@H](C)NC(=O)[C@H](CC(C)C)NC(=O)[C@@H]([NH3+])CCC(N)=O)[C@@H](C)O)C(=O)[O-]
6dql,CSCC[C@H]([NH3+])C(=O)N[C@@H](Cc1c[nH]c2ccccc12)C(=O)N[C@@H](CC(C)C)C(=O)N[C@@H](CC(C)C)C(=O)N[C@@H](CC(C)C)C(=O)N[C@@H](CC(C)C)C(=O)N[C@@H](Cc1ccccc1)C(=O)N[C@@H](CC(C)C)C(=O)[O-]
4ycv,C[C@H]1CCC[C@H](C[C@H]2Cc3cc(O)cc(O)c3C(=O)O2)O1
2o7e,[NH3+]C1(P(=O)(O)O)Cc2ccccc2C1
3ccb,[NH3+]Cc1ccccc1-c1ccccc1
3rik,OCC[NH+]1C[C@H](O)[C@@H](O)[C@H](O)[C@@H](O)C1
5fi7,O=C(Cc1ccccc1)Nc1nnc(O[C@H]2CCN(c3nnc(NC(=O)Cc4ccccc4)s3)C2)s1
6rn9,N#Cc1ccc(-c2ccc(C[C@@H](C[NH3+])NC(=O)[C@@H]3C[C@H](O)C[NH2+]3)cc2)cc1
3i7g,CNC(=O)[C@@H](NC(=O)c1ccc(-c2ccc(Cl)cc2)o1)C1CCCCC1
3rz9,CC(C)C[C@H](NC(=O)[C@H](CCCC[NH3+])NC(=O)[C@H](CCCC[NH3+])NC(=O)[C@H](C)NC(=O)[C@@H](NC(=O)[C@@H]1C=CCN1C(=O)CNC(=O)[C@H](C)[NH3+])[C@@H](C)O)C(=O)N[C@@H](CCCC[NH3+])C(=O)N[C@H](C(=O)N[C@@H](CCC(=O)[O-])C(=O)N[C@@H](CCC(N)=O)C(=O)[O-])[C@@H](C)O
6kmj,CC(=O)NCCCC[C@H](NC(=O)CNC(=O)CNC(=O)[C@@H](NC(=O)[C@H](CO)NC(=O)[C@H](CCCC[NH3+])NC(=O)[C@H](CCCNC(N)=[NH2+])NC(=O)[C@H](C)NC(=O)[C@@H]([NH3+])[C@@H](C)O)[C@@H](C)O)C(=O)N[C@@H](C)C(=O)N1CCC[C@H]1C(=O)N[C@@H](CCCNC(N)=[NH2+])C(=O)N[C@@H](CCCC[NH3+])C(=O)N[C@@H](CCC(N)=O)C(=O)N[C@@H](CC(C)C)C(=O)N[C@@H](C)C(=O)N[C@@H](Cc1ccc(O)cc1)C(=O)[O-]
4kqq,CCN1CCN(C(=O)N[C@@H](C(=O)N[C@H](C(=O)[O-])[C@H]2[NH2+][C@@H](C(=O)[O-])C(C)(C)S2)c2ccccc2)C(=O)C1=O
2ay2,O=C([O-])CCC1CCCCC1
4qsx,C=C1CN([C@H]2CC[C@@H](CO)O2)C(=O)NC1=O
220l,c1ccccc1
1utr,CS(=O)(=O)c1cc(Cl)c(-c2cc(Cl)c(S(C)(=O)=O)cc2Cl)cc1Cl
1lfo,CCCCCCCC/C=C\CCCCCCCC(=O)[O-]
5yv5,CC(C)C[C@H](NC(=O)CNC(=O)[C@H](C)NC(=O)[C@H](C)NC(=O)[C@H](C)NC(=O)[C@H](C)NC(=O)[C@H](C)NC(=O)[C@H](C)NC(=O)[C@H](C)[NH3+])C(=O)N[C@@H](CO)C(=O)N[C@@H](C)C(=O)N[C@@H](CC(C)C)C(=O)N[C@@H](Cc1ccccc1)C(=O)NCC(=O)[O-]
2iit,[NH3+][C@@H](CC(=O)N1CCCNC(=O)C1CC(F)(F)F)Cc1cc(F)c(F)cc1F
4b82,CC[NH+](CC)CCNS(=O)(=O)c1ccccc1F
4k19,C[C@H]1OC(c2cccc(O)c2O)=N[C@@H]1C(=O)N(CCCNC(=O)c1cccc(O)c1O)CCCNC(=O)c1cccc(O)c1O
2rjs,COc1ccc([C@@H]([NH3+])C(F)(F)C(=O)[O-])cc1
6h1h,Nc1ccc(F)c(C(=O)c2c[nH]c3ncc(Cl)cc23)c1F
2ivz,C[C@H](NC(=O)C[NH3+])C(=O)N[C@@H](CO)C(=O)N[C@@H](CC(=O)[O-])C(=O)NCC(=O)N[C@@H](CO)C(=O)NCC(=O)N[C@@H](Cc1c[nH]c2ccccc12)C(=O)N[C@@H](CO)C(=O)N[C@@H](CO)C(=O)N[C@@H](CCC(=O)[O-])C(=O)N[C@@H](CC(N)=O)C(=O)N[C@@H](CC(N)=O)C(=O)N1CCC[C@H]1C(=O)N[C@@H](Cc1c[nH]c2ccccc12)C(=O)O
6h7l,C[C@H](CCc1ccc(O)cc1)[NH2+]CCc1ccc(O)c(O)c1
2y2j,O=C(NCB(O)O)c1ccccc1F
3kqw,Clc1ccc2nc[nH]c2c1
4heu,OCC1CCN(c2ncccc2Oc2ccc(Nc3nc4ccccc4[nH]3)cc2)CC1
4u7t,C[C@H]([NH3+])C(=O)N[C@@H](CCCNC(N)=[NH2+])C(=O)N[C@H](C(=O)N[C@@H](CCCC[NH3+])C(=O)N[C@@H](CCC(N)=O)C(=O)N[C@H](C(=O)N[C@@H](C)C(=O)N[C@@H](CCCNC(N)=[NH2+])C(=O)N[C@@H](CCCC[NH3+])C(=O)N[C@@H](CO)C(=O)[O-])[C@@H](C)O)[C@@H](C)O
4nrt,Cc1ccc(C(=O)Nc2ccc(S(=O)(=O)[O-])c3cccc(S(=O)(=O)[O-])c23)cc1N
9icd,Nc1ncnc2c1ncn2C1OC(COP(=O)(O)O)C(O)C1OP(=O)(O)O
5oxg,c1cc(-c2cnn3cc(-c4ccc(N5CC[NH2+]CC5)cc4)cnc23)c2cccnc2c1
3i0s,NS(=O)(=O)c1ccc(NC(=O)CSC(=O)N2CCCc3cc(Cl)cc(Cl)c32)c(Cl)c1
6buv,CC(C)[C@H]1CC[C@H](C)C[C@H]1OC(=O)Cn1c(COc2ccccc2)[n+](C)c2ccccc21
2ggx,O=[N+]([O-])c1ccc(O[C@H]2O[C@H](CO)[C@@H](O[C@H]3O[C@H](CO)[C@@H](O)[C@H](O)[C@H]3O)[C@H](O)[C@H]2O)cc1
3shj,C[C@H](C#Cc1cccc(O[C@]23C[C@H]4C[C@H](C[C@H](C4)C2)C3)c1)[N+](=O)C(N)=O
5tqu,OCCn1c(C[NH2+]CCCNc2nc3ccccc3[nH]2)cc2c(Cl)cc(Cl)cc21
3sb0,Cc1ccc(F)c(C(=O)/C=C(\O)C(=O)[O-])c1Cl
4kz8,CCn1c(O)cc(=O)n(CC)c1=S
5xxf,CC[C@H](C)[C@H](NC(=O)[C@H](CC(N)=O)NC(=O)[C@H](CC(=O)[O-])NC(=O)[C@H](CO)NC(=O)[C@@H]([NH3+])CC(N)=O)C(=O)N[C@@H](Cc1ccccc1)C(=O)N[C@H](C(=O)N[C@@H](CCCC[NH3+])C(=O)N1CCC[C@H]1C(=O)NCC(=O)N[C@@H](CCC(=O)[O-])C(=O)N[C@@H](CC(=O)[O-])C(=O)N[C@@H](CC(C)C)C(=O)N[C@@H](CCC(=O)[O-])C(=O)N[C@H](C(=O)N1CCC[C@H]1C(=O)N[C@@H](CC(C)C)C(=O)[O-])[C@@H](C)CC)C(C)C
1tcw,CC(C)[C@H](NC(=O)[C@H](Cc1ccccc1)C[C@H](O)[C@H](Cc1ccccc1)NC(=O)OC(C)(C)C)c1ncc[nH]1
3ehn,CC(=O)N[C@H]1[C@H](O)O[C@H](CO)[C@@H](O[C@@H]2O[C@H](CO)[C@H](O)[C@H](O)[C@H]2O)[C@@H]1O
6dtn,CC[C@H](C)[C@H](NC(=O)[C@H](CCCNC(N)=[NH2+])NC(=O)[C@H](CCCC[NH3+])NC(=O)[C@@H]1CCCN1C(=O)[C@@H]1CCC[N@H+]1CCC[N@@H+](CC[C@H]([NH3+])C(=O)[O-])C[C@H]1O[C@@H](n2cnc3c(N)ncnc32)[C@H](O)[C@@H]1O)C(=O)N[C@@H](C)C(N)=O
6myn,CNC(=O)c1c(C(N)=O)nc2n1[C@H]1C[C@H](C1)c1cc(F)c(C#C[C@@](C)(O)c3cc(C)on3)cc1-2
5ntk,C[C@H](CCC(=O)NCc1ccc(OCC[NH+]2CCOCC2)cc1)[C@H]1CC[C@H]2[C@@H]3CC=C4C[C@@H](OS(=O)(=O)[O-])CC[C@]4(C)[C@H]3CC[C@@]21C
1yys,CC(C)=CCC[N@H+](C)[C@@H]1CC=C(C)CC1
4qz0,COc1ccc(C[C@H](NC(=O)[C@H](C)NC(=O)C[NH+]2CCOCC2)C(=O)N[C@@H](Cc2ccccc2)[C@@H](O)[C@H](C)CO)cc1
6dim,O=C([O-])c1cnc2ccccc2c1O
5khj,O=c1ccn(C2OC3COP(=O)(O)OC3C2O)c(=O)[nH]1
3ds9,CSCC[C@H](NC(=O)[C@H](CC[NH3+])NC(=O)[C@@H](NC(=O)[C@H](Cc1c[nH]c2ccccc12)NC(=O)[C@H](CCCNC(N)=[NH2+])NC(=O)[C@@H]([NH3+])CCNc1ccc([N+](=O)[O-])cc1[N+](=O)[O-])[C@@H](C)O)C(=O)N[C@@H](CC(C)C)C(N)=O
4bdt,Nc1c2c(nc3cc(Cl)ccc13)C[C@H]1C=C(CCO)C[C@@H]2C1
3ah8,C=C1C(=O)N[C@@H](C)C(=O)N(C)[C@@H](C)C(=O)N[C@@H]([C@H](OC(=O)[C@@H](NC(C)=O)[C@H](O)C(C)C)C(C)C)C(=O)N(C)[C@@H]([C@@H](C)OC)C(=O)O[C@H](C)[C@H](NC(C)=O)C(=O)O[C@H](Cc2ccccc2)C(=O)N1C
5h17,COc1cccc(C[C@H]2C[C@H]3Cc4c(cccc4OC)C[C@@H]3[N@@H+](C)C2)c1
4hxr,O=c1[nH]c(-c2cccc(NS(=O)(=O)c3cccs3)c2)cs1
6iil,Cc1cc(C(=O)C[NH+]2CCCCC2)c(C)n1-c1ccc(Cl)cc1
1g3f,CC[C@H](C)[C@H](NC(=O)[C@@H]1CCCN1C(=O)[C@@H](NC(=O)[C@H](C)[NH3+])C(C)C)C(=O)N[C@@H](C)C(=O)N[C@@H](CCC(N)=O)C(=O)N[C@@H](CCCC[NH3+])C(=O)N[C@@H](CO)C(=O)N[C@@H](CCC(=O)[O-])C(=O)[O-]
4i2w,CC[C@H](C)[C@H](NC(=O)[C@@H](NC(=O)[C@@H]1CCCN1C(=O)CNC(=O)CNC(=O)[C@H](C)[NH3+])[C@@H](C)O)C(=O)N[C@@H](CCC(=O)[O-])C(=O)N[C@@H](CCC(=O)[O-])C(=O)N[C@H](C(=O)N[C@@H](CC(=O)[O-])C(=O)[O-])C(C)C
4xsy,O=C(Nc1cc(/C(=N\c2ccccc2)NO)cc(C(F)(F)F)c1)Nc1c(Cl)cccc1Cl
3hf6,C[C@@H](Nc1nc(N)nc(-c2ccc(C[C@H]([NH3+])C(=O)[O-])cc2)n1)c1ccc2ccccc2c1
3lc5,NC(=[NH2+])c1cc2c(O[C@H](c3ccccc3)c3nc(-c4ccccc4)no3)cccc2s1
3e4a,NC(=[NH2+])NCCC[C@H](NC(=O)[C@@H](CC(=O)NO)Cc1ccc2ccccc2c1)C(=O)NCC(=O)NCC(N)=O
4ap0,Cc1ccc(C(=O)N(C)[C@@H](c2nc3cc(Cl)ccc3c(=O)n2Cc2ccccc2)C(C)C)cc1
4ccd,OC[C@H]1OCC[C@@H](O)[C@H]1O
3eor,N=c1ccn(CC(CO)OCP(=O)(O)O)c(=O)[nH]1
5v8p,O=C(CS)Nc1cc(-c2ccc(Cl)cc2)n[nH]1
5nvy,CC(=O)N[C@@H](C)C(=O)N1C[C@H](O)C[C@H]1C(=O)NCc1ccc(-c2scnc2C)cc1
5i5z,CNC(=O)c1ccc2cncc(-c3ccc4c(c3)CS(=O)(=O)N4C)c2n1
6oht,CC[NH+](CC)CCO[C@H]1CC[C@@]2(C)[C@@H](CC[C@H]3[C@@H]4CCC(=O)[C@@]4(C)CC[C@@H]32)C1
4aa1,CC[C@H](C)[C@H](NC(=O)[C@@H]([NH3+])Cc1ccc(O)cc1)C(=O)N[C@@H](Cc1c[nH]cn1)C(=O)N1CCC[C@H]1C(N)=O
6n9p,CCC(=O)Nc1cccc(Oc2ccnc(N)c2-c2ccc(Oc3ccccc3)cc2)c1
5mb1,CNS(=O)(=O)c1c(C)cc(C)cc1C
3qar,Cc1nc(N)nc(-n2c(Nc3ccn[nH]3)nc3ccccc32)n1
1u3r,Oc1ccc2nc(-c3cccc4c(O)cccc34)oc2c1
6rml,CCC(C)C(NC(=O)C(CCC(=O)O)NC(=O)C([NH3+])CCC(=O)O)C(=O)N1CCCC1C(=O)NC(CCC(=O)O)C(=O)NC(C(=O)N1CCCC1C(=O)NC(CS)C(=O)NC(CCC(=O)O)C(=O)O)C(C)OP(=O)(O)O
4u82,C/C(=C\CSP(=O)(O)OP(=O)(O)O)CCCC(C)CCCC(C)C
6hmt,CC(NC(=O)C1CCCN1C(=O)C([NH3+])Cc1ccccc1)C(=O)NC(C(=O)NC(C(=O)O)C(C)C)C(C)OP(=O)(O)O
2lk1,O=C1c2ccccc2C(=O)c2cc(S(=O)(=O)[O-])ccc21
4f20,NC(=O)C[C@H](NC(=O)[C@H](CO)NC(=O)CNC(=O)[C@H](CO)NC(=O)CNC(=O)[C@H](CO)NC(=O)[C@H](CO)NC(=O)C[NH3+])C(=O)NCC(=O)N[C@@H](CC(=O)[O-])C(=O)[O-]
6gin,O=c1c2cc(-c3ccnc4ccccc34)ccc2[nH]c[n+]1-c1ccc(N2CCOCC2)cc1
4j77,[NH3+]CCCC[C@H]([NH3+])C(=O)N[C@@H](CCC(=O)[O-])C(=O)N[C@@H](CCCC[NH3+])C(=O)N[C@@H](CO)C(=O)N[C@@H](CC(=O)[O-])C(=O)[O-]
5u3b,CC#CCOc1ccc(C(=O)N[C@H](C(=O)NO)C(C)(C)[NH3+])cc1
6r7d,COc1nc(C(=O)[C@H]2C[C@@H]2C(=O)[O-])ncc1N(CC1CC1)c1cccc2ccccc12
4qwg,CC(C)C[C@H](NC(=O)[C@H](CCc1ccccc1)NC(=O)C[NH+]1CCOCC1)C(=O)N[C@@H](Cc1ccccc1)C(=O)N[C@@H](CC(C)C)[C@@H](O)[C@H](C)CO
1joj,CSCC[C@H](NC(C)=O)C(=O)N[C@@H](Cc1ccc(O)cc1)C(=O)N[C@@H](Cc1c[nH]c2ccccc12)C(=O)N[C@@H](Cc1ccc(O)cc1)C(=O)N1CCC[C@H]1C(=O)N[C@@H](Cc1ccc(O)cc1)C(N)=O
4pji,CC(=O)Nc1[nH]c(=O)c2nc(C)cnc2[nH+]1
5zys,CC(C)C[C@H]([NH3+])C(=O)N1CCC[C@H]1C(=O)N[C@@H](Cc1ccccc1)C(=O)N[C@@H](CCC(=O)[O-])C(=O)N[C@@H](CC(C)C)C(=O)N[C@@H](CCCNC(N)=[NH2+])C(=O)NCC(=O)N[C@@H](Cc1c[nH]cn1)C(=O)N[C@@H](CC(C)C)C(=O)N[C@H](C(=O)[O-])C(C)C
5gso,Cc1cc(C(=O)N[C@@H](Cc2ccc(F)cc2)C(=O)N[C@H](CO)C[C@@H]2CCC[NH2+][C@H]2O)no1
2jb6,CC(/C=C/C=C1/N(CCS(=O)(=O)[O-])c2ccc(S(=O)(=O)[O-])cc2C1(C)C)=C\C=C\C1=[N+](CCS(=O)(=O)[O-])c2ccc(S(=O)(=O)[O-])cc2C1(C)C
2vle,O=c1c(-c2ccc(O)cc2)coc2cc(O[C@@H]3O[C@H](CO)[C@@H](O)[C@H](O)[C@H]3O)ccc12
2f70,O=C(CCc1cccc(NS(=O)(=O)[O-])c1)NCc1cccc(NS(=O)(=O)[O-])c1
5tyh,O=C([O-])c1cc(-c2ccco2)n[nH]1
1gx4,O=c1ccn(C2OC(COP(=O)(O)OP(=O)(O)O)C(O)C2O)c(=O)[nH]1
5uah,CO[C@H]1/C=C/O[C@@]2(C)Oc3c(C)c(O)c4c(O)c(c(/C=N/N5CC[NH+](C)CC5)c(O)c4c3C2=O)NC(=O)/C(C)=C\C=C\[C@H](C)[C@H](O)[C@@H](C)[C@@H](O)[C@@H](C)[C@H](OC(C)=O)[C@@H]1C
2l6j,CSCC[C@H]([NH3+])C(=O)N[C@@H](CCC(=O)[O-])C(=O)N[C@@H](CCC(=O)[O-])C(=O)N[C@H](C(=O)N[C@@H](CC(=O)[O-])C(=O)[O-])C(C)C
5uv5,O=C1Cc2ccc(-c3ccco3)cc2C(=O)N1O
4l02,OC[C@H]1C[C@@H](O)CC[N@@H+]1CCc1ccc(Nc2nc(-c3ccc(Cl)c(Cl)c3)cs2)cc1
5lz8,CC(C)(C)[C@@H]1CC(=O)N(CCOc2ccc(F)c(C#N)c2)C1
6iqg,CC(C)C[C@@H]1NC(=O)[C@H](CCC(=O)[O-])NC(=O)CNC(=O)[C@H](CCCNC(N)=[NH2+])NC(=O)[C@H](Cc2c[nH]cn2)NC(=O)[C@H](Cc2ccc(O)cc2)NC(=O)[C@H](C)NC(=O)[C@@H](NC(=O)[C@@H]([NH3+])CC(=O)[O-])CSSC[C@@H](C(=O)N[C@H](C(=O)[O-])[C@@H](C)O)NC(=O)[C@H](Cc2c[nH]c3ccccc23)NC(=O)[C@H](C(C)C)NC1=O
5m9d,CC(O)C([NH3+])C(=O)NC(CO)C(=O)N1CCCC1C(=O)NC(COP(=O)(O)O)C(=O)NC(Cc1ccc(O)cc1)C(=O)NC(COP(=O)(O)O)C(=O)N1CCCC1C(=O)NC(C(=O)NC(CO)C(=O)N1CCCC1C(=O)NC(COP(=O)(O)O)C(=O)NC(Cc1ccc(O)cc1)C(=O)NC(COP(=O)(O)O)C(=O)N1CCCC1C(=O)NC(C(=O)NC(CO)C(=O)O)C(C)O)C(C)O
6r0s,O=C1C[C@H](N2C(=O)c3cccc([N+](=O)[O-])c3C2=O)C(=O)N1
4kmu,CO[C@H]1CCO[C@@]2(C)Oc3c(C)c(O)c4c(O)c(c(C[NH2+][N@H+]5CC[N@H+](C)CC5)c(O)c4c3C2=O)NC(=O)[C@H](C)CCC[C@H](C)[C@H](O)[C@@H](C)[C@@H](O)[C@@H](C)[C@H](OC(C)=O)[C@@H]1C
6fbw,COc1cccc(C(c2ccccc2)C2CCCN2C(=O)CNC(=O)C2CCCN2C(=O)C(CC(C)C)NC(=O)C(COP(=O)(O)O)NC(=O)C2CCCN2C(=O)C(NC(=O)C([NH3+])CCCNC(=N)N)C(C)O)c1
2i0j,Oc1ccc([C@@H]2Oc3ccc(O)cc3[C@@H]3CCC[C@@H]32)cc1
3v7c,CC1(C)O[C@@H]2[C@@H](Cn3cc(CCCCC[C@@H]4SC[C@@H]5NC(=O)N[C@H]45)nn3)O[C@@H](n3cnc4c(N)ncnc43)[C@@H]2O1
6tl2,NC(=[NH2+])SCc1cc(Br)cc(CSC(N)=[NH2+])c1
4hrd,CCCCCC(=O)N[C@H](C(=O)N[C@@H](CC[S@@+](C)O)C(=O)N[C@@H](CC(C)C)[C@@H](O)[C@H](C)CO)C(C)C
4cku,CCCN(CCC)C(=O)c1cc(C(=O)N[C@@H](Cc2ccccc2)[C@H](O)C[NH2+]C(C)(C)c2cccc(OC)c2)cc(N2CCCCS2(=O)=O)c1
3g8e,O=C(/C=C/C1=CN([C@@H]2O[C@H](CO)[C@@H](O)[C@H]2O)CC=C1)NCCCCC1CCN(C(=O)c2ccccc2)CC1
6d8v,C[N+]1(C)CCC[C@H]1C(=O)[O-]
5ema,CCC(C)C(NC(=O)C(CC(=O)O)NC(=O)C([NH3+])CC(=O)O)C(=O)NC(COP(=O)(O)O)C(=O)NC(C(=O)NC(C(=O)NC(C(=O)O)C(C)C)C(C)C)C(C)O
3th8,CCCCCCOc1cccc(CCCNC(=O)CC(O)C(=O)[O-])c1
3fpd,COc1cc2nc(N3CCC[N@@H+](C)CC3)nc(N[C@H]3CC[N@H+](Cc4ccccc4)CC3)c2cc1OC
6g8n,CC[C@H](C)[C@H](C=O)[C@@H](O)C(=O)N[C@H](C(=O)N[C@H](C(=O)OCc1ccccc1)C(C)C)C(C)C
5w94,CC(OP(=O)(O)O)C(NC(=O)C([NH3+])Cc1ccccc1)C(=O)NC(COP(=O)(O)O)C(=O)NC(CC(=O)O)C(=O)O
3bt9,CC1=CC([NH3+])c2ccccc2N1CCCCCCCCCCN1c2ccccc2C(N)=CC1C
1nq0,O=C([O-])Cc1cc(I)c(Oc2ccc(O)c(I)c2)c(I)c1
5un1,C[C@]12[NH2+][C@H](Cc3ccccc31)c1ccccc12
5ue4,COc1ccccc1Nc1nc(-c2sc(NC(C)=O)nc2C)cs1
4dzw,O=P(O)(O)C(C[NH2+]C1CCCCC1)P(=O)(O)O
5t2t,O=C([O-])/C(O)=C/C(=O)[C@]1(Cc2ccc(Cl)cc2)CC[N@@H+](Cc2ccccc2)CC1
3rtx,CC(O)C(NC(=O)C1CCCN1C(=O)C(COP(=O)(O)O)NC(=O)C(Cc1ccc(O)cc1)NC(=O)C(CO)NC(=O)C1CCCN1C(=O)C([NH3+])COP(=O)(O)O)C(=O)NC(COP(=O)(O)O)C(=O)N1CCCC1C(=O)NC(CO)C(=O)NC(Cc1ccc(O)cc1)C(=O)NC(COP(=O)(O)O)C(=O)N1CCCC1C(=O)O
1g5f,ClCCCl
1ahy,O=C([O-])/C=C\C(=O)[O-]
6d08,C[C@H]([NH3+])C(=O)N[C@@H](CCCC[NH3+])C(=O)N[C@@H](CCC(N)=O)C(=O)N[C@H](C(=O)N[C@@H](C)C(=O)N[C@@H](CCCNC(N)=[NH2+])C(=O)N[C@@H](CCCC[NH2+]Cc1ccccc1)C(=O)N[C@@H](CO)C(=O)[O-])[C@@H](C)O
5lgn,COCc1cccc(NC(=O)c2cc3sccc3n2C)c1
6nk1,CC(C)C[C@H](NC(=O)[C@H](Cc1c[nH]c2ccccc12)NC(=O)CC[NH3+])C(=O)N[C@@H](C)C(=O)N[C@@H](Cc1ccc(O)cc1)C(=O)N1CCC[C@H]1C(=O)N[C@@H](CC(=O)[O-])C(=O)N[C@@H](CO)C(=O)N[C@H](C(=O)N1CCC[C@H]1C(=O)N[C@@H](Cc1ccc(O)cc1)C(=O)N[C@@H](CCCNC(N)=[NH2+])C(=O)N1CCC[C@H]1C(=O)N[C@@H](CCCC[NH3+])C(=O)[O-])C(C)C
4mk1,Oc1cc(Br)cnc1O
3ft2,CC(C)C[C@H](NC(=O)[C@H](CC(C)C)NC(=O)[C@H](CC(=O)[O-])NC(=O)[C@H](CC(=O)[O-])NC(=O)[C@H](CCCNC(N)=O)NC(=O)[C@H](CC(C)C)NC(=O)[C@@H]([NH3+])C(C)C)C(=O)N[C@@H](CCC(=O)[O-])C(=O)N[C@@H](C)C(=O)[O-]
3f81,C=C1SC(=S)N(CCS(=O)(=O)[O-])C1=O
2zv2,O=C([O-])c1ccc2c3c1cccc3c(=O)n1c3ccccc3nc21
3az9,Oc1ccc(Cl)cc1Oc1ccc(Cl)c2cccnc12
3mg8,Cc1ccccc1CNC(=O)[C@H](Cc1ccncc1)NC(=O)[C@H](CC(=O)NCC(C)(C)C)NC(=O)C(=O)c1c[nH]c2ccccc12
2gg3,Nc1n[nH]c(N)c1/N=N/c1ccc(F)cc1
4qls,COc1ccc(C[C@H](NC(=O)[C@@H](C)NC(=O)C[NH+]2CCOCC2)C(=O)N[C@@H](CC2CCCCC2)[C@@H](O)[C@H](C)CO)cc1
4r0i,NC(=[NH2+])c1cccc(OC[C@H](NS(=O)(=O)c2ccc3ccccc3c2)C(=O)N2CCC(CC[NH3+])CC2)c1
3tcp,CCCCNc1ncc2c(-c3ccc(F)cc3)nn(C[C@H]3CC[C@H]([NH3+])CC3)c2n1
3bxs,CC(C)[C@@H]1NC(=O)CCCCOc2ccc(cc2)C[C@@H](C(=O)[O-])NC1=O
5o7e,CC(=O)c1ccc(NC(=O)CS)cc1
2v6n,CN(C)c1ccc(C=O)cc1
4k3q,CC(=O)N[C@@H](CCC(N)=O)C(=O)N[C@@H](CC(C)C)C(=O)N[C@@H](CC(=O)[O-])C(=O)N[C@@H](C)C(=O)N[C@@H](Cc1ccccc1)C(=O)[O-]
4kai,CNC(=O)c1c(-c2ccc(F)cc2)oc2cc(N(Cc3ccc(B([OH2+])[OH2+])c(F)c3)S(C)(=O)=O)c(C3C=C3)cc12
4tww,O=C[C@H](Cc1c[nH]cn1)[NH2+]C[C@@H]1C[C@H]2CCCC[C@@H]2CN1C(=O)c1ccc(Br)cc1
4g3g,Oc1ccc(F)cc1Nc1nc(-c2ccncc2)cs1
3sl1,C[C@]([NH3+])(CCCCB(O)O)C(=O)[O-]
5ais,C[NH+](C)CCCC(=O)Nc1cncc(-c2cccc3[nH]ccc23)c1
1haa,CC(C)C[C@H](NC(=O)[C@H](CO)NC(=O)[C@H](CO)NC(=O)[C@H](CCC(=O)[O-])NC(=O)[C@H](Cc1ccc(O)cc1)NC(=O)[C@H](Cc1ccc(O)cc1)NC(=O)[C@H](CCCNC(N)=[NH2+])NC(=O)[C@@H]([NH3+])Cc1c[nH]c2ccccc12)C(=O)N[C@@H](CCC(=O)[O-])C(=O)N1CCC[C@H]1C(=O)N[C@@H](Cc1ccc(O)cc1)C(=O)N1CCC[C@H]1C(=O)N[C@@H](CC(=O)[O-])C(=O)[O-]
5epk,CC[NH+](CC)CCCC[C@H](NC(=O)[C@H](CC(C)C)NC(=O)[C@H](C)NC(=O)[C@H](Cc1ccccc1)NC(=O)c1ccc(C(C)(C)C)cc1)C(=O)N[C@@H](CO)C(=O)OC
6npp,O=C([O-])c1cccc(C#Cc2ccccc2)c1-n1cccc1
3avi,CC[C@H](C)[C@@H]1NC(=O)[C@H](CCCC[NH3+])NC(=O)[C@H](CC(C)C)NC(=O)[C@H](CO)NC(=O)[C@H](CC(=O)[O-])NC(=O)[C@H](CCSC)NC(=O)[C@H](CC(N)=O)NC(=O)[C@H](CC(=O)[O-])NC1=O
2.00E+99,O=P(O)(O)C(O)(Cc1cccc(-c2cccc(-c3ccccc3)c2)c1)P(=O)(O)O
5h4j,C[C@@H](NS(=O)(=O)CCCOCn1ccc(=O)[nH]c1=O)c1cccc(OC2CCCC2)c1
3fcf,O=C1CC(/C=N/OCCO/N=C/c2cccc(C(=O)[O-])c2)=NC(=O)N1
5xij,O=c1c2ccccc2ncn1C[C@H](O)C[C@H]1[NH2+]CCC[C@H]1O
6b5i,CS(=O)(=O)c1ccc(-c2nn(-c3ccc(C#N)cc3)cc2C(=O)Nc2cccc(F)c2)cc1
1rdj,C[C@@H]1O[C@H](O)[C@@H](O)[C@H](O)[C@@H]1O
5l2t,CN(C)C(=O)c1cc2cnc(Nc3ccc(N4CC[NH2+]CC4)cn3)nc2n1C1CCCC1
3vjm,O=C([C@@H]1C[C@H]([NH+]2CCN(c3cc(C(F)(F)F)nc4ccccc34)CC2)C[NH2+]1)N1CCSC1
2xrw,CC(C)C[C@H](NC(=O)[C@H](Cc1c[nH]cn1)NC(=O)[C@H](CC(=O)[O-])NC(=O)[C@H](CCCNC(N)=[NH2+])NC(=O)[C@H](CO)NC(=O)[C@@H]1CCCN1C(=O)[C@H](C)[NH3+])C(=O)N[C@@H](Cc1ccc(O)cc1)C(=O)N[C@@H](CC(C)C)C(=O)N1CCC[C@H]1C(=O)N[C@@H](CC(C)C)C(=O)N[C@@H](CCC(=O)[O-])C(=O)[O-]
5heb,CC(C)[C@H](NC(=O)[C@H](CO)NC(=O)[C@@H](NC(=O)[C@H](CCC(N)=O)NC(=O)[C@H](CCCC[NH3+])NC(=O)[C@H](C)NC(=O)[C@H](C)[NH3+])[C@@H](C)O)C(=O)[O-]
3blu,CCS(=O)(=O)c1ccccc1
6huc,CC(C)C[C@H](NC(=O)[C@H](Cc1ccccc1)N=[N+2]#N)C(=O)NCC(=O)N[C@H](CCS(C)(=O)=O)Cc1ccc(C[NH3+])cc1
2e9c,O=P(O)(O)C(O)(Cc1cccc(-c2cccc(NS(=O)(=O)c3ccc4ccccc4c3)c2)c1)P(=O)(O)O
3g72,O=C(C1=C(c2ccc(CCCOc3c(F)ccc(F)c3Cl)cc2)C[C@H]2C[NH2+]C[C@@H]1[NH2+]2)N(Cc1cccc(Cl)c1Cl)C1CC1
6g7f,CC(C)[C@H](NC(=O)[C@@H](NC(=O)[C@H](O)[C@@H](C=O)C(C)C)C(C)C)C(=O)[O-]
5ovi,C[NH2+]Cc1ccccc1-c1csc([C@@H](C)Nc2nc(C)nc3cc(OC)c(OC)cc23)c1
5wfz,O=C(NCCS(=O)(=O)c1ccccc1)c1nc([C@@H]2CCCN2C(=O)c2c(Cl)cncc2Cl)[nH]c(=O)c1O
6hx8,COc1cc2c(cc1OS(N)(=O)=O)CC[N@@H+](Cc1cc(Br)c(OC)c(OC)c1)C2
4l52,CC(=O)N1CCC(n2cc(-c3cnc(N)c4oc(-c5cccc6nnsc56)cc34)cn2)CC1
6hlz,O=C([O-])[C@@H]1CCC(=O)N1C[C@@H](O)[C@@H](O)[C@H](O)[C@H](O)CO
5ofi,O=C([O-])c1cc(NC(=S)NCCO[C@H]2O[C@H](CO)[C@H](O)[C@H](O)[C@H]2O)ccc1-c1c2ccc(=O)cc-2oc2cc(O)ccc12
4kn2,[NH2+]=c1[nH]c(=O)c2c(CCc3ccc(C(=O)N[C@@H](CCC(=O)[O-])C(=O)[O-])cc3)c[nH]c2[nH]1
3ioi,O=c1[nH]c(=O)n(C2OC(COP(=O)(O)OP(=O)(O)OC3OC(CO)C(O)C(O)C3O)C(O)C2O)cc1C1CCC(CO)S1
2xk1,C[C@@H](NC(=O)c1ccccc1Cc1ccccc1)B(O)O
5lcf,O=C([O-])c1cccc2c1C(=O)N(c1ccccc1)C2
3dng,NC(=O)C[C@@H]1CCCc2sc3nc(C(=O)NCc4ccc5c(c4)NC(=O)CO5)[nH]c(=O)c3c21
4uwh,O=c1cc(N2CCOCC2)[nH+]c2n1CC[C@@H](C(F)(F)F)N2C[C@H](O)c1ccccc1
6c4u,CC(C)CC([NH3+])C(=O)N1CCCC1C(=O)NC(C(=O)N1CCCC1C(=O)N1CCCC1C(=O)NC(CC(C)C)C(=O)O)C(C)OP(=O)(O)O
1tuf,O=C([O-])CCCCCCCC(=O)[O-]
5kww,CS(=O)(=O)CCCn1c(Cn2c(=O)n(CC(F)(F)F)c3ccncc32)cc2cc(Cl)ccc21
2wcg,[NH2+]=C1NC[C@@H]2[C@@H](O)[C@H](O)[C@@H](O)[C@@H](O)N12
1lek,CC(C)[C@H](NC(=O)[C@H](CO)NC(=O)[C@H](Cc1ccc(O)cc1)NC(=O)[C@H](Cc1ccccc1)NC(=O)[C@H](CCCC[NH3+])NC(=O)[C@H](Cc1ccc(O)cc1)NC(=O)[C@H](CCC(N)=O)NC(=O)[C@@H]([NH3+])CCC(=O)[O-])C(=O)[O-]
1idg,CC(C)[C@H](NC(=O)[C@H](Cc1c[nH]c2ccccc12)NC(=O)[C@H](Cc1c[nH]cn1)NC(=O)[C@H](CCCC[NH3+])NC(=O)[C@H](Cc1c[nH]c2ccccc12)NC(=O)CNC(=O)[C@H](CCCNC(N)=[NH2+])NC(=O)[C@@H]([NH3+])Cc1ccc(O)cc1)C(=O)N[C@@H](Cc1ccc(O)cc1)C(=O)N[C@@H](Cc1ccc(O)cc1)C(=O)N[C@H](C(=O)N[C@H]1CSSC[C@@H](C(=O)N2CCC[C@H]2C(=O)N[C@@H](CC(=O)[O-])C(=O)N[C@H](C(=O)N2CCC[C@H]2C(=O)N[C@@H](Cc2ccc(O)cc2)C(=O)O)[C@H](C)O)NC1=O)[C@@H](C)O
5egs,[NH3+]CC[N@H+]1CC[C@@H](Cc2ccccc2)CC1
6m7h,COc1ccc(S(=O)(=O)N(CCO)c2ccccc2C[N@@H+](C)CCCc2ccc(Cl)cc2)cc1
4o5b,Cc1nc(-c2nc3cc(Cl)ccc3[nH]2)c(C)c(-c2ccccc2)c1[C@H](OC(C)(C)C)C(=O)[O-]
3wcf,CCCCCCCCCCn1cc[n+](CC(P(=O)(O)O)P(=O)(O)O)c1
5ey9,CCCCCCCCCCCCOP(=O)(O)OCC1OC(n2cnc3c(N)ncnc32)C(O)C1O
4gz3,O=c1ccn(C2OC(COP(=O)(O)OP(=O)(O)O)C(O)C2O)c(=O)[nH]1
5a8y,COC(=O)Nc1nc2n(n1)[C@H](c1ccc(C#N)cc1)C(C#N)=C(C)N2c1cccc(C(F)(F)F)c1
3ux0,CC([NH3+])C(=O)NC(CCCNC(=N)N)C(=O)NC(CCCNC(=N)N)C(=O)NC(CCCC[NH3+])C(=O)NC(COP(=O)(O)O)C(=O)NC(C(=O)O)C(C)C
6do1,CC[C@H](C)[C@H](NC(=O)[C@@H]1CCCN1C(=O)[C@H](Cc1c[nH]cn1)NC(=O)[C@@H](NC(=O)[C@H](Cc1ccc(O)cc1)NC(=O)[C@@H](NC(=O)[C@H](CCCNC(N)=[NH2+])NC(=O)C[NH2+]C)C(C)C)[C@@H](C)CC)C(=O)[O-]
6r1c,O=C([O-])CCC(=O)NCc1ccc(COC(=O)N[C@H]2CC(=O)NC2=O)cc1
1i7i,CCO[C@@H](Cc1ccc(OCCc2ccc(OS(C)(=O)=O)cc2)cc1)C(=O)[O-]
3i7i,CNC(=O)[C@@H](NC(=O)c1ccc(-c2ccc(NC(=O)c3cc4ccccc4o3)cc2)o1)C1CCCCC1
3li2,O=C([O-])C[C@@](O)(CC(=O)NCCC[C@@H](NC(=O)C[C@@](O)(CC(=O)[O-])C(=O)[O-])C(=O)[O-])C(=O)[O-]
4bv2,CSCC[C@H](NC(=O)[C@H](CC(C)C)NC(=O)[C@H](CCCC[NH3+])NC(=O)[C@H](CCCC[NH3+])NC(=O)[C@@H]([NH3+])Cc1c[nH]cn1)C(=O)[O-]
5dtw,CCCCCCCCCCCCCCCCCCCC(=O)SCCNC(=O)CCNC(=O)C(O)C(C)(C)COP(=O)(O)OP(=O)(O)OCC1OC(n2cnc3c(N)ncnc32)C(O)C1OP(=O)(O)O
5e0l,CC[C@H](C)[C@H](NC(=O)[C@H](C)NC(=O)[C@@H]([NH3+])CCCC[NH3+])C(=O)N[C@@H](CC(=O)[O-])C(=O)N[C@@H](C)C(=O)N[C@@H](C)C(=O)N[C@H](C(=O)N[C@@H](CCC(N)=O)C(=O)N[C@H](C(=O)N[C@@H](CCC(=O)[O-])C(=O)N[C@@H](CCC(=O)[O-])C(=O)[O-])[C@@H](C)O)[C@@H](C)O
6oim,CCC(=O)N1CCN(c2nc(=O)n(-c3c(C)ccnc3C(C)C)c3nc(-c4c(O)cccc4F)c(F)cc23)[C@@H](C)C1
4gw6,Cc1nc2ccc(Br)cc2c(-c2ccc(Cl)cc2)c1[C@H](OC(C)(C)C)C(=O)[O-]
5b5o,c1ccc(Nc2nc(CSc3nnc[nH]3)cs2)cc1
6fut,[NH3+]Cc1cccc(-c2cccc(C(=O)N[C@H]3CCCc4ccccc43)c2)c1
6i5y,Nc1ncnc2c1ncn2[C@@H]1O[C@H](COS(=O)(=O)NC(=O)[C@@H]([NH3+])Cc2ccc(O)cc2)[C@@H](O)[C@H]1O
4dhr,O=C(COc1ccccc1P(=O)(O)O)Nc1ccccc1Cl
3uo9,O=C(Cc1ccccc1)Nc1nnc(CCSCCc2nnc(NC(=O)Cc3ccccc3)s2)s1
4yvz,Nc1ncnc2c1ncn2C1OC(COP(=O)(O)OP(=O)(O)OP(=O)(O)O)CC1O
5wkm,COC(=O)N[C@@H](CC(C)C)C(=O)N[C@H](CO)C[C@@H]1C=CNC1=O
4y32,CC(C)CC(NC(=O)C(COP(=O)(O)O)NC(=O)C1CCCN1C(=O)C(NC(=O)C([NH3+])CCCNC(=N)N)C(C)O)C(=O)N1CCCC1C(=O)NC(C(=O)O)C(C)O
5fas,CC(=O)NNC(=O)[C@@H]1CC[C@@H]([NH2+]OS(=O)(=O)[O-])CN1C=O
2ymt,CC(C)[C@H](NC(=O)[C@H](Cc1c[nH]c2ccccc12)NC(=O)[C@@H]1CCCN1C(=O)CNC(=O)[C@H](Cc1c[nH]c2ccccc12)NC(=O)[C@@H]([NH3+])CCC(=O)[O-])C(N)=O
2vl1,[NH3+]CC(=O)NCC(=O)[O-]
4e3m,O=S(=O)(NCB(O)O)c1ccc(-c2nn[nH]n2)cc1Cl
6rpg,CC(=O)NCC[NH2+]Cc1cc(C)c(OCc2cccc(-c3cccc(COc4cc(OCc5cncc(C#N)c5)c(C[NH2+]CCNC(C)=O)cc4C)c3C)c2C)cc1OCc1cncc(C#N)c1
2toh,C[C@H](O)[C@H](O)C1=Nc2c(nc(N)[nH]c2=O)NC1
4cts,O=C([O-])CC(=O)C(=O)[O-]
5ngb,O=C([O-])c1cccc(Cn2cc(-c3cccc4c3NC(=[N+]3CCOCC3)CC4=O)nn2)c1
4x1f,C#C[C@]1(O)CC[C@H]2[C@@H]3CCc4cc(O)ccc4[C@H]3CC[C@@]21C
5tg1,CC(C)C[C@@H]1NC(=O)O[C@H](c2cccc(Cl)c2)CCCCCNC(=O)CC[C@@H](CO)NC1=O
5d4a,O=C([O-])CCn1c(-c2ccccc2)cc2ccccc21
4j3d,O=C(CC[C@H](NC(=O)c1ccc(C#Cc2ccccc2)cc1)C(=O)NO)NCCCO
2jk9,CC(C)C[C@H](NC(=O)[C@H](CCC(=O)[O-])NC(=O)[C@@H]([NH3+])CC(N)=O)C(=O)N[C@@H](CC(N)=O)C(=O)N[C@@H](CC(N)=O)C(=O)N[C@@H](CC(N)=O)C(=O)N[C@@H](C)C(=O)N1CCC[C@H]1C(=O)[O-]
1npa,NC(=O)O[C@@H]1Cc2ccccc2[C@@H]1C1=CN[C@@](Cc2ccccc2)(C[C@H](O)[C@H](Cc2ccccc2)NC(=O)O[C@H]2CCOC2)C1=O
3mks,O=C([O-])c1ccc2ccccc2c1-c1c(C(=O)[O-])ccc2ccccc12
4v0i,C[C@H]1Cc2ccccc2N1C(=O)Cc1nc(N2CCOCC2)cc(=O)[nH]1
3c1n,C[C@@H](O)[C@H]([NH3+])C(=O)[O-]
5uey,CCOc1cc(=O)n(C)cc1-c1cc(NS(=O)(=O)CC)ccc1Oc1ccc(F)cc1F
5epy,CCc1nc2ccc(OC)cc2nc1O[C@@H]1C[C@H]2C(=O)N[C@]3(C(=O)NS(=O)(=O)C4CC4)C[C@@H]3/C=C/CCCCC[C@H](NC(=O)OC(C)(C)C)C(=O)N2C1
4bbh,COc1cccc(COC(=O)c2sc3ccccc3c2OC2CC[NH2+]CC2)c1
3r7b,CC(=O)N[C@@H](CC(=O)[O-])C(=O)N[C@H](C(=O)N[C@@H](C)C(=O)N[C@@H](CC(=O)[O-])C(=O)[O-])C(C)C
3bu8,CC(C)C[C@H](NC(=O)[C@H](CC(N)=O)NC(=O)[C@H](Cc1ccccc1)NC(=O)[C@@H]([NH3+])CO)C(=O)N[C@@H](C)C(=O)N1CCC[C@H]1C(=O)N[C@@H](CC(C)C)C(=O)NCC(=O)N[C@@H](CCCNC(N)=[NH2+])C(=O)N[C@@H](CCCNC(N)=[NH2+])C(=O)N[C@@H](CCCNC(N)=[NH2+])C(=O)N[C@H](C(=O)N[C@@H](CCC(N)=O)C(=O)N[C@@H](CO)C(=O)N[C@@H](CCC(N)=O)C(=O)O)C(C)C
6qz6,CCc1sc2ncnc(N[C@H](Cc3ccccc3)C(=O)[O-])c2c1-c1cccc2[nH]ccc12
2a5u,O=C1NC(=O)/C(=C/c2ccc3nccnc3c2)S1
2fix,COc1cc(-c2cccc(N)c2)c2oc(NS(=O)(=O)c3cc(Cl)ccc3Cl)nc2c1
5ofx,OC[C@H]1O[C@@](CO)(O[C@H]2O[C@H](CO[C@H]3O[C@H](CO)[C@H](O)[C@H](O)[C@H]3O)[C@@H](O)[C@H](O)[C@H]2O)[C@@H](O)[C@@H]1O
5hn7,CCCCCCCCOc1cccc(COc2ccc(S(=O)(=O)N3CCOCC3)cc2C(=O)[O-])c1
3rey,CCCn1c(=O)c2nc(-c3ccc(OCC(=O)NCC[NH3+])cc3)[nH]c2n(CCC)c1=O
6htc,COc1ccc(C[C@H](NC(=O)[C@H](C)NC(=O)C[NH+]2CCOCC2)C(=O)N[C@@H](Cc2ccccc2)[C@@H](O)C(C)(C)O)cc1
3dpo,CC(C)C[C@H](NC(=O)[C@@H]([NH3+])CCCC[NH3+])C(=O)N[C@@H](Cc1ccc(O)cc1)C(=O)N[C@@H](CC1CCCCC1)C(=O)N[C@@H](CC(C)C)C(=O)N1CCC[C@H]1C(=O)N[C@@H](CCCNC(N)=[NH2+])C(=O)N1CCC[C@H]1C(=O)N[C@H](C=O)[C@@H](C)O
5ijp,O=P(O)(O)OC1C(OP(=O)(O)O)C(OP(=O)(O)O)C(OP(=O)(O)O)C(OP(=O)(O)O)C1OP(=O)(O)O
2p8s,[NH3+][C@H]1C[C@@H]([N@@H+]2CCn3c(nnc3C(F)(F)F)C2)CC[C@@H]1c1cc(F)c(F)cc1F
4iaw,NC(=S)Nc1ccc(C[C@H](C[N@H+](CC(=O)[O-])[C@H]2CCCC[C@@H]2[NH+](CC(=O)[O-])CC(=O)[O-])[NH+](CC(=O)[O-])CC(=O)[O-])cc1
5vll,CC(=O)N[C@H](C(=O)N[C@H](C(=O)N[C@@H](Cc1ccccc1)C(=O)N[C@H](C(=O)N[C@@H](CO)C(=O)N[C@@H](Cc1c[nH]c2ccccc12)C(=O)N[C@@H](CCC(=O)[O-])C(=O)N[C@@H](CCC(=O)[O-])C(=O)N[C@@H](Cc1ccc(O)cc1)C(=O)N[C@@H](CC(C)C)C(=O)N[C@@H](CC(=O)[O-])C(=O)N[C@@H](Cc1c[nH]c2ccccc12)C(=O)N[C@H](C(N)=O)C(C)C)[C@@H](C)O)C(C)C)[C@@H](C)O
1oiu,NS(=O)(=O)c1cccc(Nc2nc(OCC3CCCCC3)c3nc[nH]c3n2)c1
3tyv,Cc1cc2c([C@@H]3C=CC=NC3=O)c(C(=O)NS(=O)(=O)C3CC3)n(Cc3cc(F)ccc3F)c2cc1F
5u2j,CCCC(=O)NCCCC[C@H](NC(=O)CNC(=O)CNC(=O)[C@@H](NC(=O)[C@H](CO)NC(=O)[C@H](CCCC[NH3+])NC(=O)[C@H](CCCNC(N)=[NH2+])NC(=O)[C@H](C)NC(=O)[C@@H](NC(=O)[C@H](CCC(N)=O)NC(=O)[C@H](CCCC[NH3+])NC(=O)[C@@H](NC(=O)[C@H](CCCNC(N)=[NH2+])NC(=O)[C@H](C)[NH3+])[C@@H](C)O)[C@@H](C)O)[C@@H](C)O)C(=O)N[C@@H](C)C(=O)N1CCC[C@H]1C(=O)[O-]
2lsk,CC(C)C[C@H](NC(=O)[C@H](CC(C)C)NC(=O)[C@H](CC(C)C)NC(=O)[C@H](CO)NC(=O)[C@H](CCCC[NH3+])NC(=O)[C@H](CCC(N)=O)NC(=O)[C@H](CCCC[NH3+])NC(=O)[C@H](Cc1ccccc1)NC(=O)[C@H](Cc1ccccc1)NC(=O)[C@@H]1CCCN1C(=O)[C@H](CCC(=O)[O-])NC(=O)[C@@H](NC(=O)CNC(=O)[C@@H](NC(=O)[C@H](CO)NC(=O)[C@@H]([NH3+])CCC(N)=O)[C@@H](C)O)[C@@H](C)O)C(=O)[O-]
1dzp,O=C(c1ccccc1)c1ccccc1
6npm,O=C([O-])c1cncc(C#Cc2ccccc2)c1
6abk,C[Si](C)(C)COC(=O)NCCCC[C@H]([NH3+])C(=O)[O-]
6i0c,[NH3+][C@H](Cc1c[nH]c2ccccc12)C(=O)NCCCCCCNc1c2ccccc2nc2cc(Cl)ccc12
4jnc,CNc1nc(C)nc(N2CCC(C(=O)NCc3ccccc3C(F)(F)F)CC2)n1
3dpd,CC1(C)CC(=O)c2sc(N3CCOCC3)nc2C1
2nxm,CC(C)[C@H](NC(=O)[C@H](Cc1ccc(O)cc1)NC(=O)[C@H](Cc1ccccc1)NC(=O)[C@@H](NC(=O)[C@H](CCC(N)=O)NC(=O)[C@H](C)[NH3+])[C@@H](C)O)C(=O)N[C@@H](CC(=O)[O-])C(=O)NCC(=O)O
3deh,O=C1NC(=O)c2ccccc2C1=O
1lb6,CC[C@H](C)[C@H](NC(=O)[C@H](CCC(=O)[O-])NC(=O)[C@H](CCC(N)=O)NC(=O)[C@@H]1CCCN1C(=O)[C@H](CCC(=O)[O-])NC(=O)[C@H](CCC(N)=O)NC(=O)[C@@H]([NH3+])CCCC[NH3+])C(=O)N[C@@H](CC(=O)[O-])C(=O)N[C@@H](Cc1ccccc1)C(=O)[O-]
5o0s,O=S1(=O)O[C@H]2[C@H](O)[C@@H](O)[C@H](O)[C@@H](CO)[C@H]2O1
4ofb,CC[C@H](C)[C@H](NC(=O)[C@@H](NC(C)=O)[C@@H](C)O)C(=O)N[C@@H](CC(=O)[O-])C(=O)N[C@@H](Cc1ccc(F)cc1)C(=O)N[C@@H](CC(=O)[O-])C(=O)N[C@@H](CCC(=O)[O-])C(=O)N[C@@H](Cc1ccc(O)cc1)C(=O)N[C@@H](CCCNC(N)=[NH2+])C(=O)N[C@@H](Cc1ccc(F)cc1)C(=O)N[C@@H](CCCNC(N)=[NH2+])C(=O)N[C@@H](CCCC[NH3+])C(=O)N[C@H](C(N)=O)[C@@H](C)O
5i83,C[C@@H]1CC(=O)Nc2ccc(O[C@H](C)c3ccccc3)cc2N1
4f7j,Cc1ccc(-n2nc(C(C)(C)C)cc2NC(=O)NCCO)cc1
4oyk,CC[C@H](C)[C@H](NC(=O)[C@H](CCC(=O)[O-])NC(=O)[C@H](CC(=O)[O-])NC(=O)[C@H](C)NC(=O)[C@H](C)NC(=O)[C@H](CCCNC(N)=[NH2+])NC(=O)[C@H](Cc1ccc(O)cc1)NC(=O)[C@H](CCSC)NC(=O)[C@H](CC(=O)[O-])NC(=O)[C@@H]([NH3+])CCC(=O)[O-])C(=O)N[C@@H](C)C(=O)N[C@@H](CCCC[NH3+])C(=O)N[C@@H](CCC(=O)[O-])C(=O)[O-]
5v4q,C[C@H](O)CC[C@H]([NH3+])C(=O)[O-]
4gtp,COc1ccc(S(=O)(=O)N2Cc3cc(-c4ccc(CO)o4)ccc3N(Cc3cncn3C)C[C@H]2Cc2ccc(O)cc2)cc1
6hgv,CC(C)(C)[NH2+]C[C@@H](O)COc1ccc(NC(=O)NC2CCCCC2)cc1
5f2f,CNC(=O)c1cc(C(=O)NC)cc(-c2ccc(O[C@H]3O[C@H](CO)[C@@H](O)[C@H](O)[C@@H]3O)c(C)c2)c1
4oc6,COc1cc(Br)c(C(=O)N[C@@H](Cc2cccc(Oc3ccccc3)c2)[C@@H](O)CN(CCc2ccc(Cl)cc2Cl)C(=O)CCN2C(=O)c3ccccc3C2=O)cc1OC
6qmu,O=[N+]([O-])c1cccc(O)c1
6ck6,Cc1cc(Nc2cc(N)ncn2)c(=O)n2c1C(=O)NC21CCCCC1
6cer,Cc1ncc(C[n+]2csc(CCOP(=O)(O)OP(=O)(O)O)c2C)c(N)n1
13gs,O=C([O-])c1cc(/N=N/c2ccc(S(=O)(=O)Nc3ccccn3)cc2)ccc1O
3jzo,CC(C)C[C@H]([NH3+])C(=O)N[C@H](C(=O)N[C@@H](Cc1ccccc1)C(=O)N[C@@H](CCC(=O)[O-])C(=O)N[C@@H](Cc1c[nH]cn1)C(=O)N[C@@H](Cc1ccc(O)cc1)C(=O)N[C@@H](Cc1c[nH]c2ccccc12)C(=O)N[C@@H](C)C(=O)N[C@@H](CCC(N)=O)C(=O)N[C@@H](CC(C)C)C(=O)N[C@H](C(=O)N[C@@H](CO)C(=O)[O-])[C@@H](C)O)[C@@H](C)O
4wmc,NC(=O)[C@@H]1CC[C@@H]([NH2+]OS(=O)(=O)[O-])CN1C=O
4y2u,CC(C)(C)OC(=O)N[C@H]1CNc2ccccc2C1
3mlb,O=C(CCC(=O)Nc1ccccc1Cl)N/N=C/c1ccc(/C=N/NC(=O)CCC(=O)Nc2ccccc2Cl)cc1
6alz,C=C/C(=C/C(=O)C[C@H](C)C[C@@H](C)CC[C@H](O)[C@H](C)C(=O)C[C@@H](O)[C@H](C)[C@@H](C)OC(=O)C[C@@H](O)/C(C(=O)[O-])=C(\C)C(=O)[O-])CC
4ir6,CC(=O)c1cc(-c2ccccc2S(C)(=O)=O)c2cc(Oc3ccccc3)ccn12
3iqi,CC[C@H](C)[C@H](NC(=O)[C@H](CC(N)=O)NC(=O)[C@H](CCC(=O)[O-])NC(=O)[C@@H]([NH3+])CC(N)=O)C(=O)[O-]
2o9r,OC[C@H]1O[C@@H](S[C@@H]2[C@@H](CO)O[C@@H](O)[C@H](O)[C@H]2O)[C@H](O)[C@@H](O)[C@@H]1O
4i7b,CC[C@H](NC(=O)[C@@H](NC(=O)[C@@H]1CCCN1C(=O)[C@H](CCCNC(N)=[NH2+])NC(=O)[C@@H]([NH3+])CC(C)C)C(C)C)C(=O)N[C@@H](CCSC)C(=O)N[C@H](C(=O)N[C@@H](CCCNC(N)=[NH2+])C(=O)N1CCC[C@H]1C(=O)N[C@H](C(=O)N[C@H](C(=O)[O-])C(C)C)[C@@H](C)O)C(C)C
1kna,C[C@H](NC(=O)[C@@H](NC(=O)[C@@H]([NH3+])CCC(N)=O)[C@@H](C)O)C(=O)N[C@@H](CCCNC(N)=[NH2+])C(=O)N[C@@H](CCCC[NH+](C)C)C(=O)N[C@H](C=O)CO
5e2q,CC[C@H](C)[C@H](NC(=O)[C@H](Cc1ccc(O)cc1)NC(=O)[C@@H](NC(=O)[C@H](CCCNC(N)=[NH2+])NC(=O)[C@@H]([NH3+])CC(=O)[O-])C(C)C)C(=O)N[C@@H](Cc1c[nH]cn1)C(=O)N1CCC[C@H]1C(=O)N[C@@H](Cc1ccccc1)C(=O)[O-]
4mbf,C[C@](COC(=O)CCCCC(=O)[O-])([C@@H](NCCC=O)C(=O)[O-])[SH](=O)=O
4pge,C[C@H](NC(=O)[C@@H]1CCCN1C(=O)[C@H](Cc1ccc(O)cc1)NC(=O)[C@H](CC(N)=O)NC(=O)CNC(=O)[C@@H]1CCCN1C(=O)[C@H](C)NC(=O)[C@@H]([NH3+])Cc1ccccc1)C(=O)N[C@@H](Cc1c[nH]c2ccccc12)C(=O)[O-]
6nel,O=C([O-])c1ccc(-c2cc(O)c(=O)[nH]c2-c2ccc(F)cc2)cc1
6fvn,CC(=O)N[C@@H](CCC(N)=O)C(=O)N[C@@H](CC1CCCCC1)C(=O)N[C@@H](CC(=O)[O-])C(=O)N[C@@H](CC(C)C)C(=O)N[C@@H](Cc1ccccc1)C(=O)[O-]
6aee,CC[C@H](C)[C@H](NC(=O)[C@@H]([NH3+])CCCNC(N)=[NH2+])C(=O)N[C@H](C(=O)N1CCC[C@H]1C(=O)N[C@@H](CCCNC(N)=[NH2+])C(=O)N[C@@H](Cc1c[nH]cn1)C(=O)N[C@@H](CC(C)C)C(=O)N[C@@H](CCC(N)=O)C(=O)N[C@@H](CC(C)C)C(=O)[O-])[C@@H](C)CC
3zlx,O[C@H]1NC=CC2=C[C@@H](OC[C@@H]3CC[NH2+]C3)[C@H](Cl)C=C21
4qz5,COc1ccc(C[C@H](NC(=O)[C@H](C)NC(=O)C[NH+]2CCOCC2)C(=O)N[C@@H](Cc2ccccc2)[C@@H](O)[C@H](C)CO)cc1
4k60,O=C1Cc2ccc(Br)cc2N1
5dif,CC[C@H](C)[C@H](NC(=O)[C@H](CC(=O)[O-])NC(=O)[C@@H](NC(=O)[C@H](CC(C)C)NC(=O)[C@H](CO)NC(=O)[C@H](CO)NC(=O)[C@H](CCC(=O)[O-])NC(=O)[C@H](CC(C)C)NC(=O)[C@H](CO)NC(=O)[C@H](Cc1c[nH]cn1)NC(=O)[C@H](CCSC)NC(=O)[C@H](CC(=O)[O-])NC(=O)[C@H](Cc1ccccc1)NC(=O)[C@@H](NC(=O)[C@@H]([NH3+])CCCNC(N)=[NH2+])[C@@H](C)O)[C@@H](C)CC)C(=O)[O-]
1gvu,CC[C@H](C)[C@H](NC(=O)[C@@H](NC(=O)C[C@H](O)[C@H](CC(C)C)NC(=O)[C@H](Cc1cnc[nH]1)NC(=O)[C@H](Cc1ccccc1)NC(=O)[C@@H]1CCC[NH2+]1)C(C)C)C(=O)[O-]
2xs0,CC(C)C[C@H](NC(=O)[C@H](Cc1c[nH]cn1)NC(=O)[C@H](CC(=O)[O-])NC(=O)[C@H](CCCNC(N)=[NH2+])NC(=O)[C@H](CO)NC(=O)[C@@H]1CCCN1C(=O)[C@@H]([NH3+])CCCNC(N)=[NH2+])C(=O)N[C@@H](Cc1ccc(O)cc1)C(=O)N[C@@H](CC(C)C)C(=O)N1CCC[C@H]1C(=O)N[C@@H](CC(C)C)C(=O)N[C@@H](CCC(=O)[O-])C(=O)[O-]
3ds0,CC[C@H](C)[C@H]([NH3+])C(=O)N[C@H](C(=O)N[C@@H](Cc1ccccc1)C(=O)N[C@@H](CCC(=O)[O-])C(=O)N[C@@H](CC(=O)[O-])C(=O)N[C@@H](CC(C)C)C(=O)N[C@@H](CC(C)C)C(=O)N[C@@H](CC(=O)[O-])C(=O)N[C@@H](Cc1ccc(O)cc1)C(=O)N[C@@H](Cc1ccc(O)cc1)C(=O)NCC(=O)N1CCC[C@H]1C(=O)[O-])[C@@H](C)O
6g4n,O/N=C\c1nc(CCCCNc2c3ccccc3nc3ccc(Cl)cc23)ccc1O
4b80,CC[NH+](CC)CCNS(=O)(=O)Cc1ccc(F)cc1
1g9d,NC(=[NH2+])c1ccc2[nH]c(Cc3nc4ccc(C(N)=[NH2+])cc4[nH]3)nc2c1
3zt1,COc1ccc(CNC(=O)c2ccccc2C[NH2+]Cc2ccc3c(c2C(=O)[O-])OCO3)cc1
2k46,OC[C@H]1O[C@H](O[C@@H]2[C@@H](O)[C@@H](O)O[C@H](CO)[C@H]2O)[C@H](O)[C@@H](O)[C@@H]1O
5l96,Cc1ncccc1N[C@H](C)CS(C)(=O)=O
1p05,CCCC[C@H](NC(=O)[C@@H]1CCCN1C(=O)[C@H](C)NC(=O)[C@H](C)[NH3+])B(O)O
3gwu,C[NH2+][C@H]1CC[C@@H](c2ccc(Cl)c(Cl)c2)c2ccccc21
3gbq,CC(=O)N[C@H](C(=O)N1CCC[C@H]1C(=O)N1CCC[C@H]1C(=O)N1CCC[C@H]1C(=O)N[C@H](C(=O)N1CCC[C@H]1C(=O)N1CCC[C@H]1C(=O)N[C@@H](CCCNC(N)=[NH2+])C(=O)N[C@@H](CCCNC(N)=[NH2+])C(=O)N[C@@H](CCCNC(N)=[NH2+])C(N)=O)C(C)C)C(C)C
1osg,CC(C)C[C@@H]1NC(=O)[C@H](CC(=O)[O-])NC(=O)[C@H](Cc2c[nH]c3ccccc23)NC(=O)[C@H](Cc2cnc[nH]2)NC(=O)[C@@H]([NH3+])CSSC[C@@H](C(=O)O)NC(=O)[C@H](C(C)C)NC(=O)[C@H](Cc2c[nH]c3ccccc23)NC(=O)[C@H](Cc2cnc[nH]2)NC(=O)[C@H](CCCNC(N)=[NH2+])NC(=O)[C@H](C(C)C)NC(=O)[C@H](CC(C)C)NC1=O
5hip,O=C([O-])c1ccccc1-c1cccnc1
1w2k,COc1ccc([C@@H](Nc2ccc(C(N)=[NH2+])cc2)C(=O)NCc2ccccc2)cc1OC
6dhu,O=C([O-])c1ccc(C(=O)[O-])c(C(=O)[O-])c1
3mkf,CCn1ccn(C(=O)N[C@@H](C(=O)NCB(O)O)c2ccc(O)cc2)c(=O)c1=O
6fnx,CCn1cnc2c1c(=O)[nH]c(=O)n2Cc1ccccc1
1yyr,CC(C)=CCC[N@@H+](C)[C@H]1CC=C(C)CC1
2rjp,CC(C)C(=O)c1ccc(OCc2ccc(-c3ccc(S(=O)(=O)N[C@@H](C(=O)[O-])C(C)C)cc3)cc2)cc1
2fky,CN(C(=O)N1CC(c2cc(F)ccc2F)=C[C@H]1c1ccccc1)C1CC[NH2+]CC1
3k39,CCC(CC)[C@H](NC(C)=O)[C@@H]1[C@H](O)[C@@H](C(=O)[O-])C[C@H]1NC(N)=[NH2+]
4kza,O=C([O-])c1sccc1S(=O)(=O)NC1CC1
4dx9,CC(C)[C@H](NC(=O)[C@H](C)NC(=O)[C@H](CO)NC(=O)[C@@H]([NH3+])CCCC[NH3+])C(=O)N[C@H](C(=O)N[C@H](C(=O)N[C@H](C(=O)N[C@H](C(=O)N[C@@H](CC(N)=O)C(=O)N1CCC[C@H]1C(=O)[O-])C(C)C)C(C)C)[C@@H](C)O)[C@@H](C)O
2c6c,O=C(O)CCC(CP(=O)(O)Cc1ccc(I)cc1)C(=O)O
1b9v,CCC(CC)Nc1cc(C(=O)[O-])ccc1N1C(=O)CCC1(CO)CO
5csd,CCCCC/C=C\C/C=C\C/C=C\C/C=C\CCCC(=O)[O-]
5c1x,O=C(N[C@@H](Cc1ccccc1)C(=O)N[C@H](CO)C[C@@H]1CCNC1=O)OCc1ccccc1
1fsg,Nc1nc2cc[nH]c2c(=O)[nH]1
4awm,O=C(O[C@@H]1Cc2c(O)cc(O)cc2O[C@@H]1c1cc(O)c(O)c(O)c1)c1cc(O)c(O)c(O)c1
5ku9,CNC(=O)C[C@@H](Cc1ccc(Cl)c(Cl)c1)NC(=O)CN1C(=O)[C@@H](NC(=O)C[C@@H]([NH3+])Cc2ccc(Br)cc2)CCc2ccccc21
1xt3,O=C([O-])C1=C[C@H](O)[C@@H](OS(=O)(=O)[O-])[C@H](O[C@@H]2[C@@H](COS(=O)(=O)[O-])O[C@H](O[C@H]3[C@H](O)[C@@H](OS(=O)(=O)[O-])[C@H](O[C@@H]4[C@@H](COS(=O)(=O)[O-])O[C@H](O[C@H]5[C@H](O)[C@@H](OS(=O)(=O)[O-])[C@H](O[C@@H]6[C@@H](COS(=O)(=O)[O-])O[C@H](O)[C@H](NS(=O)(=O)[O-])[C@H]6O)O[C@H]5C(=O)[O-])[C@H](NS(=O)(=O)[O-])[C@H]4O)O[C@H]3C(=O)[O-])[C@H](NS(=O)(=O)[O-])[C@H]2O)O1
2nmb,CCC(C)C(NC(=O)C(Cc1ccc(O)cc1)NC(=O)C(C)[NH3+])C(=O)NCC(=O)N1CCCC1C(=O)NC(Cc1ccc(OP(=O)(O)O)cc1)C(=O)NC(CC(C)C)C(=O)O
3coj,CC(NC(=O)C(CCC(=O)O)NC(=O)C1CCCN1C(=O)C(Cc1ccccc1)NC(=O)C(NC(=O)C1CCCN1C(=O)C(COP(=O)(O)O)NC(=O)C(CCC(N)=O)NC(=O)C1CCC[NH2+]1)C(C)O)C(=O)NCC(=O)O
6cqt,CCO[P@@H](C)=O
1z3j,COc1ccc(S(=O)(=O)N(CC(=O)NO)CC(C)C)cc1
5ggj,O=[N+]([O-])c1ccc(O[C@H]2O[C@H](CO)[C@@H](O)[C@H](O)[C@@H]2O)cc1
5v84,C=CCn1cc(C(=O)N(C)[C@H]2CC[N@H+]([C@@H](C)c3ccccc3)CC2)c2cc(C)[nH]c2c1=O
6rj5,C[C@@H](NC(=O)c1cc(-c2ccccc2)nn1C)c1ccc(C(=O)NS(C)(=O)=O)cc1
3n1v,Cc1c(CC(=O)[O-])sc2ccc(Cl)cc12
5ea5,CC1CCC(CCCO)C([NH2+]CC2=Cc3c(nc(NCCC[NH+]4CCOCC4)n3CC3[NH2+]C(C)CC=C3O)CC2)C1
2cm8,O=C1C=C(c2cccc(O)c2)S(=O)(=O)N1
3o9v,Cc1ccc(-c2c(C[NH3+])c(CC(C)C)nc(C)c2C(=O)[O-])cc1
1b9t,NC(=[NH2+])Nc1cc(C(=O)[O-])ccc1N1C(=O)CCC1(CO)CO
2bz8,C[C@H](NC(=O)[C@@H]1CCC[NH2+]1)C(=O)N[C@@H](CCCNC(N)=[NH2+])C(=O)N1CCC[C@H]1C(=O)N1CCC[C@H]1C(=O)N[C@@H](CCCC[NH3+])C(=O)N1CCC[C@H]1C(=O)N[C@@H](CCCNC(N)=[NH2+])C(=O)N1CCC[C@H]1C(=O)N[C@@H](CCCNC(N)=[NH2+])C(=O)N[C@@H](CCCNC(N)=[NH2+])C(=O)[O-]
5m7t,CC(=O)N[C@H]1c2nc(C(=O)Nc3ccccc3)cn2[C@H](CO)[C@@H](O)[C@@H]1O
2yc3,O=c1c(Cc2ccccc2)c(Cl)[nH]c2ncnn12
5odu,CO[C@H]1O[C@H](CO)[C@H](O)[C@H](O)[C@H]1O
3ant,CC(C)c1noc(C2CCN(C(=O)N[C@H]3C[C@@H]3c3ccccc3)CC2)n1
2rly,CC(C)C[C@H](NC(=O)[C@@H]1CCCN1C(=O)[C@@H]1CCCN1C(=O)[C@@H]1CCCN1C(=O)[C@@H](NC(=O)[C@@H]1CCC[NH2+]1)[C@@H](C)O)C(=O)N1CCC[C@H]1C(=O)N1CCC[C@H]1C(=O)[O-]
4f9v,COc1ccc(NC(=S)NCCCn2ccnc2)cc1OC
3avf,CC[C@H](C)[C@@H]1NC(=O)[C@H](CCCC[NH3+])NC(=O)[C@H](CC(C)C)NC(=O)[C@H](CC(=O)[O-])NC(=O)[C@H](CC(=O)[O-])NC(=O)[C@H](CC(C)C)NC(=O)[C@H](CC(N)=O)NC(=O)[C@H](CC(=O)[O-])NC1=O
1nym,CO/N=C(\C(=O)NCB(O)O)c1csc(N)n1
5kau,CCNc1cc2c(cc1C)C(c1ccccc1C(=O)OCC)c1cc(C)c(NCC)cc1O2
2fie,COc1cc(-c2ccc(OC)nc2)c2oc(NS(=O)(=O)c3cc(Cl)ccc3Cl)nc2c1
2pmn,CC(C)[C@@H](CO)Nc1ccc2ncc(-c3ccc(C#N)cc3)n2n1
5n70,CC[C@H](C)[C@H](NC(=O)[C@H](CCCNC(N)=[NH2+])NC(=O)[C@H](Cc1ccccc1)NC(=O)[C@H](C)[NH3+])C(=O)N1CCC[C@H]1C(=O)N[C@@H](CC(C)C)C(=O)N[C@H](C(=O)N[C@@H](CCCNC(N)=[NH2+])C(=O)[O-])[C@@H](C)O
5wbl,CSCC[C@H](NC(=O)[C@@H](NC(=O)[C@H](Cc1ccccc1)NC(=O)[C@H](CC(C)C)NC(=O)CNC(=O)C[NH3+])C(C)C)C(=O)N[C@@H](CC(=O)[O-])C(=O)N[C@@H](CCC(=O)[O-])C(=O)[O-]
3jzi,NC(=O)c1cc(N)c2c(c1)nc(NCc1ccccc1Cl)n2C[C@@H]1CCCCC[C@@H]1O
5i8p,Cn1c(N2CCS(=O)(=O)CC2)cc(OCc2cc(F)c(Oc3ccc(Cl)c(C(F)(F)F)c3)c(F)c2)nc1=O
6bee,CO[C@H]1/C=C/O[C@@]2(C)Oc3c(C)c(O)c4c(c3C2=O)-c2nc3cc(C)ccn3c2C(NC(=O)/C(C)=C\C=C\[C@H](C)[C@H](O)[C@@H](C)[C@@H](O)[C@@H](C)[C@H](OC(C)=O)[C@@H]1C)C4=O
4fmo,C[C@@H](O)[C@H]([NH3+])C(=O)N[C@@H](CCCNC(N)=[NH2+])C(=O)N[C@@H](CO)C(=O)N[C@@H](CCCC[NH3+])C(=O)N[C@@H](Cc1ccccc1)C(=O)N[C@@H](Cc1ccccc1)C(=O)N[C@@H](CC(N)=O)C(=O)[O-]
6drt,CC(C)C[C@H](NC(=O)CNC(=O)[C@@H]([NH3+])CCC(=O)[O-])C(=O)N[C@@H](CC(=O)[O-])C(=O)N[C@@H](Cc1ccccc1)C(=O)N[C@@H](CC(C)C)C(=O)N[C@@H](Cc1ccccc1)C(=O)N[C@@H](CC(=O)[O-])C(=O)N[C@@H](C)C(=O)[O-]
6e3n,Cc1ccccc1C1=CC(=O)C(O)C(C(=O)[O-])=N1
6fh6,CN1CC(C(=O)NCC[NH3+])=CCC1=O
4tky,C[C@H](NC(=O)[C@H](Cc1ccccc1)NC(=O)[C@@H]1CCC[NH2+]1)C(=O)N[C@H](C(=O)N[C@@H](CS)C(=O)N[C@@H](CC(=O)[O-])C(=O)N[C@@H](CO)C(=O)[O-])[C@@H](C)O
5azg,CC(C)C[C@H](NC(=O)[C@H](Cc1ccccc1)NC(=O)[C@@H](NC(=O)[C@H](Cc1ccccc1)NC(=O)[C@@H]([NH3+])CC(=O)[O-])[C@@H](C)O)C(=O)[O-]
4uib,CC1(C)[C@@H]2CC[C@@]1(C)[C@@H](NC(=O)[C@@H](CC1CCCCC1)NC(=O)N[C@@H](CCCC[NH3+])C(=O)[O-])C2
3wff,O=C1COc2ccc(C3=C(c4ccc(F)cc4F)C(=O)OC3)cc2N1
6enm,COc1ccc(-c2ccc(S(=O)(=O)c3ccccc3CC(=O)NO)cc2)cc1
2j83,CNC(=O)[C@H](Cc1ccccc1)NC(=O)[C@H](CC(C)C)[C@H](CSc1cccs1)C(=O)NO
6n77,COc1ccc(Cl)cc1-c1nn(C)cc1NC(=O)c1cnn2cccnc12
4p74,Cc1ccc(OCc2nc(C(=O)N[C@H]3CCS(=O)(=O)C3)cs2)cc1
4hwr,C[C@@H](O)[C@H]([NH3+])C(=O)NS(=O)(=O)c1cccc(-c2ccc3[nH]ncc3c2)c1
1g9a,NC(=[NH2+])c1ccc2[nH]c(Cc3nc4ccc(C(N)=[NH2+])cc4[nH]3)nc2c1
1rdt,CC1(C)CCC(C)(C)c2cc([C@@H]3CC=Cc4oc(/C=C/C(=O)[O-])cc43)ccc21
4mvx,O=C(NCCC[NH2+]Cc1cc(Cl)cc(Cl)c1)Nc1ccccc1
5ok6,CC[C@H](C)[C@H](NC(=O)[C@H](CCCC[NH3+])NC(=O)[C@H](CC(C)C)NC(=O)[C@H](CCCC[NH3+])NC(=O)[C@H](Cc1ccc(O)cc1)NC(=O)[C@H](Cc1ccccc1)NC(=O)[C@H](CCC(=O)[O-])NC(=O)C[NH3+])C(=O)N[C@@H](CCCNC(N)=[NH2+])C(=O)N[C@H](C(=O)N1CCC[C@H]1C(=O)N[C@@H](CCCNC(N)=[NH2+])C(N)=O)[C@@H](C)O
1jld,CCC(CC)NC(=O)C[C@@H](C(=O)NC[C@@H](O)[C@H](Cc1ccccc1)NC(=O)[C@@H](NC(=O)c1ccc2ccccc2n1)[C@@H](C)O)C(C)(C)C
6aqq,O=C1N[C@@H]2[C@H](CCCCCc3cn(Cc4cccc(F)c4)nn3)SC[C@@H]2N1
1l2s,O=C([O-])c1sccc1S(=O)(=O)Nc1ccc(Cl)cc1
6r8i,CC(C)C[C@H](NC(=O)[C@@H]([NH3+])CO)C(=O)N1CCC[C@H]1C(=O)N[C@@H](Cc1ccccc1)C(=O)N[C@H](C(=O)N[C@@H](Cc1ccccc1)C(=O)N[C@@H](CCCC[NH3+])C(=O)N[C@H](C(=O)N1CCC[C@H]1C(=O)N[C@@H](C)C(=O)N1CCC[C@H]1C(=O)N1CCC[C@H]1C(=O)N1CCC[C@H]1C(=O)N[C@@H](CO)C(=O)N[C@@H](CC(C)C)C(=O)N1CCC[C@H]1C(=O)N1CCC[C@H]1C(=O)[O-])C(C)C)[C@@H](C)O
6oyw,C[C@H]1CCCOc2ccccc2C(=O)Nc2cccc(n2)-c2nncn21
4zyw,Nc1nc2[nH]c(CCCc3ccc(C(=O)N[C@@H](CCC(=O)[O-])C(=O)[O-])s3)cc2c(=O)[nH]1
2xpa,CN(CC(N)=O)C(=O)c1nc(-c2ccccc2)[nH]c1C(=O)[O-]
6b1o,N=C[C@@H]1C[C@@H]2C[C@@H]2N1C(=O)[C@@H]([NH3+])[C@@]12C[C@@H]3C[C@@](O)(C[C@@](O)(C3)C1)C2
5ez0,CC(C)C[C@H](NC(=O)[C@@H]1CCCN1C(=O)[C@@H](NC(=O)[C@H](CCC(=O)[O-])NC(=O)[C@H](CCCC[NH3+])NC(=O)[C@@H]([NH3+])CO)[C@@H](C)O)C(=O)[O-]
4yec,CC(=O)N[C@H](C(=O)N[C@@H](CC(C)C)C(=O)N[C@H](C(=O)N[C@@H](CCCC[NH3+])C(C)=O)[C@@H](C)O)C(C)C
5ccm,O=C1Cc2cc(C(=O)N[C@@H]3C[C@@H]4CC[C@H](C3)N4S(=O)(=O)N3CCC([NH2+]Cc4ccccc4)CC3)c(Cl)cc2N1
4bic,[NH3+]CCNS(=O)(=O)c1ccc(-c2c[nH]c3ncccc23)s1
5yjk,COc1ccc(Cl)cc1C[C@@H]1CN/C(=N\N(C)C)CN(CC(=O)Nc2cccc(S(C)(=O)=O)c2)C1=O
6miq,CCCC(=O)NCCCC[C@H](NC(=O)[C@H](CCCNC(N)=[NH2+])NC(=O)[C@H](C)NC(=O)[C@@H](NC(=O)[C@H](CCC(N)=O)NC(C)=O)[C@@H](C)O)C(=O)[O-]
4fgy,CC[C@H](C)[C@H](NC(=O)[C@H](CCCC[NH3+])NC(=O)[C@H](Cc1c[nH]cn1)NC(=O)[C@@H]([NH3+])CCCNC(N)=[NH2+])C(=O)N[C@@H](CC(C)C)C(=O)N[C@@H](Cc1c[nH]cn1)C(=O)N[C@@H](CCCNC(N)=[NH2+])C(=O)N[C@@H](CC(C)C)C(=O)N[C@@H](CC(C)C)C(=O)N[C@@H](CCC(N)=O)C(=O)N[C@@H](CCC(=O)[O-])C(=O)[O-]
5etv,[NH2+]=c1[nH]c(=O)c2[nH]c(SCC(=O)c3ccc(Br)cc3)nc2[nH]1
3hxf,CCCCCCCCCCC(=O)N[C@@H](Cc1cnc[nH]1)C(=O)N[C@@H](Cc1c[nH]cn1)C(=O)N[C@@H](Cc1ccc(O)cc1)C(=O)N(C)CCc1ccccn1
1u9l,CC[C@H](C)[C@H](NC(=O)[C@@H]1CCCN1C(=O)[C@H](CCCNC(N)=[NH2+])NC(=O)[C@@H]([NH3+])CC(N)=O)C(=O)N[C@@H](CC(C)C)C(=O)N[C@@H](CO)C(=O)N[C@@H](CC(C)C)C(=O)[O-]
1gx0,O=C1CCN(C2OC(COP(=O)(O)OP(=O)(O)O)C(O)C2O)C(=O)N1
4puj,[NH2+]=c1[nH]c(=O)c2cc3nc(NCC[NH+]4CCOCC4)[nH]c3cc2[nH]1
4awf,O=C([O-])C(=O)CC(=O)c1ccccc1
6bir,CC(C)C[C@H](NC(=O)[C@H](CO)NC(=O)[C@H](CC(=O)[O-])NC(=O)[C@H](CC(C)C)NC(=O)[C@H](CC(N)=O)NC(=O)[C@@H](NC(=O)[C@H](CCC(=O)[O-])NC(=O)[C@H](CCCNC(N)=O)NC(=O)[C@H](CC(C)C)NC(=O)[C@H](CC(N)=O)NC(=O)[C@H](CC(C)C)NC(=O)[C@H](CO)NC(=O)[C@@H]([NH3+])CO)[C@@H](C)O)C(=O)[O-]
4qh7,CC[C@H](C)[C@H](NC(=O)[C@@H](NC(=O)[C@H](Cc1ccc(O)cc1)NC(=O)[C@H](C)[NH3+])[C@@H](C)O)C(=O)N[C@@H](CS)C(=O)N[C@@H](C)C(=O)NCC(=O)N[C@H](C(=O)N[C@@H](CCC(N)=O)C(=O)N[C@H](C(=O)N[C@@H](CC(=O)[O-])C(=O)N1CCC[C@H]1C(=O)[O-])[C@@H](C)O)[C@@H](C)O
6nyw,C[C@@H]1C[NH2+]CCN1c1nc(Nc2cc(C(C)(C)C)n[nH]2)c2cccc(F)c2n1
4aaw,COc1cc(OC)c(S(=O)(=O)NCc2ccccc2N2CCC(COC(=O)CCC(=O)[O-])CC2)cc1NC(=O)CCC(=O)[O-]
5hh6,O=C(O)c1cccc(C(O)P(=O)(O)O)n1
4j09,CSCC[C@H](NC(=O)[C@H](Cc1ccc(O)cc1)NC(=O)[C@H](CC(C)C)NC(=O)[C@H](CC(N)=O)NC(=O)[C@@H]([NH3+])[C@@H](C)O)C(=O)N[C@@H](CC(C)C)C(=O)[O-]
1eat,CC(C)[C@H](NC(=O)Cn1c(-c2ccc(N)cc2)ncc(NS(C)(=O)=O)c1=O)[C@H](O)C(F)(F)F
2x4u,CC[C@H](C)[C@H]([NH3+])C(=O)N[C@@H](CC(C)C)C(=O)N[C@@H](CCCC[NH3+])C(=O)N[C@@H](CCC(=O)[O-])C(=O)N1CCC[C@H]1C(=O)N[C@H](C(=O)N[C@@H](Cc1c[nH]cn1)C(=O)NCC(=O)N[C@H](C(=O)[O-])C(C)C)C(C)C
4yjl,CC(C)C[C@H](NC(=O)[C@H](C)NC(=O)[C@H](CC(=O)[O-])NC(=O)CNC(=O)[C@H](CO)NC(=O)[C@H](Cc1ccc(O)cc1)NC(=O)[C@H](CO)NC(=O)[C@H](CC(=O)[O-])NC(=O)[C@H](CCCNC(N)=[NH2+])NC(=O)[C@@H]1CCC[NH2+]1)C(=O)N[C@@H](Cc1ccc(O)cc1)C(=O)N[C@@H](CCC(=O)[O-])C(=O)N[C@@H](Cc1ccccc1)C(=O)[O-]
5w2q,CCCCS(=O)(=O)Nc1ccc2cnn(C)c2c1
5tqe,CN1Cc2cc(ccc2S(=O)(=O)C2CC2)NC(=O)OCCc2cccc(c2)[C@@H](Nc2ccc3c(N)nccc3c2)C1=O
6b1c,Cn1ccc2ccc(-c3cn(-c4ccc(O)c(F)c4)nn3)nc2c1=O
1u0h,CNc1ccccc1C(=O)OC1C(COP(=O)(O)OP(=O)(O)OP(=O)(O)O)OC(n2cnc3c(=O)[nH]c(N)nc32)C1O
5g1n,O=C(O)CC(NC(=O)CP(=O)(O)O)C(=O)O
2xp4,O=C([O-])c1cnc(-c2ccccc2)[nH]1
1l2z,CC(C)[C@H](NC(=O)[C@H](CCCNC(N)=[NH2+])NC(=O)[C@H](Cc1c[nH]cn1)NC(=O)CNC(=O)[C@@H]1CCCN1C(=O)[C@@H]1CCCN1C(=O)[C@@H]1CCCN1C(=O)[C@@H]1CCCN1C(=O)[C@H](CCCNC(N)=[NH2+])NC(=O)[C@H](Cc1c[nH]cn1)NC(=O)[C@@H]([NH3+])CO)C(=O)[O-]
6hm4,CSCCC(NC(=O)C(NC(=O)C[NH3+])C(C)C)C(=O)NC(C(=O)NC(C(=O)N1CCCC1C(=O)NC(CC(N)=O)C(=O)NC(C(=O)N1CCCC1C(=O)O)C(C)OP(=O)(O)O)C(C)C)C(C)O
4hrc,CCCCCC(=O)N[C@H](C(=O)N[C@@H](CCC(=O)N(C)C)C(=O)N[C@@H](CC(C)C)[C@@H](O)[C@H](C)CO)C(C)C
2yiu,C/C=C(C)/C=C/C=C/[C@H](OC)[C@@H](C)[C@@H](OC)[C@@H](C)CCc1oc2c(O)c(OC)cc(OC)c2c(=O)c1C
5yc2,CC(C)C[C@H](NC(=O)[C@@H]1CCC[NH2+]1)C(=O)N[C@@H](CC(=O)[O-])C(=O)N[C@@H](CC(=O)[O-])C(=O)N[C@@H](CCC(=O)[O-])C(=O)N[C@@H](CCC(=O)[O-])C(=O)N[C@@H](C)C(=O)N[C@@H](Cc1ccccc1)C(=O)N[C@@H](CCC(=O)[O-])C(=O)N[C@@H](CCCC[NH3+])C(=O)N[C@@H](CCC(N)=O)C(=O)N[C@H](C(=O)N[C@H](C(=O)N[C@@H](CO)C(=O)[O-])[C@@H](C)O)C(C)C
2upj,CC[C@H](Cc1ccccc1)c1cc(O)c([C@H](c2cccc(NC(=O)CCNC(=O)OC(C)(C)C)c2)C2CC2)c(=O)o1
2vpp,Nc1ccn([C@@H]2O[C@H](CO)[C@@H](O)C2(F)F)c(=O)n1
1c9d,O=P(O)(O)CCCCSc1cc(F)ccc1O
5uig,COc1ccccc1CNC(=[NH2+])c1nn(-c2cccc(C)c2)nc1N
5vqs,C=CC(=O)Nc1cc(Oc2ccccc2OCCn2ccc(=O)[nH]c2=O)c(C)c2cc(C#N)ccc12
5gn6,CCCCc1cc(=O)oc2c(O)c(O)ccc12
3adv,[NH3+]CCc1c[nH]c2ccc(O)cc12
5yic,CSC[C@H](NC(=O)Cc1ccc(N)cc1)C(=O)N[C@@H](Cc1ccccc1)[C@H](O)C(=O)N1[CH]SC(C)(C)[C@H]1C(=O)N[C@H]1c2ccccc2C[C@H]1O
3dz2,Cc1nc2c(N)ncnc2n1[C@@H]1O[C@H](C[N@@H+](C)CCC[NH3+])[C@@H](O)[C@H]1O
4pgd,C[C@H](NC(=O)[C@@H]1CCCN1C(=O)[C@H](Cc1ccc(O)cc1)NC(=O)[C@H](CC(N)=O)NC(=O)CNC(=O)[C@@H]1CCCN1C(=O)[C@H](C)NC(=O)[C@@H]([NH3+])Cc1ccccc1)C(=O)N[C@@H](Cc1ccccc1)C(=O)[O-]
5dw1,COc1cc(OC)c2c(=O)[nH]c(-c3cc(C)c(OCC[NH+]4CCCC4)c(C)c3)nc2c1
4qtn,NC(=O)C1=CN([C@@H]2O[C@H](CO)[C@@H](O)[C@H]2O)C=CC1
3t6y,Cn1ccnc1[C@@H]([NH2+]C[C@H]1O[C@@H](n2ccc(=O)[nH]c2=O)C[C@@H]1O)c1ccccc1
5j59,CN(CC[NH2+]Cc1cc(Cl)cc(Cl)c1)c1nc2nc(Cl)ccc2[nH]1
2nnq,CCc1c(-c2ccccc2)c(-c2ccccc2)nn1-c1ccccc1-c1cccc(OCC(=O)[O-])c1
5yqo,Cc1cc(C)nc(SCC(=O)Nc2cccc(COc3ccc(NC(=O)c4cnn(C)c4)cc3)c2)n1
2ate,Nc1c([N+](=O)[O-])ncn1C1OC(COP(=O)(O)O)C(O)C1O
4blb,CC[C@H](C)[C@H](NC(=O)[C@H](CO)NC(=O)[C@H](CC(C)C)NC(=O)[C@H](Cc1c[nH]cn1)NC(=O)CNC(=O)[C@H](Cc1ccc(O)cc1)NC(=O)[C@@H]([NH3+])CO)C(=O)NCC(=O)[O-]
2ltv,CSCC[C@H](NC(=O)[C@@H]1CCCN1C(=O)[C@H](Cc1ccc(O)cc1)NC(=O)[C@H](CCCNC(N)=[NH2+])NC(=O)[C@H](CO)NC(=O)[C@H](Cc1ccc(O)cc1)NC(=O)[C@@H]1CCCN1C(=O)[C@@H]1CCCN1C(=O)[C@@H]1CCCN1C(=O)[C@@H]1CCCN1C(=O)[C@@H]([NH3+])CO)C(=O)N[C@@H](CC(=O)[O-])C(=O)[O-]
4i11,CC1(C)Cc2ccccc2C(N[C@@H](Cc2ccccc2)C(=O)[O-])=N1
6cjh,c1ccc(-c2[nH]nc3ccc(-c4ccncc4)cc23)cc1
3mp6,C[C@H]([NH3+])C(=O)N[C@@H](CCCNC(N)=[NH2+])C(=O)N[C@H](C(=O)N[C@@H](CCCC[NH+](C)C)C(=O)[O-])[C@@H](C)O
5j3v,CC(C)C[C@H](NC(=O)[C@H](CCC(N)=O)NC(=O)[C@H](CCCC[NH3+])NC(=O)[C@H](CCCNC(N)=[NH2+])NC(=O)[C@@H]1CCCN1C(=O)[C@H](C)NC(=O)[C@H](CCCC[NH3+])NC(=O)CNC(=O)CNC(=O)[C@@H]([NH3+])[C@@H](C)O)C(=O)N[C@@H](C)C(=O)N[C@H](C(=O)N[C@@H](CCCC[NH3+])C(=O)N[C@@H](C)C(=O)N[C@@H](C)C(=O)N[C@@H](CCCNC(N)=[NH2+])C(=O)N[C@@H](CCCC[NH3+])C(=O)[O-])[C@@H](C)O
4btb,O=C([O-])[C@@H]1CCCN1C(=O)[C@@H]1CCCN1C(=O)[C@@H]1CCCN1C(=O)[C@@H]1CCCN1C(=O)[C@@H]1CCCN1C(=O)[C@@H]1CCCN1C(=O)[C@@H]1CCCN1C(=O)[C@@H]1CCCN1C(=O)[C@@H]1CCC[NH2+]1
5dv4,[NH3+]C[C@@H]1O[C@H](O[C@@H]2[C@@H](CO)O[C@@H](O[C@H]3[C@@H](O[C@@H]4O[C@H](C[NH3+])[C@@H](O)[C@H](O)[C@H]4[NH3+])[C@@H]([NH3+])C[C@@H]([NH3+])[C@@H]3O)[C@@H]2O)[C@H]([NH3+])[C@@H](O)[C@@H]1O
5t2m,Cn1nc(-c2cnc(N)c(-c3ccc(C(N)=O)cc3)n2)nc1C1(c2ccccc2)CC1
2imd,[NH3+][C@@H](CCC(=O)NCC(=O)NCC(=O)[O-])C(=O)[O-]
5f0h,N#Cc1ccc(N2CCC(CCC(=O)NCc3ccc(N4CCCCC4)cc3)CC2)cc1
5wae,O=C(O)c1cccc(CS(=O)(=O)NCB(O)OP(=O)(O)O)c1
4yv2,O=C(/C=C\S)Nc1ccccc1
3fej,CCO[C@@H](Cc1ccc(OCc2csc(-c3ccc(Cl)cc3)n2)cc1C)C(=O)[O-]
5t4h,CC#CCn1c(N2CCC[C@@H]([NH3+])C2)nc2c1c(=O)n(Cc1ccccc1C#N)c1nccn21
6rmf,O=C(CC1CCCCC1)N[C@H]1Cc2cccc(C(=O)[O-])c2O[B-]1([OH2+])[OH2+]
1hc9,CC(C)C[C@H](NC(=O)[C@H](CO)NC(=O)[C@H](CO)NC(=O)[C@H](CCC(=O)[O-])NC(=O)[C@H](Cc1ccc(O)cc1)NC(=O)[C@H](Cc1ccc(O)cc1)NC(=O)[C@H](CCCNC(N)=[NH2+])NC(=O)[C@@H]([NH3+])Cc1c[nH]c2ccccc12)C(=O)N[C@@H](CC(C)C)C(=O)N1CCC[C@H]1C(=O)N[C@@H](Cc1ccc(O)cc1)C(=O)N1CCC[C@H]1C(=O)N[C@@H](CC(=O)[O-])C(=O)[O-]
3az8,O=C(CC(=O)C(F)(F)F)c1ccc([N+](=O)[O-])cc1
5du8,CCc1ccc([C@H]2C[C@@H](C(F)(F)F)n3ncc(C(=O)NCc4ccc(F)cn4)c3N2)cc1
5a3q,Nc1ncnc2c1ncn2C1OC(COP(=O)(O)OP(=O)(O)CP(=O)(O)O)C2OC3(OC21)C([N+](=O)[O-])=CC([N+](=O)[O-])=CC3[N+](=O)[O-]
2ooz,O/N=C/c1ccc(O)cc1
5qax,O=C([O-])c1cccc(-c2ccc3ncccc3c2)c1
2gmx,CCOc1nc(NC(=O)Cc2cc(OC)c(Br)cc2OC)cc(N)c1C#N
1a85,CC(C)C[C@H](C(=O)NO)C(=O)N[C@@H](CC(N)=O)C(=O)NCc1cccc(N)c1
6dl9,O=C([O-])C(=O)CC(=O)c1c(Cl)cccc1Cl
2aeb,[NH3+][C@@H](CCCCB(O)O)C(=O)[O-]
4fmu,CCC[NH2+][C@@H](CC[C@H]([NH3+])C(=O)[O-])C[C@H]1O[C@@H](n2cnc3c(N)ncnc32)[C@H](O)[C@@H]1O
1iau,CC[C@H](C)[C@H](NC(C)=O)C(=O)N[C@@H](CCC(=O)[O-])C(=O)N1CCC[C@H]1C(=O)N[C@H](CO)CC(=O)[O-]
5v5d,O=C([O-])c1ccc(NC(=O)c2cccc(CC3CCCCC3)n2)c(Nc2ccccc2)c1
2lsr,CC(C)C[C@H](NC(=O)[C@H](CO)NC(=O)C[NH3+])C(=O)N[C@@H](CC(C)C)C(=O)N[C@@H](CCCC[NH3+])C(=O)N[C@@H](CCC(=O)[O-])C(=O)N[C@H](C(=O)N[C@@H](CC(C)C)C(=O)N[C@@H](CCC(=O)[O-])C(=O)N[C@@H](CC(=O)[O-])C(=O)N[C@@H](Cc1ccc(O)cc1)C(=O)N[C@@H](CC(C)C)C(=O)N[C@@H](CCCNC(N)=[NH2+])C(=O)N[C@@H](CC(C)C)C(=O)N[C@@H](CCCC[NH3+])C(=O)N[C@@H](CCCC[NH3+])C(=O)[O-])C(C)C
4yyn,C/C=C/C(=O)NCCCC[C@H](NC(=O)CNC(=O)CNC(=O)[C@H](CCCCNC(=O)/C=C/C)NC(=O)CNC(=O)[C@H](CCCNC(N)=[NH2+])NC(=O)CNC(=O)[C@@H]([NH3+])CO)C(=O)NCC(=O)N[C@@H](CC(C)C)C(=O)NCC(=O)[O-]
6agt,O=C(NCC1CCCCC1)c1cc(=O)c2ccccc2o1
2j7w,O=P(O)(O)OP(=O)(O)OP(=O)(O)O
3bl2,CC[C@H](C)[C@H](NC(=O)[C@H](CC(=O)[O-])NC(=O)[C@H](Cc1ccccc1)NC(=O)[C@H](CC(C)C)NC(=O)[C@H](CC(=O)[O-])NC(=O)CNC(=O)[C@@H](NC(=O)[C@@H](NC(=O)[C@H](CCCC[NH3+])NC(=O)[C@H](CC(C)C)NC(=O)[C@H](CCCNC(N)=[NH2+])NC(=O)[C@H](CCCNC(N)=[NH2+])NC(=O)[C@H](CO)NC(=O)[C@H](CC(C)C)NC(=O)[C@H](CC(N)=O)NC(=O)[C@H](CCC(=O)[O-])NC(=O)[C@H](CCSC)NC(=O)[C@@H]([NH3+])[C@@H](C)O)C(C)C)[C@@H](C)O)C(=O)N[C@@H](CCSC)C(=O)[O-]
2z97,C=Cc1c(C)c2n3c1[CH]c1c(C)c(C=C)c4n1[FeH2+7]31n3c(c(C)c(C)c3[CH]c3c(CCC(=O)[O-])c(C)c(n31)[CH]4)[CH]2
6nyh,COc1cc2c(cn1)N(C)C(=O)[C@@H](NC(=O)c1nc3n(n1)[C@H](c1ccccc1)CC3)CC2
3wcb,CCCCCCCCCCn1cc[n+](CC(O)(P(=O)(O)O)P(=O)(O)O)c1
2zu3,CC(=O)CC[C@H](C[C@@H]1CCNC1=O)NC(=O)[C@H](CC(C)C)NC(=O)[C@H](CNC(=O)C(C)(C)C)NC(=O)OCc1ccccc1
4e1n,Cc1nc2ccccc2c(-c2cc(F)c3c(c2C)CCCO3)c1[C@H](OC(C)(C)C)C(=O)[O-]
6iyw,CS[C@H]1C[C@H]([C@H](C=O)[C@@H](C)O)N=C1C(=O)[O-]
2h1h,Nc1ncnc2c1ncn2C1OC(COP(=O)(O)OP(=O)(O)OC2OC(C(O)CO)C(O)C(O)C2F)C(O)C1O
1pzj,[NH3+]CCC[N@H+]1CC[N@H+](CCCNC(=O)c2cc(O[C@@H]3O[C@H](CO)[C@H](O)[C@H](O)[C@H]3O)cc([N+](=O)[O-])c2)CC1
1oxg,CC(C)[C@H](NC(=O)[C@H](C)NC(=O)CNC(=O)CNC(=O)CNC(=O)CNC(=O)CNC(=O)C[NH3+])C(=O)N1CCC[C@H]1C(=O)NCC(=O)N[C@@H](CO)C(=O)N[C@@H](Cc1c[nH]c2ccccc12)C(=O)N1CCC[C@H]1C(=O)N[C@@H](Cc1c[nH]c2ccccc12)C(=O)O
3v04,O=C(NOCCO)c1ccc2n[nH]cc2c1Nc1ccc(I)cc1F
4wmy,CCCO[C@@H]1O[C@@H]([C@H](O)CO)[C@H](O)[C@H]1O
3hac,[NH3+][C@H]1Cn2c(nc3cnccc32)C[C@@H]1c1cc(F)c(F)cc1F
2ax6,CC(C)(O)C(=O)Nc1ccc([N+](=O)[O-])c(C(F)(F)F)c1
1ih0,COc1ccc(C(=O)N2CCCc3cc([C@H]4[NH2+]NC(=O)S[C@@H]4C)ccc32)cc1OC
3eq9,O=C([C@@H]1CCCN1C(=O)CCCN1C(=O)NC(c2ccccc2)(c2ccccc2)C1=O)N1CCCC1
2x7x,OC[C@H]1O[C@](O)(CO)[C@@H](O)[C@@H]1O
1zxc,CC#CCOc1ccc(S(=O)(=O)N2CCSC(C)(C)[C@@H]2C(=O)NO)cc1
4og7,NS(=O)(=O)c1ccc(OCCC[N@H+]2CC[C@H]([C@](O)(c3ccccn3)C3CCCC3)CC2)cc1
1vwf,CC(=O)N[C@@H](CS)C(=O)N[C@@H](Cc1c[nH]cn1)C(=O)N1CCC[C@H]1C(=O)N[C@@H](CCC(N)=O)C(=O)NCC(=O)N1CCC[C@H]1C(=O)N1CCC[C@H]1C(=O)N[C@@H](CS)C(N)=O
6a5e,CC[C@H](C)[C@H](NC(=O)[C@H](Cc1ccc(O)cc1)NC(=O)[C@@H]([NH3+])CCCNC(N)=[NH2+])C(=O)N[C@@H](CO)C(=O)N[C@@H](Cc1ccc(O)cc1)C(=O)NCC(=O)N[C@@H](C)C(=O)N[C@@H](CC(C)C)C(=O)N[C@@H](CCCNC(N)=[NH2+])C(=O)N[C@@H](CCCNC(N)=[NH2+])C(=O)N[C@@H](CC(N)=O)C(=O)N[C@H](C(=O)N[C@H](C(=O)N1CCC[C@H]1C(=O)N[C@@H](CS)C(=O)[O-])[C@@H](C)CC)[C@@H](C)O
5v41,CCOC(=O)c1c(-c2ccccc2)oc2ccc(O)c(C[NH+]3CCOCC3)c12
5yls,COc1ccc(/C=C/C(=O)c2ccc(OC)c3c2OC(C)(C)CC3)cc1N
4ye3,COc1ccc(S(=O)(=O)N(CC(C)C)C[C@@H](O)[C@H](Cc2ccccc2)NC(=O)O[C@H]2CO[C@H]3OC[C@H](OC)[C@@H]23)cc1
5nqe,NC(=O)c1cccc(NC(=O)CCC(=O)N2CCN(c3ccc(F)cc3)CC2)c1
4xjs,Cc1cc(NCc2c(Cl)ccc(Cl)c2Cl)c2cc(F)cc(C(N)=O)c2n1
3nsq,O=C1c2cccc(O)c2C(=O)c2c(O)cccc21
1i7c,C[C@@H](/C=N/NC(N)=[NH2+])[NH2+]NC(N)=[NH2+]
6h13,C[N@@H+](Cc1ccnc(NC(=O)Nc2cccc3c2[C@@H]2CCCCN2C3=O)c1)Cc1cn(CCNc2c3ccccc3nc3ccccc23)nn1
3p2h,CCCCCCCC(=O)NC1=CC(=O)CCC1
2ica,CN1C(=O)N(c2cc(Cl)cc(Cl)c2)C(=O)[C@]12C[N@@H+](Cc1cc(C(=O)[O-])cs1)C[C@H]2c1ccc(C#N)cc1
1dva,CC(=O)N[C@@H](C)C(=O)N[C@@H](CC(C)C)C(=O)N[C@H]1CSSC[C@@H](C(=O)N[C@@H](CCC(N)=O)C(=O)N[C@@H](Cc2ccccc2)C(=O)N[C@H](C(=O)N[C@@H](CCC(=O)[O-])C(N)=O)C(C)C)NC(=O)[C@H](Cc2ccc(O)cc2)NC(=O)[C@H](Cc2c[nH]c3ccccc23)NC(=O)[C@H](CCCNC(N)=[NH2+])NC(=O)[C@H](CC(=O)[O-])NC(=O)[C@H](C(C)C)NC(=O)[C@H](CCCNC(N)=[NH2+])NC(=O)[C@@H]2CCCN2C(=O)[C@H](CC(=O)[O-])NC(=O)[C@H](CC(=O)[O-])NC1=O
3rjm,CC(=O)N[C@H](C(=O)N[C@@H](CC(=O)[O-])C(=O)N[C@H](C(=O)N1CC[C@H](OC(C)C)[C@H]1C(=O)N[C@H](C=O)CC(=O)[O-])C(C)C)C(C)C
2df6,CC[C@H](C)[C@H](NC(=O)[C@H](CO)NC(=O)[C@H](CCCC[NH3+])NC(=O)[C@@H](NC(=O)[C@H](Cc1c[nH]cn1)NC(=O)[C@H](CCC(=O)[O-])NC(=O)[C@@H]1CCCN1C(=O)[C@H](CCCNC(N)=[NH2+])NC(=O)[C@@H]1CCCN1C(=O)[C@H](C)NC(=O)[C@@H](NC(=O)[C@@H](NC(=O)[C@@H]1CCCN1C(=O)[C@@H]1CCC[NH2+]1)C(C)C)[C@@H](C)CC)[C@@H](C)O)C(=O)N[C@@H](Cc1ccc(O)cc1)C(=O)N[C@H](C(=O)N[C@@H](CCCNC(N)=[NH2+])C(=O)N[C@@H](CO)C(=O)[O-])[C@@H](C)O
2hny,Cc1ccnc2c1NC(=O)c1cccnc1N2C1CC1
1mcz,O=C([O-])[C@H](O)c1ccccc1
6e2m,Cn1cnnc1-c1cccc(NC(=O)c2ccccn2)c1
3lc3,COc1ccc(-c2ccc3sc(C(N)=[NH2+])cc3c2)cc1OC
1eve,COc1cc2c(cc1OC)C(=O)[C@H](C[C@H]1CC[N@H+](Cc3ccccc3)CC1)C2
4iho,CC(C)C[C@H](NC(=O)[C@H](Cc1c[nH]c2ccccc12)NC(=O)[C@H](CC(=O)[O-])NC(=O)[C@H](CCC(N)=O)NC(=O)[C@H](CC(N)=O)NC(=O)[C@H](CCCNC(N)=[NH2+])NC(=O)[C@@H]1CCCN1C(=O)CNC(=O)[C@@H]([NH3+])CCC(=O)[O-])C(=O)[O-]
3bl7,Nc1nc(N)c2c(OCC3CC[NH+](Cc4ccccc4F)CC3)cccc2n1
5n8w,C[C@H](O)[C@@H](NC(=O)[C@@H](C)NC(=O)[C@@H](CCC(=O)[O-])NC(=O)[C@@H](CC(=O)[O-])NC(=O)[C@@H](Cc1c[nH]cn1)NC(=O)[C@@H](Cc1c[nH]c2ccccc12)NC(=O)CNC(=O)C[NH3+])C(=O)N[C@H](Cc1c[nH]c2ccccc12)C(=O)N[C@H](CCCC[NH3+])C(=O)[O-]
3dy6,O=C(Nc1ccccc1C(=O)[O-])c1cccc(S(=O)(=O)N2CCc3ccccc3C2)c1
3wax,Oc1nc(N2CC[NH+](Cc3cccc(B([OH2+])[OH2+])c3)CC2)sc1Cc1ccc(Cl)c(Cl)c1
1pun,Nc1nc2c([nH]c(=O)n2C2CC(O)C(COP(=O)(O)O)O2)c(=O)[nH]1
6ocz,Cc1cc(C(=O)N[C@@H](CC(=O)N2CCC[C@@H]2c2ccccc2)C(=O)N[C@@H](C)C(=O)NCc2ccc(F)cc2F)no1
1vcj,CCC(CC)Nc1cc(C(=O)[O-])ccc1N1C(=O)CC[C@@]1(C[NH3+])CO
3g9e,CO[C@@H](Cc1ccc(OCCc2nc(-c3ccccc3)oc2C)c2ccsc12)C(=O)[O-]
5idn,Cc1n[nH]c2ncc(C(=O)N3CCC[C@H]3c3ccc(Cl)cc3)cc12
4ehr,CCCCc1c(-c2ccc(C(=O)NS(=O)(=O)CC[Si](C)(C)C)cc2C(=O)N2CCc3ccccc3C2)c(CO)nn1-c1ccccc1
2pt9,C[S@@+](CCC[NH3+])C[C@H]1O[C@@H](n2cnc3c(N)ncnc32)[C@H](O)[C@@H]1O
2ql7,CC[C@H](C)[C@H]([NH3+])C(=O)N[C@@H](CCC(=O)[O-])C(=O)N1CCC[C@H]1C(=O)N[C@H](C=O)CC(=O)[O-]
6d49,Cc1cc(C(=O)NC[C@@H](O)[C@@H](O)[C@@H]2O[C@@](OC[C@H]3O[C@@H](O[C@@H]4[C@@H](CO)O[C@@H](OCC[NH3+])[C@H](O)[C@H]4O)[C@H](O)[C@@H](O)[C@H]3O)(C(=O)[O-])C[C@H](O)[C@H]2NC(=O)Cn2cc(C3CCCCC3)nn2)cc(C)c1O
3tws,CC(C)C[C@H](NC(=O)[C@@H]([NH3+])Cc1c[nH]cn1)C(=O)N[C@@H](CCC(N)=O)C(=O)N[C@@H](CCCNC(N)=[NH2+])C(=O)NCC(=O)N[C@@H](CS)C(=O)N[C@@H](C)C(=O)N[C@@H](CC(=O)[O-])C(=O)NCC(=O)N[C@@H](CCC(N)=O)C(=O)N[C@@H](CO)C(=O)N[C@@H](Cc1ccccc1)C(=O)N[C@@H](CCCNC(N)=[NH2+])C(=O)N[C@@H](CO)C(N)=O
3oaw,Cc1nc(N)nc2c1nc(-c1cn[nH]c1)c(=O)n2C(C)C
5hjc,CC(=O)NCCCC[C@H](NC(=O)[C@H](CCCNC(N)=[NH2+])NC(=O)[C@@H]1CCCN1C(=O)[C@H](C)[NH3+])C(=O)N[C@@H](CCC(N)=O)C(=O)N[C@@H](CC(C)C)C(=O)N[C@@H](C)C(=O)N[C@H](C(=O)N[C@@H](CCCC[NH3+])C(=O)[O-])[C@@H](C)O
5hfb,CC(C)[C@H](NC(=O)[C@H](CO)NC(=O)[C@@H](NC(=O)[C@H](CCC(N)=O)NC(=O)[C@H](C)NC(=O)[C@@H]([NH3+])Cc1ccc(O)cc1)[C@@H](C)O)C(=O)[O-]
3avh,CC[C@H](C)[C@@H]1NC(=O)[C@H](CCCC[NH3+])NC(=O)[C@H](CCCNC(N)=[NH2+])NC(=O)[C@H](C)NC(=O)[C@H](CC(=O)[O-])NC(=O)[C@H](CC(C)C)NC(=O)[C@H](CC(N)=O)NC(=O)[C@H](CC(=O)[O-])NC1=O
5wg8,OC[C@H]1[C@@H]2CC[C@@H](O2)[C@H]1CO
2bpx,CC(C)(C)NC(=O)[C@@H]1C[N@H+](Cc2cccnc2)CC[N@H+]1C[C@@H](O)C[C@@H](Cc1ccccc1)C(=O)N[C@H]1c2ccccc2C[C@H]1O
6gmx,O=C1CCSc2ccc(Cl)cc21
4kjv,C[NH2+][C@@H](C)C(=O)N[C@@H]1C(=O)N(Cc2c(OC)ccc3cc(C(=O)[O-])ccc23)c2ccccc2OC12CCOCC2
4hnp,C=C(C)[C@H](O)[C@H](CC(C)C)NC(=O)[C@H](CCC(=O)N(C)C)NC(=O)[C@@H](NC(=O)CCCCC)C(C)C
2y2p,C[C@@H](NC(=O)c1c(F)cccc1-c1ccccc1)B(O)O
1lvc,Nc1ccccc1C(=O)OC1CC(n2cnc3c(N)ncnc32)OC1COP(=O)(O)OP(=O)(O)OP(=O)(O)O
6oir,O=C(NNS(=O)(=O)c1ccccc1)c1cc(-c2ccccc2)ccc1F
6ic5,C[NH+]1CCN(S(=O)(=O)c2ccc(-c3ccc([C@H]4C[C@@]4(C=N)NC(=O)[C@@H]([NH3+])Cc4cccs4)cc3)cc2)CC1
3.00E+90,NC(=[NH2+])NCCC[C@@H](CO)NC(=O)[C@H](CCCC[NH3+])NC(=O)[C@H](CCCC[NH3+])NC(=O)c1ccc2ccccc2c1
6cdg,CC(C)C[C@H](NC(=O)CNC(=O)[C@@H]1CCC[NH2+]1)C(=O)N[C@@H](Cc1c[nH]c2ccccc12)C(=O)N[C@@H](CCCC[NH3+])C(=O)N[C@@H](C)C(=O)[O-]
5nb7,NC(=O)c1nn(CC(=O)N2[C@H](C(=O)Nc3cccc(Br)n3)C[C@H]3C[C@H]32)c2ccccc12
6hb7,Cn1c(=O)ccn([C@@H]2O[C@H](COS(=O)(=O)NC(=O)[C@@H]([NH3+])Cc3ccc(O)cc3)[C@@H](O)[C@H]2O)c1=O
2xel,Oc1c(Cl)cc(Cl)cc1-c1[nH]c(Cl)c(Cl)c1Cl
1ule,CC(=O)N[C@H]1[C@H](O)O[C@H](CO)[C@@H](O[C@@H]2O[C@H](CO)[C@H](O)[C@H](O[C@H]3O[C@H](CO)[C@H](O)[C@H](O)[C@H]3O)[C@H]2O)[C@@H]1O
3tdc,CCNC(=O)Nc1sc2ccccc2c1C(=O)N1CCC([N+]2CCC[C@@]3(C2)CC(C)(C)OC3=O)CC1
2ew6,O=C(/C=C/c1ccc(O)c(O)c1)NCCc1ccc(O)cc1
3d9l,CC(O)C(NC(=O)C1CCCN1C(=O)C(COP(=O)(O)O)NC(=O)C([NH3+])Cc1ccc(O)cc1)C(=O)NC(CO)C(=O)N1CCCC1C(=O)NC(CO)C(=O)NC(Cc1ccc(O)cc1)C(=O)NC(COP(=O)(O)O)C(=O)N1CCCC1C=O
5ogl,CC(=O)NC1C(CP(=O)(O)OP(=O)(O)OC/C=C(/C)CC/C=C(/C)CC/C=C(/C)CCC=C(C)C)OC(CO)C(O)C1O
6oio,O=C(NNS(=O)(=O)c1ccccc1)c1cccc(-c2ccccc2)c1
4o0v,COCCNc1nc2ccc(C#CC3(O)CCCCC3)cc2n1-c1ccnc(N)n1
1ym1,O=C(Cc1cccs1)N[C@H](B(O)O)c1cccc(C(=O)[O-])c1
3pkc,CO[C@@H](C(=O)NC[C@@H]1CCCN(C(=O)C2CC2)C1)[C@H](O)[C@@H](O)[C@H](O)/C=C/C(C)(C)C
5g1p,NC(=O)OP(=O)(O)O
6faw,COCCOc1ccccc1C(c1ccccc1)C1CCCN1C(=O)CNC(=O)C1CCCN1C(=O)C(CC(C)C)NC(=O)C(COP(=O)(O)O)NC(=O)C1CCCN1C(=O)C(NC(=O)C(CCCNC(=N)N)NC(C)=O)C(C)O
4bbg,CCc1cccc([C@](SCC[NH3+])(c2ccccc2)c2cccc(O)c2)c1
4rac,Nc1nc2c(ncn2CC[NH+](CCOCP(=O)(O)O)CCP(=O)(O)O)c(=O)[nH]1
1oiq,CC(=O)Nc1nccc(-c2c(C)[nH]c3cccc[n+]23)n1
3g42,C#CCOc1ccc(S(=O)(=O)N[C@H](Cc2c[nH]c3ccc(C)cc23)C(=O)[O-])cc1
6fv2,O=C(CCc1ccccc1)N[C@@H](Cc1ccccc1)C(=O)N[C@@H](C[C@@H]1CCNC1=O)[C@H](O)C(=O)NCc1ccccc1
3i6m,COc1ccc2c3c1O[C@H]1C[C@@H](O)C=C[C@@]31CC[N@@H+](CCC[NH+]1CCCCC1)C2
5w12,O=C(Cc1cccs1)N[C@@H](Cc1cccc(C(=O)[O-])c1)B(O)O
3kai,Cn1nc(-c2ccccc2)cc1C(=O)N[C@H](Cc1ccc2ccccc2c1)C(=O)[O-]
5tbp,CC1=C(CC(=O)[O-])c2cc(F)ccc2/C1=C\c1ccc(C(C)C)cc1
6bl2,C[C@@H]1C(=O)[C@H](C#N)C[C@]2(c3cccc(C(=O)[O-])c3)c3nc(Nc4ccccc4)ncc3CC[C@@H]12
4yat,COc1ccc(S(=O)(=O)Nc2ccc3c(c2)n(C)c(=O)n3C)cc1
2bjm,Oc1c2ccccc2cc2ccccc12
5wb3,COc1cc2c(cc1OC)CC(NC(=O)c1nc([C@@H]3CCCN3C(=O)CSc3ccccc3Cl)[nH]c(=O)c1O)C2
4qnu,[NH2+]=c1[nH]cnc2c1ncn2[C@@H]1O[C@H](C[S@+](CC[C@H]([NH3+])C(=O)[O-])CC(=O)[O-])[C@@H](O)[C@H]1O
3ksq,Cn1cncc1[C@H](O)C1=Cc2cccnc2[C@@H]([NH+]2CCN(C(=O)OC(C)(C)C)CC2)c2ccc(Cl)cc21
2itk,CC([NH3+])C(=O)NC(C(=O)N1CCCCC1C(=O)NC(Cc1ccc2ccccc2c1)C(=O)NC(CCC(N)=O)C(N)=O)C(C)OP(=O)(O)O
6pml,O=C([O-])Cc1coc2cc(OCc3ccccc3)ccc12
6nze,CNC(=O)c1cnc(Nc2ccc(F)cn2)cc1Nc1ccccc1C(N)=O
5yto,Oc1ccc([C@@H](O)C[NH2+]Cc2ccc3ccccc3c2)cc1O
4qkx,COc1cc(CC[NH2+]C[C@H](O)c2ccc(O)c(O)c2)ccc1OCCS
5kgw,Cn1c([C@H](OC(C)(C)C)C(=O)[O-])c(-c2ccc3c(c2)CCCO3)c2ccccc21
2g83,Nc1nc2c(ncn2C2OC(COP(=O)(O)OP(=O)(O)O)C(O)C2O)c(=O)[nH]1
4euc,CC(=O)CCCNC(=O)CCNC(=O)C(O)C(C)(C)COP(=O)(O)OP(=O)(O)OCC1OC(n2cnc3c(N)ncnc32)C(O)C1OP(=O)(O)O
2bmz,CO[C@H]1O[C@H](CO)[C@@H](O)[C@H](O[C@@H]2OC[C@@H](O)[C@H](O)[C@H]2O)[C@@H]1O
1lf9,C[C@H]1O[C@H](O[C@@H]2[C@@H](CO)O[C@H](O[C@@H]3[C@@H](CO)O[C@H](O)[C@H](O)[C@H]3O)[C@H](O)[C@H]2O)[C@H](O)[C@@H](O)[C@@H]1[NH2+][C@H]1C=C(CO)[C@@H](O)[C@H](O)[C@H]1O
1gqs,C[C@@H](c1cccc(O)c1)[NH+](C)C
1hqg,[NH3+]CCC[C@H]([NH3+])C(=O)[O-]
4c1w,CC(=O)N[C@@H]1[C@@H](O)C[C@](O[C@H]2[C@@H](O)[C@@H](CO)O[C@@H](O[C@@H]3[C@@H](CO)O[C@H](O)[C@H](O)[C@H]3O)[C@@H]2O)(C(=O)[O-])O[C@H]1[C@H](O)[C@H](O)CO
6hah,O=S(=O)([O-])c1cc2c(O)c(c1)Cc1cc(S(=O)(=O)[O-])cc(c1O)Cc1cc(S(=O)(=O)[O-])cc(c1O)Cc1cc(S(=O)(=O)[O-])cc(c1O)Cc1cc(S(=O)(=O)[O-])cc(c1O)Cc1cc(S(=O)(=O)[O-])cc(c1O)C2
4yhz,C[C@H]([NH3+])C(=O)N[C@@H](CCCNC(N)=[NH2+])C(=O)N[C@H](C(=O)N[C@@H](CCCC[N+](C)(C)C)C(=O)N[C@@H](CCC(N)=O)C(=O)N[C@H](C(=O)N[C@@H](C)C(=O)N[C@@H](CCCNC(N)=[NH2+])C(=O)N[C@@H](CCCC[NH3+])C(=O)[O-])[C@@H](C)O)[C@@H](C)O
4ark,NC(=O)c1c(Nc2ccc(I)cc2F)cc(F)cc1OCC[C@@H](O)CO
3vws,Cc1oc2ccc(NS(=O)(=O)c3ccc(Cl)cc3)cc2c1C(=O)[O-]
5c85,O=C1CNc2cc(Br)ccc2N1
4iti,COc1ccc2c(c1)C1=NN(C(=O)CO)[C@H](c3ccc(OC(F)(F)F)c(F)c3)[C@@H]1CC2
3o64,CNc1nc([C@H]2CCCN2C(=O)[C@H](O)[C@@H](O)C(=O)N[C@H](C)c2ccc(-n3cccn3)cc2)c(S(C)(=O)=O)s1
5cfa,C[C@H]([NH3+])C(=O)N[C@@H](CCCC[NH3+])C(=O)N[C@@H](CCC(N)=O)C(=O)N[C@@H](Cc1ccccc1)C(=O)N[C@H](C(=O)N[C@@H](CO)C(=O)N[C@@H](CO)C(=O)N[C@H](C(=O)N[C@@H](CO)C(=O)N[C@@H](Cc1ccc(O)cc1)C(=O)[O-])[C@@H](C)O)[C@@H](C)O
4hxm,CCCC(=O)Nc1cc(NS(=O)(=O)c2cccs2)cc(-c2csc(=O)[nH]2)c1
6fau,COc1ccccc1C(c1ccccc1)C1CCCN1C(=O)CNC(=O)C1CCCN1C(=O)C(CC(C)C)NC(=O)C(COP(=O)(O)O)NC(=O)C1CCCN1C(=O)C(NC(=O)C(CCCNC(=N)N)NC(C)=O)C(C)O
3f35,CCc1cccc(CC)c1O
2er9,CC(C)C[C@H](NC(=O)C[C@H](O)[C@H](CC(C)C)NC(=O)[C@H](Cc1cnc[nH]1)NC(=O)[C@H](Cc1ccccc1)NC(=O)[C@@H]1CCCN1C(=O)[C@H](Cc1cnc[nH]1)NC(=O)OC(C)(C)C)C(N)=O
4p45,CC(C)C(NC(=O)c1ccc(F)cc1)C(=O)NC(COP(=O)(O)NC(CCC(=O)O)C(=O)O)C(=O)O
5sxk,Cc1c(N)cccc1N
3o8h,O=C(Cn1cc(CNS(=O)(=O)c2ccc(I)cc2)nn1)N1CCC(c2nc(-c3cccs3)no2)CC1
5ygd,CNC(NC)=[NH+]CCC[C@H](NC(=O)[C@H](CCCNC(N)=[NH2+])NC(=O)CNC(=O)[C@H](CCCNC(N)=[NH2+])NC(=O)CNC(=O)[C@H](CCC(N)=O)NC(=O)[C@@H]([NH3+])CC(=O)[O-])C(=O)N[C@@H](CCCNC(N)=[NH2+])C(=O)N1CCC[C@H]1C(=O)N[C@@H](CC(C)C)C(=O)N[C@@H](CC(N)=O)C(=O)[O-]
4lnf,NC(=O)CC[C@H]([NH3+])C(=O)[O-]
3fv7,COC(=O)/N=c1/ccn2c(c1)C=C(CO)C2[NH2+][C@@H](C(=O)[O-])C(C)(C)[S@@H+](=O)[O-]
1zfp,CCC(C)C(NC(=O)C(Cc1ccc(OP(=O)(O)O)cc1)NC(=O)C(CCC(=O)O)NC(=O)c1ccccc1N)C(=O)NC(CC(N)=O)C(=O)NC(CCC(N)=O)C(N)=O
4ee0,O=C(NCC[N+]1CCOCC1)c1ccc(-c2nccc3ccccc23)cc1
2h03,CCOC(=O)C(CCNC(=O)OC(C)(C)C)(Cc1ccc(NS(=O)(=O)[O-])cc1)C(=O)OCC
4wv6,CC[C@H](C)[C@H](NC(=O)[C@H](CCCC[NH3+])NC(=O)[C@@H]1CCCN1C(=O)[C@H](CCCC[NH3+])NC(=O)[C@H](CCCC[NH3+])NC(=O)[C@@H](NC(=O)[C@@H]1CCC[NH2+]1)C(C)C)C(=O)N[C@@H](CCCNC(N)=[NH2+])C(=O)N[C@@H](CCCNC(N)=[NH2+])C(=O)[O-]
5c0m,C[C@H]([NH3+])C(=O)N[C@@H](CCCNC(N)=[NH2+])C(=O)N[C@H](C(=O)N[C@@H](CCCCC(C)(C)C)C(N)=O)[C@@H](C)O
5hhx,CC[C@H](C)[C@H]([NH3+])C(=O)N[C@@H](Cc1cnc[nH]1)C(=O)N[C@H](C(=O)N[C@H](C(=O)N[C@H](C(=O)N1CCC[C@H]1C(=O)N[C@@H](C)C(=O)N[C@@H](CC(=O)[O-])C(=O)N[C@@H](CC(C)C)C(=O)N[C@@H](Cc1c[nH]c2ccccc12)C(=O)N[C@@H](CC(=O)[O-])C(=O)N[C@@H](Cc1c[nH]c2ccccc12)C(=O)N[C@H](C(=O)N[C@@H](CC(N)=O)C(=O)[O-])[C@@H](C)CC)[C@@H](C)CC)[C@@H](C)O)C(C)C
1dtt,CCOc1ccnc(CCNC(=S)Nc2ccc(Cl)cn2)c1F
6j0k,C/C(=C\COP(=O)(O)OP(=O)(O)O)CO
3ew2,O=C([O-])CCCC[C@@H]1SC[C@@H]2NC(=O)N[C@H]12
1jws,CC(C)C[C@H](NC(=O)[C@H](CCCC[NH3+])NC(=O)[C@H](CC(C)C)NC(=O)[C@@H](NC(=O)[C@H](CC(N)=O)NC(=O)[C@H](CCC(N)=O)NC(=O)[C@H](CCCC[NH3+])NC(=O)[C@@H](NC(=O)[C@H](Cc1ccc(O)cc1)NC(=O)[C@H](CCCC[NH3+])NC(=O)[C@@H]1CCC[NH2+]1)C(C)C)[C@@H](C)O)C(=O)N[C@@H](C)C(=O)N[C@H](C(=O)[O-])[C@@H](C)O
5twz,COc1cc(-c2cn[nH]c2)ccc1C(=O)Nc1ccc2c(c1)CC[NH2+]CC2
5k51,O=c1nc[nH]c2c1ncn2CCCCCP(=O)(O)O
3hqw,COc1ccc(-c2nc(-c3cccs3)[nH]c2-c2ccc(OC)cc2)cc1
4b6f,[NH3+]Cc1ccc(Oc2ccccc2)cc1
3zim,CC(C)CC(=O)CCC(=O)N1CC[NH+](Cc2cc3nc(-c4cccc5[nH]ncc45)nc(N4CCOCC4)c3s2)CC1
6eb1,CC(C)(C)O[C@H](C(=O)[O-])c1c(-c2ccc3c(c2)CCCO3)nc(-c2ccccc2)c2ccccc12
1qtn,CC[C@H](C)[C@H](NC(C)=O)C(=O)N[C@@H](CCC(=O)[O-])C(=O)N[C@H](C(=O)N[C@@H](CC(=O)[O-])C(=O)[O-])[C@@H](C)O
4amy,CC(C)(C)[C@H]1CC[C@@H](C(=O)N2CCC[C@H]2[C@@H](O)CO)N1C(=O)CCCc1ccccc1
3dxm,O=C1CS[C@@H](c2cccc(Br)c2)N1c1cc(Cl)ccc1O
1yc5,NC(=O)c1cccnc1
6nzp,CNC(=O)c1nnc(NC(=O)C2CC2)cc1Nc1cccc(-c2ncn(C)n2)c1OC
3u3f,CSCC[C@H](NC(=O)[C@H](CC(C)C)NC(=O)[C@H](C)NC(=O)[C@H](CC(=O)[O-])NC(=O)[C@H](CC(C)C)NC(=O)[C@H](C)NC(=O)[C@H](C)NC(=O)[C@@H](NC(=O)[C@H](C)NC(=O)[C@H](C)[NH3+])[C@@H](C)O)C(=O)N[C@@H](C)C(=O)N[C@@H](CO)C(=O)N[C@@H](CC(C)C)C(=O)[O-]
4fgt,CC(C)C[C@H](NC(=O)[C@H](CCC(N)=O)NC(=O)[C@@H]([NH3+])CS)C(=O)N[C@@H](Cc1ccc(O)cc1)C(=O)[O-]
5ksu,CSCC[C@H](NC(=O)[C@H](CCCNC(N)=[NH2+])NC(=O)[C@H](CCSC)NC(=O)[C@H](CCCC[NH3+])NC(=O)[C@H](CO)NC(=O)[C@@H](NC(=O)[C@@H]1CCC[NH2+]1)C(C)C)C(=O)N[C@@H](C)C(=O)N[C@H](C(=O)N1CCC[C@H]1C(=O)N[C@@H](CC(C)C)C(=O)N[C@@H](CC(C)C)C(=O)N[C@@H](CCSC)C(=O)N[C@@H](CCC(N)=O)C(=O)[O-])[C@@H](C)O
1a5h,NC(=[NH2+])c1ccc(C[C@@H]2CCCC[C@@H](Cc3ccc(C(N)=[NH2+])cc3)C2=O)cc1
5idp,Nc1n[nH]c2ccc(C(=O)N3CCCC[C@H]3c3ccc(F)cc3)cc12
6ggv,NC(=[NH2+])NCCC[C@H]([NH3+])C(=O)[O-]
6oah,Cc1ccc(-c2cc3c(NC(Cc4ccccc4)P(=O)(O)O)ncnc3s2)cc1Cl
5hh5,O=C(O)c1cccc(CP(=O)(O)O)n1
3ex3,O=c1ccn(C2OC(COP(=O)(O)O)C(O)C2O)c(=O)[nH]1
2ima,O=C(/C=C/c1ccc(Cl)cc1Cl)NO
1jtq,Nc1nc2[nH]cc(CCc3ccc(C(=O)N[C@@H](CCc4nnn[nH]4)C(=O)[O-])cc3)c2c(=O)[nH]1
1leg,CC(C)[C@H](NC(=O)[C@H](CO)NC(=O)[C@H](Cc1ccc(O)cc1)NC(=O)[C@H](Cc1ccccc1)NC(=O)[C@H](CCCC[NH3+])NC(=O)[C@H](Cc1ccc(O)cc1)NC(=O)[C@H](CCC(N)=O)NC(=O)[C@@H]([NH3+])CCC(=O)[O-])C(=O)[O-]
2jdh,CC(=O)N[C@@H]1[C@@H](O)[C@H](O[C@@H]2O[C@@H](C)[C@@H](O)[C@@H](O)[C@@H]2O)[C@@H](CO)O[C@H]1n1cc(CO)nn1
2xp8,O=C([O-])c1[nH]c(-c2ccccc2)nc1C(=O)N1CCOCC1
2h65,CC(=O)N[C@H](C(=O)N[C@@H](CC(=O)[O-])C(=O)N[C@H](C(=O)N[C@@H](C)C(=O)N[C@H](C=O)CC(=O)[O-])C(C)C)C(C)C
5ne3,NC(=O)[C@@H]1CC[C@@H]([NH2+]OS(=O)(=O)[O-])CN1C=O
2ay9,O=C([O-])CCCCc1ccccc1
4anx,CC(C)c1ccc(-c2nccnc2N2CCN(S(=O)(=O)c3cccc(-c4cnc(N)nc4)c3)CC2)cc1
1lhc,CC(=O)N[C@H](Cc1ccccc1)C(=O)N1CCC[C@H]1C(=O)N[C@@H](CCCNC(N)=[NH2+])B(O)O
5d7x,CC(=O)n1cc(C2=C(C)N=NC2=O)c2ccccc21
4kbi,CNC(=O)c1c(-c2ccc(F)cc2)oc2cc(N(Cc3cc(F)c4c(c3)COB4[OH2+])S(C)(=O)=O)c(C3C=C3)cc12
2xg5,O=C([O-])[C@@H]1[C@@H](c2ccccc2)Sc2c(C3CC3)c(Cc3cccc4ccccc34)cc(=O)n21
6jno,Cc1cc2c(cc1-c1cc3cc(C(=O)[O-])c(=O)oc3cc1O)C(C)(C)CCC2(C)C
5a3r,Nc1ncnc2c1ncn2C1OC(COP(=O)(O)OP(=O)(O)CP(=O)(O)O)C2OC3(OC21)C([N+](=O)[O-])=CC([N+](=O)[O-])=CC3[N+](=O)[O-]
1ekb,[NH3+]CCCC[C@@H](CO)NC(=O)[C@H](CC(=O)[O-])NC(=O)[C@H](CC(=O)[O-])NC(=O)[C@@H]([NH3+])CC(=O)[O-]
6h7d,OC[C@H]1O[C@@H](O)[C@H](O)[C@@H](O)[C@@H]1O
6i9a,CN(NC(=O)CC[C@H](NC(=O)OCc1ccccc1)C(=O)N[C@@H](CCCC[NH3+])[C@H](O)C(=O)NCc1ccccc1)c1ccccc1
5ovg,COc1cc2nc(C)nc(N[C@H](C)c3ccc(-c4cnc5n4CCC5)s3)c2cc1OC
5ahj,CC(C)C[C@H](NC(=O)[C@@H](NC(=O)[C@@H](NC(=O)[C@H](C)C(=O)N[C@@H](Cc1ccccc1)C(=O)[O-])[C@@H](C)O)[C@H](C)O)[C@@H](O)CCO
1jlq,Cc1cc(C)cc(S(=O)(=O)c2cccc(N)c2C#N)c1
2ha7,CCCC(=O)SCC[N+](C)(C)C
6oxp,CC[C@H](C)CN(C[C@@H](O)[C@H](Cc1ccccc1)NC(=O)O[C@H]1CO[C@H]2OCC[C@@H]12)S(=O)(=O)c1ccc(CO)cc1
3hs9,C[C@H](NC(=O)[C@H](Cc1c[nH]c2ccccc12)NC(=O)[C@H](CC(N)=O)NC(=O)[C@@H]([NH3+])CC(N)=O)C(=O)N[C@@H](CC(=O)[O-])C(=O)N[C@@H](Cc1ccccc1)C(=O)N[C@@H](CO)C(=O)N[C@@H](CO)C(=O)N[C@H](C(=O)N[C@@H](Cc1c[nH]c2ccccc12)C(=O)N1CCC[C@H]1C(=O)[O-])[C@@H](C)O
4yoi,O=C(Nc1ccc(N(Cc2ccsc2)C(=O)Cn2nnc3ccccc32)cc1)c1cccs1
3bun,CCC(C)C(NC(=O)C(Cc1ccc(OP(=O)(O)O)cc1)NC(=O)C(CC(=O)O)NC(=O)C([NH3+])CC(N)=O)C(=O)NC(CC(=O)O)C(=O)NC(CC(N)=O)C(=O)N1CCCC1C(=O)O
6ckc,Nc1ncnc2c1ccn2[C@@H]1O[C@H]([C@H](O)c2ccccc2)[C@@H](O)[C@H]1O
2ael,CC(C)=CCC[N@@H+](C)[C@H]1CC=C(C)CC1
3orn,O=C(NOCCO)c1cc(CN2OCCCC2=O)c(F)c(F)c1Nc1ccc(I)cc1F
6q74,COc1ncc(C2=CCOCC2)cc1NS(=O)(=O)c1cn(Cc2ccccc2)c(C)n1
2a2g,C=C(C)[C@@H]1CC[C@]2(C)O[C@@H]2C1
1i80,O=c1[nH]cnc2cc[nH]c12
4cgj,[NH3+]CCCCCC(=O)N[C@H]1Cc2ccccc2[C@@H]1Cc1ccc2c(c1C(=O)[O-])OCO2
3kac,O=C([O-])CCc1nc2ccccc2[nH]1
4tyo,O=C(N[C@H](Cc1nc2ccc(F)cc2[nH]1)C(=O)[O-])c1ccc2ccccc2c1
4y6r,CN(O)C(=O)CC(CP(=O)(O)O)c1ccccc1
3bqn,O=C(/C=C/c1ccc(Sc2ccccc2OCc2cccnc2)c(C(F)(F)F)c1C(F)(F)F)N1CCOCC1
5hkb,CC(C)c1cc(Oc2c(Br)cc(NC(=O)CC(=O)[O-])cc2Br)ccc1O
3buo,CC(C)CC(NC(=O)C(Cc1ccccc1)NC(=O)C([NH3+])CO)C(=O)NC(CCC(N)=O)C(=O)NC(CCCNC(=N)N)C(=O)NC(Cc1ccc(OP(=O)(O)O)cc1)C(=O)NC(CO)C(=O)NC(CO)C(=O)NC(CC(=O)O)C(=O)N1CCCC1C(=O)NC(C(=O)O)C(C)O
6ary,CCC(CC)n1cc([C@H](O)C(F)F)cn1
1npv,O=C(N[C@@H](Cc1ccccc1)[C@@H](O)C[C@]1(Cc2ccccc2)NC=C([C@@H]2CNC(=O)c3ccccc32)C1=O)O[C@H]1CCOC1
2csm,[NH3+][C@@H](Cc1ccc(O)cc1)C(=O)[O-]
4wz8,CC(C)n1ncc2c1C(=O)CC1(CCN(C(=O)c3ccc4n[nH]cc4c3)CC1)C2
3udv,CC1(C)N=C2NC(=[NH2+])NC(=O)C2N=C1C(=O)NCC[N+]1CCC(SC[C@H]2O[C@@H](n3cnc4c(N)ncnc43)[C@H](O)[C@@H]2O)CC1
4inr,CC(C)C[C@H](NC(=O)[C@H](Cc1ccccc1)N=[N+2]#N)C(=O)N[C@@H](CC(C)C)C(=O)N[C@H](CCS(C)(=O)=O)Cc1ccc(C[NH3+])cc1
5u8f,Cn1cc([C@H]2C[N@H+]([C@H]3CCc4cccc(F)c43)C[C@@H]2[NH+](C)C)c2ccccc21
5zwe,C=C1[C@H](O)CC(=C/C=C2\CCC[C@@]3(C)[C@H]2CC[C@@H]3[C@H](C)CCC(=O)CC)C[C@H]1O
5edi,Cc1cc(Cl)c(C)n2nc(CCc3nc(N4CCCC4)nn3C)nc12
5y0f,COc1ccc(S(=O)(=O)Nc2ccc(F)c(C(=O)[O-])c2)c2ccccc12
1b42,C[n+]1cnc2[nH]cnc2c1N
2fvc,CC(C)CCn1c(=O)c(C2=Nc3ccccc3S(=O)(=O)N2)c(O)c2ccccc21
1rhk,CC(=O)N[C@@H](CC(=O)[O-])C(=O)N[C@@H](CCC(=O)[O-])C(=O)N[C@H](C(=O)N[C@@H](CC(=O)[O-])[C@H](O)CCCc1ccccc1)C(C)C
6cn6,Cc1c(NC(=O)c2cccc(C#N)c2)ccc2c1c(C1CCN(C(=O)C3CCCC3)CC1)cn2C
1g3m,Oc1c(Cl)cc(-c2cc(Cl)c(O)c(Cl)c2)cc1Cl
3mag,C[n+]1cnc(N)c2nc[nH]c21
1sqq,CO/C=C(/C(=O)OC)c1ccccc1/C=C/c1ccccc1
2z4b,Oc1ccc([C@@H]2Oc3ccc(O)cc3[C@@H]3CC(F)(F)C[C@@H]32)cc1
3omm,O=C([O-])c1ccc(NC(=O)[C@H](C2CCCCC2)n2c(-c3ccc(Cl)cc3)nc3cc(F)c(F)cc32)c(F)c1
6djc,Cc1sc2c(c1C)C(c1ccc(Cl)cc1)=N[C@@H](CC(=O)NCCCCCCCCCCNC(=O)C[C@@H]1N=C(c3ccc(Cl)cc3)c3c(sc(C)c3C)-n3c(C)nnc31)c1nnc(C)n1-2
4amx,OC[C@@]1(F)OC[C@H](O)[C@@H](O)[C@@H]1O
1uef,CC[C@H](C)[C@H](NC(=O)[C@H](Cc1c[nH]c2ccccc12)NC(=O)[C@@H]([NH3+])[C@@H](C)O)C(=O)N[C@@H](CCC(=O)[O-])C(=O)N[C@@H](CC(N)=O)C(=O)N[C@@H](CCCC[NH3+])C(=O)N[C@@H](CC(C)C)C(=O)N[C@@H](Cc1ccc(O)cc1)C(=O)NCC(=O)N[C@@H](CCSC)C(=O)O
4ciz,C=C(C)/C=C/[C@H]1[C@@H](C)CCCC1(C)C
3l7g,CC(C)NP(=O)(O)NC(C)C
4ifh,Cc1ccc(C(=O)NCc2cn([C@@H](CC(=O)NO)Cc3ccc4ccccc4c3)nn2)cc1
5ura,O=C([O-])[C@H]1[C@H](c2ccccc2)[C@H](C(=O)Oc2cccc3ccccc23)[C@H]1c1ccccc1
1ws5,CO[C@H]1O[C@H](CO)[C@@H](O)[C@H](O)[C@@H]1O
5ual,CO[C@H]1/C=C/O[C@@]2(C)Oc3c(C)c(O)c4c(O)c(c(/C=N/N5CC[NH+](C)CC5)c(O)c4c3C2=O)NC(=O)[C@H](C)CCC[C@H](C)[C@H](O)[C@@H](C)[C@@H](O)[C@@H](C)[C@H](OC(C)=O)[C@@H]1C
6bef,CO[C@H]1CCO[C@@]2(C)Oc3c(C)c(O)c4c(O)c(c(C=O)c(O)c4c3C2=O)NC(=O)/C(C)=C\C=C\[C@H](C)[C@H](O)[C@@H](C)[C@@H](O)[C@@H](C)[C@H](OC(C)=O)[C@@H]1C
5unf,CCC1=Nc2ccc(N(Cc3ccccc3)C(=O)c3cccs3)cc2[C@@H](O)N1Cc1ccc(-c2ccccc2-c2nn[nH]n2)cc1
4lq9,O=S(=O)([O-])c1cccc2c(S(=O)(=O)[O-])cccc12
5qb0,O=C([O-])c1cccc(-c2ccccn2)c1
2yim,C=C(O)C(C)C(=O)SCCNC(=O)CCNC(=O)C(O)C(C)(C)COP(=O)(O)OP(=O)(O)OCC1OC(n2cnc3c(N)ncnc32)C(O)C1OP(=O)(O)O
4lys,COc1cc2c(c(OC)c1OC)C1=CCC(=O)C(=O)C=C1[C@@H](NC(C)=O)CC2
5ali,COc1ccc(NC(=O)Nc2cccc(-c3ncn(C[C@@H]4CCCO4)c3-c3nc4c(N)ncnc4s3)c2)cc1
4gpl,CC(=O)NC(Cc1ccc(OP(=O)(O)O)cc1)C(=O)NC(C(=O)N1CCCC1C(=O)NC(CCC(=O)O)C(=O)N1CCCC1C(N)=O)C(C)O
6bib,O=C1CC[C@@H](CO)NC(=O)[C@H](CC2CCCCC2)NC(=O)[C@@H](NC(=O)OCc2ccccc2)Cc2cn(nn2)CCCN1
3d5m,CC(C)(C)[C@H]1C(O)=C(C2=NS(=O)(=O)c3c(CNS(C)(=O)=O)cccc32)C(=O)N1Cc1ccc(F)c(Cl)c1
4u0x,O=C(Cc1cccs1)N[C@@H](Cn1cc(C(=O)[O-])nn1)B([OH2+])[OH2+]
3bh9,CSCCC(NC(=O)C1CCCN1C(=O)CNC(=O)C(COP(=O)(O)O)NC(=O)C(Cc1ccc(O)cc1)NC(=O)C(NC(=O)C([NH3+])CCCNC(=N)N)C(C)O)C(=O)NC(CC(N)=O)C(=O)NC(CCCC[NH3+])C(=O)NC(C(=O)O)C(C)C
6qw9,O=CN1C[C@H]([NH2+]OS(=O)(=O)[O-])CC[C@H]1C(=O)NC1CC[NH2+]CC1
4cc3,CC(C)C[C@H](NC(=O)[C@@H]1CCCN1C(=O)[C@@H]1CCCN1C(=O)[C@@H]1CCCN1C(=O)[C@@H]1CCC[NH2+]1)C(=O)N1CCC[C@H]1C(=O)N[C@@H](CO)C(=O)NCC(=O)N1CCC[C@H]1C(=O)N[C@@H](C)C(=O)N[C@@H](Cc1ccc(O)cc1)C(=O)N[C@@H](C)C(=O)[O-]
6duh,Cc1cc(/C=C/C#N)cc(C)c1Oc1nc(N[C@H]2CC[N@H+](Cc3ccc(S(N)(=O)=O)cc3)CC2)nc2ccsc12
3g76,C[NH2+][C@@H](C)C(=O)N[C@H](C(=O)N1CCC[C@H]1Cn1nnnc1Sc1ccccc1)[C@@H](C)OC
3qcj,COc1ccc(S(=O)(=O)NC(=O)c2sccc2SCc2ccc(Cl)c(Cl)c2)cc1C(=O)[O-]
3ig1,CC(C)C1=CC(=O)C(=O)C(O)C=C1
2f01,O=C([O-])CCCC[C@@H]1SC[C@@H]2NC(=O)N[C@H]12
2p59,CCC[C@H](NC(=O)[C@@H]1C[C@@H]2CCCC[C@@H]2N1C(=O)[C@@H](NC(=O)[C@@H](NC(=O)c1cc([N+](=O)[O-])c[nH]1)C1CCCCC1)C(C)(C)C)[C@@H](O)C(=O)NC1C=C1
5iv4,Nc1nc(Cl)cc(N(Cc2cccs2)C2CC2)n1
5ar7,CC(C)(C)c1cc(NC(=O)Nc2ccc(Oc3ccncc3)cc2)no1
4ohk,CC#C[C@H]1CN(S(=O)(=O)c2ccc(N)nc2)CCN1c1ccc([C@](O)(CCCC)C(F)(F)F)cc1
4pl6,C[N+](C)(C)CCCC[C@H]([NH3+])C(=O)[O-]
5xqx,CNC(=O)c1cc(-c2ccncc2)c[nH]1
5eld,CC(=O)N[C@H]1[C@@H](O)O[C@H](CO)[C@@H](O[C@@H]2O[C@H](CO)[C@H](O)[C@H](O[C@H]3O[C@H](CO)[C@H](O)[C@H](O)[C@H]3NC(C)=O)[C@H]2O[C@@H]2O[C@@H](C)[C@@H](O)[C@@H](O)[C@@H]2O)[C@@H]1O[C@@H]1O[C@@H](C)[C@@H](O)[C@@H](O)[C@@H]1O
3r0y,CCCNC(=O)[C@@H](Cc1ccccc1)NC(=O)C[C@H](O)[C@H](Cc1ccccc1)NC(=O)[C@@H](NC(=O)c1ccccn1)C(C)C
5fb7,CCCCC/C=C\C/C=C\C/C=C\C/C=C\CCCC(=O)[O-]
2i03,C#C[C@H]1CC[C@@H](C=N)N1C(=O)C[NH2+]C1(C)CCN(c2cc(C(=O)[O-])ccn2)CC1
3nif,CCc1nn2c(=O)cc(N3CC[NH2+]CC3)nc2s1
4gui,O=C([O-])[C@]1(O)C[C@@H](O)[C@@H](O)[C@H](O)C1
4hcz,CC(C)[C@H](NC(=O)CNC(=O)CNC(=O)[C@@H](NC(=O)[C@@H]([NH3+])CO)[C@@H](C)O)C(=O)N[C@@H](CCCC[N+](C)(C)C)C(=O)N[C@@H](CCCC[NH3+])C(=O)N1CCC[C@H]1C(=O)N[C@@H](Cc1c[nH]cn1)C(=O)N[C@@H](CCCNC(N)=[NH2+])C(=O)[O-]
5ien,C=C1CC[C@H](O)C/C1=C/C=C1\CCC[C@@]2(C)[C@H]1CC[C@@H]2[C@H](C)CCCC(C)(C)O
6dub,CNC(=O)[C@H](CCCNC(N)=[NH2+])NC(=O)[C@H](CCCC[NH3+])NC(=O)[C@@H]1CCCN1C(=O)[C@@H]([NH3+])CO
1r5n,Nc1nc2c(ncn2C2OC(COP(=O)(O)OP(=O)(O)O)C(O)C2O)c(=O)[nH]1
4kql,COc1cc(C(=O)Nc2ccc(NC(=O)c3ccccn3)cc2)cc(-c2c[nH]c(=O)[nH]c2=O)c1
4x6k,CC(=O)N[C@H]1[NH2+]C[C@H](C(=O)[O-])[C@H](O)[C@@H]1O
2xg3,CC(=O)N[C@H]1[C@H](O)O[C@H](CO)[C@@H](O[C@@H]2O[C@H](CO)[C@H](O)[C@H](NC(=O)c3ccccc3)[C@H]2O)[C@@H]1O
4h4m,N#C/C=C/c1cc(Cl)cc(Oc2ccc(Cl)cc2OCCn2ccc(=O)[nH]c2=O)c1
1ikw,O=C1Nc2ccc(Cl)cc2[C@@](C#CC2CC2)(C(F)(F)F)O1
3d9m,CC(O)C(NC(=O)C1CCCN1C(=O)C(CO)NC(=O)C([NH3+])Cc1ccc(O)cc1)C(=O)NC(COP(=O)(O)O)C(=O)N1CCCC1C(=O)NC(CO)C(=O)O
2cbs,CC(/C=C/C=C(\C)c1ccc2c(c1)C(C)(C)CCC2(C)C)=C\C(=O)[O-]
1r17,C[C@H](NC(=O)C[NH3+])C(=O)N[C@@H](Cc1ccccc1)C(=O)N[C@@H](Cc1ccccc1)C(=O)N[C@@H](CO)C(=O)N[C@@H](C)C(=O)N[C@@H](CCCNC(N)=[NH2+])C(=O)NCC(=O)N[C@@H](Cc1cnc[nH]1)C(=O)N[C@@H](CCCNC(N)=[NH2+])C(=O)N1CCC[C@H]1C(=O)O
5qav,O=C([O-])c1cccc(-c2ccc(-c3nnn[nH]3)cc2)c1
3r8i,CCCCCCCN(CCc1ccc(OC(C)(C)C(=O)[O-])cc1)c1nc2ccccc2o1
1w1d,O=P(O)(O)OC1C(O)C(OP(=O)(O)O)C(OP(=O)(O)O)C(OP(=O)(O)O)C1O
5iz6,CC(C)C[C@H](NC(=O)[C@H](C)NC(=O)[C@H](CCC(=O)[O-])NC(=O)CNC(=O)[C@H](C)NC(=O)OCc1ccccc1)C(=O)N[C@@H](Cc1ccc(O)cc1)C(=O)N[C@@H](CCC(=O)[O-])C(N)=O
3d28,CC(C)[C@H]1C(O)=C(C2=NS(=O)(=O)c3ccccc32)C(=O)N1Cc1ccccc1
6b7d,COc1nnc(-c2ccc(Cl)cc2)c(C)c1C
5uor,CC(C)n1cnnc1-c1cccc(N2Cc3ccc(OC[C@@H]4C[N@H+](C)CCO4)cc3C2=O)n1
1xuo,CNC(=O)[C@H](Cc1ccc2ccccc2c1)N1CCC(=O)N(Cc2cnc3ccccc3c2)[C@@H](CC(C)C)C1=O
4auy,OCC#Cc1ccc(O[C@H]2O[C@H](CO)[C@@H](O)[C@H](O)[C@@H]2O)cc1
3m2u,CC(OP(=O)(O)O)C(NC(=O)CCCCCS)C(=O)O
6rna,CC(C)(C)S(=O)(=O)c1cc2c(Nc3ccc4scnc4c3)ncnc2cc1OCCO
6fg6,CN1CC(C(=O)NCC[NH3+])CCC1=O
3snc,CC(=O)N[C@@H](CC(N)=O)C(=O)N[C@@H](CO)C(=O)N[C@H](C(=O)N[C@@H](CO)C(=O)N[C@H](CO)CCC(N)=O)[C@@H](C)O
6n3n,Nc1ncc(C#Cc2c(F)ccc(NS(=O)(=O)c3cc(Cl)cc(CO)c3Cl)c2F)cn1
1onh,O=CC1=CN=C(C(=O)[O-])CS[C@H]1c1cn2c(n1)COCC2
4qw1,CC(C)C[C@H](NC(=O)[C@H](Cc1ccccc1)NC(=O)c1cnccn1)B(O)O
4lnw,[NH3+][C@@H](Cc1cc(I)c(Oc2ccc(O)c(I)c2)c(I)c1)C(=O)[O-]
6poq,COc1ccc(Nc2ccc3c(CC(=O)[O-])coc3c2)cc1
1azx,CO[C@H]1O[C@H](COS(=O)(=O)O)[C@@H](O[C@@H]2O[C@@H](C(=O)[O-])[C@@H](O[C@H]3O[C@H](COS(=O)(=O)O)[C@@H](O[C@@H]4O[C@H](C(=O)[O-])[C@@H](O[C@H]5O[C@H](COS(=O)(=O)O)[C@@H](OC)[C@H](OC)[C@H]5OS(=O)(=O)O)[C@H](OC)[C@H]4OC)[C@H](OS(=O)(=O)O)[C@H]3OS(=O)(=O)O)[C@H](OC)[C@H]2OS(=O)(=O)O)[C@H](OS(=O)(=O)O)[C@H]1OS(=O)(=O)O
4kn7,CO[C@H]1CCO[C@@]2(C)Oc3c(C)c(O)c4c(=O)c(c5oc6cccc(OCCCC[N@H+]7CC[N@H+](CCn8ccnc8)CC7)c6nc-5c4c3C2=O)NC(=O)[C@H](C)CCC[C@H](C)[C@H](O)[C@@H](C)[C@@H](O)[C@@H](C)[C@H](OC(C)=O)[C@@H]1C
5lsy,CC(C)C[NH2+][C@@H](CC[C@@H]([NH3+])C(=O)[O-])C[C@H]1O[C@@H](n2cnc3c(N)ncnc32)[C@H](O)[C@@H]1O
4pr5,CC(C)[C@H](NC(=O)[C@@H]1CCCN1C(=O)[C@@H]([NH3+])Cc1c[nH]cn1)C(=O)NCC(=O)N[C@@H](CC(=O)[O-])C(=O)N[C@@H](C)C(=O)N[C@@H](CC(=O)[O-])C(=O)N[C@@H](Cc1ccc(O)cc1)C(=O)N[C@@H](Cc1ccccc1)C(=O)N[C@@H](CCC(=O)[O-])C(=O)N[C@@H](Cc1ccc(O)cc1)C(=O)[O-]
5o0b,O=C([O-])c1ccc2[nH]nc(Br)c2c1
5vsc,CCCN(C)c1nc(N[C@H]2CC[N@H+](C)CC2)c2cc(OC)c(OC)cc2n1
3dst,CC(C)=CCC/C(C)=C/CC/C(C)=C/CC/C(C)=C/COP(=O)(O)OP(=O)(O)O
3uzc,Nc1nnc(-c2ccc(O)c(Cl)c2)c(-c2ccccc2)n1
4dgb,CC(C)C[C@H](NC(=O)[C@@H]1CCCN1C(=O)CNC(=O)[C@@H]1CCC[NH2+]1)C(=O)N1CCC[C@H]1C(=O)N[C@@H](C)C(=O)[O-]
6oxq,CCC(CC)CN(C[C@@H](O)[C@H](Cc1ccccc1)NC(=O)O[C@H]1CO[C@H]2OCC[C@@H]12)S(=O)(=O)c1ccc(CO)cc1
2wxm,CC(C)n1nc(C#Cc2cccnc2)c2c(N)ncnc21
4c1g,C[C@H](CS)C(=O)N1CCC[C@@H]1C(=O)[O-]
3u7m,CCCC[C@H](CN(O)C=O)C(=O)[C@@H](NC(=O)Nc1ccccc1F)C(C)C
5yie,CCN(CC[NH3+])c1cc(C)c(OCC(=O)N[C@@H](Cc2ccccc2)[C@H](O)C(=O)N2CSC(C)(C)[C@H]2C(=O)N[C@H]2c3ccccc3C[C@H]2O)c(C)c1
2gg9,COC(=O)[C@@H](CC(C)C)NC(=O)[C@H](C)NC(=O)[C@@H](O)[C@H]([NH3+])c1ccc(C(C)C)cc1
2loz,CC(C)C[C@H](NC(=O)[C@H](C)NC(=O)[C@H](CCCC[NH3+])NC(=O)[C@@H]1CCCN1C(=O)[C@H](Cc1ccccc1)NC(=O)[C@@H](NC(=O)CNC(=O)[C@@H]1CCCN1C(=O)[C@H](CCCC[NH3+])NC(=O)[C@H](Cc1cnc[nH]1)NC(=O)[C@H](CC(=O)[O-])NC(=O)[C@@H]([NH3+])CCC(=O)[O-])[C@@H](C)O)C(=O)N[C@H](C(=O)N[C@@H](CC(N)=O)C(=O)[O-])[C@@H](C)O
3gwx,CC/C=C\C/C=C\C/C=C\C/C=C\C/C=C\CCCC(=O)[O-]
3drs,N=Cc1cc(Cl)cc(Oc2cc(OCc3[nH]nc4ncccc34)ccc2Cl)c1
3vw9,COCCCn1ccc2cc(-c3cc(-c4ccccc4)cc(=O)n3O)cnc21
2ycf,C[C@H](/N=[NH+]/C(=[NH2+])NO)c1ccc(NC(=O)Nc2ccc([C@@H](C)/N=[NH+]/C(=[NH2+])NO)cc2)cc1
4nan,Oc1c(Br)cccc1-c1[nH]c(Br)c(Br)c1Br
3b1u,CC(=N)NCCC[C@H](NC(=O)c1ccccc1C(=O)[O-])C(N)=O
4e5i,Cn1cnc(-c2nc(=O)c(O)c(C(=O)[O-])[nH]2)c1
4x8t,O=C1NCCc2ccc(Cl)cc21
1o4h,N#Cc1ccc2cccc(OP(=O)(O)O)c2n1
3dx0,CS[C@@H]1[C@@H]([NH3+])[C@@H](O)[C@@H](O)[C@H]1O
1i3z,CCC(C)C(NC(=O)C(NC(=O)C(CC(C)C)NC(=O)C([NH3+])CO)C(C)O)C(=O)NC(Cc1ccc(OP(=O)(O)O)cc1)C(=O)NC(C)C(=O)NC(CCC(N)=O)C(=O)NC(C(=O)NC(CCC(N)=O)C(=O)NC(CCCC[NH3+])C(=O)O)C(C)C
5xms,Cc1n[nH]c2c1[C@](c1cc(-c3ccccc3F)cc(C(F)(F)F)c1)(C(C)C)C(C#N)=C(N)O2
6b1w,N=C1CC[C@@H](C(=O)NNC(=O)[C@@H]2CCC[NH2+]C2)N(C=O)C1
2gg0,COC(=O)CNC(=O)[C@H](C)NC(=O)[C@@H](O)[C@H]([NH3+])c1ccc(C(F)(F)F)cc1
6h41,CC[C@H](C)[C@@H]1NC(=O)[C@H](CCCNC(N)=[NH2+])NC(=O)[C@H](Cc2c[nH]c3ccccc23)NC(=O)[C@@H](NC(=O)[C@H](CCC(=O)[O-])NC(=O)[C@H](CC(=O)[O-])NC(=O)[C@@H]([NH3+])C(C)C)CSSC[C@@H](C(=O)N[C@@H](C)C(=O)N[C@@H](CCC(=O)[O-])C(=O)N[C@@H](CCC(=O)[O-])C(=O)[O-])NC(=O)[C@H](Cc2ccccc2)NC(=O)[C@H](Cc2c[nH]c3ccccc23)NC(=O)[C@H]([C@@H](C)O)NC(=O)[C@H](Cc2c[nH]cn2)NC(=O)[C@H](CO)NC(=O)[C@H](C)NC(=O)[C@H]([C@@H](C)CC)NC1=O
3pxe,CC(O)C(NC(=O)C([NH3+])CO)C(=O)NC(COP(=O)(O)O)C(=O)N1CCCC1C(=O)NC(C(=O)NC(Cc1ccccc1)C(=O)NC(CC(N)=O)C(=O)O)C(C)O
5h7g,CC[C@H](C)[C@H](NC(=O)[C@H](CC(=O)[O-])NC(=O)[C@@H](NC(=O)[C@H](Cc1ccc(O)cc1)NC(=O)[C@H](Cc1c[nH]c2ccccc12)NC(=O)[C@@H]([NH3+])CC(C)C)[C@@H](C)O)C(=O)N[C@@H](CCCNC(N)=[NH2+])C(=O)N[C@@H](CCSC)C(=O)N[C@@H](CO)C(=O)N[C@@H](Cc1c[nH]c2ccccc12)C(=O)N[C@@H](CCCNC(N)=[NH2+])C(=O)N[C@H](C(=O)N1CCC[C@H]1C(=O)[O-])C(C)C
4u5v,NC(=O)[C@H](CCCC[NH3+])[NH2+]Cc1ccc(-c2cccnc2)s1
2qcf,O=c1[nH]c(=O)n(C2OC(COP(=O)(O)O)C(O)C2O)cc1F
4zh2,O/N=C(\Nc1ccccc1)c1cccc(C(F)(F)F)c1
4ynd,O=C1COc2c(cccc2[C@@H](O)C[NH2+]CCN(C(=O)CC[NH2+]CCc2ccc(Cl)c(Cl)c2)C2CCCCC2)N1
6irt,[NH3+][C@@]1(C(=O)[O-])C[C@@H]2C=C[C@H]1C2
5fi6,O=C(Cc1ccccc1)Nc1nnc(N[C@H]2CCN(c3nnc(NC(=O)Cc4ccccc4)s3)C2)s1
6oyh,CCCCCCCCCCCCCCCCC[C@H]1C[N@H+](C)[C@@H]([C@H](O[C@@H]2O[C@H](C[NH3+])[C@@H](O)[C@H]2O)[C@H]2O[C@@H](n3ccc(=O)[nH]c3=O)[C@H](O)[C@@H]2O)C(=O)N(C)[C@@H]1C(=O)[O-]
4a4c,CC(NC(=O)C1CCCN1C(=O)C(CCC(=O)O)NC(=O)C1CCCN1C(=O)C(NC(=O)C(Cc1ccc(OP(=O)(O)O)cc1)NC(=O)CNC(=O)C(CC(=O)O)NC(=O)C([NH3+])CO)C(C)O)C(=O)O
3bi0,[NH3+]C(CCP(=O)(O)CC(CCC(=O)O)C(=O)O)C(=O)O
6jut,COc1[nH]nc2ncc(-c3cn(-c4c(F)ccc(NS(=O)(=O)c5cccc(Br)c5)c4F)nn3)cc12
1s5q,CC[C@H](C)[C@H](NC(=O)[C@H](CC(N)=O)NC(=O)[C@H](CCSC)NC(=O)[C@@H]([NH3+])CCCNC(N)=[NH2+])C(=O)N[C@@H](CCC(N)=O)C(=O)N[C@@H](CCSC)C(=O)N[C@@H](CC(C)C)C(=O)N[C@@H](CC(C)C)C(=O)N[C@@H](CCC(=O)[O-])C(=O)N[C@@H](C)C(=O)N[C@@H](C)C(=O)N[C@@H](CC(=O)[O-])C(=O)N[C@@H](Cc1ccc(O)cc1)C(=O)N[C@@H](CC(C)C)C(=O)N[C@@H](CCC(=O)[O-])C(=O)N[C@@H](CCCNC(N)=[NH2+])C(=O)[O-]
4b60,CC(C)C[C@H](NC(=O)[C@H](Cc1c[nH]cn1)NC(=O)[C@H](Cc1c[nH]cn1)NC(=O)[C@H](CCC(N)=O)NC(=O)[C@@H]([NH3+])CCC(N)=O)C(=O)NCC(=O)NCC(=O)N[C@@H](C)C(=O)N[C@@H](CCCC[NH3+])C(=O)N[C@@H](CCC(N)=O)C(=O)N[C@@H](C)C(=O)NCC(=O)N[C@@H](CC(=O)[O-])C(=O)N[C@H](C(=O)[O-])C(C)C
3tu9,COC(COP(=O)(O)O)C(O)C(O)C(O)COP(=O)(O)O
6gfx,CC[C@H](C)[C@H](NC(=O)[C@H](Cc1ccc(O)cc1)NC(=O)[C@@H]1[C@@H](F)[C@@H](O)CN1C(=O)[C@H](C)NC(=O)[C@H](CC(C)C)NC(=O)[C@H](C)NC(=O)[C@@H]([NH3+])CCC(=O)[O-])C(=O)N1CCC[C@H]1C(=O)N[C@@H](CCSC)C(=O)N[C@@H](CC(=O)[O-])C(=O)N[C@@H](CC(=O)[O-])C(=O)N[C@@H](CC(=O)[O-])C(=O)N[C@@H](Cc1ccccc1)C(=O)N[C@@H](CCC(N)=O)C(=O)N[C@@H](CC(C)C)C(=O)N[C@@H](CCCNC(N)=[NH2+])C(=O)[O-]
4rse,CC1=C(COc2cccc([C@H](O)CC[NH3+])c2)C(C)(C)CCC1
2p1c,C[NH+](CCCCc1ccccc1)CCC(O)(P(=O)(O)O)P(=O)(O)O
2cn8,[NH2+]=C1NC(=O)/C(=C2\CCNC(=O)c3[nH]ccc32)N1
2z3z,CC[C@H](C)[C@H](NC(=O)[C@H](C)[NH3+])C(=O)N1CCC[C@H]1B([OH2+])[OH2+]
1ov3,C[C@H]([NH3+])C(=O)N1CCC[C@H]1C(=O)N1CCC[C@H]1C(=O)N[C@@H](CO)C(=O)N[C@@H](CC(N)=O)C(=O)N1CCC[C@H]1C(=O)N1CCC[C@H]1C(=O)N1CCC[C@H]1C(=O)N[C@@H](CCCNC(N)=[NH2+])C(=O)N1CCC[C@H]1C(=O)N1CCC[C@H]1C
3nzx,C[C@H](NC(=O)[C@H](Cc1ccc(OCc2ccccc2)cc1)NC(=O)OC(C)(C)C)C(=O)N[C@@H](C[C@@]1(O)C(=O)Nc2ccccc21)C(=O)NCc1ccccc1
2vex,O=C1C[C@@H](c2ccc(C[C@H](NS(=O)(=O)c3cccc(F)c3)C3=N[C@H](CCc4ccccc4)CN3)cc2)S(=O)(=O)N1
4ega,COc1c(Br)cc(Br)cc1C[NH2+]CCC/N=C1\CC(=O)c2ccccc2N1
3eka,O=C1O[C@H]([C@@H](O)CO)C(O)=C1O
5kjm,O=C(NCCC[NH+]1CCCC1)c1cc(-c2ccccc2N2CC[NH+](CCc3ccc(Cl)c(Cl)c3)CC2)nc2n[nH]cc12
4ql8,CO[C@@H]1C(c2ccc(C#N)c(Cl)c2C)=NN2CC[C@H](O)[C@@H]12
5b6c,CC(C)C[C@H](NC(=O)[C@H](CCCNC(N)=[NH2+])NC(=O)[C@H](CC(N)=O)NC(=O)CNC(=O)[C@H](CO)NC(=O)CNC(=O)[C@H](CO)NC(=O)[C@H](Cc1ccccc1)NC(=O)[C@H](C)NC(=O)[C@H](CCCNC(N)=[NH2+])NC(=O)[C@@H]([NH3+])Cc1ccccc1)C(=O)[O-]
6mhd,CCC(=O)N(Cc1cc(C)no1)c1nc(-c2ccccc2)cs1
1sri,Cc1cc(/N=N/c2ccccc2C(=O)[O-])cc(C)c1O
2jbl,C/C=C(C)/C=C/C=C/[C@H](OC)[C@@H](C)[C@@H](OC)[C@@H](C)CCc1oc2c(O)c(OC)cc(OC)c2c(=O)c1C
4nrl,CC(=O)N[C@@H]1[C@@H](O)C[C@H](C(=O)[O-])O[C@H]1[C@H](O)[C@H](O)CO
6i76,Cc1ccc(S[C@@H]2O[C@H](CO)[C@H](O)[C@H](n3cc(-c4c(F)c(F)c(N=[N+2]#N)c(F)c4F)nn3)[C@H]2O)cc1
4mz4,Cc1cc2c(C3=CCC=NC3=O)c(C(=O)[O-])n(Cc3cnc4ccccc4c3)c2cc1F
4psh,NC(=[NH2+])NCCC[C@H]([NH3+])C(=O)[O-]
1t49,CCc1oc2cc(S(=O)(=O)Nc3ccc(S(N)(=O)=O)cc3)ccc2c1C(=O)c1cc(Br)c(O)c(Br)c1
5duf,CCc1ccc([C@H]2C[C@@H](C(F)(F)F)n3ncc(C(=O)[O-])c3N2)cc1
3eql,CCCC/C(C)=C/C=C(\C)C(=O)C1C(=O)OC(CCCC/C=N/C(=O)OC)C=C1O
6me3,COc1ccc2[nH]c(-c3ccccc3)c(CCNC(C)=O)c2c1
6rr0,CC(C)CC([NH3+])C(=O)NC(CO)C(=O)NC(C(=O)NC(CCC(=O)O)C(=O)NC(CC(C)C)C(=O)NC(CO)C(=O)NC(C(=O)NC(CCC(=O)O)C(=O)N1CCCC1C(=O)N1CCCC1C(=O)O)C(C)OP(=O)(O)O)C(C)O
6pm9,CCNC1=N[C@H]2[C@H](O[C@H](C(F)F)[C@@H](O)[C@@H]2O)S1
4kmd,CC[C@H](C)[C@H](NC(=O)[C@H](CO)NC(=O)[C@H](CC(C)C)NC(=O)[C@H](Cc1c[nH]cn1)NC(=O)CNC(=O)[C@H](Cc1ccc(O)cc1)NC(=O)[C@H](CO)NC(=O)C[NH3+])C(=O)NCC(=O)N[C@H](C(=O)[O-])[C@@H](C)O
5q0e,COC(=O)Nc1ccc2c(c1)NC(=O)C[C@@H](C)CCC[C@H](NC(=O)/C=C/c1cc(Cl)ccc1-n1cnnn1)c1nc-2c[nH]1
3cfs,CC[C@H](C)[C@H](NC(=O)CNC(=O)[C@@H]([NH3+])CCC(N)=O)C(=O)N[C@H](C(=O)N[C@@H](CCCC[NH3+])C(=O)N1CCC[C@H]1C(=O)N[C@@H](C)C(=O)N[C@H](C(=O)N[C@@H](CCCNC(N)=[NH2+])C(=O)N[C@@H](CCCNC(N)=[NH2+])C(=O)N[C@@H](CC(C)C)C(=O)N[C@@H](C)C(=O)N[C@@H](CCCNC(N)=[NH2+])C(=O)N[C@@H](CCCNC(N)=[NH2+])C(=O)NCC(=O)O)[C@@H](C)CC)[C@@H](C)O
4dpu,O=C(O)CC(O)(CF)CCOP(=O)(O)OP(=O)(O)O
1ft4,O=C1c2cc3sc(-c4cccc([N+](=O)[O-])c4)cc3n2C(=S)N1CCC[NH+]1CCOCC1
6qyk,CCc1sc2ncnc(O[C@H](C)C(=O)[O-])c2c1-c1ccc2[nH]ccc2c1
5u8a,Cn1cc([C@H]2C[N@H+](Cc3c(F)cccc3Br)C[C@@H]2[NH+](C)C)c2ccccc21
4w9s,O=c1nc(-c2ccc(-c3nnn[nH]3)cc2)[nH]cc1O
6eww,CC(C)CC(NC(=O)C(COP(=O)(O)O)NC(=O)C(CC(C)C)NC(=O)C(CCCC[NH3+])NC(=O)C([NH3+])CCCNC(=N)N)C(=O)NC(C)C(=O)NC(CCC(=O)O)C(=O)NC(CCCNC(=N)N)C(=O)O
3hav,C[NH2+][C@H]1[C@H](O[C@H]2[C@H](O[C@@H]3[C@@H](NC(N)=[NH2+])[C@H](O)[C@@H](NC(N)=[NH2+])[C@H](O)[C@H]3O)O[C@@H](C)[C@]2(O)C=O)O[C@@H](CO)[C@H](O)[C@@H]1O
1gny,O[C@H]1[C@H](O)CO[C@@H](O[C@@H]2CO[C@@H](O[C@@H]3CO[C@@H](O[C@@H]4CO[C@@H](O[C@@H]5CO[C@@H](O)[C@H](O)[C@H]5O)[C@H](O)[C@H]4O)[C@H](O)[C@H]3O)[C@H](O)[C@H]2O)[C@@H]1O
5zdf,Nc1ncnc2c1ncn2C1OC(COP(=O)(O)OP(=O)(O)OCC2OC(O)C(O)C2O)C(O)C1O
1tl1,CCCc1c([S@](=O)C2CCCCC2)c2cc(Cl)ccc2[nH]c1=O
6asz,C[C@H](NC(=O)[C@@H](NC(=O)[C@@H]([NH3+])CCC(N)=O)[C@@H](C)O)C(=O)N[C@@H](CCCNC(N)=[NH2+])C(=O)N[C@@H](CCCC[N+](C)(C)C)C(=O)N[C@@H](CO)C(=O)[O-]
1h35,C=CC[N@H+](C)Cc1ccc(-c2ccc(C(=O)c3ccc(Br)cc3)cc2)cc1
5a0a,CC(=O)C1=C(C)N(c2cccc(C(F)(F)F)c2)C(=O)N[C@@H]1c1ccc(C#N)nc1
2w54,Nc1nc2ncc(CO)nc2c(=O)[nH]1
4bib,N#Cc1c[nH]c2c(C(N)=O)ccc(OC3CC[NH2+]CC3)c12
5aes,Cc1ncc(CCP(=O)(O)O)c(CO)c1O
4hiq,Cc1n[nH]c(C)c1CCCOc1cc(C(=O)[O-])ccc1F
4d1a,O=C1NC(=O)[C@H](Cc2c[nH]c3ccccc23)N1
4yt6,CCOc1cc(OC(C)C)c(F)c([C@@H](Nc2ccc(C(N)=[NH2+])cc2)c2nc(-c3ccccc3)c[nH]2)c1
4ym4,CSCCC([NH3+])C(=O)NC(C(=O)NC(CO)C(=O)NC(Cc1ccccc1)C(=O)NC(CCC(=O)O)C(=O)NC(CC(=O)O)C(=O)NC(C)C(=O)NC(CC(=O)O)C(=O)NC(C(=O)NC(CCC(=O)O)C(=O)NC(CCC(=O)O)C(=O)NC(C)C(=O)O)C(C)OP(=O)(O)O)C(C)O
3va4,CC(C)CC(NC(=O)C(CCC(=O)O)NC(=O)C(CCC(N)=O)NC(=O)C(NC(=O)C(CO)NC(=O)C([NH3+])C(C)C)C(C)OP(=O)(O)O)C(=O)NC(Cc1ccc(O)cc1)C(=O)NC(CO)C(=O)O
5ka3,O=C([O-])C(=O)Nc1sc2c(c1C(=O)[O-])CC[NH2+]C2
3nf3,CSCC[C@H](NC(=O)[C@H](C)NC(=O)C(C)(C)NC(=O)[C@H](Cc1ccccc1)NC(=O)[C@H](CCCNC(N)=[NH2+])NC(=O)[C@@H]([NH3+])CCCNC(N)=[NH2+])C(=O)N[C@@H](CC(C)C)C(N)=O
2qaf,O=c1ccn(C2OC(COP(=O)(O)O)C(O)C2O)c(=O)[nH]1
1cpi,CC[C@H](C)[C@H](NC(=O)[C@@H]1CCC[N@H+]1C[C@H](O)[C@@H]1Cc2ccc(cc2)OCCCC(=O)N[C@@H](CC(N)=O)C(=O)N1)C(=O)N[C@H](C(N)=O)C(C)C
3u3z,NC(=O)CCC(NC(=O)C([NH3+])COP(=O)(O)O)C(=O)NC(CCC(=O)O)C(=O)NC(Cc1ccc(OP(=O)(O)O)cc1)C(=O)O
3qk0,CC(=O)Nc1nc2ccc(-c3cnc(Cl)c(NS(=O)(=O)c4ccc(F)cc4)c3)cc2s1
2f0z,CC(=O)N[C@@H]1[C@@H](NC(N)=[NH2+])CC(C(=O)[O-])O[C@H]1[C@H](O)[C@H](O)CO
2aqb,C=C/C=C/[C@@]1(C)SC(=O)C(C)=C1O
2vcg,COC(=O)[C@H](Cc1ccc(Br)cc1)NC(=O)CCCCCCC(=O)NO
5qaq,CC(=O)Nc1ccc(-c2cccc(C(=O)[O-])c2)cc1
2azm,CC([NH3+])C(=O)NC(COP(=O)(O)O)C(=O)NC(CCC(N)=O)C(=O)NC(CCC(=O)O)C(=O)NC(Cc1ccc(O)cc1)C(=O)O
4gj9,C[C@@H](O)C[NH+]1CC2=C(C1)c1ccccc1Nc1ccccc12
3g6z,Cc1cc(Cl)c(OCCOc2ccc(C3=C(C(=O)N(Cc4cccc(C)c4C)C4CC4)[C@H]4C[NH2+]C[C@@H](C3)[NH2+]4)cc2)c(Cl)c1
1ukt,C[C@H]1O[C@H](O[C@@H]2[C@@H](CO)O[C@H](O[C@@H]3[C@@H](CO)O[C@@H](O)[C@H](O)[C@H]3O)[C@H](O)[C@H]2O)[C@H](O)[C@@H](O)[C@@H]1[NH2+][C@H]1C=C(CO)[C@@H](O)[C@H](O)[C@H]1O
2jq9,CC(C)C[C@H](NC(=O)[C@H](C)NC(=O)[C@H](C)NC(=O)[C@H](CC(C)C)NC(=O)[C@H](CCCNC(N)=[NH2+])NC(=O)[C@H](CCCNC(N)=[NH2+])NC(=O)[C@H](CO)NC(=O)[C@H](CC(C)C)NC(=O)[C@H](CCC(N)=O)NC(=O)[C@H](CC(=O)[O-])NC(=O)[C@@H]([NH3+])CCC(=O)[O-])C(=O)N[C@@H](CCCNC(N)=[NH2+])C(=O)N[C@@H](CC(N)=O)C(=O)[O-]
4dwb,CCCCC[NH2+]CC(P(=O)(O)O)P(=O)(O)O
3v66,COc1cccc([C@H]2O[C@H](CC(=O)N3CCC(CC(=O)[O-])CC3)c3cccn3-c3ccc(Cl)cc32)c1OC
2ovx,O=C1NC(=O)C(c2ccc(Oc3ccccc3)cc2)([NH+]2CCN(c3ncccn3)CC2)C(=O)N1
4l3o,CC(C)[C@@H]1NC(=O)[C@H](Cc2c[nH]cn2)NC(=O)[C@H](Cc2ccc(O)cc2)NC(=O)[C@H]([C@@H](C)O)NC(=O)[C@H](Cc2c[nH]cn2)NC(=O)[C@H](Cc2ccc(O)cc2)NC(=O)CSC[C@@H](C(N)=O)NC(=O)[C@H](Cc2ccc(O)cc2)NC(=O)[C@H](Cc2ccc(O)cc2)NC(=O)[C@H](CC(N)=O)NC(=O)[C@H]([C@@H](C)O)NC(=O)[C@H](CCCNC(N)=[NH2+])NC(=O)[C@H](CCCNC(N)=[NH2+])NC(=O)[C@H](CCCCNC(=O)C(F)(F)F)NC1=O
6es0,CNC(=O)c1cc(Oc2ccc(NC(=O)Nc3ccc(SCC(=O)[O-])c(F)c3)c(F)c2)ccn1
2i5j,COc1ccc2ccccc2c1C/N=N/C(=O)c1ccc(O)c(O)c1
5cte,Cc1cc(C(=O)N2CCC3(CC2)CCN(C(=O)OCC(C)(C)C)[C@H]3C)cc2cn[nH]c12
1nnu,Oc1ccc2cc(Oc3ccc(Cl)cc3O)ccc2c1
5zeq,Nc1ncc(C[C@H](C[SeH])C(=O)[O-])cc1Cl
2qe5,O=C(COc1ccc(Cl)cc1)Nc1ccccc1C(=O)[O-]
3ti3,CO[C@H]([C@H](O)CO)[C@@H]1O[C@@H](C(=O)[O-])C[C@H](NC(N)=[NH2+])[C@H]1NC(C)=O
5w7u,O=C(NC1Cc2ccccc2C1)c1nc([C@@H]2CCCN2C(=O)c2c(Cl)cncc2Cl)[nH]c(=O)c1O
1o6h,C=CC[N@@H+](C)CCCCCCOc1ccc2c(-c3ccc(Br)cc3)nccc2c1
4yk5,Cc1ccccc1-c1ccc(-c2ccc3c(c2)c(C)c(CC(C)(C)C(=O)[O-])n3Cc2ccc(Cl)cc2)cc1F
5y6k,Cc1c(CC(=O)NCCCC[C@@H](C(=O)[O-])[NH+](CC(=O)[O-])CC(=O)[O-])c(=O)oc2cc(N)ccc12
1x9d,CO[C@H]1O[C@H](CO)[C@@H](O)[C@H](O)[C@@H]1S[C@H]1O[C@H](CO)[C@@H](O)[C@H](O)[C@@H]1O
4ju6,CC(C)N(c1ccc(Oc2ccccc2)cc1C(=O)[O-])C(=O)[C@H]1CC[C@H](C)CC1
6a9c,CC[C@H](C)[C@H](NC(=O)[C@@H]1CCCN1C(=O)[C@@H]1CCCN1C(=O)[C@H](C)NC(=O)[C@@H](NC(=O)[C@@H]([NH3+])CCCC[NH3+])C(C)C)C(=O)N1CCC[C@H]1C(=O)N[C@@H](Cc1cnc[nH]1)C(=O)N[C@@H](CCCNC(N)=[NH2+])C(=O)[O-]
5eue,COc1cc(C)c(C[NH2+]C[C@@H](NC(=O)c2cc(C)on2)c2ccccc2)cc1C
4mw9,C#Cc1cccc(C[NH2+]CCCNC(=O)Nc2ccsc2)c1
4mz5,C[C@H](NC(=O)[C@H](CCCNC(N)=[NH2+])NC(=O)[C@H](CCCC[NH3+])NC(=O)[C@H](CO)NC(=O)[C@@H]1CCCN1C(=O)[C@@H]([NH3+])CO)C(=O)N[C@@H](CCCNC(N)=[NH2+])C(=O)N1CCC[C@H]1C(=O)[O-]
1jut,CC(C)[C@H](NC(=O)c1ccc(CCc2c[nH]c3nc(N)[nH]c(=O)c23)cc1)C(=O)[O-]
2lsp,CC[C@H](C)[C@H](NC(=O)[C@H](CO)NC(=O)[C@H](CCCCNC(C)=O)NC(=O)[C@H](Cc1ccccc1)NC(=O)[C@@H](NC(=O)[C@H](CCC(=O)[O-])NC(=O)[C@H](Cc1ccc(O)cc1)NC(=O)[C@@H](NC(=O)[C@@H]([NH3+])CCCNC(N)=[NH2+])[C@@H](C)O)[C@@H](C)O)C(=O)N[C@@H](CCSC)C(=O)N[C@@H](CCCC[NH3+])C(=O)N[C@@H](CCCC[NH3+])C(=O)N[C@@H](CO)C(=O)[O-]
5vrp,CCc1cccc(-c2c(F)cccc2[C@](O)(CCCNC(=O)OC)[C@@H]2CCCN(C(=O)C[C@H](O)C[NH3+])C2)c1
4xkb,CC1=C/C2=C/C3=N/C(=C\C4=N/C(=C\C5=N/C(=C\C1=N2)C(C)=C5CCC(=O)[O-])C(CCC(=O)[O-])=C4C)C=C3C
1ow8,CC(C)C[C@H]([NH3+])C(=O)N[C@@H](CO)C(=O)N[C@@H](CCC(=O)[O-])C(=O)N[C@@H](CC(C)C)C(=O)N[C@@H](CC(=O)[O-])C(=O)N[C@@H](CCCNC(N)=[NH2+])C(=O)N[C@@H](CC(C)C)C(=O)N[C@@H](CC(C)C)C(=O)N[C@@H](CC(C)C)C(=O)N[C@@H](CCC(=O)[O-])C(=O)N[C@@H](CC(C)C)C(=O)N[C@@H](CC(N)=O)C(=O)[O-]
4prh,CC(C)[C@H](NC(=O)[C@@H]1CCCN1C(=O)[C@@H]([NH3+])Cc1cnc[nH]1)C(=O)NCC(=O)N[C@@H](CC(=O)[O-])C(=O)N[C@@H](C)C(=O)N[C@@H](CC(=O)[O-])C(=O)N[C@@H](Cc1ccc(O)cc1)C(=O)N[C@@H](Cc1ccccc1)C(=O)N[C@@H](CCC(=O)[O-])C(=O)N[C@@H](Cc1ccc(O)cc1)C(=O)[O-]
3ldw,O=P(O)(O)C(O)(Cn1ccnc1)P(=O)(O)O
6g1v,CCC1=C[C@@H]2Cc3c(c(N)c4ccc(Cl)cc4[n+]3C)[C@H](C1)C2
5kjk,O=C(NCCC[NH+]1CCCC1)c1ccnc(-c2ccccc2O[C@H]2C[N@@H+](CCc3ccc(Cl)c(Cl)c3)C2)c1
5vil,COc1ccc(S(N)(=O)=O)cc1C(=O)Nc1cccc(-c2nncn2C(C)C)n1
4oyb,CCOC(=O)COc1cccc(C(=O)c2nonc2N)c1
16pk,Nc1ncnc2c1ncn2C1OC(COP(=O)(O)OP(=O)(O)C(F)(F)CCCC(F)(F)P(=O)(O)O)C(O)C1O
5iql,C/C=C/C(=O)NCCCC[C@H](NC(=O)[C@H](CCCNC(N)=[NH2+])NC(=O)[C@H](C)NC(=O)[C@H](C)[NH3+])C(=O)N[C@@H](CO)C(=O)N[C@@H](C)C(=O)N1CC=C[C@H]1C(=O)N[C@@H](C)C(=O)[O-]
3oj8,O[C@H](c1ncc(-c2ccccn2)o1)[C@H]1CCc2cc(Oc3ccccc3)ccc2C1
1c8v,O=P(O)(O)CCCCSc1ccccc1O
6mep,C[N@H+]1CC[N@@H+](Cc2ccc(-c3cnc(Nc4ccc(/C=C/c5cc(C6OC=CO6)ccn5)cc4)nc3N[C@H]3CC[C@@H](O)CC3)cc2)CC1
2yol,NC(=[NH2+])N[C@H]1CC[C@H](CNC(=O)[C@H](CCCC[NH3+])NC(=O)[C@H](CCCC[NH3+])NC(=O)Cc2ccc(Cl)c(Cl)c2)CC1
2v7d,CC(NC(=O)C(CO)NC(=O)C([NH3+])CCCC[NH3+])C(=O)NC(C(=O)NC(C(=O)NC(C(=O)NC(C(N)=O)C(C)C)C(C)O)C(C)O)C(C)OP(=O)(O)O
1q6t,COC(CC(C)C)c1ccc2cc(-c3ccc(CC(Cc4ccc(C(F)(F)P(=O)(O)O)cc4)(c4ccccc4)n4nnc5ccccc54)cc3)cc(P(=O)(O)O)c2n1
1apb,C[C@H]1O[C@@H](O)[C@H](O)[C@@H](O)[C@H]1O
5iy4,CC(C)C[C@H](NC(=O)[C@@H](NC(=O)[C@H](CC(N)=O)NC(=O)[C@H](CCC(N)=O)NC(=O)[C@H](Cc1c[nH]cn1)NC(=O)[C@@H]([NH3+])CO)C(C)C)C(=O)N[C@@H](CO)C(=O)N[C@@H](CC(N)=O)C(=O)N[C@@H](Cc1ccc(O)cc1)C(=O)N[C@@H](Cc1ccccc1)C(=O)N1CCC[C@H]1C(=O)N[C@@H](CCCNC(N)=[NH2+])C(=O)N[C@H](C(=O)N[C@@H](CO)C(=O)[O-])C(C)C
6gi6,Cc1c(-c2cccc3ncccc23)ccc2c1C(=O)NCN2
5qag,COC(=O)c1ccccc1-c1cccc(C(=O)[O-])c1
5afx,CCCCCCCCC[n+]1ccn(CC(O)(P(=O)(O)O)P(=O)(O)O)c1
4ez5,C[NH+](C)C1CCN(c2ccc3[nH]c(C(=O)c4ccnc(-c5cncc6ccccc56)c4)nc3n2)CC1
1ywh,CC(C)C[C@H](NC(=O)[C@H](Cc1ccc(O)cc1)NC(=O)[C@@H](CCCC[NH3+])NC(=O)[C@@H](CO)NC(=O)[C@H](Cc1ccccc1)NC(=O)[C@H](CC1CCCCC1)NC(=O)[C@H](CC(=O)[O-])NC(=O)[C@H](CO)NC(=O)[C@@H]([NH3+])CCCC[NH3+])C(=O)N[C@@H](Cc1c[nH]c2ccccc12)C(=O)N[C@@H](CO)C(=O)N[C@@H](CO)C(=O)N[C@@H](CCCC[NH3+])C(=O)[O-]
2poq,O=C1O[C@H]([C@H](O)CO)[C@H](O)[C@H]1O
6gch,CC(=O)N[C@@H](Cc1ccccc1)[C@H](O)C(F)(F)F
1qon,Ic1cccc(CNc2c3c(nc4ccccc24)CCCC3)c1
5-May,C[C@@H]1O[C@H](CNS(=O)(=O)c2cccs2)[C@@H](O)[C@H](O)[C@@H]1O
4iks,Cc1nc(-c2ccccn2)nc(NCCNc2cccc(C(F)(F)F)n2)c1Cl
4o43,CC[C@@H](C)N1C(=O)/C(=C\c2ccc(O)cc2)SC1=S
4jvq,COc1ccc(C(=O)Nc2ccc(Oc3ccc(N(C(=O)[C@H]4CC[C@H](C)CC4)C(C)C)c(C(=O)[O-])c3)cc2)cc1
1a1b,CCCCCN(CCCCC)C(=O)C(CCC(=O)O)NC(=O)C(Cc1ccc(OP(=O)(O)O)cc1)NC(C)=O
1mwt,CC1(C)S[C@H]([C@@H](C=O)NC(=O)Cc2ccccc2)[NH2+][C@H]1C(=O)[O-]
4hy5,CCO[C@@H]1C[C@@H]2CN(C(=O)[C@@H](NC(=O)[C@H](C)[NH2+]C)C3CCC(F)(F)CC3)[C@H](C(=O)N[C@@H]3CCOc4ccccc43)C[N@H+]2C1
4k43,COc1ccc([C@H]2OC[C@H](C)[C@@H]([C@@H](C)[C@@H](OC)[C@@H](C)CCC(=O)[C@H](C)[C@@H](C/C=C/N(C)C=O)OC)O2)cc1
5fpp,NC(=O)C1=CCN(COCN2C=CC=C/C2=C\N=O)C=C1
1d1p,O=S(=O)(O)CC[N@H+]1CC[N@H+](CCO)CC1
1gzv,O=C(O)C(O)C(O)C(O)COP(=O)(O)O
3mww,O=C([O-])c1ccc2c(C3CCCCC3)c(-c3ccoc3)n(CC(=O)N3CCC(C(=O)[O-])CC3)c2c1
5zyj,CCCCCc1ccc(-c2ccc(S(=O)(=O)CCO)cc2)cc1[C@H]1C[C@H]1c1ccccn1
2w0j,C/C(=N\NC(N)=[NH2+])c1ccc(NC(=O)Nc2ccc([C@@H](C)/N=N/C(N)=[NH2+])cc2)cc1
6b27,CC[C@H](C)[C@H](NC(=O)[C@H](CCC(=O)[O-])NC(=O)[C@@H]1CCCN1C(=O)[C@@H]([NH3+])CCC(=O)[O-])C(=O)N1CCC[C@H]1C(=O)N[C@@H](CC(C)C)C(=O)N[C@@H](CO)C(=O)N1CCC[C@H]1C(=O)N[C@@H](C/C=C/NC(N)=[NH2+])C(=O)N1CCC[C@H]1C(=O)[O-]
4wpn,CC(C)CCn1c(C[N@H+]2CC[C@@H](C(N)=O)CC2)nc2c1c(=O)n(C)c(=O)n2C
2qcm,O=c1cc(CO)n(C2OC(COP(=O)(O)O)C(O)C2O)c(=O)[nH]1
4ikr,Cc1nc(-c2ccccn2)nc(N2CC[NH+](CCO)CC2)c1Cl
5eie,N=NNCCNc1c2c(nc3ccccc13)CCCC2
3v1r,CC(C)[C@@H]1CC[C@@H](O)[C@H](O)[C@H](O)C1
1fax,CC(=[NH2+])N1CC[C@H](Oc2ccc([C@H](Cc3ccc4ccc(C(N)=[NH2+])cc4c3)C(=O)[O-])cc2)C1
6qyn,CCc1sc2ncnc(O[C@H](Cc3ccccc3)C(=O)[O-])c2c1-c1ccc(O)c(Cl)c1C
6p8y,CCC(=O)N1CC(NC(=O)Cn2cc(C(=O)N3CCc4c(cccc4OC)C3)c3cc(Br)ccc32)C1
2w87,O=C([O-])[C@H]1O[C@H](O)[C@H](O)[C@@H](O)[C@@H]1O
3wq6,[NH2+]=C(CCCS[C@@H]1CC(=O)N(Cc2ccccc2)C1=O)N[C@@H]1O[C@H](CO[C@@H]2OC[C@@H](O)[C@H](O)[C@H]2O)[C@@H](O)[C@H](O)[C@H]1O
2qbx,CC[C@H](C)[C@H](NC(=O)[C@H](Cc1c[nH]c2ccccc12)NC(=O)[C@H](CCC(=O)[O-])NC(=O)[C@H](CC(N)=O)NC(=O)[C@@H]([NH3+])CO)C(=O)N[C@@H](CCC(N)=O)C(=O)N1CCC[C@H]1C(=O)N[C@@H](CCCNC(N)=[NH2+])C(=O)N[C@@H](CC(C)C)C(=O)N1CCC[C@H]1C(=O)N[C@H](C=O)CCC(N)=O
4oo9,COC(=O)N1CC[C@@H]2[C@H]1CCC[C@@]2(O)C#Cc1cccc(C)c1
5c2e,Cc1nc(C)c(CNc2nc(OCCc3ccccn3)nc(Cl)c2C)s1
3k0k,CC(O)C(NC(=O)C1CCCN1C(=O)C([NH3+])COP(=O)(O)O)C(=O)NC(Cc1ccccc1)C(=O)O
5d1u,CCCN([C@H](C)C(=O)NO)S(=O)(=O)c1ccc(F)c(C)c1
3eml,Nc1nc(NCCc2ccc(O)cc2)nc2nc(-c3ccco3)nn12
3irx,COc1c(C)cc(/C(=C\CCCc2nnc(C)o2)c2cc(C)c3oc(=O)n(C)c3c2)cc1C(=O)SC
6e3o,CCc1ccccc1C1=CC(=O)C(O)C(C(=O)[O-])=N1
2aq9,CC[C@H](C)[C@H](NC(=O)[C@@H]1CCCN1C(=O)[C@H](CC(=O)[O-])NC(=O)[C@H](CC(C)C)NC(=O)[C@H](C)NC(=O)[C@@H]([NH3+])Cc1c[nH]c2ccccc12)C(=O)N[C@@H](C)C(=O)NCC(=O)N[C@@H](CCCC[NH3+])C(=O)N[C@@H](Cc1c[nH]c2ccccc12)C(=O)N[C@@H](CO)C(=O)N[C@@H](CCCNC(N)=[NH2+])C(=O)[O-]
6o3w,CC[C@H](C)[C@H](NC(=O)[C@H](Cc1ccc(O)cc1)NC(=O)[C@H](CCC(=O)[O-])NC(=O)[C@H](CCSC)NC(=O)[C@@H]1CCCN1C(=O)[C@H](CC(C)C)NC(=O)[C@H](CCCC[NH3+])NC(=O)[C@H](Cc1ccc(O)cc1)NC(=O)[C@H](CC(=O)[O-])NC(=O)[C@@H]([NH3+])CC(=O)[O-])C(=O)N[C@H](C(=O)[O-])[C@@H](C)O
3obq,CC(C)C[C@H](NC(=O)[C@@H]1CCCN1C(=O)[C@@H](NC(=O)[C@@H]1CCCN1C(=O)[C@H](C)NC(=O)[C@H](CO)NC(=O)[C@@H]1CCCN1C(=O)[C@@H](NC(=O)[C@@H]1CCC[NH2+]1)[C@@H](C)O)C(C)C)C(=O)[O-]
2gc8,Cc1cc(S(=O)(=O)N2CCC[C@H]2C(=O)[O-])c(N)cc1Cl
3kjq,CC(=O)[C@H](CC(=O)[O-])NC(=O)[C@@H]1C=C[C@@H](C)n2c(=O)n(CCCC(=O)[O-])c(=O)n21
1g6r,CC[C@H](C)[C@H](NC(=O)[C@@H]([NH3+])CO)C(=O)N[C@@H](Cc1ccc(O)cc1)C(=O)N[C@@H](CCCNC(N)=[NH2+])C(=O)N[C@@H](Cc1ccc(O)cc1)C(=O)N[C@@H](Cc1ccc(O)cc1)C(=O)NCC(=O)N[C@@H](CC(C)C)C(=O)[O-]
4yrs,CCC(=O)Nc1cnc2ccccc2c1
5t2y,CNc1nc(CCc2ccccc2)nc2sc(C(=O)[O-])c(C)c12
6n55,N#[N+2]=N[C@@H]1[C@H](O)[C@@H](CO)O[C@H]1n1ccc(=O)[nH]c1=O
4f6s,Cc1ccc(-n2nc(C(C)(C)C)cc2NC(N)=O)cc1
6pek,[NH3+][C@@H](CCC(=O)[O-])C(=O)N[C@@H](Cc1ccc(O)cc1)C(=O)N[C@@H](CCC(=O)[O-])C(=O)N[C@@H](Cc1ccc(O)cc1)C(=O)N[C@@H](CCC(=O)[O-])C(=O)N[C@@H](Cc1ccc(O)cc1)C(=O)N[C@@H](CCC(=O)[O-])C(=O)N[C@@H](Cc1ccc(O)cc1)C(=O)N[C@@H](CCC(=O)[O-])C(=O)N[C@@H](Cc1ccc(O)cc1)C(=O)[O-]
5jmx,O=C([O-])/C(S)=C/c1ccc(F)cc1
3puj,CC(C)C[C@H](NC(=O)[C@H](CCC(=O)[O-])NC(=O)[C@H](Cc1c[nH]cn1)NC(=O)[C@@H](NC(=O)[C@H](CCCNC(N)=[NH2+])NC(=O)[C@H](CC(=O)[O-])NC(=O)[C@@H]([NH3+])CCCNC(N)=[NH2+])[C@@H](C)O)C(=O)N[C@@H](CCCNC(N)=[NH2+])C(=O)N[C@@H](CCC(N)=O)C(=O)[O-]
3iny,[NH2+]=c1[nH]c(=O)c2cc[nH]c2[nH]1
3hdn,O=C([O-])Cc1ccc(-c2c[nH]c3ncc(-c4ccc5ccccc5c4)cc23)cc1
3gz9,C=CCOc1cc(COc2ccc(C(F)(F)F)cc2)ccc1Sc1ccc(OCC(=O)[O-])c(C)c1C
6i0p,O=C([O-])C1=NC(=S)C=C[C@H]1C(=O)[O-]
1tv6,Cc1nc2cnccc2n1-c1ccc(Cn2c(=O)sc3ccccc32)cc1
5nx2,CCc1cc(OC)ccc1-c1ccc(C[C@H](NC(=O)[C@H](CC(=O)[O-])NC(=O)[C@H](CO)NC(=O)[C@@H](NC(=O)[C@](C)(Cc2ccccc2F)NC(=O)[C@@H](NC(=O)CNC(=O)[C@H](Cc2nn[nH]n2)NC(=O)C(C)(C)C(=O)NCCc2cnc[nH]2)[C@@H](C)O)[C@@H](C)O)C(=O)N[C@@H](CCCc2cc(C)cc(C)c2)C(N)=O)cc1
6ez6,COC(=O)c1cc(-c2cc(-c3ncc(C[N@H+]4CC[N@H+](C(C)C)CC4)o3)c3c[nH]nc3c2)cnc1OC
1nhg,Oc1cc(Cl)ccc1Oc1ccc(Cl)cc1Cl
6eb2,CC(C)(C)O[C@H](C(=O)[O-])c1c(-c2ccc3c(c2)CCCO3)nc(-c2cnn(Cc3ccccc3)c2)c2ccccc12
5ukm,O=C(NCc1cc[nH]n1)c1cc([C@@H]2CC[NH2+]C[C@H]2COc2ccc3c(c2)OCO3)ccc1F
5ek0,CC[N@H+]1C[C@H](n2nccc2-c2cc(C(F)(F)F)ccc2Oc2ccc(S(=O)(=O)Nc3ncns3)cc2C#N)C1
5gn9,CCCCc1cc(=O)oc2c(O)c(O)ccc12
1btn,O=P(O)(O)OC1C(O)C(O)C(OP(=O)(O)O)C(OP(=O)(O)O)C1O
3otx,Nc1ncnc2c1ncn2C1OC(COP(=O)(O)OP(=O)(O)OP(=O)(O)OP(=O)(O)OP(=O)(O)OCC2OC(n3cnc4c(N)ncnc43)C(O)C2O)C(O)C1O
5vse,COc1cc2nc(N(C)C3CCCC3)nc(N[C@H]3CC[N@H+](C)CC3)c2cc1OC
6huv,COc1ccc(C[C@H](NC(=O)[C@H](C)NC(=O)C[NH+]2CCOCC2)C(=O)N[C@@H](CCC2CCCCC2)[C@@H](O)C(C)(C)O)cc1
6qae,CCCC[N@H+](C)[C@@H](Cc1c[nH]c2ccccc12)C[N@H+](C)CCC1CCCCCC1
2rcx,O=C([O-])/C=C/c1cccc([C@H](NC(=O)Cc2cccs2)B(O)O)c1
5qj3,Nc1cc(OCc2cc(-c3cccc(F)c3)ccc2Cl)c2[nH]nnc2n1
1i33,COc1cc(OC)cc(C(=O)N[C@@H]2[C@H](O)[C@@H](CO)O[C@H]2n2cnc3c(N[C@@H]4CCCc5ccccc54)ncnc32)c1
2br6,[NH3+][C@H]1CCOC1=O
5dah,C[C@H]([NH3+])C(=O)N[C@@H](C)C(=O)N[C@H](C(=O)N[C@@H](CCCC[NH3+])C(=O)N[C@@H](C)C(=O)N[C@@H](C)C(=O)N[C@@H](CCCNC(N)=[NH2+])C(=O)N[C@@H](CCCC[NH3+])C(=O)N[C@@H](CO)C(=O)[O-])[C@@H](C)O
3phe,C[NH+]1CCN(c2cc3c(cc2F)c(=O)c(C(=O)OCc2ccc(Cl)cc2)cn3Cc2ccc(S(C)(=O)=O)cc2)CC1
5mym,O=C(C1CCN(c2nnc(-n3cccc3)s2)CC1)N1CCC(Cc2ccccc2)CC1
4pov,Cc1ncc(Cc2csc(CO)c2C)c(N)n1
4pkv,Cc1cc(S(=O)(=O)N(Cc2ccc(C[NH3+])cc2)[C@H](C)C(=O)NO)ccc1F
2h5j,CSCC[C@H](NC(=O)[C@H](CC(=O)[O-])NC(C)=O)C(=O)N[C@@H](CCC(N)=O)C(=O)N[C@H](CO)CC(=O)[O-]
5ukl,O=C(Cc1cc([C@@H]2CC[NH2+]C[C@H]2COc2ccc3c(c2)OCO3)ccc1F)NCCc1cn[nH]c1
6msa,COc1cc2nnc3n[nH]c(C)c3c2cc1OC
4zt5,C[C@H](CNc1nc2cccnc2[nH]1)C[NH2+]Cc1cc(Cl)cc(Cl)c1
6r8p,Cc1ccccc1OCC(=O)Nc1cccnc1
6hcw,O=C(NCC1(O)CCC(F)(F)CC1)c1cc(=O)c2cc(F)ccc2o1
5sz9,Cc1ccc(C(=O)N2CCCCCC2)c(NCc2ccco2)n1
4aom,CC[C@H](C)[C@H](NC(=O)[C@H](Cc1c[nH]cn1)NC(=O)[C@H](C)NC(=O)[C@H](CCC(N)=O)NC(=O)[C@@H](NC(=O)[C@H](CCCNC(N)=[NH2+])NC(=O)[C@H](CC(C)C)NC(=O)[C@H](CC(C)C)NC(=O)[C@H](CO)NC(=O)[C@@H]1CCCN1C(=O)[C@@H](NC(=O)[C@H](CC(N)=O)NC(=O)[C@@H]([NH3+])CCCC[NH3+])[C@@H](C)CC)C(C)C)C(=O)N[C@@H](CCCNC(N)=[NH2+])C(=O)N[C@@H](CCCC[NH3+])C(=O)N[C@@H](CCCC[NH3+])C(=O)N[C@@H](CCSC)C(=O)N[C@H](C(=O)[O-])C(C)C
4qjr,CCCCCCCCCCCCCCCC(=O)OCC(COP(=O)(O)OC1C(O)C(OP(=O)(O)O)C(OP(=O)(O)O)C(OP(=O)(O)O)C1O)OC(=O)CCCCCCCCCCCCCCC
5dxu,CC(C)n1ncnc1-c1cn2c(n1)-c1ccc(O[C@@H](C)C(N)=O)cc1OCC2
3o9c,CC[C@H](C)CN(C[C@@H](O)[C@H](Cc1ccccc1)NC(=O)O[C@H]1CO[C@H]2OCC[C@@H]12)S(=O)(=O)c1ccc2c(c1)OCO2
5w6o,CN(C1=CCN(Cc2ccc(-c3ccc(CN4C=C[C@H](N(C)c5ccc(Cl)cc5)c5ccccc54)cc3)cc2)c2ccccc21)c1ccc(Cl)cc1
5ubt,CC(=O)N1CCN(c2cccc(-c3cc(-c4ccnn4C4CCOCC4)c4c(N)ncnn34)c2)CC1
6ajg,CC(C)=CCC/C(C)=C/C[NH2+]CC[NH2+][C@H]1[C@@H]2C[C@H]3C[C@@H](C2)C[C@@H]1C3
5lvx,O=CCCCCCCCCC#Cc1ccc2c(c1)C[C@H](Nc1nc(-c3cccnc3)nc3ccccc13)C2
1rs2,Cn1c(=O)c2[nH]c(=[NH2+])[nH]c2n(C)c1=O
2jnw,CC[C@H](C)[C@H](NC(=O)[C@@H]([NH3+])CCCC[NH3+])C(=O)N[C@H](C(=O)N[C@@H](CC(=O)[O-])C(=O)N[C@H](C(=O)NCC(=O)NCC(=O)NCC(=O)N[C@@H](Cc1ccccc1)C(=O)N[C@H](C(=O)N[C@@H](CC(C)C)C(=O)O)[C@@H](C)CC)[C@@H](C)O)[C@@H](C)CC
3zj8,OC[C@@H]1[C@@H](O)[C@H](O)[C@@H](O)[C@@H]1[NH2+]Cc1ccc(Br)cc1
1tsv,O=c1ccn(C2CC(O)C(COP(=O)(O)O)O2)c(=O)[nH]1
1lhv,C#C[C@]1(O)CC[C@H]2[C@@H]3CCC4=CC(=O)CC[C@@H]4[C@H]3CC[C@@]21CC
5ntw,CCS(=O)(=O)c1ccc(CNC(=O)c2cnc3c(c2)C[N@H+](C[C@H]2CC[C@H](C(F)(F)F)CC2)[C@H]3C(C)C)nc1
6en4,CC[C@H](O)[C@@H](C)[C@H]1O[C@@H]1C[C@H](C)/C=C/C=C(\C)[C@H]1OC(=O)C[C@H](O)CC[C@@](C)(O)[C@@H](OC(C)=O)/C=C/[C@@H]1C
5ypp,CC(C)[C@H]([NH3+])C(=O)[O-]
4qwk,CC(C)C[C@H](NC(=O)[C@H](CCc1ccccc1)NC(=O)C[NH+]1CCOCC1)C(=O)N[C@@H](Cc1ccccc1)C(=O)N[C@@H](CC(C)C)[C@@H](O)[C@H](C)CO
2pnx,C[C@H]([NH3+])C(=O)N[C@@H](CCCNC(N)=[NH2+])C(=O)N[C@H](C(=O)N[C@@H](CCCC[N+](C)(C)C)C(=O)N[C@@H](CCC(N)=O)C(=O)N[C@H](C(=O)N[C@@H](C)C(=O)N[C@@H](CCCNC(N)=[NH2+])C(=O)N[C@@H](CCCC[NH3+])C(=O)N[C@@H](CO)C(=O)N[C@H](C=O)[C@@H](C)O)[C@@H](C)O)[C@@H](C)O
1ing,CC(=O)Nc1ccc(C(=O)[O-])cc1NC(=O)CO
4ac3,COc1cc(OC)c(S(=O)(=O)NCc2ccccc2N2CCCCC2)cc1NC(C)=O
3oc0,CCCC[C@H]1C[N+]2CCc3cc(OC)c(OC)cc3[C@@H]2C[C@@H]1[NH3+]
5wdc,O=C(NCCc1ccccc1)c1nc([C@@H]2CCCN2C(=O)COc2ccccc2Cl)[nH]c(=O)c1O
5kew,C[C@H](CCC(=O)NCCS(=O)(=O)[O-])[C@H]1CC[C@H]2[C@@H]3CC[C@@H]4C[C@H](O)CC[C@]4(C)[C@H]3C[C@H](O)[C@@]21C
5awj,C=C1[C@H](O)CC(=C/C=C2\CCC[C@@]3(C)[C@H]2CC[C@@H]3[C@H](C)[C@H](CCO)CCCCCC)C[C@H]1O
3v30,CSCC[C@H](NC(=O)[C@H](CO)NC(=O)[C@@H](NC(=O)[C@H](CC(C)C)NC(=O)[C@@H]([NH3+])[C@@H](C)O)C(C)C)C(=O)N1CCC[C@H]1C(=O)N1CCC[C@H]1C(=O)N[C@@H](CC(C)C)C(=O)N1CCC[C@H]1C(=O)NCC(=O)N[C@@H](CC(C)C)C(=O)N[C@@H](CC(=O)[O-])C(=O)N[C@@H](CC(C)C)C(=O)N[C@@H](C)C(=O)NCC(=O)N[C@@H](CO)C(=O)[O-]
1n9m,O=C([O-])CCCC[C@@H]1SC[C@@H]2NC(=O)N[C@H]12
5k48,O=C([O-])c1ccc(-c2ccccc2)cc1CS
6dzy,CC[C@H]1C[C@@H]2C[C@H]3c4[nH]c5ccc(OC)cc5c4CC[N@@H+](C2)[C@@H]13
2who,O=C1c2cccc3c(NCCO)ccc(c23)C(=O)N1c1cccc(Br)c1
6bvb,CC[C@H](C)[C@H](NC(=O)[C@H](Cc1ccc(O)cc1)NC(=O)[C@@H]1C[C@@H](O)CN1C(=O)[C@H](C)NC(=O)[C@H](CC(C)C)NC(=O)[C@@H](NC(=O)[C@H](C)[NH3+])[C@@H](C)O)C(=O)N1CCC[C@H]1C(=O)N[C@@H](CCSC)C(=O)N[C@@H](CC(=O)[O-])C(=O)NCC(=O)N[C@@H](CCC(=O)[O-])C(=O)N[C@@H](C)C(=O)N[C@@H](Cc1ccccc1)C(=O)[O-]
3lrh,CSCC[C@H](NC(=O)[C@H](CC(C)C)NC(=O)[C@H](CCCC[NH3+])NC(=O)[C@@H]([NH3+])CCC(=O)[O-])C(=O)N[C@@H](CCCC[NH3+])C(=O)N[C@@H](C)C(=O)N[C@@H](Cc1ccccc1)C(=O)N[C@@H](CCC(=O)[O-])C(=O)N[C@@H](CO)C(=O)N[C@@H](CC(C)C)C(=O)N[C@@H](CCCC[NH3+])C(=O)N[C@@H](CO)C(=O)N[C@@H](Cc1ccccc1)C(=O)N[C@@H](CCC(N)=O)C(=O)[O-]
1w70,O=C([O-])C(F)(F)F
5f3z,COc1ccc(CC(=O)[O-])cc1-c1cccs1
2jg8,[NH3+]C(C=O)COP(=O)(O)O
4wvu,C[NH2+][C@@H](C)C(=O)N[C@H](C(=O)N1C[C@@H]2C[C@H]1C(=O)N[C@@H](Cc1ccccc1)C(=O)N[C@H](C(=O)[O-])Cc1ccc(cc1)NC(=O)CCc1cn2nn1)C(C)C
1inh,CC(=O)Nc1ccc(C(=O)[O-])cc1NC(=O)C[NH3+]
2y1n,CC(NC(=O)C1CCCN1C(=O)C(CCC(=O)O)NC(=O)C1CCCN1C(=O)C(NC(=O)C(Cc1ccc(OP(=O)(O)O)cc1)NC(=O)CNC(=O)C(CC(=O)O)NC(=O)C([NH3+])CO)C(C)O)C(=O)O
6fi1,Nc1ccc(NC(=O)C[NH3+])cc1
4lbo,CC(=O)N[C@@H]1[C@@H](O)C[C@](O[C@H]2[C@@H](O)[C@@H](CO)O[C@@H](O[C@@H]3[C@@H](CO)O[C@@H](O)[C@H](O)[C@H]3O)[C@@H]2O)(C(=O)[O-])O[C@H]1[C@H](O)[C@H](O)CO
3ti5,CC(=O)N[C@@H]1[C@@H](NC(N)=[NH2+])C[C@H](C(=O)[O-])O[C@H]1[C@H](O)[C@H](O)CO
5ee8,O=C(Cc1cccs1)N[C@@H](Cn1cc(C(=O)[O-])nn1)B(O)O
2c4w,O=c1c2ccccc2oc2ccc(S(=O)(=O)Nc3nnn[nH]3)cc12
5jhd,CC[C@H](C)[C@H](NC(=O)C[NH3+])C(=O)N[C@@H](CC(C)C)C(=O)NCC(=O)N[C@@H](Cc1ccccc1)C(=O)N[C@H](C(=O)N[C@@H](Cc1ccccc1)C(=O)N[C@H](C(=O)N[C@@H](CC(C)C)C(=O)[O-])[C@@H](C)O)C(C)C
4ijl,O=C([O-])CSc1nnc(-c2sc3ccccc3c2Cl)n1-c1ccccc1
5zxk,C/C(=C\COP(=O)(O)OP(=O)(O)O)CO
3e7a,C/C=C1/C(=O)N[C@@H](C(=O)[O-])[C@H](C)C(=O)N[C@@H](CCCNC(N)=[NH2+])C(=O)N[C@@H](/C=C/C(C)=C/[C@H](C)[C@H](Cc2ccccc2)OC)[C@H](C)C(=O)N[C@@H](C(=O)[O-])CCC(=O)N1C
5ah2,CC(=O)N(C)[C@H](C(=O)N1C[C@H](C)C[C@H]1C(=O)N(C)[C@@H]1C(=O)N[C@@H](CC(C)C)C(=O)N2C[C@H](C)C[C@H]2C(=O)N[C@@H](CC(C)C)C(=O)N(C)[C@@H](C(C)C)C(=O)N2CCC[C@H]2C(=O)N(C)[C@H](CC(C)C)C(=O)NCC2(O)OC1(C)O2)C(C)C
4qw3,CC(C)C[C@H](NC(=O)[C@H](Cc1ccccc1)NC(=O)c1cnccn1)B(O)O
3uf9,CCOP(=S)(OCC)Oc1ccc([S@@+](C)O)cc1
1p6e,CCCCC(=O)OC[C@H](CO[P@](=S)(S)OCC[N+](C)(C)C)OC(=O)CCCC
6r0u,Nc1cccc2c1C(=O)N([C@H]1CC(=O)NC1=O)C2=O
4y8z,C[NH+]1CCN(C(=O)C[C@H](NC(=O)/C=C/c2cc(Cl)ccc2-n2cnnn2)c2nc(-c3ccc4[nH]c(=O)cc(O)c4c3)c(Cl)[nH]2)CC1
5yjy,CCCCCCCc1cc(O)c2ccccc2[n+]1[O-]
4z0e,CC[C@H](C)[C@@H]1NC(=O)[C@H](C)NC(=O)[C@H](CCC(N)=O)NC(=O)[C@@H]2CCCN2C(=O)[C@@H]2CCCN2C(=O)[C@H](C)NC(=O)[C@H](CCSC)NC(=O)[C@H](CCCNC(N)=[NH2+])NC(=O)[C@H]([C@@H](C)O)NC(=O)[C@H]([C@@H](C)O)NC(=O)[C@H](Cc2c[nH]c3ncccc23)NC(=O)[C@@H]([NH3+])CSSC[C@@H](C(=O)[O-])NC1=O
4nk3,O=CN1C[C@H]([NH2+]OS(=O)(=O)[O-])CC[C@H]1C(=O)NC1CC[NH2+]CC1
6n96,Nc1ncnc2c1ncn2C1OC(COP(=O)(O)OP(=O)(O)O)C(OP(=O)(O)O)C1O
5owf,NC(=O)CC[C@H]([NH3+])C(=O)[O-]
4dxg,CC(=O)N[C@H]1[C@@H](O)O[C@H](CO)[C@@H](O[C@@H]2O[C@H](CO)[C@H](O)[C@H](O[C@]3(C(=O)[O-])C[C@H](O)[C@@H](NC(C)=O)[C@H]([C@H](O)[C@H](O)CO)O3)[C@H]2O)[C@@H]1O[C@@H]1O[C@@H](C)[C@@H](O)[C@@H](O)[C@@H]1O
3th0,C[C@@H]1O[C@@H](O[C@H]2[C@@H](O)[C@@H](CO)O[C@H](O[C@H]3[C@@H](O[C@H]4O[C@H](C)[C@@H](O)C[C@H]4O)[C@H](O)[C@@H](CO)O[C@@H]3O[C@H]3[C@H](C)O[C@@H](O)[C@H](O)[C@@H]3O)[C@@H]2O)[C@H](O)[C@H](O)[C@H]1O[C@H]1O[C@H](CO)[C@@H](O)[C@H](O[C@H]2O[C@H](C)[C@@H](O)C[C@H]2O)[C@@H]1O[C@H]1O[C@H](CO)[C@H](O)[C@H](O)[C@H]1O
1om2,CC(C)C[C@H](NC(=O)[C@H](CC(C)C)NC(=O)[C@H](CCCNC(N)=[NH2+])NC(=O)[C@H](CO)NC(=O)[C@H](CC(C)C)NC(=O)[C@H](CCCNC(N)=[NH2+])NC(=O)[C@@H]1CCCN1C(=O)C[NH3+])C(=O)N[C@@H](CO)C(=O)N[C@@H](Cc1ccc(O)cc1)C(=O)N[C@@H](C)C(=O)[O-]
4gj8,O[C@@H](CC1c2ccccc2Sc2ccccc21)C[NH+]1CCCC1
2xm8,Oc1ccccc1-c1nc(N[C@H]2CC[NH2+]C2)c2ccccc2n1
2n1g,CSCC[C@H](NC(=O)[C@H](C)NC(=O)[C@H](C)NC(=O)[C@H](CCCC[NH3+])NC(=O)CNC(=O)[C@H](Cc1ccccc1)NC(=O)[C@H](Cc1ccccc1)NC(=O)[C@H](CC(N)=O)NC(=O)[C@H](CO)NC(=O)[C@H](CCSC)NC(=O)[C@H](CCSC)NC(=O)[C@H](CC(N)=O)NC(=O)CNC(=O)[C@@H]([NH3+])CCCC[NH3+])C(=O)N[C@@H](CC(N)=O)C(=O)N[C@@H](CCCC[NH3+])C(=O)[O-]
5xaf,COc1ccc([C@H]2[C@H](C)C(=O)N2c2cc(OC)c(OC)c(OC)c2)cc1O
4jg6,N#C[C@H](Cc1ccc2[nH]ncc2c1)C(N)=O
5ifu,COc1ccc(Cl)cc1C(=O)NCCc1ccc(S(=O)(=O)NC(=O)NC2CCCCC2)cc1
5g0q,N#[N+2]=NCCCCCCCC[NH2+][C@H]1C[C@H](O)[C@@H](O)[C@H](O)[C@H]1C(=O)[O-]
3h59,CCC(C)(C)[C@H]1C(O)=C(C2=CS(=O)(=O)c3cc(NS(C)(=O)=O)ccc3N2)C(=O)N1Cc1ccc(F)c(C)c1
2wva,Cc1ncc(Cn2nnc(CCOP(=O)(O)OP(=O)(O)O)c2C)c(N)n1
1.00E+00,CC[C@H](C)CCCC(C)(C)O
4x9w,CC(C)CC1NC(=O)CCCCCCCCCC[n+]2cc(n(CCCCCCCCc3ccccc3)c2)CC(C(=O)NC(CO)C(=O)NC(C(N)=O)C(C)OP(=O)(O)O)NC1=O
5e3d,O=c1[nH]c(=S)[nH]c2[nH]c(S)nc12
5sve,CC(C)C[C@H](NC(=O)[C@H](Cc1ccc(O)cc1)NC(=O)[C@H](CCC(N)=O)NC(=O)[C@H](C)[NH3+])C(=O)N[C@@H](C)C(=O)N[C@H](C(=O)N1CCC[C@H]1C(=O)[O-])C(C)C
4y2p,C[NH2+]Cc1cccc(-c2cccnc2)c1
1xnx,C[C@@]12C=CC[C@H]1[C@@H]1CC[C@H]3C[C@H](O)CC[C@]3(C)[C@H]1CC2
1tc1,O=c1[nH]cnc2cn[nH]c12
4csy,CO[C@@H]1O[C@H](CO)[C@@H](O[C@@H]2O[C@H](CO)[C@H](O)[C@H](O[C@]3(C(=O)[O-])C[C@H](O)[C@@H](NC(C)=O)[C@H]([C@H](O)[C@H](O)CO)O3)[C@H]2O)[C@H](O[C@@H]2O[C@@H](C)[C@@H](O)[C@@H](O)[C@@H]2O)[C@H]1NC(C)=O
3b9s,c1ccc(-c2ccncn2)cc1
2g63,COC(=O)c1ccc(NC(=O)NC[C@H]2CC[C@@H](C(=O)N3CCC[C@H]3C=N)[NH2+]2)cc1
3sgx,O=C(Nc1cccc(Oc2ccc(C(=O)[O-])c(C(=O)[O-])c2)c1)c1ccc(-c2ccccc2)cc1
6dyo,[NH3+]CCc1ccc(O)c(O)c1
3wuu,CC(C)C[C@H](NC(=O)[C@@H]([NH3+])CC(=O)[O-])C(=O)N[C@@H](C)C(=O)N[C@H](C(=O)NCC(=O)N1CCC[C@H]1C(=O)N1CCC[C@H]1C(=O)N[C@@H](CO)C(=O)N[C@@H](CC(C)C)C(=O)N[C@@H](CC(N)=O)C(=O)N[C@@H](Cc1ccc(O)cc1)C(=O)N1CCC[C@H]1C(=O)NCC(=O)N[C@@H](Cc1ccc(O)cc1)C(=O)[O-])C(C)C
3qcf,O=C([O-])c1sccc1SCc1ccc(Cl)c(Cl)c1
1h6e,CSCC[C@H](NC(=O)[C@H](CCCC[NH3+])NC(=O)[C@@H](NC(=O)[C@H](Cc1ccc(O)cc1)NC(=O)[C@@H](NC(=O)CNC(=O)[C@@H](NC(=O)[C@@H]([NH3+])[C@@H](C)O)[C@@H](C)O)C(C)C)C(C)C)C(=O)N1CCC[C@H]1C(=O)N1CCC[C@H]1C(=O)[O-]
4oq5,Cc1ccc(-c2ccc(C(=O)[O-])c(NS(=O)(=O)c3ccc(Oc4ccccc4)cc3)c2)c2ccccc12
1i6v,CO[C@H]1/C=C/O[C@@]2(C)Oc3c(C)c(O)c4c(O)c(c(/C=N/N5CC[NH+](C)CC5)c(O)c4c3C2=O)NC(=O)/C(C)=C\CC[C@H](C)[C@H](O)[C@@H](C)[C@@H](O)[C@@H](C)[C@H](OC(C)=O)[C@@H]1C
5lrk,CC[C@@H](C)[C@@H]1NC(=O)[C@H](NC(=O)N[C@@H](CCCNC(N)=[NH2+])C(=O)[O-])CCCC[NH+]2OC2(O)[C@H](Cc2ccccc2)NC(=O)[C@H](C)N(C)C(=O)[C@H](CCc2ccc(O)cc2)NC1=O
2y55,[B+2]CNC(=O)Cc1ccccc1
2ay8,O=C([O-])CCCc1cccs1
2l11,C[C@H]([NH3+])C(=O)N[C@@H](CCCNC(N)=[NH2+])C(=O)N[C@H](C(=O)N[C@@H](CCCC[NH3+])C(=O)N[C@@H](CCC(N)=O)C(=O)N[C@H](C(=O)N[C@@H](C)C(=O)N[C@@H](CCCNC(N)=[NH2+])C(=O)N[C@@H](CCCC[N+](C)(C)C)C(=O)N[C@@H](CO)C(=O)N[C@H](C(=O)NCC(=O)NCC(=O)N[C@@H](CCCC[NH3+])C(=O)N[C@@H](C)C(=O)[O-])[C@@H](C)O)[C@@H](C)O)[C@@H](C)O
5wys,[B+2]c1ccc([C@H](O)CCc2ccc(O)c(C(=O)[O-])c2)cc1
6b0v,CCC(=O)N1CC([NH+]2CCN(C(=O)CNc3cc(Cl)c(Cl)cc3O)CC2)C1
4yfi,CNS(=O)(=O)c1cccc(Nc2ncnc3[nH]cnc23)c1
3v2o,CC(C)C[C@H](NC(=O)[C@H](CO)NC(=O)[C@@H]1CCCN1C(=O)[C@H](CC(C)C)NC(=O)[C@H](CCCC[NH3+])NC(=O)[C@@H]1CCCN1C(=O)[C@H](CC(C)C)NC(=O)[C@@H](NC(=O)[C@@H]1CCCN1C(=O)[C@H](C)[NH3+])[C@@H](C)O)C(=O)N[C@@H](CO)C(=O)[O-]
2i1r,CCc1ccc(/C=C2\S/C(=N\[C@@H](c3ccc(F)cc3)c3nnn[nH]3)NC2=O)o1
4r02,Cc1ccc(NC(=O)[C@@H](O)[C@H](CC(C)C)NC(=O)[C@H](CC(C)C)NC(=O)[C@H](CC(C)C)NC(=O)OCc2ccccc2)c(C)c1
5t6g,CCCCCCCCS(=O)(=O)N[C@@H](CC1CCCCC1)C(=O)N[C@H](CO)C[C@@H]1CCNC1=O
5mob,CC(=C/C(=O)[O-])/C=C/[C@@]1(O)[C@@H](C)CC(=O)CC1(C)C
1oit,NS(=O)(=O)c1ccc(Nc2nccc(-c3c[nH]c4cccc[n+]34)n2)cc1
5a0b,CC1=C(C#N)[C@@H](c2ccc(C#N)cc2)N(CC(=O)N2CC[NH+](C(C)C)CC2)C(=O)N1c1cccc(C(F)(F)F)c1
1a0t,OC[C@H]1O[C@H](O[C@]2(CO)O[C@H](CO)[C@@H](O)[C@@H]2O)[C@H](O)[C@@H](O)[C@@H]1O
4b7q,CC(=O)N[C@@H]1[C@@H](NC(N)=[NH2+])C[C@@H](C(=O)[O-])O[C@H]1[C@H](O)[C@H](O)CO
5f91,COc1ccc(S(=O)(=O)N2CCCCCC2)cc1NC(=O)C[C@H]1N=NC(=O)c2ccccc21
4pda,[NH2+]=c1ccn([C@@H]2O[C@H](CO)[C@@H](O)[C@H]2O)c(=O)[nH]1
1pq3,[NH3+][C@@H](CSCC[B-](O)(O)O)C(=O)[O-]
5q0d,COC(=O)Nc1ccc2c(c1)NC(=O)CCCC[C@H](NC(=O)/C=C/c1cc(Cl)ccc1-n1cnnn1)c1nc-2c[nH]1
5szb,CC(=O)NCCCC[C@H](NC(=O)CNC(=O)CNC(=O)[C@@H](NC(=O)[C@H](CO)NC(=O)[C@H](CCCC[NH3+])NC(=O)[C@H](CCCNC(N)=[NH2+])NC(=O)[C@H](C)NC(=O)[C@@H](NC(=O)[C@H](CCC(N)=O)NC(=O)[C@H](CCCC[NH3+])NC(=O)[C@@H](NC(=O)[C@H](CCCNC(N)=[NH2+])NC(=O)[C@H](C)[NH3+])[C@@H](C)O)[C@@H](C)O)[C@@H](C)O)C(=O)N[C@@H](C)C(=O)[O-]
9hvp,CC(C)[C@H](NC(=O)OCc1ccccc1)C(=O)N[C@@H](Cc1ccccc1)C(O)[C@H](Cc1ccccc1)NC(=O)[C@@H](NC(=O)OCc1ccccc1)C(C)C
4ty9,Nc1ccc(C(F)(F)F)cn1
5k8n,Nc1ccc([N+](=O)[O-])cc1C(=O)[O-]
6bj3,CC[C@H](C)[C@H]([NH3+])C(=O)N1CCC[C@H]1C(=O)N[C@@H](CC(C)C)C(=O)N[C@H](C(=O)N[C@@H](CCC(=O)[O-])C(=O)N[C@@H](CCC(=O)[O-])C(=O)N[C@@H](C)C(=O)N[C@@H](CCC(=O)[O-])C(=O)N[C@@H](CC(C)C)C(=O)[O-])[C@@H](C)O
2azb,CC(C)[C@H](NC(=O)[C@H](C)NC(=O)OCc1ccccc1)C(=O)N[C@H](CO)Cc1ccccc1
3p9h,COc1ccc(/C=N/O[C@@H]2C[C@@H](C(=O)N[C@H](C(=O)N[C@@H](C)C(=O)N3CCC[C@H]3C(=O)N3CCC[C@H]3C(=O)N[C@@H](CCC(=O)[O-])C(=O)N[C@@H](CCC(=O)[O-])C(N)=O)[C@@H](C)O)N(C(=O)[C@H](CCC(=O)[O-])NC(=O)[C@@H]3CCCN3C(C)=O)C2)cc1OC
4a2a,CC[C@H](C)[C@H](NC(=O)[C@H](C)NC(=O)[C@@H]1CCCN1C(=O)[C@@H](NC(=O)[C@@H]([NH3+])CC(=O)[O-])[C@@H](C)CC)C(=O)N[C@@H](Cc1ccc(O)cc1)C(=O)N[C@@H](CCCNC(N)=[NH2+])C(=O)N[C@@H](Cc1ccc(O)cc1)C(=O)NCC(=O)N[C@@H](CC(C)C)C(=O)N[C@@H](CCC(=O)[O-])C(=O)NCC(=O)N[C@@H](CC(C)C)C(=O)N[C@@H](CC(C)C)C(=O)[O-]
5em3,Oc1cccc2ncccc12
2z78,CCCCCCCCCCOC1=CC(c2cc(F)cc(F)c2)=CN(CC(P(=O)(O)O)P(=O)(O)O)C1
6ps4,Cc1ccc(OC[C@@H](O)[C@H](C)[NH2+]C(C)C)c2c1CCC2
4bid,[NH3+]C[C@H](Oc1cnc(-c2ccoc2)c(-c2c[nH]c3ncccc23)c1)c1ccccc1
6msc,COc1cc(F)cc2c1nnc1c2c(-c2ccncc2C)nn1C
4anw,CNC(=O)c1nc(-c2ccc(Cl)c(S(=O)(=O)Nc3cccc(F)c3F)c2)cnc1N
6g97,COCCN1Cc2ccc(-c3nc(NC4CCOCC4)ncc3Cl)cc2C1=O
6huu,Cc1ncc(C(=O)N[C@@H](CC(C)C)C(=O)N[C@@H](CC2CCCCC2)C(=O)N[C@H](CCS(C)(=O)=O)Cc2ccc(C[NH3+])cc2)s1
2ycr,C/C(=N\N=C1/N=CCN1)c1ccc(NC(=O)Nc2ccc(/C(C)=N/N[C@H]3N=CC[NH2+]3)cc2)cc1
3dp1,COc1ccc(C(=O)/N=N\Cc2cc(Br)c(O)c(Br)c2O)cc1
4aua,O=C(c1ccc[nH]1)c1nc2ccccc2[nH]1
3ui2,C[C@H](NC(=O)[C@@H](NC(=O)CNC(=O)[C@@H]1CCCN1C(=O)[C@@H]1CCCN1C(=O)[C@H](C)NC(=O)[C@H](CCCC[NH3+])NC(=O)[C@@H]([NH3+])CCC(N)=O)[C@@H](C)O)C(=O)N[C@@H](CCCNC(N)=[NH2+])C(=O)N[C@@H](CCCNC(N)=[NH2+])C(=O)N[C@@H](CCCC[NH3+])C(=O)N[C@@H](CCCNC(N)=[NH2+])C(=O)N[C@@H](CCCC[NH3+])C(=O)[O-]
5kdf,CN(C)c1nc(-c2cccn2-c2ccccc2)nc(N(C)C)n1
5k0i,Cc1cccc2ccc(N3CC[C@H](C(=O)N[C@H]4CCO[C@H](CO)C4)C(C)(C)C3)nc12
5qab,COc1cccc(-c2cccc(C(=O)[O-])c2)c1
6peg,CC(C)[C@@H](O)c1c(Cc2cccc(NNc3ccc4c(S(=O)(=O)[O-])cc(S(=O)(=O)[O-])c(N)c4c3O)c2)nn2ccccc12
6afd,Cc1cccc2c1NC(=O)[C@H]2O
5lqq,Cc1c(Sc2cccc(C(=O)[O-])c2)c2ccc(Cl)cc2n1-c1ccccc1
6dgy,CC[C@H](C)CN(C[C@@H](O)[C@H](Cc1ccccc1)NC(=O)O[C@H]1CO[C@H]2OCC[C@@H]12)S(=O)(=O)c1ccc(N)cc1
4dcx,O=C1C[N@@+]23Cc4cccc[n+]4[Fe+7]245(O1)OC(=O)C[N@+]4(Cc1cccc[n+]15)[C@@H]1CCCC[C@H]13
4nxq,NC(=O)CC[C@H](NC(=O)[C@@H]([NH3+])CC(N)=O)C(=O)N[C@@H](CCCC[NH3+])C(=O)N[C@@H](CCC(=O)[O-])C(=O)N[C@@H](Cc1ccc(O)cc1)C(=O)N[C@@H](Cc1ccccc1)C(=O)N[C@@H](Cc1ccccc1)C(=O)[O-]
5uac,CO[C@H]1/C=C/O[C@@]2(C)Oc3c(C)c(O)c4c(O)c(c(/C=N/N5CC[NH+](C)CC5)c(O)c4c3C2=O)NC(=O)/C(C)=C\C=C\[C@H](C)[C@H](O)[C@@H](C)[C@@H](O)[C@@H](C)[C@H](OC(C)=O)[C@@H]1C
3btr,CSCC[C@H](NC(=O)CNC(=O)[C@H](C)NC(=O)[C@@H]([NH3+])CCC(=O)[O-])C(=O)N[C@H](C(=O)N[C@@H](CC(C)C)C(=O)NCC(=O)N[C@@H](C)C(=O)N[C@@H](CCCNC(N)=[NH2+])C(=O)N[C@@H](CCCC[NH3+])C(=O)N[C@@H](CC(C)C)C(=O)N[C@@H](CCCC[NH3+])C(=O)N[C@@H](CCCC[NH3+])C(=O)N[C@@H](CC(C)C)C(=O)NCC(=O)O)[C@@H](C)O
1x7q,C[C@@H](O)[C@H](NC(=O)[C@@H]([NH3+])CCCC[NH3+])C(=O)N[C@@H](Cc1ccccc1)C(=O)N1CCC[C@H]1C(=O)N1CCC[C@H]1C(=O)N[C@H](C(=O)N[C@@H](CCC(=O)[O-])C(=O)N1CCC[C@H]1C(=O)N[C@@H](CCCC[NH3+])C(=O)[O-])[C@@H](C)O
3q5u,CC[C@H](C)[C@H](NC(=O)[C@H](CO)NC(=O)C[NH3+])C(=O)N[C@H](C(=O)N[C@@H](CCCNC(N)=[NH2+])C(=O)N[C@@H](CCCC[NH3+])C(=O)N[C@@H](Cc1c[nH]c2ccccc12)C(=O)N[C@@H](CC(N)=O)C(=O)[O-])[C@@H](C)CC
4og5,N#Cc1ccc(OCCC[N@H+]2CC[C@H]([C@](O)(c3ccccn3)C3CCCC3)CC2)cc1
1yy4,Oc1ccc(-c2ccc3c(Cl)c(O)ccc3c2)cc1
3aig,CC(C)C[C@H](NC(=O)c1ccco1)C(=O)N1Cc2[nH]c3ccccc3c2C[C@H]1C(=O)[O-]
6duf,Cc1cc(/C=C/C#N)cc(C)c1Oc1nc(N[C@H]2CC[N@H+](Cc3ccc(S(N)(=O)=O)cc3)CC2)nc2ccsc12
5yib,Cc1cc(N(C)CC[NH+](C)C)cc(C)c1OCC(=O)N[C@@H](Cc1ccccc1)[C@H](O)C(=O)N1[CH]SC(C)(C)[C@H]1C(=O)N[C@H]1c2ccccc2C[C@H]1O
1t08,CC(C)C[C@H](NC(=O)[C@H](CC(C)C)NC(=O)[C@@H](NC(=O)[C@H](CC(=O)[O-])NC(=O)[C@H](C)NC(=O)[C@@H]([NH3+])CC(=O)[O-])[C@@H](C)O)C(=O)N[C@@H](Cc1c[nH]cn1)C(=O)N[C@@H](Cc1ccccc1)C(=O)N[C@@H](C)C(=O)N[C@H](C(=O)N[C@@H](CCC(=O)[O-])C(=O)N[C@@H](CO)C(=O)N[C@H](C(=O)N1CCC[C@H]1C(=O)N[C@@H](CC(=O)[O-])C(=O)[O-])[C@@H](C)O)[C@@H](C)O
5e5g,[NH3+][C@H](Cc1c[nH]c2ccccc12)C(=O)[O-]
4jr5,O=S(=O)(c1ccc(NC(=S)NCc2cccnc2)cc1)N1CCCCC1
4inu,CC(C)C[C@H](NC(=O)[C@@H](Cc1ccc(C[NH3+])cc1)NC(=O)[C@H](Cc1ccccc1)N=[N+2]#N)C(=O)N[C@H](CCS(C)(=O)=O)Cc1ccc(C[NH3+])cc1
6aa5,COc1c(O)cc2oc3cc4c(c(O)c3c(=O)c2c1CCC(C)C)CCC(C)(C)O4
4du8,O=C(O)C1CCCN1C(=O)COP(=O)(O)OP(=O)(O)O
2xy9,O=C(NC(Cc1ccccc1)P(=O)(O)CC(Cc1cc(-c2ccccc2)no1)C(=O)NC(Cc1ccc(O)cc1)C(=O)O)OCc1ccccc1
5akl,O=C(NCCC(c1ccccc1)c1ccccc1)n1cccc1
5l17,CC(=O)N[C@@H]1[C@@H](NC(N)=[NH2+])C[C@H](C(=O)[O-])O[C@H]1[C@H](O)[C@H](O)CO
5am2,Cc1ccc2cc[nH]c(=O)c2c1
6bxy,Cc1c(C[N@H+]2CC[C@H](Nc3ncnc4sc(CC(F)(F)F)cc34)CC2)ccc2c1cc(C#N)n2C[C@@H]1CNC(=O)CO1
3btj,CC1=CC([NH3+])c2ccccc2N1CCCCCCCCCCN1c2ccccc2C(N)=CC1C
3vrt,C=C1[C@H](O)CC(=C/C=C2\CCC[C@@]3(C)[C@H]2CC[C@@H]3[C@H](C)CCCO)C[C@H]1O
3l4t,O=S(=O)([O-])O[C@H]([C@@H](O)CO)[C@H](O)C[S@+]1C[C@@H](O)[C@H](O)[C@H]1CO
4yee,OC[C@H]1O[C@H](OC[C@H]2O[C@@H]3O[C@@H]4[C@@H](CO)O[C@H](O[C@@H]5[C@@H](CO)O[C@H](O[C@@H]6[C@@H](CO)O[C@H](O[C@@H]7[C@@H](CO)O[C@H](O[C@@H]8[C@@H](CO)O[C@H](O[C@@H]9[C@@H](CO)O[C@H](O[C@H]2[C@H](O)[C@H]3O)[C@H](O)[C@H]9O)[C@H](O)[C@H]8O)[C@H](O)[C@H]7O)[C@H](O)[C@H]6O)[C@H](O)[C@H]5O)[C@H](O)[C@H]4O)[C@H](O)[C@@H](O)[C@@H]1O
4msu,O=S(=O)(c1cccs1)N1CCN(c2ccc(C(O)(C(F)(F)F)C(F)(F)F)cc2)CC1
4ge4,COc1ccc2cc(NCc3c(COP(=O)(O)O)cnc(C)c3O)c(=O)n(O)c2c1
5wbz,C[C@]1(O)CCN(c2nc(N3C[C@H](O)[C@@H](O)C3)cc(C(F)(F)F)c2C#N)C1
1g9r,O=c1ccn(C2OC(COP(=O)(O)OP(=O)(O)OC3OC(CO)C(O)C(O)C3F)C(O)C2O)c(=O)[nH]1
5x9p,O=C([O-])CCNc1cc(Nc2ccc3[nH]c(=O)[nH]c3c2)c(Cl)cc1[N+](=O)[O-]
3k05,NC(=O)CCC(NC(=O)C([NH3+])COP(=O)(O)O)C(=O)NC(CCC(=O)O)C(=O)NC(Cc1ccc(O)cc1)C(N)=O
5j9k,CC[C@H](C)[C@H](NC(=O)[C@H](CC(C)C)NC(=O)[C@@H]([NH3+])CC(N)=O)C(=O)N[C@@H](Cc1ccc(O)cc1)C(=O)N[C@@H](CC(C)C)C(=O)N[C@@H](CC(=O)[O-])C(=O)N[C@@H](CC(C)C)C(=O)N[C@@H](CC(N)=O)C(=O)N[C@@H](CC(C)C)C(=O)[O-]
1ctr,CN1C=CN(CCCN2c3ccccc3Sc3ccc(C(F)(F)F)cc32)C=C1
2y77,O=C([O-])[C@@]1(O)C[C@@H](O)[C@H](O)C(OCc2cc3ccccc3s2)=C1Cc1cccs1
5osy,C[n+]1cn(C2OC(CSP(=O)(O)OP(=O)(S)OP(=O)(O)SCC3OC(n4cnc5c(=O)[nH]c(N)nc54)C(O)C3O)C(O)C2O)c2nc(N)[nH]c(=O)c21
5ggl,CC(=O)N[C@H]1[C@@H](Oc2ccc([N+](=O)[O-])cc2)O[C@H](CO)[C@@H](O)[C@@H]1O
5ngf,CCS(=O)(=O)Nc1ccccc1-c1ccc(C(=O)N2CCC(O)(Cn3cnc4c(cnn4C)c3=O)CC2)cc1
4fzg,CCCCCCC/C=C/C=C/C(=O)N[C@H](C(=O)N[C@H]1C[C@@H](O)CCNC(=O)CC[C@H](C)NC1=O)[C@@H](C)O
6fu5,CCCS(=O)(=O)Nc1cc(-c2cc(-c3ccc(N4CC[NH2+]CC4)cc3)cnc2N)ccc1OC
4ngs,CC(=O)NCCOc1ccccc1NC(=O)NCCCC[C@H](NC(=O)N[C@@H](CCC(=O)[O-])C(=O)[O-])C(=O)[O-]
6en6,C[C@H]([NH2+][C@H](C(=O)[O-])[C@@H]1CCCN1C(=O)[C@@H]([NH3+])CC(=O)[O-])C(=O)N1CCC[C@H]1C(=O)[O-]
4wag,COc1ccc(-c2c(C)nc3c(N)cc(Cl)nn23)cc1OC
2jbj,O=C(O)CCC(CP(=O)(O)O)C(=O)O
6nkp,CC(C)C[C@H](NC(=O)[C@@H]([NH3+])Cc1c[nH]c2ccccc12)C(=O)N[C@@H](C)C(=O)N[C@@H](Cc1ccc(O)cc1)C(=O)N1CCC[C@H]1C(=O)N[C@@H](CC(=O)[O-])C(=O)N[C@@H](CO)C(=O)N[C@H](C(=O)N1CCC[C@H]1C(=O)N[C@@H](Cc1ccc(O)cc1)C(=O)N[C@@H](CO)C(=O)[O-])C(C)C
3vjl,O=C([C@@H]1C[C@H]([N@H+]2CC[C@H](c3cc(C(F)(F)F)nn3-c3ccccc3)CC2)C[NH2+]1)N1CCSC1
3sdg,O=C(CCC(F)(F)F)N1CCC(c2nc(-c3nccs3)no2)CC1
2qft,O=C(O)C[NH2+]CP(=O)(O)O
1irs,CCC(C)C(NC(=O)C(NC(=O)C([NH3+])CC(C)C)C(C)C)C(=O)NC(C)C(=O)NCC(=O)NC(CC(N)=O)C(=O)N1CCCC1C(=O)NC(C)C(=O)NC(Cc1ccc(OP(=O)(O)O)cc1)C(=O)NC(CCCNC(=N)N)C(=O)NC(CO)C(=O)O
5fap,O=CN1C[C@H]([NH2+]OS(=O)(=O)[O-])CC[C@H]1C(=O)NNC(=O)C1C[NH2+]C1
3twr,CC(C)C[C@H]([NH3+])C(=O)N[C@@H](CCC(N)=O)C(=O)N[C@@H](CCCNC(N)=[NH2+])C(=O)N[C@@H](CO)C(=O)N1CCC[C@H]1C(=O)N1CCC[C@H]1C(=O)N[C@@H](CC(=O)[O-])C(=O)NCC(=O)N[C@@H](CCC(N)=O)C(=O)N[C@@H](CO)C(=O)N[C@@H](Cc1ccccc1)C(=O)N[C@@H](CCCNC(N)=[NH2+])C(=O)N[C@@H](CO)C(N)=O
3khj,O=C(Cn1c(-c2nccs2)nc2ccccc21)Nc1ccc(Br)cc1
3ddb,CSCC[C@H](NC(=O)[C@H](CCCC[NH3+])NC(=O)[C@@H](NC(=O)[C@H](C)NC(=O)[C@H](CCCNC(N)=[NH2+])NC(=O)[C@@H]([NH3+])CCCNC(N)=[NH2+])[C@@H](C)O)C(N)=O
6q7v,Nc1cc(NCc2ccc(F)cc2)cc(C(F)(F)F)n1
2wap,O=CN1CCC(Cc2cccc(Oc3ccc(C(F)(F)F)cn3)c2)CC1
4j3j,[NH3+][C@@H](CCNC(=O)N1CCn2c(ccc2C(F)(F)F)C1)Cc1cc(F)c(F)cc1F
6djd,O=C([O-])c1cnc2ccccc2c1O
4gs8,CNC(=O)[C@H](Cc1cnc[nH]1)NC(=O)C[N@H+](CCCc1ccccc1)CC(=O)[O-]
4gja,Cc1ccc(S(=O)(=O)N[C@H]2C[NH2+]C[C@@H](C(=O)NCC(c3ccccc3)c3ccccc3)C2)cc1
5myl,O=C(Cc1ccc(F)cc1)Nc1nc(-c2ccccn2)cs1
6gcr,CCC(=O)NCCNc1c(NCc2ccc(Nc3ncc(Cl)c(Nc4ccccc4C(=O)NC)n3)cc2)c(=O)c1=O
4mqp,Cc1ncc(COP(=O)(O)O)c(C/N=N/c2nc3ccccc3s2)c1O
6a6k,CC(C)[NH+]1CCN(c2ccc(/C(=C(/CCCO)c3ccccc3)c3cccc(O)c3)cc2)CC1
6drg,CC(C)(Sc1ccc(CCN(CCCCC2CCCCC2)C(=O)NC2CCCCC2)cc1)C(=O)[O-]
4nrb,CNC(=O)c1ccccc1OC1CCOCC1
5vfd,CC1=C[C@@H](C(N)=O)N2C[C@@H]1N(OS(=O)(=O)[O-])C2=O
3oob,O=C(O[C@@H]1Cc2c(O)cc(O)cc2O[C@@H]1c1cc(O)c(O)c(O)c1)c1cc(O)c(O)c(O)c1
6bid,O=C1CC[C@@H](CO)NC(=O)[C@H](CC2CCCCC2)NC(=O)[C@@H](NC(=O)OCc2ccccc2)Cc2cn(nn2)CCN1
5tyo,Cc1ccc([B+]O)cc1OCc1ccccc1
4m5g,Nc1nc2nc(SCC(=O)c3ccccc3)[nH]c2c(=O)[nH]1
4mm4,Fc1ccc([C@@H]2CC[NH2+]C[C@H]2COc2ccc3c(c2)OCO3)cc1
5nfh,O=c1[nH]c(NCCC[NH2+]Cc2cc3c(Cl)cc(Cl)cc3[nH]2)nc2ccccc12
4hbp,O=CN1CCN(c2nc(-c3ccccc3)ns2)CC1
2w6o,CC1(C)CC(=O)c2c(N)ncnc2C1
2obo,CC(C)(C)OC(=O)N[C@H](C(=O)N1C[C@H]2[C@@H]([C@H]1C(=O)N[C@@H](CC1CC1)[C@@H](O)C(N)=O)C2(C)C)C(C)(C)C
6rtn,[NH3+]CC[NH2+][C@H]1CC[C@H](CC(=O)N[C@H]2Cc3cccc(C(=O)[O-])c3OB2[OH2+])CC1
4lwc,O=C([O-])c1ccc(-c2ccc(C(=S)NCc3ccc(-c4ccnn4-c4ccc(Cl)c(Cl)c4)cc3)c(Cl)c2)o1
5l2m,Cc1oc2cc3oc(=O)c(CCC(=O)N4CCCCC4)c(C)c3cc2c1C
4ff8,COc1ccccc1CNc1ncc(C(=O)NCCCN2CCCC2=O)c(NC2CCCC2)n1
5tg5,O=S(=O)(c1ccc(B(O)O)cc1)N1CCC1
4ycl,CC(=O)C1C(=O)[C@@H]2[C@H]3c4c[nH]c5cccc(c45)C[C@H]3C(C)(C)[N@@H+]2[C@@H]1O
6rj3,C[C@@H](NC(=O)c1cc(-c2ccccc2)nn1C)c1ccc(C(=O)[O-])cc1
1u3q,Oc1ccc(-c2noc3cc(O)ccc23)c(O)c1
5gn5,COc1ccc(N2CCN(/C=C3\CC(=O)Oc4c3ccc(O)c4O)CC2)cc1
2o5d,CCc1ccc(/C=C2\SC(N[C@H](C(=O)NS(=O)(=O)c3ccc([N+](=O)[O-])cc3)c3ccc(F)cc3)=NC2=O)o1
4e5j,CC(=O)Nc1cccc(-c2nc(=O)c(O)c(C(=O)[O-])[nH]2)c1
5jga,C[NH+]1CCN(C(=O)c2ccc(NC(=O)c3csc4c(=O)[nH]cnc34)c(-c3ccccc3)c2)CC1
4oee,CO[C@@H]1O[C@@H](C(=O)[O-])[C@@H](O[C@H]2O[C@H](CO)[C@@H](O)[C@H](OS(=O)(=O)[O-])[C@H]2NS(=O)(=O)[O-])[C@H](O)[C@H]1OS(=O)(=O)[O-]
6awn,Fc1ccc([C@@H]2CC[NH2+]C[C@H]2COc2ccc3c(c2)OCO3)cc1
6fi5,CC(C)CC(NC(=O)C(COP(=O)(O)O)NC(=O)C1CCCN1C(=O)C([NH3+])C(C)O)C(=O)N1CCCC1C(=O)NC(C)C(=O)N1CCCC1C(c1ccccc1)c1ccccc1
3d2t,O=C([O-])c1cc(-c2ccc(F)cc2F)ccc1O
4z8a,CC[C@H](C)[C@H](NC(C)=O)C(=O)NCC(=O)N[C@@H](CCCNC(N)=[NH2+])C(=O)N[C@@H](CCCNC(N)=[NH2+])C(=O)N[C@@H](CC(C)C)C(=O)N1CCC[C@H]1C(=O)N1CCC[C@H]1C(=O)N[C@H](C(=O)N1CCC[C@H]1C(=O)N[C@@H](CO)C(=O)N[C@@H](CCCC[NH3+])C(=O)N1CCC[C@H]1C(=O)N[C@@H](CO)C(=O)N[C@H](C(=O)N[C@@H](CC(C)C)C(N)=O)[C@@H](C)O)[C@@H](C)O
5hog,CC[C@H](C)[C@H](NC(=O)[C@H](CC(=O)[O-])NC(=O)[C@H](CC(=O)[O-])NC(=O)[C@H](CC(C)C)NC(=O)[C@@H](NC(=O)[C@H](CC(=O)[O-])NC(=O)[C@H](CC(=O)[O-])NC(=O)[C@@H](NC(=O)[C@H](CC(N)=O)NC(=O)[C@H](CCCNC(N)=[NH2+])NC(=O)[C@H](CC(C)C)NC(=O)[C@@H]([NH3+])CO)[C@@H](C)CC)[C@@H](C)CC)C(=O)N[C@@H](CCC(=O)[O-])C(=O)[O-]
6ode,Cc1cc(C(=O)N[C@@H](CC(=O)N2C=CC[C@@H]2c2ccccc2)C(=O)N[C@@H](C)c2nc(-c3ccccc3F)c[nH]2)no1
4dpy,O=C(O)C1CCCN1C(=O)COP(=O)(O)OP(=O)(O)O
6saf,COc1ccc(CC[C@@H](OC(=O)[C@@H]2CCCCN2C(=O)[C@@H]2CCC(=O)[C@@H]3CCCC[C@H]32)c2cccc(OCC[NH+]3CCOCC3)c2)cc1OC
3q7j,[NH3+][C@@H](Cc1ccccc1)C(=O)N[C@@H](CCCCNC(=O)OCc1ccccc1)C(=O)N=O
2cmb,NC(=O)[C@H](Cc1ccc(C2=CC(=O)NS2(=O)=O)cc1)NC(=O)[C@H](Cc1ccccc1)NC(=O)Cc1ccc(C2=CC(=O)NS2(=O)=O)cc1
4d2d,C[C@H]([NH3+])C(=O)N[C@@H](C)C(=O)N[C@@H](C)C(=O)[O-]
4obv,[NH3+][C@](CF)(Cc1c[nH]c2ccccc12)C(=O)[O-]
3k48,CSCC[C@@H]1NC(=O)[C@H](Cc2ccccc2)NC(=O)[C@@H]2CCCN2C(=O)[C@H](CC(=O)[O-])NC(=O)[C@H](Cc2ccc(O)cc2)NC(=O)[C@H](Cc2c[nH]c3ccccc23)NC(=O)[C@H](CCCNC(N)=[NH2+])NC(=O)[C@@H]2CCCN2C(=O)[C@H](CC(=O)[O-])NC(=O)[C@@H](NC(=O)[C@H](Cc2c[nH]c3ccccc23)NC(=O)CNC(=O)[C@@H]([NH3+])CO)CSSC[C@@H](C(=O)N[C@@H](CCC(=O)[O-])C(=O)N[C@@H](Cc2cnc[nH]2)C(=O)[O-])NC1=O
5mw2,CNC(=O)COc1cc2cc(Nc3nc(N4C[C@@H](C)C[C@@H](C)C4)ncc3Cl)ccc2n(C)c1=O
5l7f,CC[N+]1=C(/C=C/C=C/CC2=[N+](CCCCC(=O)NCCCOCCOCCOCCCNC(=O)C(CCC(=O)O)NC(=O)C(CCC(=O)O)NC(=O)C(Cc3cc(-c4ccc(-c5cccc(Cl)c5)cc4)no3)CP(=O)(O)c3ccc(Br)cc3)c3ccc4c(S(=O)(=O)O)cc(S(=O)(=O)O)cc4c3C2(C)C)C(C)(C)c2c1ccc1c(S(=O)(=O)O)cc(S(=O)(=O)O)cc21
4qz7,COc1ccc(C[C@H](NC(=O)[C@H](C)NC(=O)C[NH+]2CCOCC2)C(=O)N[C@@H](Cc2ccccc2)[C@@H](O)[C@H](C)CO)cc1
3ara,O=C1CCN(CCCS(=O)(=O)N2CCC[C@@H]2C(O)(c2ccccc2)c2ccccc2)C(=O)N1
6g6y,CC(=O)NC1[NH2+]N(C(C)=O)[C@](C)(c2ccccc2)S1
3r7n,CC(=O)N[C@@H](CC(=O)[O-])C(=O)N[C@H](C(=O)N[C@@H](C)C(=O)N[C@@H](CC(=O)[O-])C(=O)[O-])C(C)C
4omd,CC(C)[C@H](NC(=O)[C@H](CCCNC(N)=[NH2+])NC(=O)Cc1ccccc1)C(=O)N[C@@H](CCCNC(N)=[NH2+])C(=O)NCc1ccc(C(N)=[NH2+])cc1
4djs,CC[C@H](C)[C@@H]1NC(=O)[C@@](C)(NC(=O)[C@H](CCC(N)=O)NC(=O)[C@@H]2CCCN2C(=O)[C@H](Cc2c[nH]c3ccccc23)NC(=O)[C@@H]([NH3+])CCCNC(N)=[NH2+])CCC/C=C\C/C=C/[C@@](C)(C(=O)N[C@@H](Cc2c[nH]cn2)C(=O)N[C@H](C(=O)N[C@@H](CCCNC(N)=[NH2+])C(=O)N[C@@H](CCCNC(N)=[NH2+])C(=O)N[C@H](C(=O)N[C@@H](Cc2c[nH]c3ccccc23)C(=O)[O-])C(C)C)C(C)C)NC(=O)[C@H](CC(=O)[O-])NC(=O)[C@H](CC(C)C)NC1=O
3q6k,[NH3+]CCc1c[nH]c2ccc(O)cc12
3otf,Nc1ncnc2c1ncn2C1OC2COP(=O)(O)OC2C1O
5am5,CCCc1cc(C2CCCCC2)c[nH]c1=O
3jzb,OC(O)C[C@H]1C[C@H](I)[C@H](O[C@@H]2C=C(I)C(O)CC2)[C@H](I)C1
3eyd,CN(C[C@@H](NC(=O)N[C@H](C(=O)N1C[C@H]2[C@@H]([C@H]1C(=O)N[C@@H](CC1CCC1)B([OH2+])[OH2+])C2(C)C)C(C)(C)C)C(C)(C)C)S(C)(=O)=O
6hcu,O=C(NCC1(O)CCC(F)(F)CC1)c1cc(=O)c2cc(F)ccc2o1
3v01,O=C(NOC[C@H](O)CO)c1oc2ccncc2c1Nc1ccc(I)cc1F
5y0z,CCC(C)(C)c1ccc(OC[C@H](O)C[N@@H+]2C[C@@H]3C[C@H](C2)c2cccc(=O)n2C3)c(C(C)(C)CC)c1
4ith,CN1C(=O)N[C@H](Cc2c[nH]c3c(Cl)cccc23)C1=O
4ncg,Cn1c(Cn2ccc(C(F)(F)F)c(Oc3cc(Cl)cc(C#N)c3)c2=O)n[nH]c1=O
2gz7,Cc1cc(S(=O)(=O)c2c([N+](=O)[O-])cc(C(F)(F)F)cc2[N+](=O)[O-])c(Cl)cc1Cl
6dh3,CC(C)CN(C[C@@H](O)[C@H](Cc1ccccc1)NC(=O)O[C@H]1CO[C@H]2OCC[C@@H]12)S(=O)(=O)c1ccc(N)cc1
1pi5,O=C(Cc1cccs1)N[C@H](B(O)O)c1cccc(C(=O)[O-])c1
2oi9,CC(C)C[C@H](NC(=O)[C@H](CC(=O)[O-])NC(=O)[C@H](Cc1ccccc1)NC(=O)[C@@H]1CCCN1C(=O)[C@H](Cc1ccccc1)NC(=O)[C@@H]1CCCN1C(=O)[C@H](CO)NC(=O)[C@H](CC(C)C)NC(=O)[C@@H]([NH3+])CCC(N)=O)C(=O)O
6awp,COCCCC/C(=N\OCC[NH3+])c1ccc(C(F)(F)F)cc1
4ph4,Nc1ncc(-c2ccnc(Nc3ccncc3)n2)c(CC2CC2)n1
2g1r,CCc1nc(N)nc(N)c1-c1ccc2c(c1)N(CCNC(C)=O)C(=O)C(C)(C)O2
5nme,CC(C)C[C@H](NC(=O)[C@@H](NC(=O)[C@H](C)NC(=O)[C@@H](NC(=O)[C@@H](NC(=O)[C@H](CC(N)=O)NC(=O)[C@H](Cc1ccc(O)cc1)NC(=O)[C@H](CC(C)C)NC(=O)[C@@H]([NH3+])CO)[C@@H](C)O)C(C)C)[C@@H](C)O)C(=O)[O-]
2x4r,CSCC[C@H](NC(=O)[C@@H]1CCCN1C(=O)[C@@H](NC(=O)[C@H](CC(C)C)NC(=O)[C@@H]([NH3+])CC(N)=O)C(C)C)C(=O)N[C@H](C(=O)N[C@@H](C)C(=O)N[C@H](C(=O)N[C@H](C(=O)[O-])C(C)C)[C@@H](C)O)C(C)C
3cii,CSCC[C@H](NC(=O)[C@@H]([NH3+])C(C)C)C(=O)N[C@@H](C)C(=O)N1CCC[C@H]1C(=O)N[C@@H](CCCNC(N)=[NH2+])C(=O)N[C@H](C(=O)N[C@@H](CC(C)C)C(=O)N[C@@H](Cc1ccccc1)C(=O)N[C@@H](CC(C)C)C(=O)[O-])[C@@H](C)O
3eky,COC(=O)N[C@H](C(=O)N[C@@H](Cc1ccccc1)[C@@H](O)C[N@H+](Cc1ccc(-c2ccccn2)cc1)NC(=O)[C@@H](NC(=O)OC)C(C)(C)C)C(C)(C)C
6eox,COc1ccc(-c2ccc(S(=O)(=O)c3ccccc3CC(=O)[O-])cc2)cc1
1ujj,CC[C@H](C)[C@H](NC(=O)[C@H](CC(=O)[O-])NC(=O)[C@@H]([NH3+])CC(=O)[O-])C(=O)N[C@@H](CO)C(=O)N[C@@H](CC(C)C)C(=O)N[C@@H](CC(C)C)C(=O)N[C@@H](CCCC[NH3+])C(=O)[O-]
5am0,Cn1cccc1-c1cc(F)c2c(c1)C(C)(C)C(=O)N2
5wzv,Cc1c(C(=O)C(N)=O)c2c(OCC(=O)[O-])cccc2n1Cc1ccccc1-c1ccccc1
1cj1,NC(=O)C1CCC=CC1NC(=O)C1(NC(=O)C(Cc2ccc(OP(=O)(O)O)cc2)NC(=O)OCc2cccc(N)c2)CCCCC1
5mts,Cc1nc(-c2cnccn2)sc1C(=O)c1cnc(N[C@H]2O[C@H](CO)[C@@H](O)[C@H](O)[C@@H]2O)s1
4uwk,C[C@@H]1COC[C@@H](C)[N+]1=C1CC(=O)N2CC[C@@H](C(F)(F)F)N(Cc3ccc(Cl)s3)C2=[NH+]1
3sv7,CCC[C@H](NC(=O)[C@@H]1[C@H]2CCC[C@H]2CN1C(=O)[C@@H](NC(=O)[C@@H](NC(=O)c1cnccn1)C1CCCCC1)C(C)(C)C)[C@@H](O)C(=O)NC1CC1
2gqn,Cc1ncc(COP(=O)(O)O)c(/C=N/NC(=O)CNC(=O)c2ccccc2[N+](=O)[O-])c1O
6hvt,COC[C@H](NC(=O)[C@H](CC(C)C)NC(=O)c1cnc(C)s1)C(=O)N[C@H](CCS(C)(=O)=O)Cc1ccc(C[NH3+])cc1
4rxa,O=C(Nc1cccc(C2=NCCN2)c1)c1ccc(-c2ccc(C(=O)Nc3cccc(C4=NCCN4)c3)cc2)cc1
3pwh,Nc1nc(NCCc2ccc(O)cc2)nc2nc(-c3ccco3)nn12
1py1,CCC(C)C(NC(=O)C(CC(=O)O)NC(=O)C([NH3+])CC(=O)O)C(=O)NC(COP(=O)(O)O)C(=O)NC(CC(C)C)C(=O)NC(CC(C)C)C(=O)NC(CCCC[NH3+])C(=O)O
6gxy,Cc1nc2scc(-c3ccc(F)cc3)c2c(=O)[nH]1
5ypw,CC(C)[C@H]([NH3+])C(=O)[O-]
3t03,COc1ccc(Br)cc1CC1SC(=O)N(Cc2ccc(C)cc2)C1=O
2w6m,Nc1ncc(C(=O)c2cccc(Br)c2)o1
4a9c,O=P(O)(O)Oc1cc(OP(=O)(O)O)cc(-c2c(OP(=O)(O)O)cc(OP(=O)(O)O)cc2OP(=O)(O)O)c1
4zt4,FC(F)(CNc1nc2ncccc2[nH]1)C[NH2+]Cc1cc(Cl)cc(Cl)c1
2fj0,CCCCCCCCSC[C@@H](O)C(F)(F)F
3ds1,CC[C@H](C)[C@H]([NH3+])C(=O)N[C@H](C(=O)N[C@@H](Cc1ccccc1)C(=O)N[C@@H](CCC(=O)[O-])C(=O)N[C@@H](CC(=O)[O-])C(=O)N[C@@H](CC(C)C)C(=O)N[C@@H](CC(C)C)C(=O)N[C@@H](CC(=O)[O-])C(=O)N[C@@H](Cc1ccc(O)cc1)C(=O)N[C@@H](Cc1ccc(O)cc1)C(=O)NCC=O)[C@@H](C)O
1gt1,Nc1cccc2cc3ccccc3cc12
2uvm,O=P(O)(O)Oc1ccc(OP(=O)(O)O)c(OP(=O)(O)O)c1OP(=O)(O)O
4anv,COc1ccc(-c2cccc(S(=O)(=O)N3CCN(c4nccnc4-c4ccc(OC)cc4)CC3)c2)cc1
3hhk,CC(C)CCn1c(=O)c(C2=NS(=O)(=O)c3cc(OCC(N)=O)ccc3N2)c(O)c2ccccc21
3mj5,C[C@H](c1cccc2ccccc12)[N+]1CCC(C(=O)NCc2ccc3c(c2)OCO3)CC1
4jj8,CC(=O)N[C@@H](Cc1cccnc1)C(=O)N[C@@H](CC(=O)[O-])C(=O)N[C@H](CC(=O)N[C@@H](CCC(C)C)C(=O)N[C@@H](CC(=O)[O-])C(C)=O)CC(C)C
1utc,CC(C)C[C@H](NC(=O)[C@H](CC(=O)[O-])NC(=O)[C@H](Cc1c[nH]c2ccccc12)NC(=O)[C@@H]1CCCN1C(=O)[C@H](CC(C)C)NC(=O)[C@@H]([NH3+])[C@@H](C)O)C(=O)N[C@@H](Cc1c[nH]c2ccccc12)C(=O)[O-]
3q0z,O=C([O-])/C=C/c1ccc(NC(=O)C2(NC(=O)c3ccc4c(C5CCCCC5)c5n(c4c3)CC(=O)Nc3ccccc3-5)CCCC2)cc1
4dk5,COc1ccc(Nc2ncc(C[N+]3CCN(S(C)(=O)=O)CC3)cc2-c2nc(C)nc(N)n2)cn1
6au2,Cc1nnc2n1-c1ccccc1COC2
4fcd,COc1cc(OC)c2nnc3c(C)nc(-c4ccccc4Cl)n3c2c1
6rn7,N#Cc1ccc(-c2ccc(C[C@@H](C[NH3+])NC(=O)[C@@H]3CCC[NH2+]3)cc2)cc1
5wep,O=c1[nH]n2cc(-c3n[nH]c(-c4cnc5c(Br)c(=O)[nH]n5c4)c3[N+](=O)[O-])cnc2c1Br
6o1g,Cc1cc(N)nc(C)c1CNC(=O)c1cnn(Cc2ccc(Cn3cccn3)cc2)c1
4a4h,CN(C)C(=[NH2+])NCCC[C@H]([NH3+])C(=O)[O-]
6o3x,C[C@@H](O)[C@H](NC(=O)[C@H](Cc1ccc(O)cc1)NC(=O)[C@H](CC(=O)[O-])NC(=O)[C@@H]([NH3+])CC(=O)[O-])C(=O)N1CCC[C@H]1C(=O)N[C@@H](CO)C(=O)[O-]
1bzf,COc1cc(NCc2ccc3nc(N)nc(N)c3c2C)cc(OC)c1OC
1okx,CCCC(=O)N[C@@H](C)C(=O)N[C@H](C(=O)N[C@@H]1C(=O)N[C@@H](CC(C)C)C(=O)N[C@H]2CC[C@@H](O)N(C2=O)[C@@H]([C@@H](C)O)C(=O)N[C@@H](Cc2ccc(O)c(Cl)c2)C(=O)N[C@@H](C(C)C)C(=O)O[C@@H]1C)[C@@H](C)O
4ah9,c1ccc(-c2nsc(N3CCC[NH2+]CC3)n2)cc1
6hle,CC(C)(C)[C@@H]1NC(=O)[C@H](CCCNC(N)=[NH2+])NC(=O)[C@H](CCCNC(N)=[NH2+])NC(=O)[C@@H]([NH3+])CCCCNC(=O)CC[N@H+]2CC[N@@H+](CCC(=O)NCCCC[C@@H](C(=O)NCc3ccc(C(N)=[NH2+])cc3)NC1=O)CC2
1qiw,CCCCOc1ccc([C@@H](C)[NH2+]CCC[NH2+]CCC(c2ccccc2)c2ccccc2)cc1OCCCC
1jik,CCCCOC(=O)[C@@H](NC(=O)[C@@H]([NH3+])Cc1ccc(O)cc1)[C@H]1[C@H](O)[C@](O)(CO)[C@@H](O)C[N@@H+]1O
3way,O=C1N=C(N2CC[NH+](Cc3ccc(B(O)O)cc3)CC2)S/C1=C\c1ccc(Cl)c(Cl)c1
3ds3,CC[C@H](C)[C@H]([NH3+])C(=O)N[C@H](C(=O)N[C@@H](Cc1ccccc1)C(=O)N[C@@H](CCC(=O)[O-])C(=O)N[C@@H](CC(=O)[O-])C(=O)N[C@@H](CC(C)C)C(=O)N[C@@H](CC(C)C)C(=O)N[C@@H](CC(=O)[O-])C(=O)N[C@@H](Cc1ccc(O)cc1)C(=O)N[C@@H](Cc1ccc(O)cc1)C(=O)NCC(=O)N1CCC[C@H]1C(=O)[O-])[C@@H](C)O
2xe4,CC(C)[C@H](NC(=O)[C@H](CCCNC(N)=[NH2+])NC(=O)N[C@@H](Cc1ccccc1)C(=O)[O-])C(=O)N[C@H](CO)CCCNC(N)=[NH2+]
6me5,COc1ccc2cccc(CCNC(C)=O)c2c1
2d1x,NC(=[NH2+])NCCC[C@H](NC(=O)[C@@H]([NH3+])CCCC[NH3+])C(=O)N1CCC[C@H]1C(=O)N1CCC[C@H]1C(=O)N1CCC[C@H]1C(=O)N1CCC[C@H]1C(=O)N1CCC[C@H]1C(=O)N1CCC[C@H]1C(=O)NCC(=O)O
5n55,O=C(N[C@@H](Cc1c[nH]c2ccccc12)C(=O)[O-])c1nc(Cl)c2ccccc2c1O
4ps1,CC(=O)[C@H](CC(=O)[O-])NC(=O)[C@@H]1C[C@@H](O)CN1C(=O)[C@H](CCC(N)=O)NC(=O)[C@H](CC(C)C)NC(=O)CC[NH3+]
5myr,Fc1ccc2nc(Nc3nc(-c4ccccn4)cs3)sc2c1
3kqy,Nc1nc2c(O)cccc2[nH]1
3rwc,CC[C@H](C)[C@H]([NH3+])C(=O)N[C@@H](CCCNC(N)=[NH2+])C(=O)N[C@@H](Cc1ccc(O)cc1)C(=O)N1CCC[C@H]1C(=O)N[C@@H](CCCC[NH3+])C(=O)N[C@H](C(=O)N[C@@H](Cc1ccccc1)C(=O)NCC(=O)N[C@@H](Cc1c[nH]c2ccccc12)C(=O)[O-])[C@@H](C)O
5w8i,O=C([O-])c1csc(-n2nc(-c3ccc(F)c(F)c3)cc2O)n1
1vij,CC(C)C(NC(=O)[C@H](Cc1cccc2ccccc12)CS(=O)(=O)C(C)(C)C)C(=O)N[C@@H](Cc1ccccc1)[C@@H](O)[C@H](O)[C@H](Cc1ccccc1)NC(=O)[C@@H](NC(=O)[C@@H](Cc1cccc2ccccc12)CS(=O)(=O)C(C)(C)C)C(C)C
3wkb,O=C1CN(Cc2ccccc2)c2ccccc2N1
4ngt,CC(=O)NCCOc1cc(Br)ccc1NC(=O)NCCCC[C@H](NC(=O)N[C@@H](CCC(=O)[O-])C(=O)[O-])C(=O)[O-]
6f6s,C[N@H+]1[C@H]2CC[C@@H]1C[C@H](OC(c1ccccc1)c1ccccc1)C2
6p3u,O=C(C[n+]1ccn2cccc2c1-c1ccc(F)cc1)c1ccc(F)cc1
5lm4,COc1ccc([C@H]2C3=C(C[C@H](c4cccc5ccccc45)CC3=O)OC(=N)[C@@H]2C#N)cc1
4ryg,COCCCOc1cc(C(=O)N(C[C@@H]2C[NH2+]C[C@H]2NS(=O)(=O)Cc2ccccc2)C(C)C)ccc1OC
3v49,CN1C(=O)N(c2ccc(C=N)c(C(F)(F)F)c2)C(=O)[C@@]1(C)c1ccc(O)cc1
1al7,CCCCCC(CCCCC)Sc1[nH]nnc1C(=O)[O-]
2qfu,O=C(O)C[NH2+]CP(=O)(O)O
1tsm,O=C1OC(c2ccc(O)cc2)(c2ccc(O)cc2)c2ccc([N+](=O)[O-])c3cccc1c23
6qwb,O=CN1C[C@H]([NH2+]OS(=O)(=O)[O-])CC[C@H]1C(=O)NC1CC[NH2+]CC1
1klg,CC[C@H](C)[C@H](NC(=O)CNC(=O)[C@@H](NC(=O)[C@H](CC(C)C)NC(=O)[C@H](CCC(=O)[O-])NC(=O)C[NH3+])[C@@H](C)CC)C(=O)N[C@@H](CC(C)C)C(=O)N[C@@H](CC(N)=O)C(=O)N[C@@H](C)C(=O)N[C@@H](C)C(=O)N[C@@H](CCCC[NH3+])C(=O)N[C@H](C(=O)N1CCC[C@H]1C(=O)N[C@@H](C)C(=O)N[C@@H](CC(=O)[O-])C(=O)[O-])C(C)C
6hs4,NC(=O)[C@H]1CC[N@@H+](CCOc2ccc(-c3n[nH]cc3-c3ccccc3)c(O)c2)CC1
3v43,C[C@H]([NH3+])C(=O)N[C@@H](CCCNC(N)=[NH2+])C(=O)N[C@H](C(=O)N[C@@H](CCCC[NH3+])C(=O)N[C@@H](CCC(N)=O)C(=O)N[C@H](C(=O)N[C@@H](C)C(=O)[O-])[C@@H](C)O)[C@@H](C)O
4d2v,COc1cc(-c2cn[nH]c2)ccc1C(=O)Nc1ccc2c(c1)CC[NH2+]CC2
3uw9,CC(=O)NCCCC[C@@H]([NH3+])C(=O)NCC(=O)N[C@@H](CC(C)C)C(=O)NCC(=O)N[C@H](CCCCNC(C)=O)C(=O)[O-]
4po0,COc1ccc2cc([C@H](C)C(=O)[O-])ccc2c1
6fo9,C=C1/C(=C\C=C(/CCC)c2cccc(CCCCCC(C)(C)O)c2)C[C@@H](O)C[C@@H]1O
6ic7,C[NH+]1CCN(S(=O)(=O)c2ccc(-c3ccc([C@H]4C[C@@]4(C#N)NC(=O)C4([NH3+])CCCCC4)cc3)cc2)CC1
6n5c,O=C(NC1C(OP(=O)(O)O)C(OP(=O)(O)O)C(OP(=O)(O)O)C(OP(=O)(O)O)C1OP(=O)(O)O)C(F)(F)P(=O)(O)O
1u32,C=C1[C@@H]([C@@H](O)C[C@H](C)[C@H]2O[C@@]3(CCCCO3)CC[C@H]2C)O[C@@H]2CC[C@@]3(CC[C@H](/C=C/[C@@H](C)[C@@H]4CC(C)=C[C@@]5(O[C@H](C[C@@](C)(O)C(=O)[O-])CC[C@H]5O)O4)O3)O[C@H]2[C@@H]1O
6hmy,CC(=O)N[C@@H]1[C@@H](O)C[C@](O[C@H]2[C@@H](O[C@@H]3O[C@H](CO)[C@H](O)[C@H](O[C@@H]4O[C@H](CO)[C@H](O)[C@H](O)[C@H]4O[C@@H]4O[C@@H](C)[C@@H](O)[C@@H](O)[C@@H]4O)[C@H]3NC(C)=O)[C@@H](CO)O[C@@H](O[C@@H]3[C@@H](CO)O[C@@H](O)[C@H](O)[C@H]3O)[C@@H]2O)(C(=O)[O-])O[C@H]1[C@H](O)[C@H](O)CO
1azg,CC(C)C[C@H](NC(=O)[C@@H]1CCCN1C(=O)[C@H](CCCNC(N)=[NH2+])NC(=O)[C@@H]1CCCN1C(=O)[C@@H]1CCC[NH2+]1)C(=O)N1CCC[C@H]1C(=O)N[C@H](C(=O)N[C@@H](C)C(=O)N1CCC[C@H]1C(=O)NCC(=O)N[C@@H](CO)C(=O)N[C@@H](CO)C(=O)N[C@@H](CCCC[NH3+])C(=O)N[C@H](C(=O)[O-])[C@@H](C)O)C(C)C
4kxl,O=P(O)(O)OCC1OC(n2cnc3c(NC4CCCC4)ncnc32)C(O)C1O
3mg7,Cc1ccccc1CNC(=O)[C@H](CCc1ccccc1)NC(=O)[C@@H](NC(=O)c1ccc(OCc2ccccc2)cc1)[C@@H](C)O
3hlo,CCCC[C@@H](C[NH2+][C@@H](CCCC)C(=O)N[C@@H](CCC(N)=O)C(=O)N[C@@H](CCCNC(N)=[NH2+])C(N)=O)NC(=O)[C@@H](NC(=O)[C@@H](NC(C)=O)[C@@H](C)O)[C@@H](C)CC
4tuh,O=C(Nc1nc2ccccc2s1)c1cccc2c1CN(c1nc(C(=O)[O-])c(CCCOc3ccc(-n4ncc5cncnc54)cc3)s1)CC2
4zyx,[NH2+]=c1[nH]c(=O)c2cc(CCCCc3csc(C(=O)N[C@@H](CCC(=O)[O-])C(=O)[O-])c3)[nH]c2[nH]1
1q1m,COC(=O)c1c(O)cccc1OC/C=C/c1ccc(F)c(-c2cc(C(=O)[O-])no2)c1
1cx9,Nc1ccccc1SCCCCP(=O)(O)O
2ckm,c1ccc2c(NCCCCCCCNc3c4c(nc5ccccc35)CCCC4)c3c(nc2c1)CCCC3
3rl7,CC(C)C[C@H](NC(=O)[C@H](Cc1ccc(O)cc1)NC(=O)[C@@H]([NH3+])CO)C(=O)N[C@H](C(=O)N[C@H](C(=O)N[C@@H](CO)C(=O)N[C@H](C(=O)[O-])C(C)C)[C@@H](C)O)C(C)C
3kd7,CSCC[C@H](NC(C)=O)C(=O)N[C@@H](CCC(=O)[O-])C(=O)N[C@@H](CCC(=O)[O-])C(=O)N[C@H](C(=O)N[C@@H](CC(=O)[O-])C(=O)[O-])C(C)C
6byz,Cc1cccc(-c2ccc([C@@H]3[C@@H](CO)[N@@H+]4CCCCN(S(=O)(=O)c5ccccc5C(F)(F)F)C[C@@H]34)cc2)c1C
2n9x,CC(C)C[C@H](NC(=O)[C@H](CC(=O)[O-])NC(=O)[C@H](CC(C)C)NC(=O)[C@@H](NC(=O)[C@H](CCC(=O)[O-])NC(=O)[C@H](Cc1ccc(O)cc1)NC(=O)[C@H](CO)NC(=O)[C@H](CC(=O)[O-])NC(=O)[C@H](CC(=O)[O-])NC(=O)[C@H](CC(=O)[O-])NC(=O)[C@H](CO)NC(=O)[C@H](CCC(=O)[O-])NC(=O)[C@H](Cc1ccc(O)cc1)NC(=O)[C@@H]([NH3+])CC(=O)[O-])C(C)C)C(=O)N[C@H](C(=O)N[C@@H](CCC(=O)[O-])C(=O)N[C@@H](Cc1ccc(O)cc1)C(=O)[O-])[C@@H](C)O
3zzh,NC(=[NH2+])NCCC[C@H]([NH3+])C(=O)[O-]
3t8s,O=P(O)(O)OC1C(O)C(O)C(OP(=O)(O)O)C(OP(=O)(O)O)C1O
3e6v,[NH3+][C@@H](CCCC[Br+]([O-])([O-])[O-])C(=O)[O-]
3av9,CC[C@H](C)[C@@H]1NC(=O)[C@H](CCCC[NH3+])NC(=O)[C@H](C)NC(=O)[C@H](CO)NC(=O)[C@H](CC(=O)[O-])NC(=O)[C@H](CC(C)C)NC(=O)[C@H](CC(N)=O)NC(=O)[C@H](CC(=O)[O-])NC1=O
1h61,C[C@]12CC(=O)[C@H]3[C@@H](CCC4=CC(=O)C=C[C@@]43C)[C@@H]1CC[C@]2(O)[C@@H](O)C=O
6au9,O=C([O-])/C(O)=C/C(=O)c1ccc2c(c1)OCCO2
1xr8,CC(C)C[C@H]([NH3+])C(=O)N[C@@H](CCC(=O)[O-])C(=O)N[C@@H](CCCC[NH3+])C(=O)N[C@@H](C)C(=O)N[C@@H](CCCNC(N)=[NH2+])C(=O)NCC(=O)N[C@@H](CO)C(=O)N[C@H](C(=O)N[C@@H](Cc1ccc(O)cc1)C(=O)[O-])[C@@H](C)O
6f5h,C[C@H](CC(=O)N1CCC(O)(Cn2cnc(NCC[NH+]3CCCC3)cc2=O)CC1)c1ccccc1
5unj,CC(C)C[C@H](NC(=O)[C@@H]([NH3+])CO)C(=O)N[C@@H](CC(C)C)C(=O)N[C@@H](CCCC[NH3+])C(=O)N[C@@H](CCCC[NH3+])C(=O)N[C@@H](CC(C)C)C(=O)N[C@@H](CC(C)C)C(=O)N[C@@H](CC(C)C)C(=O)N[C@@H](C)C(=O)[O-]
3vb4,CC(C)C[C@H](NC(=O)[C@@H](NC(=O)[C@H](C)NC(=O)OC(C)(C)C)C(C)C)C(=O)N[C@H](C=N)CCC(N)=O
5v7t,c1ccc(C(O[C@H]2CC[N@@H+](CCCCNc3ccc4nncn4n3)CC2)c2ccccc2)cc1
3pab,CC[C@H](C)[C@H](NC(=O)[C@@H]([NH3+])CCC(=O)[O-])C(=O)N[C@H](C(=O)N[C@@H](CC(N)=O)C(=O)N[C@@H](Cc1ccccc1)C(=O)N[C@@H](CCC(=O)[O-])C(=O)N[C@@H](CCCC[NH3+])C(=O)N[C@@H](CC(C)C)C(=O)[O-])[C@@H](C)CC
4j86,C[C@@H](O)[C@H]([NH3+])C(=O)N[C@@H](Cc1ccccc1)C(=O)N[C@@H](CCCC[NH3+])C(=O)N[C@@H](CCCC[NH3+])C(=O)N[C@H](C(=O)N[C@@H](CC(N)=O)C(=O)[O-])[C@@H](C)O
1cka,CC(C)C[C@H](NC(=O)[C@H](C)NC(=O)[C@@H]1CCCN1C(=O)[C@@H]1CCCN1C(=O)[C@@H]1CCC[NH2+]1)C(=O)N1CCC[C@H]1C(=O)N1CCC[C@H]1C(=O)N[C@@H](CCCC[NH3+])C(=O)N[C@H](C)CCCC[NH3+]
6h7f,C[C@H]1OC(c2cccc(O)c2O)=N[C@@H]1C(=O)N(O)CCc1cnc[nH]1
1jje,O=C([O-])[C@@H](Cc1ccccc1)[C@H](Cc1ccc2c(c1)OCO2)C(=O)[O-]
1c3i,COC(=O)[C@@H](NC(=O)CNC(=O)[C@H](CS)[NH2+]Cc1ccc(-c2ccccc2)cc1)C(C)C
5icp,Cc1ncc2sc(C(=O)N3CCC[C@H]3c3ccc(Cl)cc3)nn12
1gnj,CCCCC/C=C\C/C=C\C/C=C\C/C=C\CCCC(=O)[O-]
5zwi,C=C1[C@H](O)CC(=C/C=C2\CCC[C@@]3(C)[C@H]2CC[C@@H]3[C@H](C)C(=O)/C=C/C=C/C)C[C@H]1O
2a4g,CCC[C@H](NC(=O)[C@H](CC(C)C)NC(=O)[C@@H](NC(=O)OCC(C)C)C1CCCCC1)[C@@H](O)C(=O)NCC(=O)N[C@H](C(N)=O)c1ccccc1
4od0,CCC(=O)N1CCC(NC(=O)Nc2ccc(OC(F)(F)F)cc2)CC1
1iyl,Cc1c(C(=O)c2nccn2C)oc2cccc(OCCC[NH2+]Cc3cccnc3)c12
1i00,Cc1nc2ccc(CN(C)c3ccc(C(=O)N[C@@H](CCC(=O)[O-])C(=O)[O-])s3)cc2c(=O)[nH]1
5he3,CC1=NC(=O)N[C@@H](c2ccc(F)c(C(=O)NCCc3c(C)cccc3C)c2)C1C(=O)Nc1ccc2n[nH]cc2c1
4rqi,CC(C)C[C@H](NC(=O)[C@H](C)NC(=O)[C@H](CCCNC(N)=[NH2+])NC(=O)[C@@H]([NH3+])CC(N)=O)C(=O)N[C@@H](CCC(=O)[O-])C(=O)N[C@@H](CC(C)C)C(=O)N[C@@H](CCC(=O)[O-])C(=O)N[C@@H](C)C(=O)N[C@@H](Cc1ccc(O)cc1)C(=O)N[C@@H](CCCNC(N)=[NH2+])C(=O)N[C@@H](CC(C)C)C(=O)NCC(=O)N1CCC[C@H]1C(=O)N[C@@H](C)C(=O)N[C@@H](CO)C(=O)[O-]
2er0,CC(C)CC(=O)N[C@@H](Cc1c[nH]cn1)C(=O)N1CCC[C@H]1C(=O)N[C@@H](Cc1ccccc1)C(=O)N[C@@H](Cc1c[nH]cn1)C(=O)N[C@@H](CC1CCCCC1)[C@@H](O)CC(=O)N[C@@H](CC(C)C)C(N)=O
2q9m,CC[C@H](C=O)[C@@H]1NC(C(=O)[O-])=C2[C@@H](OC)CCC[C@@H]21
5w4v,COc1nc2ccc([C@@](O)(c3ccc(C(F)(F)F)nc3)c3cncn3C)cc2c(Cl)c1Cc1ccc(-n2cccn2)cc1
2lto,C[C@@H](O)[C@H](NC(=O)[C@H](Cc1ccc(O)cc1)NC(=O)[C@H](CCCNC(=[NH2+])N(C)C)NC(=O)[C@@H]1CCCN1C(=O)[C@H](CO)NC(=O)[C@H](CO)NC(=O)[C@@H]1CCCN1C(=O)[C@H](CO)NC(=O)[C@@H]([NH3+])Cc1ccc(O)cc1)C(=O)N1CCC[C@H]1C(=O)N[C@@H](CCC(N)=O)C(=O)N[C@@H](CO)C(=O)N1CCC[C@H]1C(=O)[O-]
6jib,O=C([O-])c1ccc(C(=O)N2CCc3c(c(=O)oc4ccccc34)C2)cc1
5afk,O=C(Nc1ccc(F)cc1F)N1CCCC1
5jcb,COc1cc([C@@H]2c3cc4c(cc3[C@H](Sc3ncn[nH]3)[C@@H]3COC(=O)[C@@H]32)OCO4)cc(OC)c1OC
2r6w,C[C@H]1CC[N@H+](CCOc2ccc(C(=O)c3c(-c4ccc(O)cc4)sc4cc(O)ccc34)cc2)CC1
3bze,CSCC[C@H](NC(=O)[C@@H]([NH3+])C(C)C)C(=O)N[C@@H](C)C(=O)N1CCC[C@H]1C(=O)N[C@@H](CCCNC(N)=[NH2+])C(=O)N[C@H](C(=O)N[C@@H](CC(C)C)C(=O)N[C@@H](Cc1ccccc1)C(=O)N[C@@H](CC(C)C)C(=O)[O-])[C@@H](C)O
3lxg,CCCc1[nH]c(C)c2c(C)nc3ccc(OC)nc3[n+]12
6ke0,Cc1cc(C)n2nc(CC(=O)N3c4nc5ccccc5n4C[C@@H]3C)nc2n1
4amw,OC[C@]1(F)OC=C(O)[C@@H](O)[C@@H]1O
3hs8,C[C@H](NC(=O)[C@H](Cc1c[nH]c2ccccc12)NC(=O)[C@H](CC(N)=O)NC(=O)[C@H](CC(N)=O)NC(=O)[C@@H]1CCC[NH2+]1)C(=O)N[C@@H](CC(=O)[O-])C(=O)N[C@@H](Cc1ccccc1)C(=O)N[C@@H](CO)C(=O)N[C@@H](CO)C(=O)N[C@H](C(=O)N[C@@H](Cc1c[nH]c2ccccc12)C(=O)N1CCC[C@H]1C(=O)[O-])[C@@H](C)O
5j19,CC([NH3+])C(=O)NC(C)C(=O)NC(Cc1ccccc1)C(=O)NC(CO)C(=O)NC(CO)C(=O)NC(C(=O)N1CCCC1C(=O)NC(CCCC[NH3+])C(=O)O)C(C)OP(=O)(O)O
5xxk,CC(=O)N[C@H](C(=O)N[C@@H](CO)C(=O)N[C@@H](Cc1ccccc1)C(=O)N[C@]1(C)CCCCCC/C=C/CCC[C@@](C)(C(N)=O)NC(=O)[C@H](CC(C)C)NC(=O)[C@H](CC(C)C)NC(=O)[C@H](C)NC(=O)[C@H](Cc2c[nH]c3cc(Cl)ccc23)NC(=O)[C@H](Cc2ccc(O)cc2)NC(=O)[C@H](CCC(=O)[O-])NC1=O)[C@@H](C)O
5za2,NC(=O)[C@@H]1CC[C@@H]([NH2+]OS(=O)(=O)[O-])CN1C=O
5iu4,Nc1nc(NCCc2ccc(O)cc2)nc2[nH]c(-c3ccco3)n[n+]12
4hzz,CCC(CC)Oc1cc(C(=O)[O-])cc(N)c1NC(C)=O
3wt7,C=C1[C@H](O)CC(=C/C=C2\CCC[C@@]3(C)[C@H]2CC[C@@H]3[C@H](C)[C@H](CCCC)CC(O)(CC)CC)C[C@H]1O
5dk4,CNC1=NC(=O)[C@H]([C@H](C)c2c[nH]c3ccccc23)O1
5tdw,C[C@H]([NH3+])C(=O)N[C@@H](CCCNC(N)=[NH2+])C(=O)N[C@H](C(=O)N[C@@H](CCCC[N+](C)(C)C)C(=O)N[C@@H](CCC(N)=O)C(=O)N[C@H](C(=O)N[C@@H](C)C(=O)N[C@@H](CCCNC(N)=[NH2+])C(=O)N[C@@H](CCCC[NH3+])C(=O)N[C@@H](CO)C(=O)N[C@H](C(=O)[O-])[C@@H](C)O)[C@@H](C)O)[C@@H](C)O
1rt2,CC(C)c1c(Cc2ccccc2)n(COCc2ccccc2)c(=O)[nH]c1=O
2hvx,O=C(Nc1ccc2ccccc2c1)C(c1csc2ccc(Cl)cc12)P(=O)(O)O
3rum,COC(=O)[C@H]1NC(=O)[C@H]2NC(=O)[C@H](NC(=O)[C@@H]3NC(=O)[C@H]4NC(=O)[C@H](NC(=O)[C@H]([NH3+])c5ccc(O)c(c5)Oc5cc4cc(O)c5C)[C@H](O)c4ccc(cc4)Oc4cc3cc(c4O)Oc3ccc(cc3)[C@H]2O)c2ccc(O)c(c2)-c2c(O)cc(O)cc21
6c4g,CC(C)C[C@H](NC(=O)[C@@H](NC(=O)[C@H](CCONC(N)=[NH2+])NC(=O)OCc1ccccc1)C1CCCCC1)[C@@H](O)CC(=O)NCCc1ccccc1
3u1i,CCCC[C@H](NC(=O)c1ccccc1)C(=O)N[C@@H](CCCC[NH3+])C(=O)N[C@@H](CCCNC(N)=[NH2+])C(=O)N[C@H](C=O)CCCNC(N)=[NH2+]
2zas,CC(C)(c1ccccc1)c1ccc(O)cc1
1v2h,[NH2+]=c1[nH]c(=O)c2[nH]cnc2[nH]1
2q2z,CC(=O)C1N=[N+](c2cc(C)ccc2F)C[C@@]1(CCC[NH+]1CCN(C(C)=O)CC1)c1ccccc1
2q8s,Cc1oc(-c2ccccc2)nc1CCCc1ccc(C[C@@H](C(=O)[O-])n2cccc2)cc1
4jok,CC[C@H](C)[C@H](NC(=O)[C@@H](NC(=O)[C@H](CO)NC(=O)[C@@H](NC(=O)[C@@H]1CCCN1C(=O)[C@H](Cc1ccc(O)cc1)NC(=O)[C@H](CCCNC(N)=[NH2+])NC(=O)[C@H](CO)NC(=O)[C@@H]([NH3+])CC(N)=O)[C@@H](C)O)[C@@H](C)CC)C(=O)[O-]
3eu5,CC(/C=C/OP(=O)(O)OP(=O)(O)O)C/C=C/C(C)CNC(=O)CCCCC1SCC2NC(=O)NC21
3qai,CSc1ccccc1Nc1nc(N2CC3(C[NH2+]C3)C2)nc2c(NCC3CC3)ncnc12
2m0o,CC(C)[C@H](NC(=O)CNC(=O)CNC(=O)[C@@H](NC(=O)[C@H](C)[NH3+])[C@@H](C)O)C(=O)N[C@@H](CCCC[N+](C)(C)C)C(=O)N[C@@H](CCCC[NH3+])C(=O)N1CCC[C@H]1C(=O)N[C@@H](Cc1c[nH]cn1)C(=O)N[C@@H](CCCNC(N)=[NH2+])C(=O)N[C@H](C)Cc1ccc(O)cc1
4ucs,NC(=O)n1nc(-c2ccco2)nc1N
1s9v,CC(C)C[C@H](NC(=O)[C@H](CCC(=O)[O-])NC(=O)[C@@H]1CCCN1C(=O)[C@H](CCC(N)=O)NC(=O)[C@@H]1CCCN1C(=O)[C@H](Cc1ccccc1)NC(=O)[C@@H]1CCCN1C(=O)CNC(=O)C[NH3+])C(=O)N1CCC[C@H]1C(=O)NCC(=O)[O-]
4lrh,[NH2+]=c1[nH]c(=O)c2nc(CNc3ccc(C(=O)N[C@@H](CCC(=O)[O-])C(=O)[O-])cc3)cnc2[nH]1
4g31,Cn1cc(-c2ccc3c(ccn3C(=O)Cc3cccc(C(F)(F)F)c3)c2)c2c(N)ncnc21
5i9i,CC[NH+](CC)CCN(Cc1ccc(-c2ccc(C(F)(F)F)cc2)cc1)C(=O)C[N+]1=C2CC=CC2C(=O)N=C1SCc1ccc(F)cc1
4myh,[NH3+][C@@H](CCC(=O)N[C@@H](CS)C(=O)NCC(=O)[O-])C(=O)[O-]
5u6d,Cc1cccc(F)c1C[N@H+]1C[C@H](c2ccc(-c3cnn(CC(N)=O)c3)cc2)[C@@H]([NH+](C)C)C1
2ieh,CC1=C(C(=O)c2ccccc2)[C@@H](c2cccc(O)c2)NC(=S)N1C
5m1z,OC[C@@H]1O[C@@H](OC[C@@H]2O[C@@H]([NH2+]O)[C@H](O)[C@H]2O)[C@H](O)[C@H]1O
6e3s,CS(=O)(=O)c1ccc(Oc2cc(F)cc(C#N)c2)c2c1[C@H](O)C(F)(F)C2
4f7n,Cc1ccc(-n2nc(C(C)(C)C)cc2NC(=O)NCCCCCO)cc1
6mt6,CC(C)C[C@H](NC(=O)[C@H](CC(=O)[O-])NC(=O)[C@H](CCC(=O)[O-])NC(=O)[C@@H]([NH3+])Cc1ccccc1)C(=O)N[C@@H](CCCNC(N)=[NH2+])C(=O)N[C@H](C(=O)N[C@@H](CC(C)C)C(=O)N[C@@H](CO)C(=O)N[C@@H](Cc1ccccc1)C(=O)[O-])C(C)C
5eif,Cc1ccc(C(=O)[O-])c(N)c1
6mbp,COc1cc2c(cc1OCCCN1C=CCC1)N[C@@H](C1CCCCC1)C[NH2+][C@@H]2[NH2+][C@H]1CC[N@H+](C(C)C)CC1
5znp,C[C@H](NC(=O)[C@@H](NC(=O)[C@H](CCC(N)=O)NC(=O)[C@H](CCCC[N+](C)(C)C)NC(=O)[C@@H]([NH3+])[C@@H](C)O)[C@@H](C)O)C(=O)N[C@@H](CCCNC(N)=[NH2+])C(=O)N[C@@H](CCCC[NH3+])C(=O)N[C@@H](CO)C(=O)[O-]
3p4w,FC(F)O[C@@H](F)C(F)(F)F
4joh,CC[C@H](C)[C@H](NC(=O)[C@@H](NC(=O)[C@H](CO)NC(=O)[C@@H](NC(=O)[C@@H]1CCC[NH2+]1)[C@@H](C)O)[C@@H](C)CC)C(=O)[O-]
5nmg,CC[C@H](C)[C@H](NC(=O)[C@@H](NC(=O)[C@H](CC(N)=O)NC(=O)[C@H](Cc1ccccc1)NC(=O)[C@H](CC(C)C)NC(=O)[C@@H]([NH3+])CO)[C@@H](C)O)C(=O)N[C@@H](C)C(=O)N[C@H](C(=O)N[C@@H](CC(C)C)C(=O)[O-])C(C)C
4x3h,CC[C@H](C)[C@H](NC(=O)[C@@H]([NH3+])CCCNC(N)=[NH2+])C(=O)N1CCC[C@H]1C(=O)N[C@@H](CO)C(=O)N[C@@H](Cc1ccc(O)cc1)C(=O)N[C@@H](CCCNC(N)=[NH2+])C(=O)N[C@@H](Cc1ccc(O)cc1)C(=O)N[C@@H](CCCNC(N)=[NH2+])C(=O)N[C@@H](Cc1ccc(O)cc1)C(=O)[O-]
2hb9,Cc1ccccc1-c1nnc(S)n1N
3fkv,OB(O)c1cc2ccccc2s1
6d1u,CC(C)[C@H](NC(=O)[C@@H]1CCCN1C(=O)[C@H](C)NC(=O)[C@H](CO)NC(=O)[C@@H]([NH3+])CC(=O)[O-])C(=O)N[C@@H](CC(=O)[O-])C(=O)N1CCC[C@H]1C(=O)N[C@@H](CO)C(=O)N[C@@H](CO)C(=O)N1CCC[C@H]1C(=O)N[C@@H](Cc1c[nH]cn1)C(=O)N[C@@H](CO)C(=O)N[C@@H](Cc1ccc(O)cc1)C(N)=O
5wj6,O=C(Cc1ccccc1)Nc1nnc(NC2CCN(c3nnc(NC(=O)Cc4ccccc4)s3)CC2)s1
4mwu,CO[C@H]([C@H](O)CO)[C@@H]1O[C@H](C(=O)[O-])C[C@H](NC(N)=[NH2+])[C@H]1NC(C)=O
1j4p,CSCCC(NC(=O)C(CCCC[NH3+])NC(=O)C([NH3+])CCCC[NH3+])C(=O)NC(C(=O)NC(Cc1ccccc1)C(=O)NC(CCC(N)=O)C(=O)NC(C(=O)N1CCCC1C(=O)NC(C(=O)NC(CC(=O)O)C(=O)N1CCCC1C(=O)NC(CC(C)C)C(=O)NC(CCC(=O)O)C(=O)O)C(C)O)C(C)OP(=O)(O)O)C(C)O
5drq,CC(C)([NH3+])[C@H](NC(=O)c1ccc(C#CC#Cc2ccc(N)cc2)cc1)C(=O)NO
5qa6,O=C([O-])c1cccc(-c2ccccc2O)c1
3puk,CC(C)C[C@H](NC(=O)[C@H](CCC(=O)[O-])NC(=O)[C@H](Cc1c[nH]cn1)NC(=O)[C@@H](NC(=O)[C@H](CCCNC(N)=[NH2+])NC(=O)[C@H](CC(=O)[O-])NC(=O)[C@H](CCCNC(N)=[NH2+])NC(=O)[C@H](C)[NH3+])[C@@H](C)O)C(=O)N[C@@H](CCCNC(N)=[NH2+])C(=O)[O-]
6miv,CCCCCCCCCCCCCCCCCCCCCCCCCC(=O)N[C@@H](CO[C@H]1O[C@H](CO)[C@H](OCc2ccc(C(C)(C)C)cc2)[C@H](O)[C@H]1O)[C@H](O)[C@H](O)CCCCCCCCCCCCCC
3arg,CCCCC/C=C/C/C=C/CCCCCCCCCC(=O)N[C@@H](COC1O[C@H](CO)[C@@H](O)[C@H](O)[C@H]1O)[C@H](O)[C@H](O)CCCCCCCCCCCCCC
5jbi,COc1ccc(CCCC(CC(=O)N(C)O)CP(=O)(O)O)cc1
3wqw,[NH3+][C@H]1C(=O)O[C@H](CO)[C@@H](O[C@@H]2O[C@H](CO)[C@@H](O[C@@H]3O[C@H](CO)[C@@H](O[C@@H]4O[C@H](CO)[C@@H](O[C@@H]5O[C@H](CO)[C@@H](O)[C@H](O)[C@H]5[NH3+])[C@H](O)[C@H]4[NH3+])[C@H](O)[C@H]3[NH3+])[C@H](O)[C@H]2[NH3+])[C@@H]1O
4b0j,OCc1cc(-c2cccs2)on1
4qw6,CC(C)C[C@H](NC(=O)[C@H](CCc1ccccc1)NC(=O)C[NH+]1CCOCC1)C(=O)N[C@@H](Cc1ccccc1)C(=O)N[C@@H](CC(C)C)[C@@H](O)[C@H](C)CO
4tn2,O=C([O-])c1sc(-c2ccccc2)cc1N1C(=O)CC[C@@H]1C1CCCCC1
2mow,CC(C)C[C@H](NC(=O)[C@@H](NC(=O)[C@H](Cc1ccc(O)cc1)NC(=O)[C@@H]1CCCN1C(=O)[C@H](CC(N)=O)NC(=O)[C@H](Cc1ccc(O)cc1)NC(=O)CNC(=O)[C@H](CC(=O)[O-])NC(=O)[C@H](CCC(=O)[O-])NC(=O)[C@H](CC(=O)[O-])NC(=O)[C@H](CC(=O)[O-])NC(=O)[C@@H]([NH3+])CC(=O)[O-])[C@@H](C)O)C(=O)[O-]
3nth,CNC(NC)=[NH+]CCC[C@H](NC(=O)CNC(=O)[C@H](CCCNC(N)=[NH2+])NC(=O)[C@H](C)[NH3+])C(=O)NCC(=O)N[C@@H](CCCNC(N)=[NH2+])C(=O)[O-]
4znx,CC(C)C[C@H](NC(=O)[C@@H]1CCCN1C(=O)[C@@H]1CCCN1C(=O)[C@H](C)[NH3+])C(=O)N1CCC[C@H]1C(=O)N1CCC[C@H]1C(=O)N[C@@H](CCCNC(N)=[NH2+])C(=O)N[C@@H](CC(N)=O)C(=O)N[C@@H](CCCNC(N)=[NH2+])C(=O)N1CCC[C@H]1C(=O)[O-]
4oq6,CCCc1ccc(-c2ccc(O)c(C(=O)[O-])c2)cc1
6oxx,CC(C)CN(C[C@@H](O)[C@H](CC1CCCCC1)NC(=O)O[C@H]1CO[C@H]2OCC[C@@H]12)S(=O)(=O)c1ccc([C@@H](O)CO)cc1
3dp2,O=C(/N=N\Cc1cc(Br)c(O)c(Br)c1O)c1ccc(Br)cc1
4o1b,O=C(/C=C/c1cccnc1)NCCCCC1CCN(C(=O)c2ccccc2)CC1
4kqr,CCN1CCN(C(=O)N[C@@H](C(=O)N[C@H](C(=O)[O-])[C@H]2[NH2+][C@@H](C(=O)[O-])C(C)(C)S2)c2ccccc2)C(=O)C1=O
1o41,COc1cccc(CO)c1OP(=O)(O)O
4ono,CCCCCCCC(C)CCCC(C)CCCC(C)CCCC(C)CCCC(C)CCCOP(=O)(O)O
2g8r,O=c1ccn([C@@H]2O[C@H](CO)[C@@H]([N@H+]3CC[C@@H](C(=O)[O-])CC3)[C@@H]2O)c(=O)[nH]1
2lnw,CC(C)C(NC(=O)C(CCC(=O)O)NC(=O)C(CCC(=O)O)NC(=O)C(Cc1ccc(OP(=O)(O)O)cc1)NC(=O)C(NC(=O)C1CCCN1C(=O)C(CCC(=O)O)NC(=O)C([NH3+])CCC(=O)O)C(C)C)C(=O)NCC(=O)O
3e9b,[NH3+][C@@H](CSCC[B-](O)([OH2+])[OH2+])C(=O)[O-]
2x24,CC(C)(C)OC(=O)NC[C@H]1CC[C@H](CNC(=O)c2cc(-c3ccc(C[NH3+])cc3)nc3ccccc23)CC1
4c70,C=C/C(C)=C/[C@@]1(C)SC(=O)C(CCC)=C1O
5he1,CC1=C(C(=O)Nc2ccc3n[nH]cc3c2)[C@H](c2ccc(F)c(C(=O)NCc3nccc4ccccc34)c2)NC(=O)N1
1rry,CCOC(=O)c1cnc(N)[nH]c1=O
2xct,O=C([O-])c1c[n+](C2CC2)c2cc(N3CC[NH2+]CC3)c(F)cc2c1O
5vqr,C=CC(=O)N(C)c1cc(Oc2ccccc2OCCn2ccc(=O)[nH]c2=O)c(C)c2cc(C#N)ccc12
1ni1,Cn1cncc1[C@H](OCc1nc(Cl)c(C#N)cc1-c1cccc(Cl)c1)c1ccc(C#N)cc1
1.00E+37,CC[C@H](C=O)[C@@H](CNS(=O)(=O)c1ccc([N+](=O)[O-])cc1)C(=O)[O-]
1pxh,CCCCCNC(=O)C(Cc1ccc(C(F)(F)P(=O)(O)O)cc1)NC(=O)C(CC(=O)O)NC(=O)Cc1ccc(C(F)(F)P(=O)(O)O)cc1
3ril,O[C@H]1C[NH2+]C[C@H](O)[C@@H](O)[C@@H]1O
5urj,Cc1cc2c(cc1N1Cc3cn(Cc4ccccc4)c(=O)cc3NC1=O)O[C@@H](c1ncccc1F)CC2
2fjn,COC(=O)c1ccc(C(C/C=C/c2ccccc2)(Cc2ccc(C(F)(F)P(=O)(O)O)cc2)n2nnc3ccccc32)cc1
6cck,Cc1cc(=O)n2nc(N[C@H](CC#N)c3cccc(Cl)c3)nc2[nH]1
5lvf,CC(O)C(NC(=O)C1CCCN1C(=O)C(CO)NC(=O)C(Cc1ccc(O)cc1)NC(=O)C(CO)NC(=O)C1CCCN1C(=O)C(CO)NC(=O)C(NC(=O)C1CCCN1C(=O)C(CO)NC(=O)C(Cc1ccc(O)cc1)NC(=O)C(CO)NC(=O)C1CCC[NH2+]1)C(C)OP(=O)(O)O)C(=O)NC(CO)C(=O)N1CCCC1C(=O)NC(CO)C(=O)O
6eku,CC(=O)N[C@@H]1[C@@H](NC(N)=[NH2+])C[C@H](C(=O)[O-])O[C@H]1[C@H](O)[C@H](O)CO
4dho,COc1cccc(NC(=O)COc2ccccc2P(=O)(O)O)c1
2x5o,O=C([O-])CC[C@@H](NC(=O)c1cccc(CNc2ccc(/C=C3\SC(=O)NC3=O)cc2)c1)C(=O)[O-]
3i4a,CC[C@@H]([NH3+])[NH2+]CCC[C@H]([NH3+])C(=O)[O-]
1tog,O=C([O-])CCc1ccccc1
1jyi,CC(C)[C@H](NC(=O)[C@@H]([NH3+])CC(=O)[O-])C(=O)N[C@@H](Cc1ccccc1)C(=O)N[C@@H](Cc1ccc(O)cc1)C(=O)N1CCC[C@H]1C(=O)N[C@@H](Cc1ccc(O)cc1)C(=O)N1CCC[C@H]1C(=O)N[C@@H](Cc1ccc(O)cc1)C(=O)N[C@@H](C)C(=O)N[C@@H](CO)C(=O)NCC(=O)N[C@@H](CO)C(=O)[O-]
3dpf,N=C1C(=O)C(=O)[C@H]1[N@@H+]1CCc2ccc(CNC(=O)c3nc4sc5c(c4c(=O)[nH]3)CCS(=O)(=O)C5)cc2C1
4osf,Oc1ccc(CCNC=S)cc1
6esm,COc1ccc(-c2ccc(Sc3ccccc3[C@H](CCC(=O)[O-])C(=O)[O-])cc2)cc1
3d1e,CC(C)C[C@H](NC(=O)CNC(=O)[C@H](CC(C)C)NC(=O)[C@H](CCC(N)=O)NC(=O)C[NH3+])C(=O)N[C@@H](Cc1ccccc1)C(=O)[O-]
4mwr,CC(=O)N[C@@H]1[C@@H](NC(N)=[NH2+])C[C@H](C(=O)[O-])O[C@H]1[C@H](O)[C@H](O)CO
4p7s,COc1ccc(-c2cc(Oc3cc(C)cc(OC)c3)cc(C)n2)cc1
6gmq,OCc1ccc(-n2cccc2)cc1
5mtw,CC(C)C[C@H](NC(=O)[C@H](CCCNC(N)=[NH2+])NC(=O)[C@H](Cc1c[nH]cn1)NC(=O)[C@H](Cc1c[nH]c2ccccc12)NC(=O)[C@@H](NC(=O)[C@@H]1CCCN1C(=O)[C@@H](NC(=O)[C@@H]([NH3+])CCC(=O)[O-])C(C)C)[C@@H](C)O)C(=O)N[C@@H](CO)C(=O)N[C@@H](CO)C(=O)N[C@@H](Cc1ccc(O)cc1)C(=O)N[C@@H](CCCNC(N)=[NH2+])C(=O)[O-]
4x6y,O=C(N[C@H]1C[C@@H]1c1ccccc1)N1CCC(Oc2ccccc2)CC1
1a7c,CC(=O)N[C@H](C(=O)N[C@H](C(=O)N[C@@H](C)C(=O)N[C@@H](CO)C(=O)N[C@@H](CO)C(N)=O)C(C)C)[C@@H](C)O
4bzr,CCC(C)C(NC(C)=O)C(=O)NC(Cc1ccc(O)cc1)C(=O)NC(Cc1ccc(O)cc1)P(=O)(O)O
3ws8,Cc1ccc2c(c1)nc(CCc1nc(C)c3ncccn13)n2-c1ccccc1
5tpg,CS(=O)(=O)c1cccc(-c2cc(Cl)ccc2[C@@H](Oc2cc(N3CCC4(CC3)C[NH2+][C@H](C(=O)[O-])C4)nc(N)n2)C(F)(F)F)c1
1h39,C=CC[N@@H+](C)CCCCCCOc1ccc2c(-c3ccc(Br)cc3)nn(C)c2c1
6hv5,CC(C)C[C@H](NC(=O)[C@H](Cc1ccccc1)N=[N+2]#N)C(=O)N[C@@H](C)C(=O)N[C@H](CCS(C)(=O)=O)Cc1ccc(C=N)cc1
4yqm,CC(=O)Nc1ccc(Cl)c(S(=O)(=O)N(C)C)c1
4lv1,[OH2+]B([OH2+])c1cnn(-c2cccc(Cl)c2)c1
2k2g,CC(C)[C@H](NS(=O)(=O)c1ccc2c(c1)sc1ccccc12)C(=O)[O-]
1oq5,Cc1ccc(-c2cc(C(F)(F)F)nn2-c2ccc(S(N)(=O)=O)cc2)cc1
1wun,CCS(=O)(=O)N[C@H](Cc1c[nH]c2ccccc12)C(=O)N[C@@H](CCC(N)=O)C(=O)NCc1ccc(C(N)=[NH2+])cc1
3vtb,C=C1[C@H](O)CC(=C/C=C2\CCC[C@@]3(C)[C@H]2CC[C@@H]3[C@H](C)CC#C[C@@H](O)[C@]23C[C@H]4C[C@H](C[C@H](C4)C2)C3)C[C@H]1O
6fi4,CC(C)CC(NC(=O)C(COP(=O)(O)O)NC(=O)C1CCC[NH2+]1)C(=O)N1CCCC1C(=O)NC(C(=O)N1CCCC1C(c1ccccc1)c1ccccc1)C(C)C
3rx8,OC[C@H]1O[C@@H](O[C@H]2[C@H](O)C[NH2+]C[C@@H]2CO)[C@H](O)[C@@H](O)[C@@H]1O
2an5,[NH3+][C@H]1CCc2ccccc2[C@@H]1O
6b1e,N=C[C@@H]1CCCN1C(=O)C[NH2+][C@@]12C[C@@H]3C[C@@H](C[C@@](O)(C3)C1)C2
5t2g,Cn1nc(-c2cnc(N)c(-c3cnn(C(N)=O)c3)n2)nc1C1(c2ccccc2)CC1
2ony,O=S(=O)(Nc1ccc(Cl)cc1)c1ccc2c(c1)C[NH2+]CC2
3unn,CCC(C)C(NC(=O)C(C)NC(=O)C(CCC(N)=O)NC(=O)C(NC(=O)C(CC(=O)O)NC(=O)C(CCC(=O)O)NC(=O)C([NH3+])CCSC)C(C)OP(=O)(O)O)C(=O)NC(CC(=O)O)C(=O)O
3zxe,CSC1OC(CO)C(O)C(NC(=O)c2ccc(C)cc2)C1OP(=O)(O)OCc1ccccc1
2y2h,O=C(NCB(O)O)c1ccccc1Cl
4rad,Nc1nc2c(ncn2CC[NH+](CCOCCP(=O)(O)O)CCP(=O)(O)O)c(=O)[nH]1
4iax,NC(=S)Nc1ccc(C[C@H](C[N@H+](CC(=O)[O-])[C@H]2CCCC[C@@H]2[NH+](CC(=O)[O-])CC(=O)[O-])[NH+](CC(=O)[O-])CC(=O)[O-])cc1
3ksl,C/C(=C\COP(=O)(O)OP(=O)(O)O)CCCC(C)COC(=O)C(=[N+]=[N-])C(F)(F)F
3vye,CC(C)CCNC(=O)[C@@H]1C[NH2+]C[C@H]([N+]2CC(=O)N(c3ccccc3Cl)CC2(C)C)C1
5h5s,CC(C)C[C@@H]1NC(=O)[C@@H]2CCCN2C(=O)[C@H](CC(C)C)NC(=O)[C@H](Cc2ccc(O)cc2)NC(=O)[C@@H]2CCCN2C(=O)[C@@H](NC(=O)[C@@H]2CCCN2C(=O)[C@@H]([NH3+])C(C)C)CSSC[C@@H](C(=O)N[C@@H](C)C(=O)NCC(=O)N[C@@H](CCCC[NH3+])C(=O)[O-])NC(=O)[C@H](CC(N)=O)NC(=O)[C@H](Cc2c[nH]c3ccccc23)NC1=O
4hso,[NH3+][C@@H](Cc1ccc(O)cc1)C(=O)[O-]
5ugd,CCCCCCCCNC(=O)[C@H](Cc1ccc(OCc2ccncc2)cc1)NC(=O)[C@H]1CC[C@H](C[NH3+])CC1
1o4e,Cc1cc(CO)c(OP(=O)(O)O)c(CO)c1
4jv8,c1ccc([C@@H]2Nc3ccccc3-c3nc4ccccc4n32)nc1
4ju7,CC(C)N(c1ccc(Oc2ccccc2)cc1C(=O)[O-])C(=O)[C@H]1CC[C@H](C)CC1
3iiy,C[C@@H](C=O)NC(=O)[C@H](C)NC(=O)CNC(=O)[C@H](C)NC(=O)[C@H](CO)NC(=O)[C@H](CCCC[N+](C)(C)C)NC(=O)[C@H](CCCNC(N)=[NH2+])NC(=O)[C@H](C)[NH3+]
6s88,COc1ccc(S(=O)(=O)N2CCc3ccccc3CC2)cc1NC(=O)Cc1n[nH]c(=O)c2ccccc12
6a30,NC(=O)C[C@H](NC(=O)[C@H](CCCC[NH3+])NC(=O)[C@H](Cc1c[nH]c2ccccc12)NC(=O)[C@H](Cc1c[nH]c2ccccc12)NC(=O)[C@H](Cc1ccc(O)cc1)NC(=O)[C@@H]([NH3+])CCCC[NH3+])C(=O)[O-]
1fo3,O=C1N[C@@H]2[C@@H](O)[C@@H](O)[C@H](O)[C@@H](CO)N2C1=O
6ety,CC(C)C[C@@H](NC(=O)O[C@@H](CCC(=O)[O-])C(=O)[O-])C(=O)[O-]
6oac,C[C@H]1COCCN1c1nc(-c2cnc(N)cc2C(F)F)nc(N2CCOCC2)n1
2gtk,CCO[C@@H](Cc1ccc2c(ccn2Cc2nc(-c3ccccc3Cl)oc2C)c1)C(=O)[O-]
5w4r,COc1nc2ccc([C@@](O)(c3cncn3C)C3CCN(C(C)=O)CC3)cc2c(Cl)c1Cc1ccc(-n2cccn2)cc1
4alg,COc1cc2c(cc1-c1c(C)noc1C)ncc1[nH]c(=O)n([C@H](C)c3ccccn3)c12
5i23,N#[N+2]=NCCCCCCCC[NH2+][C@@H]1C[C@H](O)[C@@H](O)[C@H](O)[C@H]1CO
2oc7,CC(C)(C)OC(=O)N[C@H](C(=O)N1C[C@@H]2OC(C)(C)[C@@H]2[C@H]1C(=O)N[C@@H](CC1CCC1)[C@@H](O)C(N)=O)C1CCCCC1
4b83,CC[NH+](CC)CCNS(=O)(=O)c1cccc(OC)c1
6hkx,CON(C)C(=O)N1[NH2+][C@H](c2cc(F)ccc2F)S[C@@]1(CCC[NH3+])c1ccccc1
5wef,O=C(NCCc1ccccc1)c1nc([C@@H]2CCCN2C(=O)c2c(Cl)cccc2Cl)[nH]c(=O)c1O
5gic,C=C1/C(=C/C=C2/CCC[C@@]3(C)[C@H]2CC[C@@H]3[C@H](C)C[C@H]2C[C@@](C)(O)C(=O)N2CCc2ccccc2)C[C@@H](O)C[C@@H]1O
1i5d,Nc1ncnc2c1ncn2C1OC(COP(=O)(O)OP(=O)(O)OP(=O)(O)O)C2OC3(OC21)C([N+](=O)[O-])=CC([N+](=O)[O-])=CC3[N+](=O)[O-]
5v1y,CC[C@H](C)[C@H](NC(=O)[C@H](Cc1ccc(O)cc1)NC(=O)[C@H](CCC(=O)[O-])NC(=O)[C@H](Cc1ccccc1)NC(=O)[C@@H]1CCCN1C(=O)[C@H](CCC(=O)[O-])NC(=O)[C@@H]1CCCN1C(=O)[C@@H]1CCCN1C(=O)[C@H](CCC(=O)[O-])NC(=O)[C@@H]1CCCN1C(=O)[C@H](CCC(=O)[O-])NC(=O)[C@H](CCC(N)=O)NC(=O)[C@@H]1CCCN1C(=O)C[NH3+])C(=O)[O-]
2rqu,CC[C@H](C)[C@H](NC(=O)[C@@H](NC(=O)[C@@H]([NH3+])CS)[C@@H](C)CC)C(=O)N[C@@H](CO)C(=O)N[C@@H](C)C(=O)N[C@@H](CCSC)C(=O)N1CCC[C@H]1C(=O)N[C@H](C(=O)N[C@@H](CCCC[NH3+])C(=O)N[C@@H](CO)C(=O)N[C@@H](CO)C(=O)N[C@@H](CCCNC(N)=[NH2+])C(=O)N[C@@H](CCCC[NH3+])C(=O)N[C@@H](C)C(=O)N[C@@H](CCCC[NH3+])C(=O)N[C@@H](CCCC[NH3+])C(=O)N1CCC[C@H]1C(=O)N[C@@H](C)C(=O)N[C@@H](CCC(N)=O)C(=O)[O-])[C@@H](C)O
5myg,COc1cc(C#N)ccc1S(=O)(=O)Nc1ccc2c(c1)cc(C)c(=O)n2C
4azp,CCCCCCCCCCCCCCCCCCCC(=O)NCCO
3rz3,COCC(=O)N[C@@H](Cc1ccc(-c2cc(Cl)cc(Cl)c2)cc1)[C@H](O)[C@@H](O)C(=O)[O-]
4b85,CC[NH+](CC)CCNS(=O)(=O)c1ccc(Cl)cc1
6gjd,O=C(NCCCNC(=O)c1cc(-c2n[nH]c3ccc(NC(=O)[C@@H]4CC[N@@H+](CC(=O)N5CCN(c6ccc(-c7ncccn7)cc6)CC5)C4)cc23)ccn1)OC1CCCCCCC1
2gfj,O=C([O-])c1c(-c2ccccc2)nn(-c2ccccc2)c1C(=O)[O-]
1sbr,Cc1ncc(C[n+]2csc(CCO)c2C)c(N)n1
1mfg,CC(C)C[C@H](NC(=O)CNC(=O)[C@H](CC(C)C)NC(=O)[C@H](Cc1ccc(O)cc1)NC(=O)[C@@H]([NH3+])CCC(=O)[O-])C(=O)N[C@@H](CC(=O)[O-])C(=O)N[C@H](C(=O)N1CCC[C@H]1C(=O)N[C@H](C(=O)[O-])C(C)C)C(C)C
2kbs,CC[C@H](C)[C@H](NC(=O)[C@H](CCC(=O)[O-])NC(=O)[C@H](CC(C)C)NC(=O)[C@@H]1CCCN1C(=O)[C@@H]([NH3+])[C@@H](C)O)C(=O)N[C@H](C(=O)N[C@@H](CCC(=O)[O-])C(=O)N[C@@H](CC(C)C)C(=O)[O-])[C@@H](C)O
3tfv,CCCCCCCCOc1cccc(CSc2ccc(Br)cc2C(=O)[O-])c1
6c2y,COCc1noc(CNC(=O)c2cc([C@@H]3NC(=O)N[C@@H](C)[C@H]3C(=O)Nc3ccc4n[nH]cc4c3)ccc2F)n1
1ugy,OC[C@H]1O[C@H](OC[C@H]2O[C@@H](O)[C@H](O)[C@@H](O)[C@@H]2O)[C@H](O)[C@@H](O)[C@H]1O
2ilp,O=C(/C=C/c1ccc(Cl)cc1)NO
4ruu,C/C=C(C)/C=C/C=C(C)/C=C/C1=C(C)CCCC1(C)C
6ffn,Cc1cc(C(=O)N[C@H]2CNC(=O)[C@H]3CCCN3C(=O)CC[C@@H](CO)NC(=O)[C@H](Cc3ccc(F)cc3)NC2=O)no1
6ghv,[NH3+]Cc1cn([C@@H]2[C@@H](O[C@H]3C[C@H](C(=O)NCc4ccc(CO)cc4)[C@@H](C(=O)NCc4ccc(CO)cc4)C[C@@H]3OCCCl)O[C@H](CO)[C@@H](O)[C@@H]2O)nn1
6f9t,CS(=O)(=O)N[C@@H](CCCC[NH3+])C(=O)NC[C@H](CC1(C(=O)N[C@@H](Cc2ccc(O)cc2)C(=O)[O-])CCCC1)C(=O)[O-]
2c1q,O=C([O-])CCCC[C@@H]1SC[C@@H]2NC(=O)N[C@H]12
2f6y,CNC(=O)[C@H]1Cc2ccc(NS(=O)(=O)[O-])cc2CN1C(=O)OC(C)(C)C
3avm,CC[C@H](C)[C@@H]1NC(=O)[C@H](CCCC[NH3+])NC(=O)[C@H](CCCNC(N)=[NH2+])NC(=O)[C@H](CO)NC(=O)[C@H](CC(=O)[O-])NC(=O)[C@H](CC(C)C)NC(=O)[C@H](CC(N)=O)NC(=O)[C@H](CC(=O)[O-])NC1=O
5epr,C[C@@H]1Nc2ccccc2NC1=O
6nao,O=C(N[C@H]1CCCC[C@H]1C(=O)[O-])c1cnn2c(O)cc(-c3ccccc3)nc12
4zs9,OC[C@H]1O[C@@](CO)(O[C@H]2O[C@H](CO[C@H]3O[C@H](CO)[C@H](O)[C@H](O)[C@H]3O)[C@@H](O)[C@H](O)[C@H]2O)[C@@H](O)[C@@H]1O
1gym,[NH3+][C@H]1[C@@H](O[C@@H]2[C@@H](O)[C@H](O)[C@@H](O)[C@@H](O)[C@H]2O)O[C@H](CO)[C@@H](O)[C@@H]1O
6qmt,[NH3+]Cc1cccc(-c2cccc(C(=O)Nc3ccccc3CC(=O)[O-])c2)c1
5f4p,C[NH2+]Cc1ccc2c(c1)C[C@H](CNC(N)=[NH2+])[C@H]2NC(=O)C(=O)Nc1ccc(Cl)c(F)c1
3arf,CCCCC/C=C/C/C=C\CCCCCCCCCC(=O)N[C@@H](CO[C@H]1O[C@H](CO)[C@H](O)[C@H](O)[C@H]1O)[C@H](O)[C@H](O)CCCCCCCCCCCCCC
5knr,Nc1nc2c(ncn2CCN(CCOCCP(=O)(O)O)CCP(=O)(O)O)c(=O)[nH]1
4glx,NC(=O)c1cc2cc(Br)c(C(F)(F)F)nc2nc1N
4qfs,N#Cc1c(O)c2c(-c3ccc(Br)cc3)c(Br)sc2[nH]c1=O
3pz1,COc1ccc(S(=O)(=O)N2Cc3cc(C#N)ccc3N(Cc3cncn3C)C[C@H]2Cc2ccccc2)cc1
4yv0,CN(C(=O)[C@@H]1COc2ccccc2O1)c1ccccc1
2gz8,O=C(Sc1nnc(C(F)(F)F)[nH]1)c1ccc(C#Cc2ccccc2)o1
1g6s,O=C(O)C1=CC(OP(=O)(O)O)C(O)C(O)C1
5k7h,CC(C)CC(=O)SCCNC(=O)CCNC(=O)C(O)C(C)(C)COP(=O)(O)OP(=O)(O)OCC1OC(n2cnc3c(N)ncnc32)C(O)C1OP(=O)(O)O
6cb5,O=C([O-])c1cc(-c2cn[nH]c2)ccc1Oc1ccc2ccccc2c1
2h02,COC(=O)C(Cc1ccccc1)(Cc1ccc(NS(=O)(=O)[O-])cc1)C(=O)OC
5f41,COc1ccc(CC(=O)[O-])cc1-c1ccsc1
6aff,COC(=O)c1cccc2c1NC(=O)[C@H]2O
5tg7,O=C(NCc1ccco1)c1cccc(B(O)O)c1
6gjb,O=C(NCCC#Cc1cc(Nc2nccc(-c3ccn([C@H](CO)c4ccc(Cl)c(F)c4)c(=O)c3)n2)ccn1)O[C@H]1CC/C=C\CCC1
1avp,CC(C)C[C@H](NC(=O)[C@H](CO)NC(=O)[C@H](CCC(N)=O)NC(=O)[C@@H](NC(=O)C[NH3+])C(C)C)C(=O)N[C@@H](CCCC[NH3+])C(=O)N[C@@H](CCCNC(N)=[NH2+])C(=O)N[C@@H](CCCNC(N)=[NH2+])C(=O)N[C@@H](CCCNC(N)=[NH2+])C(=O)N[C@@H](CS)C(=O)N[C@@H](Cc1ccccc1)C(=O)[O-]
5dro,C[C@@H](O)[C@H](NC(=O)c1ccc(C#CC#Cc2ccc(N)cc2)cc1)C(=O)NO
5lbq,CNc1nc(NCCC[NH+](C)C)nc2cc(OC)c(OC)cc12
3tl5,Cc1c(C[N+]2CCN(C(=O)[C@H](C)O)CC2)sc2c(N3CCOCC3)nc(-c3cnc(N)nc3)nc12
4x2i,Cc1nnc2n1-c1ccccc1N(c1ccc(Cl)cc1)C[C@H]2C
1rwq,COc1cc(OC)cc(-c2nc(N)c(C[NH3+])c(-c3ccc(Cl)cc3Cl)n2)c1
2pj3,CC(C)C(NC(=O)CCc1ccccc1)P(=O)(O)OC(C(=O)O)c1cccc(NC(=N)N)c1
4bd3,CC(C)[C@H](NC(=O)CNC(=O)CNC(=O)[C@@H](NC(=O)[C@H](C)[NH3+])[C@@H](C)O)C(=O)N[C@@H](CCCC[N+](C)(C)C)C(=O)N[C@@H](CCCC[NH3+])C(=O)N1CCC[C@H]1C(=O)N[C@@H](Cc1c[nH]cn1)C(=O)N[C@@H](CCCNC(N)=[NH2+])C(=O)N[C@@H](Cc1ccc(O)cc1)C(=O)[O-]
3bar,O=c1ccn(C2OC(COP(=O)(O)O)C(O)C2O)c(=O)[nH]1
1nl4,Cn1cncc1CN(Cc1cccc(C#N)c1)c1ccc(C#N)c(-c2cccc3ccccc23)c1
6oin,O=C(NNS(=O)(=O)c1ccc2ccccc2c1)c1ccccc1F
4f1q,NC(=O)c1cccc(NC(=O)CCC(=O)[O-])c1
2xcg,c1ccc2oc(C3=NCCN3)cc2c1
4kiw,O=C([O-])c1cc(NCc2cccc([N+](=O)[O-])c2)cc(C(=O)[O-])c1
5wip,O=C([O-])c1ccnc(-c2ccco2)c1
5yc4,C[C@H]([NH3+])C(=O)N[C@@H](CCCNC(N)=[NH2+])C(=O)N[C@H](C(=O)N[C@@H](CCCC[N+](C)(C)C)C(=O)N[C@@H](CCC(N)=O)C(=O)N[C@H](C(=O)N[C@@H](C)C(=O)N[C@@H](CCCNC(N)=[NH2+])C(=O)N[C@@H](CCCC[NH3+])C(=O)[O-])[C@@H](C)O)[C@@H](C)O
4ay5,O=c1ccn(C2OC(COP(=O)(O)OP(=O)(O)O)C(O)C2O)c(=O)[nH]1
1inf,CC(=O)Nc1ccc(C(=O)[O-])cc1NC(N)=[NH2+]
6p3p,COC(=O)[C@@H](Cc1ccccc1)NC(=O)c1cc(C)c(S(=O)(=O)Nc2cc(C(F)(F)F)ccc2Cl)s1
5kbr,O=C(c1ccc(Cl)cc1)c1c[nH]c2ncc(-c3cnn(C4CC[NH2+]CC4)c3)cc12
5t2i,Cn1nc(-c2cnc(N)c(-n3cc(C(N)=O)cn3)n2)nc1C1(c2ccccc2)CC1
5gwa,NC(=O)[C@@H]1CC[C@@H]([NH2+]OS(=O)(=O)[O-])CN1C=O
4jfd,CC[C@H](C)[C@H](NC(=O)CNC(=O)[C@@H](NC(=O)[C@H](C)NC(=O)[C@H](C)NC(=O)[C@H](CC(C)C)NC(=O)[C@@H]([NH3+])CCC(=O)[O-])[C@@H](C)CC)C(=O)N[C@@H](CC(C)C)C(=O)N[C@H](C(=O)N[C@H](C(=O)[O-])C(C)C)[C@@H](C)O
5tuq,CC(C)c1c(CC2CCCCC2)n(COCc2ccccc2)c(=O)n(O)c1=O
4nzn,O=C(CP(=O)(O)O)OC1C(OP(=O)(O)O)C(OP(=O)(O)O)C(OCc2ccccc2)C(OP(=O)(O)O)C1OP(=O)(O)O
3zyr,CC(=O)N[C@H]1[C@H](O[C@@H]2[C@@H](OC[C@H]3O[C@@H](O[C@@H]4[C@@H](CO)O[C@@H](O[C@@H]5[C@@H](CO)O[C@@H](NC(=O)C[C@H]([NH3+])C(=O)[O-])[C@H](NC(C)=O)[C@H]5O)[C@H](NC(C)=O)[C@H]4O)[C@@H](O)[C@@H](O[C@H]4O[C@H](CO)[C@@H](O)[C@H](O)[C@@H]4O[C@@H]4O[C@H](CO)[C@@H](O)[C@H](O)[C@H]4NC(C)=O)[C@@H]3O)O[C@H](CO)[C@@H](O)[C@@H]2O)O[C@H](CO)[C@@H](O)[C@@H]1O
3zlw,C[C@@]1(O)CCN2C(=O)CCc3cccc1c32
1o9k,CC[C@H](C)[C@H](NC(=O)CNC(=O)[C@H](CCC(=O)[O-])NC(=O)CNC(=O)[C@H](CCC(=O)[O-])NC(=O)[C@H](CCC(=O)[O-])NC(=O)[C@H](CC(C)C)NC(=O)CNC(=O)[C@H](Cc1ccccc1)NC(=O)[C@H](Cc1c[nH]cn1)NC(=O)[C@H](Cc1ccc(O)cc1)NC(=O)[C@H](CC(=O)[O-])NC(=O)[C@@H]([NH3+])CC(C)C)C(=O)N[C@@H](CCCNC(N)=[NH2+])C(=O)N[C@@H](CC(=O)[O-])C(=O)N[C@@H](CC(C)C)C(=O)N[C@@H](Cc1ccccc1)C(=O)N[C@H](C)CC(=O)[O-]
5ji6,Cc1cnccc1-c1cc(C(F)(F)F)cc2[nH]ncc12
5j5d,O=C([O-])CCCCCC(=O)[O-]
4xnv,CC(C)(C)c1ccccc1Oc1ncccc1NC(=O)Nc1ccc(OC(F)(F)F)cc1
3tzd,CC(C)[C@H](NC(=O)[C@@H]1CCCN1C(=O)[C@@H]([NH3+])Cc1ccc(O)cc1)C(=O)N[C@@H](CCCC[NH3+])C(=O)N[C@@H](CCCC[NH3+])C(=O)N[C@@H](CCCC[NH3+])C(=O)N[C@@H](C)C(=O)N[C@@H](CCCNC(N)=[NH2+])C(=O)N[C@@H](CCCC[NH+](C)C)C(=O)N[C@@H](CO)C(=O)N[C@@H](C)C(=O)NCC(=O)[O-]
6ew3,O=C([O-])/C(S)=C/c1c(Cl)ccc(Cl)c1Cl
4e3o,O=S(=O)(CCl)NCB(O)O
3wcl,CCCCCCCCCCCCCCCn1cc[n+](CC(P(=O)(O)O)P(=O)(O)O)c1
6fo8,C=C1/C(=C\C=C(/CCCCCC)c2cccc(CCCCCC(C)(C)O)c2)C[C@@H](O)C[C@@H]1O
6e2o,O=C(Nc1cccc(-c2nncn2C2CC2)c1)c1cc(-n2cnc(C3C=C3)c2)ccn1
1noi,OC[C@@H]1[C@@H](O)[C@H](O)[C@@H](O)c2nnnn21
6nnr,O=C1CCN(C2CC(O)C(COP(=O)(O)O)O2)C(=O)N1
4bfy,N#Cc1ccc(-c2ccc(OCC(=O)[O-])cc2C[NH+]2CCN(c3ccccn3)CC2)cc1
4zud,CCCc1nc(C(C)(C)O)c(C(=O)[O-])n1Cc1ccc(-c2ccccc2-c2nnn[nH]2)cc1
5iza,CC(=O)NCC(=O)NCC(=O)N[C@@H](CCC(=O)[O-])C(=O)N[C@@H](C)C(=O)N[C@@H](CC(C)C)C(=O)N[C@@H](C)C(=O)N[C@@H](Cc1c[nH]c2ccccc12)C(N)=O
3p76,C[C@@H](O)[C@H](NC(=O)N1CCC(c2ccc(C#Cc3ccccc3)cc2)CC1)C(=O)NO
5xpp,C=C1[C@H](O)CC(=C/C=C2\CCC[C@@]3(C)[C@H]2CC[C@@H]3[C@H](C)CCC[C@@H](O)c2ccc(O)cc2)C[C@H]1O
2qtb,CN(C)C(=O)[C@@H]([C@H]1CC[C@H](c2ccc3ncnn3c2)CC1)[C@H]([NH3+])C(=O)N1CCC(F)(F)C1
6hvv,COc1ccc(C[C@H](NC(=O)[C@H](C)NC(=O)C[NH+]2CCOCC2)C(=O)N[C@@H](CCC2CCCCC2)[C@@H](O)C(C)(C)O)cc1
3p8h,O=C(c1cncc(Br)c1)N1CCC([N+]2CCCC2)CC1
6h7n,O=C(NCC[NH2+]C[C@H](O)COc1ccc(O)cc1)N1CCOCC1
3fzc,C[C@](COC(=O)NCC[NH3+])([C@@H](Nc1c(CO)cc2ccccn12)C(=O)[O-])[S@@H+](=O)[O-]
4gjb,O=C(NCC1c2ccccc2Oc2ccccc21)[C@H]1CCC[NH2+]C1
6afr,Oc1ccc(Cn2cnc(F)c2)c2cccnc12
6ccs,Oc1cccc2nc(C(F)(F)F)[nH]c12
6bgg,CC[C@H](C)[C@H](NC(=O)[C@H](CCCC[NH3+])NC(=O)[C@H](CC(C)C)NC(=O)[C@@H]1CCCN1C(=O)[C@H](C)NC(=O)[C@@H](NC(=O)[C@@H]([NH3+])CCCC[NH3+])C(C)C)C(=O)N[C@@H](CCCC[NH3+])C(=O)N[C@@H](CC(C)C)C(=O)NCC(=O)NCC(=O)N[C@@H](Cc1ccccc1)C(=O)[O-]
5u5k,COc1cccc(C[C@H]2CCC[NH2+]C2)c1
3ds4,CC[C@H](C)[C@H]([NH3+])C(=O)N[C@H](C(=O)N[C@@H](Cc1ccccc1)C(=O)N[C@@H](CCC(=O)[O-])C(=O)N[C@@H](CC(=O)[O-])C(=O)N[C@@H](CC(C)C)C(=O)N[C@@H](CC(C)C)C(=O)N[C@@H](CC(=O)[O-])C(=O)N[C@@H](Cc1ccc(O)cc1)C(=O)N[C@@H](Cc1ccc(O)cc1)C(=O)NCC(=O)N1CCC[C@H]1C(=O)[O-])[C@@H](C)O
5lax,CC(C)C[C@H](NC(=O)CNC(=O)[C@H](CCCC[NH3+])NC(=O)[C@@H]([NH3+])CO)C(=O)N[C@@H](Cc1ccccc1)C(=O)N[C@@H](CCCNC(N)=[NH2+])C(=O)N[C@@H](C)C(=O)N[C@@H](C)C(=O)N[C@H](C(=O)N1CCC[C@H]1C(=O)N[C@@H](CO)C(=O)NCC(=O)N[C@@H](C)C(=O)N[C@@H](CO)C(=O)[O-])C(C)C
2xk9,C/C(=N\NC(=[NH2+])NO)c1ccc(NC(=O)c2cc3cccc([N+](=O)[O-])c3[nH]2)cc1
1py2,CC(C)C[C@@H](NC(N)=[NH2+])C(=O)NCC(=O)N1CCC(c2cc(-c3ccc(OCc4ccc(C(=O)[O-])o4)c(Cl)c3Cl)nn2C)CC1
3zrc,Cc1cc(CC(=O)N2C[C@H](O)C[C@H]2C(=O)NCc2ccc(-c3cnco3)cc2)on1
2clv,CC(C)C[C@H](NC(=O)[C@H](CO)NC(=O)[C@H](CC(N)=O)NC(=O)[C@H](Cc1ccc(O)cc1)NC(=O)[C@H](Cc1ccc(O)cc1)NC(=O)[C@H](Cc1ccc(O)cc1)NC(=O)[C@H](CCC(N)=O)NC(=O)[C@@H]([NH3+])CO)C(=O)[O-]
5nzq,Nc1cccc(-c2cnco2)c1
4qz6,COc1ccc(C[C@H](NC(=O)[C@H](C)NC(=O)C[NH+]2CCOCC2)C(=O)N[C@@H](Cc2ccccc2)[C@@H](O)[C@H](C)CO)cc1
2vey,O=C1C[C@@H](c2ccc(C[C@H](NS(=O)(=O)c3cccc(F)c3)c3ncc(CCCc4ccccc4)[nH]3)cc2)S(=O)(=O)N1
3t7g,CC[C@H](C)[C@H](NC(=O)[C@H](C)[NH3+])C(=O)N[C@@H](C)C(=O)N[C@@H](C)C(=O)N[C@@H](CC(C)C)C(=O)N[C@H](C(=O)N[C@@H](C)C(=O)N[C@@H](CC(=O)[O-])C(=O)N[C@@H](CCSC)C(=O)N[C@@H](CCC(=O)[O-])C(=O)N[C@H](C(=O)N[C@@H](C)C(=O)[O-])[C@@H](C)CC)[C@@H](C)CC
6pgo,CCC(=O)N1CCN(c2nnc(-c3ccccc3)c3cc(-c4c(O)cccc4F)c(Cl)cc23)CC1
4why,CC[C@H](C)[C@H](NC(=O)[C@H](CC(C)C)NC(=O)[C@@H]([NH3+])CCC(N)=O)C(=O)N[C@@H](CC(N)=O)C(=O)N[C@H](C(=O)N[C@@H](CC(N)=O)C(=O)NCC(=O)N[C@@H](CO)C(=O)N[C@@H](Cc1c[nH]c2ccccc12)C(=O)N[C@@H](Cc1cnc[nH]1)C(=O)N[C@H](C(=O)[O-])C(C)C)[C@@H](C)O
6n69,N#Cc1cnc2ccccc2c1
4oz1,C[C@H]([NH3+])C(=O)N[C@@H](CO)C(=O)N[C@@H](CCCNC(N)=[NH2+])C(=O)N[C@@H](Cc1c[nH]c2ccccc12)C(=O)N[C@@H](CC(=O)[O-])C(=O)N[C@@H](CCC(=O)[O-])C(=O)N[C@H](C(=O)N1CCC[C@H]1C(=O)[O-])[C@@H](C)O
6ffh,CN1CC(=O)[NH+]=C1NC(=O)Nc1cccc(Cl)c1
4hup,[NH2+]=c1[nH]c(=O)c2ncc(C(=O)NCC(=O)N[C@@H](Cc3ccccc3)C(=O)N[C@@H](Cc3ccccc3)C(=O)[O-])nc2[nH]1
4flk,CO[C@@H](C(=O)NC1Cc2ccccc2C1)[C@H](O)[C@@H](O)[C@H](O)CCC(C)(C)C
6oxw,CCC(CC)CN(C[C@@H](O)[C@H](CC1CCCCC1)NC(=O)O[C@H]1CO[C@H]2OCC[C@@H]12)S(=O)(=O)C1CCC([C@@H](C)O)CC1
1njb,O=c1ccn(C2CC(O)C(COP(=O)(O)O)O2)c(=O)[nH]1
4kc1,O=C(NC[C@H]1O[C@@H](n2ccc(=O)[nH]c2=O)[C@H](O)[C@@H]1O)c1cccc(CO)n1
2vtd,N#Cc1ccc(COc2ccc3cc(S(=O)(=O)N[C@H](CCC(=O)[O-])C(=O)[O-])ccc3c2)c(F)c1
3drr,N#Cc1cc(Cl)cc(Oc2cc(OCc3[nH]nc4nc(N)ccc34)ccc2Cl)c1
1wqv,CCCS(=O)(=O)N[C@@H](C(=O)N[C@@H](CCSC)C(=O)NCc1ccc(C(N)=[NH2+])cc1)[C@H](C)O
6hol,CC(C)C[C@H](NC(=O)[C@H](CC(N)=O)NC(=O)[C@H](CCC(=O)[O-])NC(=O)[C@H](Cc1c[nH]c2ccccc12)NC(=O)[C@@H]([NH3+])CC(=O)[O-])C(=O)N1CCC[C@H]1C(=O)N[C@@H](CO)C(=O)N1CCC[C@H]1C(=O)N[C@@H](CCCNC(N)=[NH2+])C(=O)N[C@@H](Cc1ccccc1)C(=O)[O-]
3sni,COc1ccc2nc(C)c3c(C)nc(-c4cnccc4C)n3c2n1
2r03,CC(C)C[C@H](NC(=O)[C@@H]([NH3+])CC(N)=O)C(=O)N[C@@H](Cc1ccc(O)cc1)C(=O)N1CCC[C@H]1C(=O)N[C@@H](CC(=O)[O-])C(=O)N[C@@H](CC(C)C)C(=O)N[C@@H](CO)C(=O)N[C@@H](CCC(=O)[O-])C(=O)O
4wz4,Cc1c(Oc2nc(N)ns2)cc2c(c1C)[C@@H](CC(=O)[O-])OB2O
5khh,O=c1[nH]cnc2c1ncn2C1OC2COP(=O)(O)OC2C1O
4zyy,[NH2+]=c1[nH]c(=O)c2cc(CCCCc3cc(C(=O)N[C@@H](CCC(=O)[O-])C(=O)[O-])cs3)[nH]c2[nH]1
1hbj,Cc1nc2cccc(F)c2c(N)c1CSCc1cccc([C@H](O)C(F)(F)F)c1
4y2s,Oc1cnn(-c2cccc(C(F)(F)F)c2)c1
2ll6,CSCC[C@H](NC(=O)[C@H](CC(C)C)NC(=O)[C@H](CCSC)NC(=O)[C@H](CS)NC(=O)[C@H](C)NC(=O)[C@H](Cc1ccccc1)NC(=O)[C@H](CC(C)C)NC(=O)[C@@H](NC(=O)[C@H](C)NC(=O)[C@H](CCCC[NH3+])NC(=O)[C@@H](NC(=O)[C@H](CC(C)C)NC(=O)[C@@H](NC(=O)[C@H](CCCC[NH3+])NC(=O)[C@@H]([NH3+])CC(C)C)C(C)C)C(C)C)C(C)C)C(=O)N[C@@H](CCCNC(N)=[NH2+])C(=O)N[C@@H](CCCC[NH3+])C(=O)[O-]
5hx6,CN1C(=O)[C@@H](NC(=O)c2cc(Cc3ccccc3)on2)COc2ccccc21
2veu,O=C1C[C@@H](c2ccc(C[C@H](NS(=O)(=O)c3cccc(C(F)(F)F)c3)c3nc(-c4ccccc4)c[nH]3)cc2)S(=O)(=O)N1
1r4w,[NH3+][C@@H](CCC(=O)N[C@@H](CS)C(=O)NCC(=O)[O-])C(=O)[O-]
4pf3,Cc1nn(CC(F)(F)CO)c(-c2ccc(F)cc2)c1-c1ccc2c(c1)NC(=O)CO2
2ltw,CSCC[C@H](NC(=O)[C@@H]1CCCN1C(=O)[C@H](Cc1ccc(O)cc1)NC(=O)[C@H](CCCNC(N)=[NH2+])NC(=O)[C@H](CO)NC(=O)[C@H](Cc1ccc(O)cc1)NC(=O)[C@@H]1CCCN1C(=O)[C@@H]1CCCN1C(=O)[C@@H]1CCCN1C(=O)[C@@H]1CCCN1C(=O)[C@H](CO)NC(=O)[C@H](CCC(=O)[O-])NC(=O)C[NH3+])C(=O)N[C@@H](CC(=O)[O-])C(=O)[O-]
2xgm,O=C1NC(=O)C(=O)C(=O)N1
3feg,C[N+](C)(CCOP(=O)(O)O)CC(=O)c1ccc(-c2ccc(C3(O)C[N+](C)(C)CCO3)cc2)cc1
6g9s,[NH3+]C[C@@H]1C=C(c2cnco2)[C@@H]([NH2+]OS(=O)(=O)[O-])CN1C=O
1tou,O=C(CSc1nc(C(F)(F)F)cc(=O)[nH]1)N1CCCCC1
2lya,CCCCCCCC(=O)OCC(COP(=O)(O)OCC[N+](C)(C)C)OC(=O)CCCCCCC
4wwo,C[C@H](Nc1ncnc2nc[nH]c12)c1cc2cccc(Cl)c2nc1-c1cccc(F)c1
3pkb,CO[C@@H](C(=O)NCC(N)=O)[C@H](O)[C@@H](O)[C@H](O)/C=C/C(C)(C)C
6ax1,O=CN1CC(c2nc(-c3ccccc3)no2)C1
5eje,Nc1ncnc2c1ncn2C1OC(COP(=O)(O)OP(=O)(O)OP(=O)(O)OP(=O)(O)OP(=O)(O)OCC2OC(n3cnc4c(N)ncnc43)C(O)C2O)C(O)C1O
4wj7,CC[C@H](C)[C@H](NC(=O)[C@@H](NC(=O)[C@@H](NC(=O)[C@H](CCCC[NH3+])NC(=O)[C@H](CC(=O)[O-])NC(=O)[C@@H]([NH3+])C(C)C)C(C)C)C(C)C)C(=O)N[C@@H](CC(N)=O)C(=O)N1CCC[C@H]1C(=O)N[C@@H](Cc1ccc(O)cc1)C(=O)N[C@@H](Cc1ccccc1)C(=O)NCC(=O)[O-]
3wk8,Nc1nc2ccc(C(F)(F)F)cc2s1
6bu0,O=P(O)(O)OC1C(OP(=O)(O)O)C(OP(=O)(O)O)C(OP(=O)(O)O)C(OP(=O)(O)O)C1OP(=O)(O)O
5ts0,COC[C@H](NC(=O)[C@H](CC(=O)N1CCCC1)NC(=O)CCc1ccccc1)C(=O)NCc1cccc2ccccc12
2psj,O=C(Cc1ccc(O)cc1)Nc1ncc(-c2ccc(O)cc2)nc1Cc1ccccc1
3h5u,CC(C)(C)[C@H]1C(O)=C(C2=NS(=O)(=O)c3c(CNS(C)(=O)=O)cccc32)C(=O)N1Cc1ccc(F)cc1
5joh,N#Cc1ccc([C@H]2[C@@H](O)CCCc3cncn32)c(-c2ccccc2Cl)c1
5o5h,Cc1nc(C)c(C(=O)Nc2ccc(Oc3ccc(Cl)cc3)nc2)o1
3lpt,O=C([O-])Cc1c(-c2ccccc2)c2cc(Cl)ccc2[nH]c1=O
6mju,O=C(CO)n1ccc2nc3c(Cl)c(Cl)cc(-c4cn[nH]c4)c3c-2c1
4lq3,Cc1nc(/N=N/c2cc(S(=O)(=O)O)c3cc([N+](=O)[O-])cc(S(=O)(=O)O)c3c2)c(COP(=O)(O)O)c(C=O)c1O
4fll,CO[C@@H](C(=O)NCC[C@H](c1ccccc1)c1ccco1)[C@H](O)[C@@H](O)[C@H](O)/C=C/C(C)(C)C
5jao,Cc1ccc(N)cc1-c1ccccc1Cl
3me9,C[C@H]([NH3+])C(=O)N[C@@H](CCCNC(N)=[NH2+])C(=O)N[C@H](C(=O)N[C@@H](CCCC[N+](C)(C)C)C(=O)[O-])[C@@H](C)O
4kww,O=C([O-])c1ccccc1C(=O)[O-]
2c6n,[NH3+]CCCC[C@H]([NH2+][C@@H](CCc1ccccc1)C(=O)[O-])C(=O)N1CC=C[C@H]1C(=O)[O-]
2wpa,CC(C)CC(=O)Nc1n[nH]c2c1CN(C(=O)C1CC[N+](C)CC1)C2(C)C
6fx1,CC(=O)N[C@H]1[C@H](O[C@@H]2[C@@H](OC[C@H]3O[C@@H](O[C@@H]4[C@@H](CO)O[C@@H](O[C@@H]5[C@@H](CO[C@@H]6O[C@@H](C)[C@@H](O)[C@@H](O)[C@@H]6O)O[C@@H]([NH3+])[C@H](NC(C)=O)[C@H]5O)[C@H](NC(C)=O)[C@H]4O)[C@@H](O)[C@@H](O)[C@@H]3O)O[C@H](CO)[C@@H](O)[C@@H]2O)O[C@H](CO)[C@@H](O)[C@@H]1O
5w1w,CSCC[C@H](NC(=O)[C@@H]([NH3+])C(C)C)C(=O)N[C@@H](C)C(=O)N1CCC[C@H]1C(=O)N[C@@H](CCCNC(N)=[NH2+])C(=O)N[C@H](C(=O)N[C@@H](CC(C)C)C(=O)N[C@H](C(=O)N[C@@H](CC(C)C)C(=O)[O-])C(C)C)[C@@H](C)O
4k5z,O=C1NCc2ccc(Cl)cc21
2w70,Nc1nccc(-c2csc(N)n2)n1
1nlo,CC(=O)N(Cc1ccc(C(=O)N(CCC(=O)N2CCC(C(=O)N3CCC[C@H]3C(=O)N[C@@H](CC(C)C)C(=O)N3CCC[C@H]3C(=O)N3CCC[C@H]3C(=O)N[C@@H](CC(C)C)C(=O)N3CCC[C@H]3C(N)=O)CC2)Cc2ccc(C[NH3+])cc2)cc1)CC(C)C
5jq9,Cc1noc(NS(=O)(=O)c2ccc(NCc3cnc4nc(N)[nH]c(=O)c4n3)cc2)c1C
3kqm,Brc1cnc[nH]1
2qzx,CC(C)CC(=O)N[C@H](C(=O)N[C@H](C(=O)N[C@@H](CC(C)C)[C@@H](O)CC(=O)N[C@@H](C)C(=O)N[C@@H](CC(C)C)[C@@H](O)CC(=O)[O-])C(C)C)C(C)C
4mma,C[NH+](C)CCCN1c2ccccc2CCc2ccc(Cl)cc21
1zaj,O=P(O)(O)OCC(O)C(O)C(O)C(O)COP(=O)(O)O
6gfy,CC(=O)N[C@H](C(=O)N1C[C@H](O)[C@H](F)[C@H]1C(=O)NCc1ccc(-c2scnc2C)cc1)C(C)(C)C
1ezf,CC(C)(C)CN1C(=O)[C@@H](CC(=O)N[C@@H](CC(=O)[O-])C(=O)[O-])O[C@H](c2cccc3ccccc23)c2cc(Cl)ccc21
6ccl,c1ccc(Cn2cnc3ncccc32)cc1
5el2,CC[C@@H](C)OC(=O)N1CCCC[C@H]1CCO
2lp8,CC[C@H](C)[C@H](NC(=O)[C@@H]1CSCC(=O)Nc2ccc(cc2S(=O)(=O)[O-])/N=N/c2ccc(c(S(=O)(=O)[O-])c2)NC(=O)CSC[C@H](NC(=O)CNC(C)=O)C(=O)N[C@@H](C(C)C)C(=O)NCC(=O)N[C@@H](CCCNC(N)=[NH2+])C(=O)N[C@@H](C)C(=O)N[C@@H](CC(C)C)C(=O)N[C@@H](C)C(=O)N[C@@H](C)C(=O)N[C@@H](Cc2ccccc2)C(=O)NCC(=O)N[C@@H](CC(=O)[O-])C(=O)N1)C(=O)N[C@@H](CC(N)=O)C(=O)N[C@@H](CCCNC(N)=[NH2+])C(N)=O
1kz8,CCOc1cc2ncnc(Nc3cccc(-c4csc(CO)n4)c3)c2cc1OCC
5k13,CC(C)(C)c1cccc(-c2cc(-c3ccc(C(=O)[O-])cc3)nn2-c2ccc(S(C)(=O)=O)cc2)c1
4apo,CC(C)[C@H](NC(=O)[C@H](CC(=O)[O-])NC(=O)[C@H](CC(=O)[O-])NC(=O)[C@H](CCC(=O)[O-])NC(=O)[C@H](C)[NH3+])C(=O)N[C@@H](CCC(=O)[O-])C(=O)[O-]
3neg,O=S(=O)(NCc1ccccn1)c1ccc(Br)c2ccccc12
4mm6,C[NH2+]CC[C@H](Oc1cccc2ccccc12)c1cccs1
7abp,C[C@H]1O[C@H](O)[C@H](O)[C@@H](O)[C@H]1O
4c73,C=C/C(C)=C/[C@@]1(C)SC(=O)C(C(=O)C(F)(F)F)=C1O
2h6q,C[C@H]([NH3+])C(=O)N[C@@H](CCCNC(N)=[NH2+])C(=O)N[C@H](C(=O)N[C@@H](CCCC[N+](C)(C)C)C(=O)N[C@@H](CCC(N)=O)C(=O)N[C@H](C(=O)N[C@@H](C)C(=O)[O-])[C@@H](C)O)[C@@H](C)O
3l9h,C[NH+](C)CCNC(=O)NC[C@H]1CC[C@@H]2[C@H](O1)c1cc(C(F)(F)F)ccc1N[C@H]2c1ccccc1
2g70,O=[N+]([O-])c1ccc2c(c1)C[NH2+][C@@H](CO)C2
6qab,CCCC[N+](C)(C)[C@@H](Cc1c[nH]c2ccccc12)C(=O)NCCC1CCCCCC1
1tka,Cc1cc(N)c(C[n+]2csc(CCOP(=O)(O)OP(=O)(O)O)c2C)cn1
5hgq,C[C@H]1CCC[C@H](C[C@H]2Cc3cc(O)cc(O)c3C(=O)O2)O1
1sqc,CCCCCCCCCCCC[N+](C)(C)O
5eiw,Nc1ccc(C(F)(F)F)cc1N
5mat,COc1ccc(Cn2cnc3sc4c(c3c2=O)CC[C@@H]([NH2+]Cc2c(C)noc2C)C4)c2ccccc12
1n2v,CCCCc1nc2c(=O)[nH][nH]c(=O)c2[nH]1
2yns,CC(C)C[C@H](NC(=O)[C@@H](NC(=O)[C@@H]([NH3+])CO)C(C)C)C(=O)NCC(=O)N[C@@H](CCCC[NH3+])C(=O)N[C@@H](CCCNC(N)=[NH2+])C(=O)N[C@@H](CCCC[NH3+])C(=O)N[C@@H](CCCNC(N)=[NH2+])C(=O)N[C@@H](Cc1cnc[nH]1)C(=O)[O-]
6atv,CC(=O)N[C@@H](Cc1ccc(O)cc1)C(=O)NCC(=O)N[C@@H](CCCNC(N)=[NH2+])C(=O)N1CCC[C@H]1C(=O)N1CCC[C@H]1C(=O)N[C@@H](CC(C)C)C(=O)N1CCC[C@H]1C(=O)N1CCC[C@H]1C(=O)N[C@@H](CCCC[NH3+])C(=O)N[C@@H](CCC(N)=O)C(=O)N[C@@H](CCCC[NH3+])C(=O)N[C@@H](CCCNC(N)=[NH2+])C(=O)N[C@@H](CCCC[NH3+])C(N)=O
4oar,CC(=O)O[C@]1(C(C)=O)CC[C@H]2[C@@H]3CCC4=CC(=O)CCC4=C3[C@@H](c3ccc(N(C)C)cc3)C[C@@]21C
6gzy,COC(=O)CCCNC(=O)c1cc2c([nH]c1=O)CCC2
6clv,Cc1noc(NS(=O)(=O)c2ccc(NCc3cnc4[nH]c(=[NH2+])[nH]c(=O)c4n3)cc2)c1C
5i12,CC(=O)N[C@H]1[C@H](NC(=S)NCCN([C@@H](C(=O)[O-])C(C)C)S(=O)(=O)c2ccc(-c3ccccc3)cc2)O[C@H](COC(C)=O)[C@@H](OC(C)=O)[C@@H]1OC(C)=O
3eu7,CC[C@H](C)[C@H](NC(=O)[C@@H]1CCCN1C(=O)CNC(=O)[C@H](C)[NH3+])C(=O)N[C@@H](CO)C(=O)N[C@@H](CC(C)C)C(=O)N[C@@H](CC(N)=O)C(=O)N[C@@H](Cc1c[nH]c2ccccc12)C(=O)N[C@@H](Cc1ccccc1)C(=O)N[C@@H](CCC(=O)[O-])C(=O)N[C@@H](CCC(=O)[O-])C(=O)N[C@@H](CC(C)C)C(=O)N[C@@H](CO)C(=O)N[C@@H](C)C=O
4pxf,CC[C@H](C)[C@H](NC(=O)[C@@H]([NH3+])CC(=O)[O-])C(=O)N[C@@H](CC(=O)[O-])C(=O)N[C@H](C(=O)N[C@@H](CCSC)C(=O)NCC(=O)N[C@@H](CC(C)C)C(=O)[O-])C(C)C
5y0x,COc1ccc(S(=O)(=O)Nc2cccc(C(=O)[O-])c2F)c2ccccc12
5mwa,O=C([O-])c1cccc(-c2nc(-c3ccc(Cl)c(Cl)c3)c(-c3ccccc3)o2)c1
3lgp,O=C(NCc1ccc(Cn2c(C(F)(F)F)nc3ccccc32)s1)[C@H](O)[C@@H](O)C(=O)N1CCC[C@@H]1c1cccc(Cl)c1
3wde,CO[C@H](c1ccccc1)[C@@H]1NC(=O)[C@H](C)NC(=O)[C@H](C[C@@H](C)CO)N(C)C(=O)[C@H]([C@H](O)c2cn(C(C)(C)[C@@H](C)O)c3ccccc23)NC(=O)[C@H]([C@H](C)C=C(C)C)NC(=O)[C@H](CC(C)C)N(C)C(=O)[C@H](C(C)C)NC1=O
6rz6,O=C([O-])CCCN1C[C@@H](C(=O)[O-])Oc2c(NC(=O)c3ccc(OCCCCc4cc(F)ccc4Cl)cc3)cccc21
2jql,CCC(C)C(NC(=O)C([NH3+])CC(N)=O)C(=O)NC(C(=O)NC(CCC(N)=O)C(=O)N1CCCC1C(=O)NC(C(=O)NC(CCC(N)=O)C(=O)NC(CCC(N)=O)C(=O)NC(CO)C(=O)NC(C(=O)O)C(C)O)C(C)OP(=O)(O)O)C(C)OP(=O)(O)O
5yhl,C[C@@H](C(=O)Nc1cc(C#N)ccc1CCCC(=O)[O-])c1ccc(Br)c2ccccc12
2l75,C[C@H]([NH3+])C(=O)N[C@@H](CCCNC(N)=[NH2+])C(=O)N[C@H](C(=O)N[C@@H](CCCC[NH3+])C(=O)N[C@@H](CCC(N)=O)C(=O)N[C@H](C(=O)N[C@@H](C)C(=O)N[C@@H](CCCNC(N)=[NH2+])C(=O)N[C@@H](CCCC[N+](C)(C)C)C(=O)N[C@@H](CO)C(=O)N[C@H](C(=O)[O-])[C@@H](C)O)[C@@H](C)O)[C@@H](C)O
3fsj,COP(=O)(O)C(O)(C1CCCCC1)C1SC(CCOP(=O)(O)OP(=O)(O)O)C(C)[NH+]1CC1C[NH2+]C(C)[NH2+]C1[NH3+]
4m3d,O=C(NCCC(F)(F)F)c1ccc(C#CCNS(=O)(=O)c2ccccc2)cc1
5jeo,CCC(C)C(NC(=O)C(CC(C)C)NC(=O)C(CC(C)C)NC(=O)C(CCC(=O)O)NC(=O)C(Cc1ccccc1)NC(=O)C(CCC(=O)O)NC(=O)C([NH3+])CCC(=O)O)C(=O)NC(COP(=O)(O)O)C(=O)NC(CC(N)=O)C(=O)NC(CO)C(=O)O
1w0y,COc1cc(CNc2ccc(C(N)=[NH2+])cc2)c(NS(C)(=O)=O)cc1OCc1ccccc1
6q9q,C[C@@H](c1ccc(Cl)cc1)n1cnc(-c2ccccc2)c1-c1c(C(=O)NCC[N@H+]2CC[N@H+](C3CCCCC3)CC2)[nH]c2cc(Cl)ccc12
4oem,[NH3+]CCCC[C@H](NC(=O)C[NH3+])C(=O)[O-]
5hjb,C/C=C/C(=O)NCCCC[C@H](NC(=O)[C@H](CCCNC(N)=[NH2+])NC(=O)[C@H](C)NC(=O)[C@@H](NC(=O)[C@H](CCC(N)=O)NC(=O)[C@H](CCCC[NH3+])NC(=O)[C@@H]([NH3+])[C@@H](C)O)[C@@H](C)O)C(=O)N[C@@H](CO)C(=O)[O-]
1ppx,Nc1nc2c([nH]c(=O)n2C2CC(O)C(COP(=O)(O)O)O2)c(=O)[nH]1
6ibl,COc1ccc(C[C@@H](C)[NH2+]C[C@H](O)c2ccc(O)c(NC=O)c2)cc1
3tyq,CCc1ccc2c(c1)c(-c1ccc[nH]c1=O)c(C(=O)[O-])n2Cc1cccc([N+](=O)[O-])c1
3k27,C[C@H](NC(=O)[C@@H]([NH3+])[C@@H](C)O)C(=O)N[C@@H](CCCNC(N)=[NH2+])C(=O)N[C@@H](CCCC[N+](C)(C)C)C(=O)N[C@@H](CO)C(=O)N[C@H](C(=O)NCC(=O)[O-])[C@@H](C)O
2joa,CC[C@H](C)[C@H](NC(=O)[C@H](CCCNC(N)=[NH2+])NC(=O)[C@H](CO)NC(=O)[C@@H]([NH3+])CC(=O)[O-])C(=O)N[C@@H](Cc1c[nH]c2ccccc12)C(=O)N[C@@H](Cc1c[nH]c2ccccc12)C(=O)N[C@H](C(=O)[O-])C(C)C
5nar,NC(=O)n1cc(NC(=O)N2CCC[C@H]2C(=O)Nc2cccc(OC(F)(F)F)c2)c2ccccc21
2qo1,O=C([O-])CCCCCCCCCCOC(=O)S
4lsj,CC/C(=C1\c2ccccc2OCc2cccc(OC)c21)c1cccc(NS(C)(=O)=O)c1
3sgv,Cc1ccc(Oc2cccc(NC(=O)c3cc([N+](=O)[O-])ccc3C(=O)[O-])c2)cc1C
4zjc,Cc1nc(C(=O)N2CCC[C@H]2Cc2nnc(-c3ccccc3)o2)c(-c2ccccc2F)s1
5t37,CC(C)(C)C(=O)NCc1ccc(Cl)c(C(=O)Nc2ncc[nH]2)c1
4igq,C[C@@H](O)[C@H]([NH3+])C(=O)N[C@@H](CCCC[N+](C)(C)C)C(=O)N[C@@H](CCC(N)=O)C(=O)[O-]
3so9,CC(C)CN(C[C@@H](O)[C@H](Cc1ccccc1)NC(=O)O[C@H]1CO[C@H]2OCC[C@@H]12)S(=O)(=O)c1ccc(N)cc1
4kzb,C[C@@H](C(=O)[O-])N(c1ccccc1)S(C)(=O)=O
3bhx,O=C(O)CCC(CP(=O)(O)CCC(=O)O)C(=O)O
5enh,COc1cccc(OC)c1CNC(C)=O
4ks2,CCC(CC)O[C@@H]1C=C(C(=O)[O-])C[C@H](NC(N)=[NH2+])[C@H]1NC(C)=O
4q1s,CC1=C2O[C@]3(O)C[C@@H]2C(=C(O)C1=O)[C@@H]1O[C@H](CC[C@H](C)/C=C(\C)C[C@@H](C)C[C@@H]3C)[C@H](C)[C@H](O)[C@H]1C
6naf,[NH3+][C@]12C[C@H]3C[C@H](C[C@H](C3)C1)C2
4oyi,Nc1nonc1C(=O)c1ccccc1
5ecv,Cc1c(/C(O)=C/[C@H](O)C(=O)[O-])ccc2[nH]ccc12
1dkd,CSCC[C@H](NC(=O)[C@@H]([NH3+])Cc1c[nH]c2ccccc12)C(=O)N[C@H](C(=O)N[C@H](C(=O)N1CCC[C@H]1C(=O)N[C@@H](Cc1c[nH]c2ccccc12)C(=O)NCC(=O)N[C@@H](Cc1ccccc1)C(=O)N[C@@H](CC(C)C)C(=O)N[C@@H](Cc1cnc[nH]1)C(=O)N1CCC[C@H]1C(=O)[O-])[C@@H](C)O)[C@@H](C)O
6cvy,C=C[C@@H]1C[C@]1(NC(=O)[C@@H]1C[C@@H](Oc2nc3cc(OC)ccc3nc2Cl)CN1C(=O)[C@@H](NC(=O)OC1CCCC1)C(C)(C)C)C(=O)NS(=O)(=O)C1(C)CC1
4k9g,CC(=O)C[C@@H]1CC(c2ccc(O)c(F)c2)=NO1
4qhc,O=C([O-])[C@@H]1CS[C@H]([C@H]2C[C@@H]3CCSC[N@H+]3[NH2+]2)[C@@H](CO)C[NH2+]1
4mz6,C[C@H](NC(=O)[C@@H]1CCCN1C(=O)[C@H](CCCNC(N)=[NH2+])NC(=O)[C@H](C)NC(=O)[C@H](CCCNC(N)=[NH2+])NC(=O)[C@H](CCCC[NH3+])NC(=O)[C@@H]([NH3+])CO)C(=O)[O-]
2x4t,CSCC[C@H](NC(=O)[C@H](O)[C@H](O)CNC(=O)[C@@H](NC(=O)[C@H](CC(C)C)NC(=O)[C@@H]([NH3+])CC(N)=O)C(C)C)C(=O)N[C@H](C(=O)N[C@@H](C)C(=O)N[C@H](C(=O)N[C@H](C(=O)[O-])C(C)C)[C@@H](C)O)C(C)C
5l6i,NS(=O)(=O)OC[C@@H]1C[C@@H](n2ccc3c(N[C@H]4CCc5ccccc54)ncnc32)C[C@@H]1O
6aa4,COc1c(O)cc2c(c1CCC(C)C)[C@@H](O)c1c(cc(O)c(CCC(C)C)c1O)O2
2uuo,CCCCCOc1ccc2cc(S(=O)(=O)N[C@H](CCC(=O)[O-])C(=O)[O-])ccc2c1
4mu7,CC[C@H]([NH2+]C)C(=O)N[C@H](C(=O)N1C[C@@H]2Cc3ccccc3N2C[C@H]1C(=O)N[C@@H]1CCOc2ccccc21)C1CCCCC1
4y2j,Cn1ccc(C[NH2+]CCc2ccccc2)n1
6e3g,COc1ccc2c(n1)CCN(C(C)=O)[C@H]2C(=O)Nc1ccc(OCc2ccccc2OC)cc1
4ln2,CC(C)C[C@H]([NH3+])C(=O)N[C@@H](C)C(=O)N1CCC[C@H]1C(=O)N1CCC[C@H]1C(=O)N[C@@H](CCCC[NH3+])C(=O)N1CCC[C@H]1C(=O)N1CCC[C@H]1C(=O)N[C@@H](CC(C)C)C(=O)N1CCC[C@H]1C(=O)N[C@@H](CCC(=O)[O-])C(=O)[O-]
1fq8,CCCC[C@H](NC(=O)[C@H](Cc1ccccc1)NC(=O)N1CCOCC1)C(=O)N[C@@H](CC1CCCCC1)[C@@H](O)C(F)(F)C(=O)NC
1o49,CC(=O)NC(Cc1ccc(OCC(=O)O)c(P(=O)(O)O)c1)C(=O)NC1CCCCN(Cc2ccc(-c3ccccc3)cc2)C1=O
6g91,Clc1cnc(NC2CCOCC2)nc1
5knt,O=c1[nH]cnc2c1ncn2CC[NH+](CCP(=O)(O)O)CC(O)CO
2gm1,Cc1ccc(C(=O)N(CCC[NH3+])[C@@H](c2nn3ccc(Cl)c3c(=O)n2Cc2ccccc2)C2CC2)cc1
4kot,CO/N=C(\C(=O)N[C@@H]1C(=O)N2C(C(=O)[O-])=C(COC(C)=O)CS[C@H]12)c1csc(N)n1
6dlx,COc1cc(Br)c(OC)cc1N
4civ,O=C([O-])[C@]1(O)C=C(CO)[C@@H](O)[C@H](O)C1
3u4r,CS(=O)(=O)Nc1cccc(S(=O)(=O)NC(=O)c2c(C3=CCC=NC3=O)c3cc(Cl)ccc3n2Cc2ccnc(N)c2)c1
2vi5,CCC(=O)N[C@@H]1C(=O)NC(=O)N=C1NC[C@H](O)[C@H](O)[C@H](O)CO
2puy,C[C@H]([NH3+])C(=O)N[C@@H](CCCNC(N)=[NH2+])C(=O)N[C@H](C(=O)N[C@@H](CCCC[NH3+])C(=O)N[C@@H](CCC(N)=O)C(=O)N[C@H](C(=O)N[C@@H](C)C(=O)N[C@@H](CCCNC(N)=[NH2+])C(=O)N[C@@H](CCCC[NH3+])C(=O)N[C@@H](CO)C(=O)[O-])[C@@H](C)O)[C@@H](C)O
4ydf,O=[N+]([O-])c1ccc(S(=O)(=O)N(Cc2ccccc2)[C@H]2C[NH2+]C[C@@H]2N(Cc2ccccc2)S(=O)(=O)c2ccc([N+](=O)[O-])cc2)cc1
6af9,O=C1Nc2ccccc2[C@@H]1O
5ea6,O=C1C2=C(C[NH2+]CC2)[C@]2(c3ccc(Cl)cc3)N1CCN2C(=O)c1cccnc1
1.00E+06,Cc1ccc(C(C)C)c(O)c1
3ia6,Cc1oc(-c2ccccc2)nc1CCCc1ccc(C[C@@H](C(=O)[O-])n2nccn2)cc1
1rev,CC(C)=CC[N@H+]1Cc2cc(Cl)cc3[nH]c(=S)n(c23)C[C@@H]1C
2oyl,OC[C@H]1O[C@@H](O[C@H]2[C@H](O)[C@@H](O)c3nccn3[C@@H]2CO)[C@H](O)[C@@H](O)[C@@H]1O
6ffi,COc1cccc(C#Cc2cccc(C)n2)c1
6n3o,COc1ncc(Cl)cc1S(=O)(=O)Nc1ccc(F)c(C#Cc2cnc(N)nc2)c1F
4mpc,O=S(=O)(c1ccc(O)cc1O)n1cc2ccccc2c1
6r5f,Cc1nnc(N2CCC(C(=O)N3[NH2+]CC[C@H]3c3cc(F)cc(F)c3)CC2)o1
2mwo,CC(C)C[C@H](NC(=O)[C@H](Cc1c[nH]cn1)NC(=O)[C@H](CO)NC(=O)[C@H](CO)NC(=O)[C@H](Cc1c[nH]cn1)NC(=O)[C@H](C)NC(=O)[C@@H]([NH3+])CCCNC(N)=[NH2+])C(=O)N[C@@H](CCCC[NH+](C)C)C(=O)N[C@@H](CO)C(=O)N[C@@H](CCCC[NH3+])C(=O)N[C@@H](CCCC[NH3+])C(=O)NCC(=O)N[C@@H](CCC(N)=O)C(=O)N[C@@H](CO)C(=O)N[C@H](C(=O)[O-])[C@@H](C)O
5lhi,CCOCc1cccc(NC(=O)c2cc3sccc3n2C)c1COc1ccc(OC[C@@H]2CC[NH2+]C2)cc1
5lhg,Cn1c(C(=O)Nc2ccc(COc3ccc(O[C@H]4CC[N@H+](C)CC4)cc3)cc2)cc2sccc21
1n95,Cn1cncc1C[C@H]([NH2+]Cc1ccc(C#N)cc1)C(=O)N1CCC(C#N)=C(c2cccc3ccccc23)C1
3mmr,[NH3+][C@@H](CCCC[B-2](=O)(O)O)C(=O)[O-]
2vr3,CC(C)C[C@H](NC(=O)[C@H](C)NC(=O)C[NH3+])C(=O)NCC(=O)NCC(=O)N[C@@H](C)C(=O)N[C@@H](CCCC[NH3+])C(=O)N[C@@H](CCC(N)=O)C(=O)N[C@@H](C)C(=O)NCC(=O)N[C@@H](C)C(=O)N[C@H](C(=O)[O-])C(C)C
5oxn,C[C@H](NC(=O)[C@@H]([NH3+])Cc1ccccc1)C(=O)[O-]
1hef,COC(=O)[C@@H](NC(=O)[C@@H](NC(=O)[C@H](Cc1ccccc1)C[C@H](O)[C@H](Cc1ccccc1)NC(=O)[C@H](C)NC(=O)[C@H](C)[NH3+])C(C)C)C(C)C
5vkf,c1ccc2ccccc2c1
4u6x,CC(C)C[C@H](NC(=O)[C@H](C)[NH3+])C(=O)N[C@@H](CCC(N)=O)C(=O)N[C@@H](CC(=O)[O-])C(=O)N[C@@H](C)C=O.CC[C@H](C)[C@H](NC(=O)[C@H](Cc1ccccc1)NC(=O)[C@H](Cc1ccc(O)cc1)NC(=O)[C@H](CCC(=O)[O-])NC(=O)[C@@H]([NH3+])CCCC[NH3+])C(=O)[O-]
6mu1,Nc1ncnc2c1ncn2C1OC(CO)C(OC2OC(CO)C(OP(=O)(O)O)C(OP(=O)(O)O)C2O)C1OP(=O)(O)O
6nsx,CC(C)[C@H](NC(=O)[C@H](CC(=O)[O-])NC(=O)[C@H](Cc1c[nH]c2ccccc12)NC(=O)[C@H](CCCNC(N)=[NH2+])NC(=O)[C@@H]([NH3+])CO)C(=O)N[C@@H](C)C(=O)[O-]
5u6c,Cc1nn(CCO)c2c1-c1cnc(N)c(n1)O[C@H](C)c1c(ccc(F)c1Cl)C(=O)N(C)C2
6ekn,COc1ccc(-c2ccc(S(=O)(=O)c3ccccc3[C@H](CCC(=O)[O-])C(=O)[O-])cc2)cc1
5yg3,Cc1n[nH]c2c1[C@]1(C(C#N)=C(N)O2)c2cc(-c3ccncc3)cc(F)c2CC1(C)C
2w76,NC(=O)CC[C@H](NC(=O)[C@H](CCC[N+](=O)C=O)NC(=O)[C@@H]1CCN=C([C@H]([NH3+])CO)N1)C(=O)N[C@H](CCC(N)=O)C(=O)N[C@@H](CCC[N+](=O)C=O)C(=O)NCC(=O)[O-]
5d1s,Cc1cc(S(=O)(=O)N(C)[C@H](C)C(=O)NO)ccc1F
2o9j,CC(=O)C1=C(O)N2[C@H](C1=O)[C@H]1c3c[nH]c4cccc(c34)C[C@H]1C2(C)C
3rv6,O=C([O-])/C(=C\c1ccccc1)Oc1cccc(C(=O)[O-])c1O
4eqf,CC(C)C[C@H](NC(=O)[C@H](CC(N)=O)NC(=O)[C@H](CO)NC(=O)[C@H](CO)NC(=O)[C@H](CC(C)C)NC(=O)[C@@H]([NH3+])CCCNC(N)=[NH2+])C(=O)[O-]
3f36,CC(C)c1ccccc1O
6qw7,O=CN1C[C@H]([NH2+]OS(=O)(=O)[O-])CC[C@H]1C(=O)NC1CC[NH2+]CC1
3vfq,Nc1ncnc2c1ncn2C1OC(COP(=O)(O)OP(=O)(O)OCC2OC(O)C(O)C2O)C(O)C1O
1h3b,C=CC[N@@H+](C)CCCCCCOc1ccc(-c2nsc3cc(Br)ccc23)cc1
6fn9,CNC(=O)CCOCCOCCOCCNC(=O)c1cccc(NC(=O)COc2ccccc2P(=O)(O)O)c1
4ok5,C#Cc1cccc(Cn2cc(CC(=O)[O-])c3ccccc32)c1
4l0l,CC(C)(O/N=C(\C(=O)N[C@H](C=O)[C@@H](CNC(=O)NCc1cc(=O)c(O)cn1O)NS(=O)(=O)[O-])c1csc(N)n1)C(=O)[O-]
1sqi,COc1ccc(-c2c(S(C)(=O)=O)ccc(C(=O)C3C=NN(C(C)(C)C)C3=O)c2C)cc1
6prc,CCNc1nc(Cl)nc(N[C@](C)(C#N)CC)n1
5ni0,CC(=O)SCC(CCCCc1ccccc1)P(=O)(O)O
3zlk,N=C1[C@@H](NS(=O)(=O)c2ccccc2)C(=O)NC(=O)N1Cc1ccccc1
3bum,CC(O)C([NH3+])C(=O)NC(CC(N)=O)C(=O)NC(CCC(=O)O)C(=O)NC(Cc1ccc(OP(=O)(O)O)cc1)C(=O)NC(C(=O)NC(CCC(=O)O)C(=O)NCC(=O)N1CCCC1C(=O)NC(C(=O)O)C(C)O)C(C)O
2wxj,CC(=O)Nc1nc2ccc(-c3nn(Cc4cc5ccccc5nc4N4CC[N+](C)CC4)c4ncnc(N)c34)cc2s1
2vxj,OC[C@H]1O[C@@H](O[C@@H]2[C@@H](CO)O[C@@H](O)[C@H](O)[C@H]2O)[C@H](O)[C@@H](O[C@H]2O[C@H](CO)[C@H](O)[C@H](O)[C@H]2O)[C@H]1O
4bpj,CC[C@H](C)[C@H](NC(=O)[C@H](C)[NH3+])C(=O)N[C@H](C)C(=O)N[C@@H](C)C(=O)N[C@@H](CCC(N)=O)CC(=O)N[C@@H](CC(C)C)C(=O)N[C@@H](CCCNC(N)=[NH2+])C(=O)N[C@@H](CCCNC(N)=[NH2+])CC(=O)N[C@@H](CCSC)C(=O)N[C@@H](C)C(=O)N[C@@H](CC(=O)[O-])C(=O)N[C@@H](CC(=O)[O-])CC(=O)N[C@@H](CC(C)C)C(=O)N[C@@H](CC(N)=O)C(=O)N[C@@H](C)CC(=O)N[C@@H](CCC(N)=O)C(=O)N[C@@H](Cc1ccc(O)cc1)C(=O)N[C@@H](CCC(=O)[O-])C(N)=O
1d8f,COc1ccc(S(=O)(=O)N2CCN(C(=O)OCc3ccccc3)C[C@@H]2C(=O)NO)cc1
5zml,CC(=O)N[C@@H](CCCC[NH3+])C(=O)N[C@@H](CCCC[NH3+])C(=O)N[C@@H](CCCNC(N)=[NH2+])C(=O)N[C@@H](Cc1ccc(O)cc1)C(=O)N[C@@H](CO)C(=O)N[C@@H](CCCNC(N)=[NH2+])C(=O)N[C@@]1(C)CCC/C=C\CCC[C@@](C)(C(=O)N[C@@H](Cc2ccccc2)C(=O)N[C@@H](CCCNC(N)=[NH2+])C(=O)N[C@@H](C)C(=O)[O-])NC(=O)[C@H](CC(C)C)NC(=O)[C@H](CC(C)C)NC(=O)[C@H](CCC(N)=O)NC1=O
4qlt,CC1=C(C(=O)N[C@H](C)C(=O)N[C@@H](Cc2c[nH]c3ccccc23)C(=O)N[C@@H](Cc2ccccc2)[C@@H](O)[C@H](C)CO)Cc2ccccc21
6g2a,Nc1ncnc2c1ncn2C1OC(COP(=O)(O)OP(=O)(O)OCC2CC(O)C[NH2+]2)C(O)C1O
1mzs,O=C([O-])CCCCCn1c(C(=O)[O-])cc2cc(OCc3c(Cl)cccc3Cl)ccc21
5qaa,COc1ccccc1-c1cccc(C(=O)[O-])c1
3qce,O=C([O-])c1sccc1SCc1ccc(Cl)c(Cl)c1
5izu,CC[C@H](C)[C@H](NC(=O)[C@H](CO)NC(=O)[C@H](CC(=O)[O-])NC(=O)[C@H](C)[NH3+])C(=O)N[C@@H](CCC(=O)[O-])C(=O)N[C@H](C(=O)N[C@@H](Cc1ccc(O)cc1)C(=O)N[C@H](C(=O)N1CCC[C@H]1C(=O)N[C@@H](CCC(=O)[O-])C(=O)N[C@@H](C)C(=O)N[C@@H](CCC(N)=O)C(=O)N[C@H](C(=O)N[C@@H](CCCNC(N)=[NH2+])C(=O)N[C@@H](CC(C)C)C(=O)[O-])[C@@H](C)O)[C@@H](C)CC)[C@@H](C)CC
4x7k,CNc1ncc2c(F)c(-c3c(C)ccc(C(=O)C4C(=O)N(c5ccccc5)[N+](C)=C4c4ccccc4)c3N)ccc2n1
3sjo,CCOC(=O)CC[C@H](C[C@@H]1CC[NH2+][C@@H]1O)NC(=O)[C@@H](CC(=O)[C@@H](NC(=O)c1cc(C)on1)C(C)C)Cc1ccc(F)cc1
6cms,CC1([NH3+])CCN(c2cnc(-c3cccc(Cl)c3Cl)c(N)n2)CC1
3hxc,CN(C(=O)[C@H](Cc1c[nH]cn1)NC(=O)OCc1ccccc1)[C@@H](Cc1ccccc1)C(=O)N[C@@H](Cc1c[nH]c2ccccc12)C(=O)NO
4dwk,COC(=O)[C@H](Cc1c[nH]cn1)NC(=O)C[N@H+](CCCc1ccccc1)CC(=O)[O-]
3eqy,CC(C)C[C@H](NC(=O)[C@H](CC(N)=O)NC(=O)[C@H](Cc1c[nH]c2ccccc12)NC(=O)[C@H](Cc1ccc(O)cc1)NC(=O)[C@H](CCC(=O)[O-])NC(=O)[C@H](C)NC(=O)[C@H](Cc1ccccc1)NC(=O)[C@H](CO)NC(=O)[C@@H]([NH3+])[C@@H](C)O)C(=O)N[C@@H](CC(C)C)C(=O)N[C@@H](CO)C(=O)N1CCC[C@H]1C(=O)[O-]
2ks9,CSCC[C@H](NC(=O)[C@H](CC(C)C)NC(=O)CNC(=O)[C@H](Cc1ccccc1)NC(=O)[C@H](Cc1ccccc1)NC(=O)[C@H](CCC(N)=O)NC(=O)[C@H](CCC(N)=O)NC(=O)[C@@H]1CCCN1C(=O)[C@H](CCCC[NH3+])NC(=O)[C@@H]1CCCN1C(=O)[C@@H]([NH3+])CCCNC(N)=[NH2+])C(=O)[O-]
5dri,O=C([O-])C(=O)CC(=O)c1ccc2[nH]ccc2c1
1f7b,CC(=O)N[C@H](C(=O)CCC(=O)[O-])[C@@H](O)[C@H](O)[C@H](O)CO
4.00E+28,O=C(C[C@@H]1S/C(=N\N=C\c2ccccc2O)NC1=O)Nc1cccc(C(F)(F)F)c1
4wn1,Cn1cc(-c2ccc(=O)n(C)c2)c(COc2ccc(-c3ccc4ccccc4n3)cc2)n1
4wj5,C#CC[C@H](NC(=O)[C@@H](NC(=O)[C@H](CC(C)C)NC(=O)[C@@H](NC(=O)CNC(=O)[C@@H](NC(=O)CNC(=O)[C@H](C)NC(=O)[C@@H](CCC)NC(=O)[C@](C)([NH3+])c1ccccc1)[C@@H](C)CC)[C@@H](C)CC)[C@@H](C)O)C(=O)[O-]
4fqo,NC(=[NH2+])c1ccc(OCCCCCCCOc2ccc(C(N)=[NH2+])cc2)cc1
6qgk,CCCCN(CCCC)C(=O)c1cc(C)n(-c2ccccc2C(=O)N2Cc3ccccc3C[C@H]2C[NH3+])n1
6pf5,COc1ccc(CC(=O)[O-])c(NC(=O)c2ccc(Cc3c[nH]c4[nH]c(=[NH2+])[nH]c(=O)c34)cc2)c1
6a93,Cc1nc2n(c(=O)c1CC[N@H+]1CC[C@H](c3noc4cc(F)ccc43)CC1)CCCC2
4fli,CO[C@@H](C(=O)NCC(N)=O)[C@H](O)[C@@H](O)[C@H](O)CCC(C)(C)C
3twu,CC[C@H](C)[C@H](NC(=O)[C@@H]1CCCN1C(=O)[C@@H]1CCCN1C(=O)[C@@H]1CCCN1C(=O)[C@H](CCCNC(N)=[NH2+])NC(=O)[C@H](C)NC(=O)[C@@H]([NH3+])C(C)C)C(=O)NCC(=O)N[C@@H](C)C(=O)N[C@@H](CCC(=O)[O-])C(=O)N[C@H](C(=O)N1CCC[C@H]1C(=O)N[C@@H](CC(=O)[O-])C(N)=O)C(C)C
3hqh,C[C@H]([NH3+])C(=O)N[C@@H](CO)C(=O)N[C@@H](C)C(=O)N[C@@H](CC(=O)[O-])C(=O)N[C@@H](CO)C(=O)N[C@H](C(=O)N[C@H](C(=O)N[C@@H](CCC(=O)[O-])C(=O)NCC=O)[C@@H](C)O)[C@@H](C)O
6b7f,C=Cc1cncn1[C@@H]1c2ccccc2C(=O)OC1(C)C
2k00,CC[C@H](C)[C@H](NC(=O)[C@H](CCC(=O)[O-])NC(=O)[C@H](CC(N)=O)NC(=O)[C@H](CCC(=O)[O-])NC(=O)[C@@H](NC(=O)[C@H](Cc1c[nH]c2ccccc12)NC(=O)CNC(=O)[C@H](CO)NC(=O)[C@H](CCC(=O)[O-])NC(=O)[C@H](CCCC[NH3+])NC(=O)[C@H](CO)NC(=O)[C@H](CCCNC(N)=[NH2+])NC(=O)C[NH3+])C(C)C)C(=O)N[C@@H](Cc1ccc(O)cc1)C(=O)N[C@@H](Cc1ccc(O)cc1)C(=O)[O-]
3spk,CCC[C@@]1(CCc2ccccc2)CC(=O)C([C@H](CC)c2cccc(NS(=O)(=O)c3ccc(C(F)(F)F)cn3)c2)C(=O)O1
1qfs,O=C([C@@H]1CCCN1C(=O)OCc1ccccc1)N1CCC[C@H]1CO
4y16,CCCCCCCCCCCCCCCCCCCCCCCCCC(=O)N[C@@H](CO[C@H]1O[C@H](COC(=O)Nc2cccc3ccccc23)[C@H](O)[C@H](O)[C@H]1O)[C@H](O)[C@H](O)CCCCCCCCCCCCCC
6rln,O=C(N[C@H]1CCc2cc(F)cc(F)c2NC1=O)c1nc(Cc2ccccc2)n[nH]1
4bdh,Cc1n[nH]c(N)c1-c1cccs1
4psx,C[C@H]([NH3+])C(=O)N[C@@H](CCCNC(N)=[NH2+])C(=O)N[C@H](C(=O)N[C@@H](CCCC[NH3+])C(=O)N[C@@H](CCC(N)=O)C(=O)N[C@H](C(=O)N[C@@H](C)C(=O)N[C@@H](CCCNC(N)=[NH2+])C(=O)N[C@@H](CCCC[NH3+])C(=O)N[C@@H](CO)C(=O)N[C@H](C(=O)NCC(=O)[O-])[C@@H](C)O)[C@@H](C)O)[C@@H](C)O
3fal,CCCCN(Cc1cc(Cl)c(OC)c(OC)c1)c1ccc(C(O)(C(F)(F)F)C(F)(F)F)cc1
4iqu,O=C(C/C=C1\C=C(C(=O)c2ccc(F)cc2)C=N1)C[C@@H](O)C(=O)[O-]
4dcy,C[N@@+]12Cc3cccc[n+]3[Fe+6]134OC(=O)C[N@+]3(Cc1cccc[n+]14)[C@H]1CCCC[C@@H]12
5f4l,C[NH2+]Cc1ccc2c(c1)[C@H](NC(=O)C(=O)Nc1ccc(Cl)c(F)c1)[C@@H](CNC(N)=[NH2+])C2
4us4,[NH3+][C@@H](Cc1c[nH]c2ccccc12)C(=O)[O-]
5u69,COc1ccccc1C[N@H+]1C[C@H](c2cn(C)c3ccccc23)[C@@H]([NH+](C)C)C1
2ozr,Cn1c(=O)n(Cc2ccc(C(=O)[O-])cc2)c(=O)c2cc(C#CCc3ccccc3)ccc21
4fzc,CC(C)CCCCC/C=C/C=C/C(=O)N[C@H](C(=O)N[C@H]1C[C@@H](O)CCNC(=O)CC[C@H](C)NC1=O)[C@@H](C)O
2wyi,O[C@@H]1[C@H](O)C[N+]2CCC[C@@H](O)[C@H]12
1fq4,C#CC[C@H](C[C@@H](O)[C@H](CC1CCCCC1)NC(=O)[C@H](CSC)NC(=O)c1nc2ccccc2[nH]1)[C@@H](O)[NH2+]CC[NH+]1CCOCC1
4pul,CNc1nc2cc3c(=O)[nH]c(=[NH2+])[nH]c3cc2[nH]1
5iyv,CSCC[C@H](NC(=O)[C@H](CO)NC(=O)[C@@H]1C[C@@H](O)CN1C(=O)CNC(=O)[C@H](CO)NC(=O)[C@@H]1CCCN1C(=O)[C@@H]1CCCN1C(=O)[C@@H](NC(=O)C[NH3+])C(C)C)C(=O)N[C@@H](CCCNC(N)=[NH2+])C(=O)N[C@@H](Cc1c[nH]cn1)C(=O)N[C@@H](CC(N)=O)C(=O)[O-]
1tys,Cc1cn(C2CC(O)C(COP(=O)(O)O)O2)c(=O)[nH]c1=O
6iby,Cn1ccc2ccc(-c3cc(Nc4cnccc4C(=O)N[C@H]4CC[N@H+](C)C4)cc4nccnc34)cc21
6ott,Nc1ncnc2c1ncn2C1OC(COP(=O)(O)OP(=O)(O)O)C(OP(=O)(O)OP(=O)(O)O)C1O
5npb,O=S(=O)([O-])O[C@@H]1C[C@H](O)[C@@H](O)[C@H](O)[C@H]1CO
5nwz,CCC(=O)Nc1ccccc1C(=O)Nc1cc(CCc2cc(OC)cc(OC)c2)[nH]n1
6qwa,O=CN1C[C@H]([NH2+]OS(=O)(=O)[O-])CC[C@H]1C(=O)NC1CC[NH2+]CC1
6cj5,NC(=O)c1cccn2c(-c3cccnc3)cnc12
2f89,[NH3+]CCC(O)(P(=O)(O)O)P(=O)(O)O
5h15,COc1ccccc1C[N@H+]1C[C@H](c2cn(C)c3ccccc23)[C@@H]([NH+](C)C)C1
3dxh,O=c1ccn(C2OC(COP(=O)(O)OP(=O)(O)O)C(O)C2O)c(=O)[nH]1
4g0k,CC1=C(SC[C@H](NC(=O)CC[C@H]([NH3+])C(=O)[O-])[C@H](O)[NH2+]CC(=O)[O-])C(=O)c2ccccc2C1=O
5w4e,CCC[C@H](NC(=O)[C@H](CCCNC(N)=[NH2+])NC(=O)[C@@H]1CCCN1C(=O)[C@@H]([NH3+])CO)C(=O)N[C@@H](CCCC[NH3+])C(=O)N[C@@H](CCCNC(N)=[NH2+])C(=O)N1CCC[C@H]1C(=O)N[C@@H](CCCNC(N)=[NH2+])C(=O)N[C@@H](CCC(N)=O)C(=O)N[C@H](C(=O)[O-])[C@@H](C)O
5ye7,CC(=O)Nc1ccc(S(=O)(=O)Nc2ccc(Oc3ccc4ccccc4c3)cc2)cc1
2hdq,O=C([O-])c1cccs1
1b6m,CC[C@H](C)[C@@H]1NC(=O)[C@@H]([NH2+]C[C@@H](O)[C@H](Cc2ccccc2)NC(=O)OC(C)(C)C)Cc2ccc(cc2)OCCCNC1=O
3qj9,CCn1c(=O)n([C@H]2CCCN(c3nccc(-c4cc5ccccc5o4)n3)C2)c2ccccc21
4yw6,[NH3+]CCCC[C@H](NC(=O)c1ccc(O[C@@H]2O[C@H](CO)[C@H](O)[C@H](O)[C@H]2O)cc1)C(=O)N1CCCC1
6mo5,CC(C)([C@H](NC(=O)c1ccc(C#CC#CCCO)cc1)C(=O)N=O)S(=O)(=O)CC1COC1
4zz0,[NH2+]=c1[nH]c(=O)c2cc(CCCCCCCC(=O)N[C@@H](CCC(=O)[O-])C(=O)[O-])[nH]c2[nH]1
4gy5,C[C@H]([NH3+])C(=O)N[C@@H](CCCNC(N)=[NH2+])C(=O)N[C@H](C(=O)N[C@@H](CCCC[NH3+])C(=O)N[C@@H](CCC(N)=O)C(=O)N[C@H](C(=O)N[C@@H](C)C(=O)N[C@@H](CCCNC(N)=[NH2+])C(=O)N[C@@H](CCCC[N+](C)(C)C)C(=O)N[C@@H](CO)C(=O)[O-])[C@@H](C)O)[C@@H](C)O
6fap,Nc1ccc(NC(=O)C[NH3+])cc1
4mzk,CC[C@H](NC(=O)[C@H](CCCC[NH3+])NC(=O)[C@H](CCCNC(N)=[NH2+])NC(=O)[C@@H]1CCC/C=C\CCC[C@H](NC(=O)[C@H](CCCNC(N)=[NH2+])NC(=O)[C@H](CC(C)C)NC(=O)[C@H](CC(C)C)NC(=O)[C@H](CO)NC(=O)[C@@H]2CCCN2C(=O)[C@@H](NC(=O)[C@H](CC(N)=O)NC(=O)[C@H](CCCC[NH3+])NC(C)=O)[C@@H](C)CC)C(=O)N[C@@H](CCC(N)=O)C(=O)N[C@@H](C)C(=O)N[C@@H](Cc2c[nH]cn2)C(=O)N1)C(=O)N[C@@H](CCSC)C(=O)N[C@H](C(=O)[O-])C(C)C
6j8q,C[C@H](CS)C(=O)NCB([OH2+])[OH2+]
2ez5,CC(C)C[C@H](NC(=O)[C@H](C)NC(=O)[C@H](CCC(=O)[O-])NC(=O)[C@H](CC(=O)[O-])NC(=O)[C@H](Cc1ccc(O)cc1)NC(=O)[C@H](CO)NC(=O)[C@@H]1CCCN1C(=O)[C@H](CC(C)C)NC(=O)CNC(=O)[C@@H]([NH3+])[C@@H](C)O)C(=O)N[C@@H](Cc1c[nH]cn1)C(=O)O
1xh3,CC(C)C[C@H]([NH3+])C(=O)N1CCC[C@H]1C(=O)N[C@@H](C)C(=O)N[C@H](C(=O)N[C@H](C(=O)NCC(=O)N[C@@H](CC(C)C)C(=O)N[C@@H](CO)C(=O)N1CCC[C@H]1C(=O)NCC(=O)N[C@@H](CCC(=O)[O-])C(=O)N[C@@H](CCC(N)=O)C(=O)N[C@@H](CCC(=O)[O-])C(=O)N[C@@H](Cc1ccc(O)cc1)C(=O)[O-])C(C)C)C(C)C
1bm2,CC(=O)NC(C=O)CSCCNC(=O)C1CCCN1C(=O)C(NC(=O)C(CC(N)=O)NC(=O)C(NC(=O)C([NH3+])Cc1ccc(OP(=O)(O)O)cc1)C(C)C)C(C)C
6c8x,CC(C)CN(C[C@@H](O)[C@H](Cc1ccccc1)NC(=O)O[C@H]1CO[C@H]2OCC[C@@H]12)S(=O)(=O)c1ccc(B(O)O)cc1
1jiz,COc1ccc(S(=O)(=O)N(Cc2cccnc2)[C@@H](C(=O)N=O)C(C)C)cc1
5zuj,C[C@H](NC(=O)[C@H](CCC(=O)[O-])NC(=O)[C@H](CC(N)=O)NC(=O)[C@H](CCC(=O)[O-])NC(=O)[C@H](CC(=O)[O-])NC(=O)[C@H](CC(=O)[O-])NC(=O)[C@H](CCC(=O)[O-])NC(=O)[C@@H](NC(=O)[C@@H]1CCCN1C(=O)[C@H](CO)NC(=O)[C@H](CCC(N)=O)NC(=O)[C@@H]([NH3+])CO)[C@@H](C)O)C(=O)[O-]
5a5v,O=C(NCCCCCCNC(=O)c1cccc(O)c1O)c1cccc(O)c1O
4rao,O=c1[nH]cnc2c1ncn2CC[NH+](CCOCCP(=O)(O)O)CCP(=O)(O)O
1f3j,CSCC[C@H](NC(=O)[C@H](C)[NH3+])C(=O)N[C@@H](CCCC[NH3+])C(=O)N[C@@H](CCCNC(N)=[NH2+])C(=O)N[C@@H](Cc1c[nH]cn1)C(=O)NCC(=O)N[C@@H](CC(C)C)C(=O)N[C@@H](CC(=O)[O-])C(=O)N[C@@H](CC(N)=O)C(=O)N[C@@H](Cc1ccc(O)cc1)C(=O)N[C@@H](CCCNC(N)=[NH2+])C(=O)NCC(=O)N[C@@H](Cc1ccc(O)cc1)C(=O)N[C@@H](CO)C(=O)[O-]
5l13,CCCc1c(C)c2cc3c(C)c(C)oc3cc2oc1=O
1bim,C[C@@H](c1ccccc1)N(C)C(=O)C[C@@H](Cc1csc(N)n1)C(=O)N[C@@H](CC1CCCCC1)[C@@H](O)[C@@H]1CC(C)(C)N(C)C1=O
4op1,C[C@](O)(c1cnc(-c2ccc(S(=O)(=O)c3ccc(N)nc3)s2)c(Cl)c1)C(F)(F)F
4ii9,CC(=O)NC1C(OP(=O)(O)OP(=O)(O)OCC2OC(n3ccc(=O)[nH]c3=O)C(O)C2O)OC(CO)C(O)C1OC(C)C(=O)NC(C)C(=O)NC(CCC(=O)NC(CSCCc1cn(C2C(O)C(COP(=O)(O)OC3C(COP(=O)(O)OC4C(CO[PH](=O)O)OC(n5ccc(=N)[nH]c5=O)C4O)OC(n4ccc(=N)[nH]c4=O)C3O)OC2n2cnc3c(N)ncnc32)nn1)C(=O)NC(C)C(=O)NC(C)C(=O)O)C(=O)O
5o3q,Nc1ncnc2c1ncn2C1OC2COP(=O)(O)OC2C1O
1bq3,O=P(O)(O)OC1C(OP(=O)(O)O)C(OP(=O)(O)O)C(OP(=O)(O)O)C(OP(=O)(O)O)C1OP(=O)(O)O
3wqv,[NH3+][C@H]1[C@H](O[C@@H]2[C@@H](CO)O[C@@H](O[C@@H]3[C@@H](CO)O[C@@H](O[C@@H]4[C@@H](CO)O[C@@H](O[C@@H]5[C@@H](CO)O[C@@H](O)[C@H]([NH3+])[C@H]5O)[C@H]([NH3+])[C@H]4O)[C@H]([NH3+])[C@H]3O)[C@H]([NH3+])[C@H]2O)O[C@H](CO)[C@@H](O)[C@@H]1O
3ud8,CO[C@@H]1O[C@@H](C(=O)[O-])[C@@H](O[C@H]2O[C@H](CO)[C@@H](O)[C@H](OS(=O)(=O)[O-])[C@H]2NS(=O)(=O)[O-])[C@H](O)[C@H]1OS(=O)(=O)[O-]
1t48,CCc1oc2cc(S(=O)(=O)N(C)C)ccc2c1C(=O)c1cc(Br)c(O)c(Br)c1
1yms,CCOc1ccc2ccccc2c1C(=O)NCB(O)O
1p5e,Brc1c(Br)c(Br)c2[nH]nnc2c1Br
4egi,Cc1nc(=N)[nH]c(=S)[nH]1
1om9,C[C@H](NC(=O)[C@H](C)NC(=O)[C@H](CCC(=O)[O-])NC(=O)[C@H](Cc1ccccc1)NC(=O)CNC(=O)CNC(=O)[C@H](Cc1ccccc1)NC(=O)[C@H](CC(=O)[O-])NC(=O)[C@@H]([NH3+])CC(=O)[O-])C(=O)N[C@@H](CCC(=O)[O-])C(=O)N[C@H](C(=O)O)[C@@H](C)O
4jze,COc1ccc(-c2ccc(C(=O)N[C@H](CO)C(C)(C)C)cc2C(=O)[O-])c(C(=O)Nc2ccc3c(N)nccc3c2)n1
4crj,COc1ccc(C(=O)CSc2nc3nc(N)[nH]c(=O)c3[nH]2)cc1
2z3h,CN(CC[C@H]([NH3+])CC(=O)N[C@H]1C=C[C@H](n2ccc(=O)[nH]c2=O)O[C@@H]1C(=O)[O-])C(N)=[NH2+]
4qzw,COc1ccc(C[C@H](NC(=O)[C@H](C)NC(=O)C[NH+]2CCOCC2)C(=O)N[C@@H](Cc2ccccc2)[C@@H](O)[C@H](C)CO)cc1
4wkc,CCCCSC[C@H]1C[N@@H+](Cc2c[nH]c3c(N)ncnc23)C[C@@H]1O
3qo9,Cc1cn([C@@H]2O[C@H](CO[Si](C)(C)C(C)(C)C)[C@@]3(OS(=O)(=O)C=C3N)[C@H]2O[Si](C)(C)C(C)(C)C)c(=O)[nH]c1=O
5wzu,Cc1c(C(=O)C(N)=O)c2c(OCC(=O)[O-])cccc2n1Cc1ccccc1C(F)(F)F
6bnt,CSCCC(NC(=O)C1CCCN1C(=O)C(CCSC)NC(=O)C(Cc1ccc(O)cc1)NC(=O)CNC(=O)C([NH3+])CC(=O)O)C(=O)NC(COP(=O)(O)O)C(=O)O
5xn3,CC[C@H](C)[C@@H]1NC(=O)[C@H](CC(=O)[O-])NC(=O)CNC(=O)[C@@]2(CCCNC(N)=[NH2+])ON2C(=O)[C@H](C(C)C)NC(=O)[C@H](CC(N)=O)NC(=O)[C@H](CC(N)=O)NC(=O)[C@H](CC(N)=O)NC1=O
6gbx,Cn1cnnc1C1CCN(c2ncccc2-c2ccc(F)nc2)CC1
3pke,CO[C@@H](C(=O)NC1Cc2ccccc2C1)[C@H](O)[C@@H](O)[C@H](O)/C=C/C(C)(C)C
3ie3,O=[N+]([O-])c1ccc(SCCCCCCO)c2nonc12
5cvd,C[NH+](C)CC(=O)N1CCC[C@H]1C(=O)N[C@@H](CCCNC(N)=[NH2+])C(=O)N[C@@H](CCCNC(N)=[NH2+])C(=O)N[C@@H](CCCNC(N)=[NH2+])C(=O)N[C@@H](CO)C(=O)[O-]
6h0b,C[C@H]([NH3+])C(=O)N[C@H](C(=O)NCC(=O)N[C@@H](C)C(=O)NCC(=O)N[C@@H](C)C(=O)NCC(=O)N[C@@H](C)C(=O)NCC(=O)N[C@H](C(=O)N[C@H](C(=O)N1CCC[C@H]1C(=O)NCC(=O)N1CCC[C@H]1C(=O)NCC(=O)[O-])[C@@H](C)O)[C@@H](C)O)[C@@H](C)O
6i0k,O=C([O-])c1ccc(S)cc1C(=O)[O-]
4f7l,Cc1ccc(-n2nc(C(C)(C)C)cc2NC(=O)NCCCNC(=O)OC(C)(C)C)cc1
4y2t,OCCCc1ccc(OCc2ccccc2)cc1
5ai9,CC(C)(C)c1cc(Br)c(O)c(C[NH2+]CCCc2ccccc2)c1
6n82,Cc1ccc(-c2cc3c(NC(Cc4cccc(F)c4)P(=O)(O)O)ncnc3s2)cc1Cl
3d04,COc1cc(O)c2c(c1)O[C@H](c1ccc(O)cc1)CC2=O
2ew5,CC(=O)Oc1ccc(/C=C/C(=O)NCCc2ccccc2)cc1OC(C)=O
5aix,COc1cccc(-c2ccc(C(=O)N[C@H]3CC[N@H+](CC(F)(F)F)CC3)cn2)c1
3afk,CC(=O)N[C@H]1[C@@H](O[C@H](C)[C@H]([NH3+])C(=O)[O-])O[C@H](CO)[C@H](O)[C@@H]1O[C@@H]1O[C@H](CO)[C@H](O)[C@H](O)[C@H]1O
2evm,O=C([O-])c1ccc(-c2cc(Cl)ccc2Cl)o1
2jc0,CC(C)C[C@@]1(C(=O)[O-])C[C@H](C(=O)[O-])[C@H](c2cccs2)N1C(=O)c1ccc(C(F)(F)F)cc1
6o57,CCCC[C@@H](C[NH2+][C@@H](CCCC)C(=O)N[C@@H](CCC(N)=O)C(=O)N[C@@H](CCCNC(N)=[NH2+])C(N)=O)NC(=O)[C@@H](NC(=O)[C@@H](NC(C)=O)[C@@H](C)O)[C@@H](C)CC
6qrg,COC(=O)COc1cccc(COC(=O)c2cn[nH]c2)c1
4yl3,Fc1cccc(Cl)c1-c1nc(-c2ccc(C#Cc3ccc(C(F)(F)F)cc3)nc2)c(Br)[nH]1
2wzz,O=C[C@@H]1[C@H](NS(=O)(=O)[O-])CCN1C(=O)N[C@@H]1CCC[NH2+]CC1
5axq,COc1cn(-c2ccc3c(c2F)C(C)(C)C(=O)N3CC2CC2)nc(-c2ccnn2-c2ccccc2)c1=O
4tpk,COCCN(C[C@@H]1CCC[N@H+](C2Cc3ccccc3C2)C1)C(=O)c1ccc2ccccc2c1
2c4f,CC(C)CNC(=O)c1ccc(Oc2nc(Oc3cccc(C(N)=[NH2+])c3)c(F)c(N(C(C)C)C(C)C)c2F)c(C(=O)[O-])c1
5hex,Cc1oc(S(=O)(=O)NC[C@H]2O[C@H](O)[C@H](NC(=O)c3cccc(Br)c3)[C@@H](O)[C@@H]2O)cc1C(=O)[O-]
4ge5,Cc1cc(C(=O)NC(Cc2ccc(C(F)(F)P(=O)(O)O)cc2)C(=O)NC(CCCNC(=O)c2cccc(I)c2)C(N)=O)ccc1Br
5muc,OC[C@H]1OC[C@@H](O)[C@@H](O)[C@@H]1O
5t8q,NC(=O)c1cccn1Cc1ccccc1Cl
5zjz,CC(=O)N[C@@H](CCCC[NH3+])C(=O)N[C@@H](CCCC[NH3+])C(=O)N[C@@H](CCCNC(N)=[NH2+])C(=O)N[C@@H](Cc1ccc(O)cc1)C(=O)N[C@@H](CO)C(=O)N[C@@H](CCCNC(N)=[NH2+])C(=O)N[C@@]1(C)CCC/C=C\CCC[C@@](C)(C(=O)N[C@@H](Cc2ccccc2)C(=O)N[C@@H](Cc2c[nH]c3ccccc23)C(N)=O)NC(=O)[C@H](CC(C)C)NC(=O)[C@H](CC(C)C)NC(=O)[C@H](CCC(N)=O)NC1=O
5cuq,Cc1cc(N)c2cc(NC(=O)Nc3ccc4nc(C)cc(N)c4c3)ccc2n1
6qzh,Cc1ccc([C@H](NC2=NS(=O)(=O)N=C2Nc2ccc(C)c(C(=O)N(C)C)c2O)C(C)(C)C)o1
4ie2,[NH3+][C@@](CCCO)(CCCCB([OH-])([OH2+])[OH2+])C(=O)[O-]
4h4d,C/C(=C\COP(=O)(O)OP(=O)(O)O)C[NH3+]
6bmv,O=C([O-])c1ccc(O)c(-c2nnc3n(Cc4ccccc4Cl)c(=O)c4ccccc4n23)c1
6fav,COc1cccc(C(c2ccccc2)C2CCCN2C(=O)CNC(=O)C2CCCN2C(=O)C(CC(C)C)NC(=O)C(COP(=O)(O)O)NC(=O)C2CCCN2C(=O)C(NC(=O)C(CCCNC(=N)N)NC(C)=O)C(C)O)c1
5jnn,CC(=C/C(=O)[O-])/C=C/[C@]1(O)[C@@]2(C)CO[C@]1(C)CC(=O)C2
3kdu,Cc1ccc(OC(=O)N(CC(=O)[O-])Cc2cccc(OCc3nc(-c4ccc(Cl)cc4)oc3C)c2)cc1
4yk6,CSCC[C@H](NC(=O)[C@H](CCC(=O)[O-])NC(=O)[C@H](CCC(=O)[O-])NC(=O)CNC(=O)CNC(=O)CNC(=O)[C@H](CCC(N)=O)NC(=O)[C@@H]([NH3+])Cc1ccc(O)cc1)C(=O)N[C@@H](C)C(=O)N[C@@H](CC(C)C)C(=O)N1CCC[C@H]1C(=O)[O-]
5gmi,CC[C@H](C)[C@H](NC(=O)[C@@H](NC(=O)[C@H](Cc1ccccc1)NC(=O)[C@H](CO)NC(=O)[C@@H]([NH3+])CO)C(C)C)C(=O)[O-]
3tne,CC(C)c1nc(CN(C)C(=O)N[C@H](C(=O)N[C@@H](Cc2ccccc2)C[C@H](O)[C@H](Cc2ccccc2)NC(=O)OCc2cncs2)C(C)C)cs1
1jwu,CC(C)C[C@H](NC(=O)[C@H](CCCC[NH3+])NC(=O)[C@H](CC(C)C)NC(=O)[C@@H](NC(=O)[C@H](CC(N)=O)NC(=O)[C@H](CCC(N)=O)NC(=O)[C@H](CCCC[NH3+])NC(=O)[C@@H](NC(=O)[C@H](Cc1ccc(O)cc1)NC(=O)[C@H](CCCC[NH3+])NC(=O)[C@@H]1CCC[NH2+]1)C(C)C)[C@@H](C)O)C(=O)N[C@@H](C)C(=O)N[C@H](C(=O)[O-])[C@@H](C)O
6fnt,O=C([O-])[C@H](Cc1cnc[nH]1)[NH+]1CCCC1
4j4n,CCc1ccccc1NC(=O)CSc1nc2cccnc2[nH]1
1swn,O=C([O-])CCCC[C@@H]1SC[C@@H]2NC(=O)N[C@H]12
2h6k,C[NH2+]CCCC[C@H](NC(=O)[C@@H](NC(=O)[C@H](CCCNC(N)=[NH2+])NC(=O)[C@H](C)[NH3+])[C@@H](C)O)C(=O)N[C@@H](CCC(N)=O)C(=O)N[C@H](C(=O)N[C@@H](C)C(=O)N[C@@H](CCCNC(N)=[NH2+])C(=O)N[C@@H](CCCC[NH3+])C(=O)[O-])[C@@H](C)O
6qz7,CCc1sc2ncnc(N[C@H](Cc3ccccc3)C(=O)[O-])c2c1-c1cccc2[nH]ccc12
6os5,[NH3+][C@@H](Cc1c[nH]c2ccccc12)C(=O)[O-]
4b4q,CC(=O)N[C@H]1[C@H](O[C@H]2[C@@H](O)[C@@H](CO)O[C@@H](O[C@@H]3[C@@H](CO)O[C@H](O)[C@H](O)[C@H]3O)[C@@H]2O)O[C@H](CO)[C@@H](O)[C@@H]1O[C@@H]1O[C@H](CO)[C@H](O)[C@H](O[C@H]2O[C@H](CO)[C@H](O)[C@H](O)[C@H]2NC(C)=O)[C@H]1O[C@@H]1O[C@@H](C)[C@@H](O)[C@@H](O)[C@@H]1O
5hjd,C/C=C/C(=O)NCCCC[C@H](NC(=O)[C@H](CCCNC(N)=[NH2+])NC(=O)[C@@H]1CCCN1C(=O)[C@H](C)NC(=O)[C@@H]([NH3+])CCCC[NH3+])C(=O)N[C@@H](CCC(N)=O)C(=O)N[C@@H](CC(C)C)C(=O)[O-]
6p12,CNC(=O)c1cccc(Nc2nc(N)n(C(=O)c3c(F)cccc3OC)n2)c1
2xo8,Oc1c(Cl)cc(Cl)cc1-c1[nH]c(Br)c(Br)c1Br
5c20,CC(C)COC(=O)N[C@@H](Cc1ccccc1)C(=O)N[C@H](CO)C[C@@H]1CCNC1=O
5swf,CCC([NH3+])C(=O)NC(CC(C)C)C(=O)NC(COP(=O)(O)O)C(=O)N1CCCC1C(=O)NC(C(=O)NC(C(=O)NC(CCC(=O)O)C(=O)NC(CC(=O)O)C(=O)O)C(C)CC)C(C)CC
4uco,CC(C)(C)c1nc(-c2ccc[nH]2)c2cc(C(N)=O)c(N)nc2n1
3dkf,Cn1cc(-c2ccc3nnc(Sc4ccc5ncccc5c4)n3n2)cn1
4ycu,C[C@H]1CCC[C@H](C[C@H]2Cc3cc(O)cc(O)c3C(=O)O2)O1
4obo,Nc1ncnc2ccc(-c3cccc(Cl)c3)cc12
3ho2,C=C1C[C@@]23C=CC(=O)C(C)(CCC(=O)NC4C(=O)CC=C(C(=O)[O-])C4=O)[C@H]2C[C@@H]1CC3
1ddm,CSCC[C@H](NC(=O)[C@H](CC(N)=O)NC(=O)[C@H](CO)NC(=O)[C@H](Cc1ccccc1)NC(=O)C[NH3+])C(=O)N[C@@H](CO)C(=O)N[C@@H](Cc1ccccc1)C(=O)N[C@@H](CCC(=O)[O-])C(=O)N[C@@H](CC(=O)[O-])C(=O)N[C@@H](Cc1ccccc1)C(=O)N1CCC[C@H]1C(=O)[O-]
2ydf,CC[C@@H](Cc1c(I)cc(I)c(O)c1I)C(=O)[O-]
6pyr,Cc1ncc(-c2ccn3ncc(-c4ccc5c(c4)[C@](C)(Cc4ccccc4)C(=O)N5)c3n2)cn1
1awh,CC(=O)O[C@@H]1CC[C@]2(C)[C@H]3CC[C@@]4(C)[C@H]([C@H](CO)CC(=O)C=C(C)C)[C@@H](O)C[C@]4(C)C3=CC[C@H]2[C@]1(C)C(=O)[O-]
3doy,O=C(/N=N\Cc1cc(Br)c(O)c(Br)c1O)c1ccc(Cl)cc1
3hxe,CCCCCCCCCCC(=O)N[C@@H](Cc1cnc[nH]1)C(=O)N[C@@H](Cc1ccccc1)C(=O)N[C@@H](Cc1ccc(O)cc1)C(=O)N(C)CCc1ccccn1
1bmb,CC(C)C(NC(=O)C(CC(N)=O)NC(=O)C(NC(=O)C(Cc1ccc(OP(=O)(O)O)cc1)NC(=O)C(Cc1ccccc1)NC(=O)C1CCCN1C(=O)C([NH3+])CCCC[NH3+])C(C)C)C(=O)NC(CCC(=O)O)C(=O)NC(Cc1ccccc1)C(=O)O
4njd,COc1nc(NCCc2c[nH]c3ccccc23)nc(Nc2ccc3n[nH]cc3c2)n1
3dkj,O=P(O)(O)OCC1OC(OP(=O)(O)OP(=O)(O)O)C(O)C1O
6pvy,COc1cccc(Oc2ccc3c(CC(=O)[O-])coc3c2)c1
1nok,OC[C@@H]1[C@@H](O)[C@H](O)[C@@H](O)c2nnnn21
2w0s,O=c1[nH]c(=O)n(C2CC(O)C(COP(=O)(O)O)O2)cc1CCBr
3dp0,O=C(/N=N\Cc1cc(Br)c(O)c(Br)c1O)c1ccc2ccccc2c1
3jzc,O=C([O-])Cc1cc(I)c(Oc2ccc(O)c(I)c2)c(I)c1
2peh,C[C@H](NC(=O)[C@H](CCCNC(N)=[NH2+])NC(=O)[C@@H]([NH3+])CCCC[NH3+])C(=O)N[C@@H](CO)C(=O)N[C@@H](CCCNC(N)=[NH2+])C(=O)N[C@@H](Cc1c[nH]c2ccccc12)C(=O)N[C@@H](CC(=O)[O-])C(=O)N[C@@H](CCC(=O)[O-])C(=O)N[C@H](C(=O)N1CCC[C@H]1C(=O)[O-])[C@@H](C)O
5l98,Cc1ncccc1N[C@@H](C)c1ccc2c(c1)OCCO2
5ncy,Cc1csc2cc([C@H](C)Nc3ncnc(N)c3C#N)c(-c3ccccc3)c(=O)n12
4nw2,CC(C)[C@H](NC(=O)[C@H](CCCC[N+](C)(C)C)NC(=O)[C@H](CO)NC(=O)[C@H](CCCNC(N)=[NH2+])NC(=O)[C@H](C)NC(=O)[C@H](C)NC(=O)[C@@H]([NH3+])CCCNC(N)=[NH2+])C(=O)[O-].CC[C@H](NC(=O)[C@H](C)NC(=O)[C@@H]1CCC[NH2+]1)C(=O)N[C@@H](C)C(=O)N[C@H](C=O)CCCNC(N)=[NH2+]
2vnf,C[C@H]([NH3+])C(=O)N[C@@H](CCCNC(N)=[NH2+])C(=O)N[C@H](C(=O)O)[C@@H](C)O
5c5h,Nc1ncnc2c1ncn2[C@@H]1O[C@H](COS(=O)(=O)NC(=O)CCC(=O)c2ccccc2C(=O)[O-])[C@@H](O)[C@H]1O
4cfx,Nc1nc(OCC2CCCCC2)c2[nH]c(-c3cccc(S(N)(=O)=O)c3)nc2n1
6a80,[NH3+][C@@H](CS)C(=O)[O-]
1x70,[NH3+][C@@H](CC(=O)N1CCn2c(nnc2C(F)(F)F)C1)Cc1cc(F)c(F)cc1F
2y6c,O=C([O-])[C@H](Cc1c[nH]c2ccccc12)NS(=O)(=O)c1ccc(Cl)c(C(F)(F)F)c1
4u5t,O=C([O-])[C][C]c1[c][c][c]c([Sb](=O)(=O)=O)[c]1
3mkn,Nc1ccc([C@@H]2[NH2+][C@H](CO)[C@@H](O)[C@H]2O)cc1N
5y0g,COc1ccc(S(=O)(=O)Nc2cc(C(=O)[O-])ccc2F)c2ccccc12
1vyq,O=c1ccn([C@H]2C[C@H](F)[C@@H](COC(c3ccccc3)(c3ccccc3)c3ccccc3)O2)c(=O)[nH]1
4waf,C[C@@H]1Cn2ncc(-c3ccc(S(=O)(=O)N(C)C)cc3)c2CN1c1ccnc2[nH]ccc12
6hkj,O=C([O-])CC[C@H](NC(=O)N[C@@H](CCCC(=O)Nc1ccc(F)nc1)C(=O)[O-])C(=O)[O-]
5vds,O=C1CCN(C2OC3COP(=O)(O)OC4C(COP(=O)(O)OC3C2O)OC(N2CCC(=O)NC2=O)C4O)C(=O)N1
6f5m,CCCc1ccccc1NC(=O)[C@H](CC(C)C)NC(=O)c1ccc(C[C]2SC(=O)NC2O)cc1
1iup,CC(C)C(=O)[O-]
4re3,OC[C@@H]1[C@@H](O)[C@H](O)[C@@H](O)c2nccn21
2pjl,Cc1ccc(-n2cc(C[NH2+]CC3CCCCC3)c3ccccc32)cc1
5jc1,COc1cccc(CCCC(CC(=O)N(C)O)CP(=O)(O)O)c1
2vgc,CC(=O)N[C@@H](BO)Cc1ccc(Cl)cc1
4nq6,O=C([O-])[C@H]1CS[C@@H]2CS[C@@H](CS)[N@H+]12
2yq6,CC[C@H](C)[C@H](NC(=O)[C@H](C)[NH3+])C(=O)N[C@@H](C)C(=O)N[C@@H](CCC(N)=O)C(=O)N[C@@H](CCC(=O)[O-])C(=O)N[C@@H](CC(C)C)C(=O)N[C@@H](CCCNC(N)=[NH2+])C(=O)N[C@@]1(C)CCC/C=C\CCC[C@@](C)(C(=O)N[C@@H](Cc2ccccc2)C(=O)N[C@@H](CC(N)=O)C(=O)N[C@@H](C)C(=O)N[C@@H](Cc2ccc(O)cc2)C(=O)N[C@@H](Cc2ccc(O)cc2)C(=O)N[C@@H](C)C(N)=O)NC(=O)[C@H](CC(=O)[O-])NC(=O)CNC(=O)[C@H]([C@@H](C)CC)NC1=O
6fam,[NH3+][C@@H]1C[NH2+][C@H](CO)[C@@H](O)[C@@H]1O[C@H]1O[C@H](CO)[C@@H](O)[C@H](O)[C@@H]1O
6cho,COc1ccc(Oc2cccc([C@@H](C)Nc3nc4[nH]c(C)cc(=O)n4n3)c2)cc1
1nkm,CC[C@@H](NC(=O)[C@@H](O)[C@H](C)NC(=O)[C@H](CC(=O)N(C)C)NC(=O)[C@@H](NC(=O)[C@@H](NC(=O)CCCCC[NH3+])C(C)(C)C)C(C)(C)C)c1ccccc1
4dds,O=C(Nc1cccc(-c2nn[nH]n2)c1)c1cccc(-c2ncccn2)c1
5ele,CC(=O)N[C@H]1[C@@H](O)O[C@H](CO)[C@@H](O[C@@H]2O[C@H](CO)[C@H](O)[C@H](O[C@H]3O[C@H](CO)[C@H](O)[C@H](O)[C@H]3NC(C)=O)[C@H]2O[C@@H]2O[C@@H](C)[C@@H](O)[C@@H](O)[C@@H]2O)[C@@H]1O[C@@H]1O[C@@H](C)[C@@H](O)[C@@H](O)[C@@H]1O
5ow8,NC(=O)c1cc2ccccc2n1-c1cccc(C(F)(F)F)c1
1b74,NC(=O)CC[C@@H]([NH3+])C(=O)[O-]
4x8g,CCn1c(-c2nc3cc(C(=O)N4CCC[C@@H]([NH3+])C4)cc(OC)c3n2C)cc2cccnc21
5i4o,CC(=O)N[C@@H]1[C@@H](O)[C@H](O)[C@@H](CO)O[C@H]1n1cc(CN([C@@H](C(=O)[O-])C(C)C)S(=O)(=O)c2ccc(-c3ccccc3)cc2)nn1
5ye9,CC(=O)Nc1ccc(S(=O)(=O)Nc2ccc(Oc3ccc4ccccc4c3)c(C#N)c2)cc1
6hv4,COc1ccc(C[C@H](NC(=O)[C@H](C)NC(=O)C[NH+]2CCOCC2)C(=O)N[C@@H](Cc2ccccc2)[C@@H](O)C(C)(C)O)cc1
5ody,O=c1oc2ccc(F)c(F)c2cc1CO[C@H]1[C@@H](O)[C@@H](CO)O[C@@H](S[C@@H]2O[C@H](CO)[C@H](O)[C@H](n3cc(-c4cc(F)c(F)c(F)c4)nn3)[C@H]2O)[C@@H]1O
4lk6,O=S(=O)([O-])c1ccccc1[C@H](c1ccc(O)c(Cl)c1)c1ccc(O[C@@H]2O[C@H](CO)[C@H](O)[C@H](O)[C@H]2O)c(Cl)c1
6n48,COc1ccc(Sc2ccc(S(=O)(=O)N(C)C(C)C)cc2C(=O)N[C@@H](CC(=O)NCC(=O)[O-])Cc2ccc(C(C)(C)C)cc2)cc1
3dnj,CC(C)C[C@H](NC(=O)[C@@H]([NH3+])Cc1ccc(O)cc1)C(=O)N[C@@H](C)C(=O)[O-]
5x33,CC(C)(c1ccc(O)cc1)c1ccc(OCc2cccc(COc3ccc(C(N)=[NH2+])cc3)c2)cc1
2eg7,O=C1NC(C(=O)[O-])=C[C@H](C(=O)[O-])N1
2nww,[NH3+][C@H](C(=O)[O-])[C@H](OCc1ccccc1)C(=O)[O-]
3wix,O=C([O-])c1ccc(-c2cccc3c(CCCOc4cccc5ccccc45)c(C(=O)[O-])nn23)cc1
5web,O=C(NCCS(=O)(=O)c1ccccc1)c1nc([C@@H]2CCCN2C(=O)CSc2ccccc2Cl)[nH]c(=O)c1O
6g8m,CC(C)[C@H](NC(=O)[C@H](O)[C@@H](C=O)C(C)C)C(=O)N[C@H](C(=O)OCc1ccccc1)C(C)C
6bq0,O=CN1C[C@H]2[C@@H](C1)[C@@H]2c1ccn(-c2ccc(F)cc2)n1
5o9h,CCCCn1c(-c2ccccc2)nc(-c2ccccc2)c1C[NH+](Cc1ccc2c(c1)OCO2)Cc1ccc2c(c1)OCO2
5hmy,O=C([O-])Cc1cc(CC(=O)[O-])cc(-c2ccc(C#CCO)s2)c1
2y6d,O=CN(O)[C@@H](CCCc1ncccn1)CS(=O)(=O)N1CCN(c2ccc(Br)cn2)CC1
5jo0,Cc1cccc(CCCC(CC(=O)N(C)O)CP(=O)(O)O)c1
4whr,Oc1ccc(F)cc1O
4jnj,O=C([O-])CCCC[C@@H]1SC[C@@H]2NC(=O)N[C@H]12
3uec,CC([NH3+])C(=O)NC(CCCNC(=N)N)C(=O)NC(C(=O)NC(CCCC[NH3+])C(=O)O)C(C)OP(=O)(O)O
1xb7,CC(C)C[C@H](NC(=O)[C@H](CCC(=O)[O-])NC(=O)[C@@H]([NH3+])CO)C(=O)N[C@@H](CC(C)C)C(=O)N[C@@H](CCCC[NH3+])C(=O)N[C@@H](Cc1ccc(O)cc1)C(=O)N[C@@H](CC(C)C)C(=O)N[C@H](C(=O)N[C@H](C(=O)O)[C@@H](C)O)[C@@H](C)O
4wmx,C=Cc1ccc(C(=O)[O-])c(NS(=O)(=O)c2ccccc2)c1
6at0,C[C@H](NC(=O)[C@@H](NC(=O)[C@@H]([NH3+])CCC(N)=O)[C@@H](C)O)C(=O)N[C@@H](CCCNC(N)=[NH2+])C(=O)N[C@@H](CCCC[N+](C)(C)C)C(=O)N[C@@H](CO)C(=O)[O-]
4p7m,Cc1cc(Oc2cccc(O)c2)cc(-c2ccccc2)n1
1biw,COCCN1CCCC[C@H](NC(=O)[C@H](CC(C)C)[C@H](CCCO)C(=O)NO)C1=O
2oz6,Nc1ncnc2c1ncn2C1OC2COP(=O)(O)OC2C1O
1evh,CC(=O)N[C@@H](Cc1ccccc1)C(=O)N1CCC[C@H]1C(=O)N1CCC[C@H]1C(=O)N1CCC[C@H]1C(=O)N1CCC[C@H]1C(=O)[O-]
2jsd,COc1ccc(S(=O)(=O)N(CC(=O)N=O)CC(C)C)cc1
4pgc,CC(C)C[C@H](NC(=O)[C@H](C)NC(=O)[C@@H]1CCCN1C(=O)[C@H](Cc1cc(I)c(O)c(I)c1)NC(=O)[C@H](CC(N)=O)NC(=O)CNC(=O)[C@@H]1CCCN1C(=O)[C@H](C)NC(=O)[C@@H]([NH3+])Cc1ccccc1)C(=O)[O-]
5zde,Nc1ncnc2c1ncn2C1OC(COP(=O)(O)OP(=O)(O)OCC2OC(O)C(O)C2O)C(O)C1O
3wk5,O=C(CC1CCCC1)Nc1nccs1
1ek2,CCCCCCCCCCNC(=O)NC1CCCCC1
2z4y,CCCCCCCCC(O)(P(=O)(O)O)P(=O)(O)O
5uw5,CC(C)[C@H](NC(=O)[C@@H]1CCCN1C(=O)[C@H](C)NC(=O)[C@H](CO)NC(=O)[C@H](C)NC(=O)[C@@H]([NH3+])CC(N)=O)C(=O)[O-]
4wke,O=C1NC(=O)[C@](CNC(=O)c2cc3cc(Cl)ccc3o2)(c2nccs2)N1
5tuy,COc1cc2nc(N3CCOCC3)nc(N[C@H]3CC[N@H+](C)CC3)c2cc1OC
2lbm,C[C@H]([NH3+])C(=O)N[C@@H](CCCNC(N)=[NH2+])C(=O)N[C@H](C(=O)N[C@@H](CCCC[NH3+])C(=O)N[C@@H](CCC(N)=O)C(=O)N[C@H](C(=O)N[C@@H](C)C(=O)N[C@@H](CCCNC(N)=[NH2+])C(=O)N[C@@H](CCCC[N+](C)(C)C)C(=O)N[C@@H](CO)C(=O)N[C@H](C(=O)NCC(=O)NCC(=O)N[C@@H](CCCC[NH3+])C(=O)N[C@@H](C)C(=O)[O-])[C@@H](C)O)[C@@H](C)O)[C@@H](C)O
5h5q,CC(=O)N[C@H]1CSSC[C@@H](C(=O)N[C@@H](CCCNC(N)=[NH2+])C(=O)N[C@@H](CCCNC(N)=[NH2+])C(N)=O)NC(=O)[C@H](CCCNC(N)=[NH2+])NC(=O)[C@H](CCCNC(N)=[NH2+])NC(=O)[C@H](Cc2c[nH]c3ccccc23)NC(=O)CNC(=O)[C@H](CCC(N)=O)NC(=O)[C@H](CC(C)C)NC(=O)[C@H](CC(=O)[O-])NC(=O)[C@H](C(C)C)NC(=O)[C@H](CCCNC(N)=[NH2+])NC1=O
4or0,COc1ccc2cc([C@H](C)C(=O)[O-])ccc2c1
3pdh,CCC(=O)NCCCC[C@H](NC(=O)[C@H](CCCC[NH3+])NC(=O)[C@H](Cc1c[nH]cn1)NC(=O)[C@H](CCCNC(N)=[NH2+])NC(=O)[C@H](CO)NC(=O)[C@@H](NC(=O)[C@H](CO)NC(=O)[C@H](CCC(N)=O)NC(=O)CNC(=O)[C@@H]([NH3+])CCCC[NH3+])[C@@H](C)O)C(=O)N[C@@H](CC(C)C)C(=O)N[C@@H](CCSC)C(=O)N[C@@H](Cc1ccccc1)C(=O)[O-]
4mw4,O=C(NCCC[NH2+]Cc1cc(Cl)cc(I)c1O)Nc1ccsc1
5nin,CC(C)C[C@H](NC(=O)[C@H](CO)NC(=O)[C@H](C)NC(=O)[C@H](Cc1c[nH]c2ccccc12)NC(=O)[C@H](C)[NH3+])C(=O)N[C@@H](CCCC[NH3+])C(=O)N[C@@H](CCCNC(N)=[NH2+])C(=O)N[C@@H](CC(C)C)C(=O)N[C@H](C(=O)N[C@H](C(=O)N[C@@H](C)C(=O)[O-])[C@@H](C)O)C(C)C
1oir,Cc1[nH]c2cccc[n+]2c1-c1ccnc(Nc2ccc(OC[C@@H](O)C[NH+](C)C)cc2)n1
3ik1,Cc1cccc2c1C(=O)N(c1ccc(C(=O)[O-])c(O)c1)C2=O
2k62,C[C@H](CCC(=O)[O-])[C@H]1CC[C@H]2[C@@H]3CC[C@@H]4C[C@@H](NC(=O)CC[C@@H](C(=O)[O-])[NH+](CC[NH+](CC(=O)[O-])CC(=O)[O-])CC[NH+](CC(=O)[O-])CC(=O)[O-])CC[C@]4(C)[C@H]3CC[C@@]21C
4qga,Cc1cn([C@H]2CCC[N@@H+](Cc3ccc(C(=O)[O-])c(Oc4cccc(Cl)c4)c3F)C2)c(=O)[nH]c1=O
6oxl,C[C@H]([NH3+])C(=O)N[C@@H](C)C(=O)N[C@@H](C)C(=O)N[C@@H](C)C(=O)N[C@@H](C)C(=O)N[C@@H](C)C(=O)N[C@@H](C)C(=O)[O-]
4wri,C=C1[C@@H]([C@@H](O)C[C@H](C)[C@H]2O[C@@]3(CCCCO3)CC[C@H]2C)O[C@@H]2CC[C@@]3(CC[C@H](/C=C/[C@@H](C)[C@@H]4CC(C)=C[C@@]5(O[C@H](C[C@@](C)(O)C(=O)[O-])CC[C@H]5O)O4)O3)O[C@H]2[C@@H]1O
6oxy,CC(C)CN(C[C@@H](O)[C@H](Cc1ccccc1)NC(=O)O[C@H]1CO[C@H]2OCC[C@@H]12)S(=O)(=O)c1ccc([C@H](O)CO)cc1
5zjf,C[C@@H](Cc1ccc2c(c1)OCO2)[C@H](C)Cc1ccc2c(c1)OCO2
6ic0,Cn1ccc2ccc(-c3cc(Nc4cnccc4C(=O)Nc4cncnc4)cc4nccnc34)cc21
3sou,C[C@H]([NH3+])C(=O)N[C@@H](CCCNC(N)=[NH2+])C(=O)N[C@H](C(=O)N[C@@H](CCCC[NH3+])C(=O)N[C@@H](CCC(N)=O)C(=O)N[C@H](C(=O)N[C@@H](C)C(=O)N[C@@H](CCCNC(N)=[NH2+])C(=O)[O-])[C@@H](C)O)[C@@H](C)O
6bhd,CCC[C@H](NC(=O)[C@@H]1CCCN1C(=O)[C@H](C)NC(=O)[C@H](CCCCNC(C)=O)NC(=O)CNC(=O)CNC(=O)[C@@H](NC(=O)[C@H](CO)NC(=O)[C@H](CCCC[NH+](C)C)NC(=O)[C@H](CCCNC(N)=[NH2+])NC(=O)[C@H](C)[NH3+])[C@@H](C)O)C(=O)N[C@@H](C)C(=O)[O-]
6f7c,COc1cc(C(=O)N/N=C/c2cccc3ccccc23)cc(OC)c1OC
5vqi,C[C@H]([NH3+])C(=O)N[C@@H](CO)C(=O)N[C@@H](CCCC[NH3+])C(=O)N[C@@H](CCCNC(N)=[NH2+])C(=O)N[C@@H](CCC(N)=O)C(=O)N[C@@H](CCCNC(N)=[NH2+])C(=O)N[C@@H](CCCNC(N)=[NH2+])C(=O)[O-]
3gds,CC(C)[C@H]([NH3+])C(=O)N[C@@H](Cc1ccc(O)cc1)C(=O)N[C@@H](Cc1ccc(O)cc1)C(=O)N[C@@H](Cc1ccccc1)C(=O)[O-]
4ge6,COc1cc(CC(=O)NCC(NC(=O)C(CCCNC(=O)c2cccc(I)c2)NC(=O)C(Cc2ccc(C(F)(F)P(=O)(O)O)cc2)NC(=O)c2ccc(Br)c(C)c2)C(N)=O)ccc1O
4b7z,CC[NH+](CC)CCNS(=O)(=O)Cc1ccc(C)cc1
3k7f,O=C([O-])c1cccc(-c2cnc([C@@H](O)CCCCCCc3ccccc3)o2)n1
5di1,CS(=O)(=O)c1ccc(-c2cc(-c3ccc(O)cc3)cnc2N)cc1
3kad,O=C(CCc1ccccc1)N[C@H](Cc1nc2ccccc2[nH]1)C(=O)[O-]
4y94,O=P(O)(O)OC1C(OP(=O)(O)O)C(OP(=O)(O)O)C(OP(=O)(O)O)C(OP(=O)(O)O)C1OP(=O)(O)O
1wtg,CCS(=O)(=O)N[C@H](Cc1ccc(-c2ccccc2)cc1)C(=O)N[C@@H](CCC(N)=O)C(=O)NCc1ccc(C(N)=[NH2+])cc1
6pnm,CC(=O)Nc1ccc(Cl)c(S(=O)(=O)N2CCOCC2)c1
3sji,CCOC(=O)CC[C@H](C[C@@H]1CC[NH2+][C@@H]1O)NC(=O)[C@@H](CC(=O)[C@@H](NC(=O)c1cc(C)on1)C(C)C)Cc1ccc(F)cc1
4qqi,CC[C@H](NC(=O)[C@H](C)[NH3+])C(=O)N[C@H](C(=O)N[C@@H](Cc1c[nH]cn1)C(=O)N[C@@H](CCSC)C(=O)N1CCC[C@H]1C(=O)N[C@H](C(=O)N[C@@H](CC(C)C)C(=O)N1CCC[C@H]1C(=O)N[C@@H](CC(N)=O)C(=O)N[C@@H](CC(C)C)C(=O)N[C@@H](CC(=O)[O-])C(=O)N[C@@H](Cc1ccccc1)C(=O)N[C@@H](Cc1c[nH]cn1)C(=O)N[C@@H](CCCC[NH3+])C(=O)N[C@@H](C)C(=O)[O-])[C@@H](C)O)C(C)C
5huw,CC(C)[C@H](NC(=O)[C@H](CCCC[NH3+])NC(=O)[C@H](C)NC(=O)[C@H](CCCNC(N)=[NH2+])NC(=O)[C@H](CCCC[NH3+])NC(=O)[C@H](CCCC[NH3+])NC(=O)[C@@H]1CCCN1C(=O)[C@@H]1CCCN1C(=O)C[NH3+])C(=O)N[C@@H](CC(=O)[O-])C(=O)[O-]
6mod,COC1([C@H](NC(=O)c2ccc(C#CC#CCCO)cc2)C(=O)NO)CS(=O)(=O)C1
3drp,N#Cc1cc(Cl)cc(Oc2cc(OCc3[nH]nc4nc(N)ccc34)ccc2Cl)c1
5f27,C[NH2+]Cc1ccc(N2CCCCC2)cc1
4ivk,CC1=C(C(=O)[O-])N[C@@H]([C@@H](C=O)NC(=O)Cc2cccs2)SC1
5nge,O=C(C[C@@H](C(F)F)n1ccc(F)n1)N1CCC(O)(Cn2cnc3c(cnn3-c3ccc(F)cc3)c2=O)CC1
5t4b,CC#CCn1c(N2CCC[C@@H]([NH3+])C2)nc2c1c(=O)n(Cc1nc(C)c3ccccc3n1)c1nccn21
2ay4,Cc1ccc(CCC(=O)[O-])cc1
3wnt,S=CNCc1ccccc1
4ohp,CC#C[C@H]1CN(S(=O)(=O)c2ccc(N)nc2)CCN1c1ccc(S(=O)(=O)NC)cc1
3bgm,CCC(C)C(NC(=O)C(CO)NC(=O)C(CC(C)C)NC(=O)C(COP(=O)(O)O)NC(=O)C(C)NC(=O)C(CCC(N)=O)NC(=O)C([NH3+])CCCNC(=N)N)C(=O)NC(CO)C(=O)NC(C(=O)O)C(C)C
5w73,O=C(NCCOc1ccccc1)c1nc([C@@H]2CCCN2C(=O)COc2ccccc2Cl)[nH]c(=O)c1O
4yih,O=c1[nH]c(=O)n(C2CC3OC(c4ccccc4)(P(=O)(O)O)OCC3O2)cc1/C=C/P(=O)(O)O
6nzh,CNC(=O)c1cnc(NC(=O)C2CC2)cc1Nc1ccccc1S(C)(=O)=O
4zyz,[NH2+]=c1[nH]c(=O)c2cc(CCCCCCC(=O)N[C@@H](CCC(=O)[O-])C(=O)[O-])[nH]c2[nH]1
2hds,CS(=O)(=O)Nc1ccc(C(=O)[O-])cc1
1hgj,CO[C@]1(C(=O)[O-])C[C@H](O)[C@@H](NC(C)=O)[C@H]([C@H](O)[C@H](O)C[NH3+])O1
4qvq,CC(C)C[C@H](NC(=O)[C@H](Cc1ccccc1)NC(=O)c1cnccn1)B(O)O
4o44,Cc1cc(C)c(Nc2nc(Nc3ccc(C#N)cc3)nc(OCCC[NH+]3CCOCC3)n2)c(C)c1
6c42,C[C@H]1c2ccc(O)cc2O[C@@H](c2ccc(OCC[NH+]3CCCC3)cc2)[C@@H]1c1ccc(O)cc1
6oh3,CC(=O)NC1C(O)CC(OP(=O)(O)OCC2OC(n3ccc(=N)[nH]c3=O)C(O)C2O)(C(=O)O)OC1C(O)C(O)CO
5aic,Cc1ccc2c(c1)SCC(=O)N2
4z88,CC[C@H](C)[C@H](NC(=O)[C@H](CCC(=O)[O-])NC(=O)[C@@H]1CCCN1C(=O)[C@H](CC(C)C)NC(=O)[C@H](CCCC[NH3+])NC(=O)[C@@H]([NH3+])CCCNC(N)=[NH2+])C(=O)N1CCC[C@H]1C(=O)N[C@@H](CCCC[NH3+])C(=O)N[C@@H](CC(N)=O)C(=O)N[C@@H](CCCC[NH3+])C(=O)N[C@@H](CCCC[NH3+])C(N)=O
2hr6,O=c1ccn(C2CC(O)C(COP(=O)(O)OP(=O)(O)O)O2)c(=O)[nH]1
6agg,NC(=[NH2+])NCCCC[NH3+]
6plg,Cn1c(C(=O)NC2(c3ccc([C@H](C(=O)[O-])c4cccnc4)cc3)COC2)cc2c(Cl)c(Cl)ccc21
6dnp,Cc1ccc(F)c(C(=O)C[C@H](O)C(=O)[O-])c1F
6beh,CO[C@H]1/C=C/O[C@@]2(C)Oc3c(C)c(O)c4c(O)c(c(C[NH2+][N@H+]5CC[N@H+](C6CCCC6)CC5)c(O)c4c3C2=O)NC(=O)/C(C)=C\C=C\[C@H](C)[C@H](O)[C@@H](C)[C@@H](O)[C@@H](C)[C@H](OC(C)=O)[C@@H]1C
3kl8,CC[C@H](C)[C@H](NC(=O)[C@@H](NC(=O)[C@@H](NC(=O)[C@H](CCCNC(N)=[NH2+])NC(=O)[C@H](CCCC[NH3+])NC(=O)[C@H](CO)NC(=O)[C@H](CCCNC(N)=[NH2+])NC(=O)CNC(=O)[C@@H](NC(=O)[C@H](CCC(N)=O)NC(=O)CNC(=O)[C@H](CC(C)C)NC(=O)[C@H](CCCC[NH3+])NC(=O)[C@@H]1CCCN1C(=O)[C@@H]1CCCN1C(=O)[C@H](CCCNC(N)=[NH2+])NC(=O)[C@@H]([NH3+])CCCC[NH3+])[C@@H](C)CC)C(C)C)C(C)C)C(=O)[O-]
6p8z,CCC(=O)N1CC(NC(=O)Cn2c(C3CC3)c(C(=O)N3CCc4c(cccc4OC)C3)c3cc(Cl)cc(C)c32)C1
5j5t,Nc1ncc(-c2cnc(C3CC[NH2+]CC3)s2)cc1OCc1ccncc1
3lkh,CCCCN(C)C(=O)c1c(F)cccc1OCC(=O)N[C@H](CO)Cc1ccccc1
4nyi,Cc1ccc2[nH]cc(C[N@H+]3CC[C@@H](NC(=O)[C@@H]([NH3+])Cc4c[nH]c5ccccc45)CC3)c2c1
4rsp,CCOC(=O)CC[C@H](C[C@@H]1CCNC1=O)NC(=O)[C@H](CC(C)C)NC(=O)[C@@H](NC(=O)[C@H](CO)NC(=O)OC(C)(C)C)C(C)C
4cft,Nc1ccc2ccc(CC[NH2+]CCc3cccc(F)c3)cc2n1
5cls,COc1ccc(Cn2nnc3c2[C@](C)(O)CC[C@H]3OC(=O)NC(C)C)cc1
6c0n,Cc1cc(/C=C/C#N)cc(C)c1Oc1nc(N[C@H]2CC[N@H+](Cc3ccc(S(N)(=O)=O)cc3)CC2)nc2ccsc12
3obu,C[C@H](NC(=O)[C@@H](NC(=O)[C@@H]1CCCN1C(=O)[C@H](CCC(=O)[O-])NC(=O)[C@@H]1CCC[NH2+]1)[C@@H](C)O)C(=O)N1CCC[C@H]1C(=O)N1CCC[C@H]1C(=O)N[C@@H](CCC(=O)[O-])C(=O)N[C@@H](CCC(=O)[O-])C(=O)[O-]
5hk2,O=C(N[C@H]1CC[N@H+](Cc2ccccc2)CC1)c1ccc(I)cc1
3o88,O=C([O-])c1cccc(C[C@H](NS(=O)(=O)Cc2ccccc2)B(O)O)c1
4x0u,CCN(CC)c1ccc(C=O)cc1
5aip,O=C([O-])Cc1ccc(O)cc1
4q6f,C[C@H]([NH3+])C(=O)N[C@@H](CCCNC(N)=[NH2+])C(=O)N[C@H](C(=O)N[C@@H](CCCC[NH3+])C(=O)N[C@@H](CCC(N)=O)C(=O)[O-])[C@@H](C)O
5n8e,C[C@H](NC(=O)[C@H](Cc1c[nH]c2ccccc12)NC(=O)[C@H](C)NC(=O)[C@@H]1CCCN1C(=O)[C@H](C)NC(=O)[C@@H]1CCCN1C(=O)[C@H](CC(=O)[O-])NC(=O)[C@@H]([NH3+])CCCNC(N)=[NH2+])C(=O)N[C@@H](Cc1c[nH]cn1)C(=O)NCC(=O)NCC(=O)NCC(N)=O
3ilq,CCCCCCCC/C=C\CCCCCCCC(=O)OC[C@H](CO[C@H]1O[C@H](CO)[C@H](O)[C@H](O)[C@H]1O)OC(=O)CCCCCCCCCCCCCCC
5etm,[NH2+]=c1[nH]c(=O)c2[nH]c(SCc3ccc(F)cc3)nc2[nH]1
4uwl,CC(C)C(=O)CN1C2=[N+]=C(N3CCOC[C@H]3C)CC(=O)N2CC[C@H]1C(F)(F)F
6cbh,O=C([O-])c1cc(-c2cn[nH]c2F)ccc1Oc1ccc2ccccc2c1
5try,COC[C@H](NC(=O)[C@H](CC(=O)N1CCCCC1)NC(=O)CCc1ccccc1)C(=O)NCc1cccc2ccccc12
6e3p,O=C([O-])C1=NC(c2cccc(-c3nnn[nH]3)c2)=CC(=O)C1O
3dz5,Cc1nc2c(N)ncnc2n1[C@@H]1O[C@H](C[N@@H+](C)CCO[NH3+])[C@@H](O)[C@H]1O
2oc4,O=c1[nH]cnc2c([C@@H]3[NH2+][C@H](CO)[C@@H](O)[C@H]3O)c[nH]c12
1ysg,O=C([O-])c1ccc(-c2ccc(F)cc2)cc1
3kfn,C/C(=N\C(=O)OCc1ccccc1)C(=O)N[C@H](C(=O)N[C@@H](Cc1ccccc1)C(=O)[C@H](O)[C@H](Cc1ccccc1)NC(=O)[C@@H](NC(=O)/C(C)=N/C(=O)OCc1ccccc1)C(C)C)C(C)C
5-Jan,CC(C)COc1cc(=O)n(C)c(=O)n1C
5i4v,CC(C)[C@@H]1CN(c2ccc(CO)c(S(C)(=O)=O)c2)CCN1c1ncc(CO)c(C(F)(F)F)n1
3zha,CC(=O)N1CCC[C@H]1C(=O)N1CCC[C@H]1C(=O)NCC(=O)N1CCC[C@H]1C(=O)N1CCC[C@H]1C(=O)NCC(=O)N1CCC[C@H]1C(=O)N[C@H](C(=O)NCC(=O)N1CCC[C@H]1C(=O)N[C@@H](CCCNC(N)=[NH2+])C(=O)NCC(=O)N1CCC[C@H]1C(=O)N1CCC[C@H]1C(=O)NCC(=O)N1CCC[C@H]1C(=O)N1CCC[C@H]1C(=O)[O-])[C@@H](C)O
2w7y,CC(=O)N[C@H]1[C@@H](O[C@H]2[C@@H](O)[C@@H](CO)O[C@@H](O)[C@@H]2O[C@@H]2O[C@@H](C)[C@@H](O)[C@@H](O)[C@@H]2O)O[C@H](CO)[C@H](O)[C@@H]1O
2onb,O=P(O)(O)CCCP(=O)(O)O
4lbp,O=C1C=C(O)C(=O)C=C1O
4an0,N#C[C@@H]1CCCN1C(=O)[C@@H]1CCCN1C(=O)CCCc1ccccc1
6ccm,Cc1cc(=O)n2nc(NCc3cccc(Br)c3)nc2[nH]1
4nym,[NH3+][C@@H](Cc1c[nH]c2ccccc12)C(=O)N[C@H]1CC[N@@H+](Cc2c[nH]c3ccccc23)CC1
5y7j,CC(C)(C)OC[C@H]1C(=O)NCCN1C(=O)C[C@H]([NH3+])Cc1cc(F)c(F)cc1F
2e9a,O=P(O)(O)C(O)(Cc1cccc(-c2ccc(-c3ccccc3)cc2)c1)P(=O)(O)O
4wht,CC[C@H](C)[C@H](NC(=O)[C@H](CC(C)C)NC(=O)[C@@H]([NH3+])CCC(N)=O)C(=O)N[C@@H](CC(N)=O)C(=O)N[C@H](C(=O)N[C@@H](CC(N)=O)C(=O)NCC(=O)N[C@@H](CO)C(=O)N[C@@H](Cc1c[nH]c2ccccc12)C(=O)N[C@@H](Cc1cnc[nH]1)C(=O)N[C@H](C(=O)N[C@@H](CC(N)=O)C(=O)[O-])C(C)C)[C@@H](C)O
3ddu,O=C([C@@H]1CCC2C(Cl)=NC(OCc3ccc(F)cc3)C(=O)N21)N1CCCC1
4gxl,CC(C)C[C@H](NC(=O)CNC(=O)[C@@H]1CCCN1C(=O)[C@@H]([NH3+])CC(N)=O)C(=O)N[C@@H](C)C(=O)N[C@@H](Cc1ccc(O)cc1)C(=O)NCC(=O)N[C@@H](CC(N)=O)C(=O)N1CCC[C@H]1C(=O)N[C@@H](Cc1ccc(O)cc1)C(=O)N[C@@H](CO)C(=O)[O-]
3hjo,C=C(CC)C(=O)c1ccc(OCC(=O)[O-])c(Cl)c1Cl
6nzq,CNC(=O)c1cnc(Nc2cc(C)c(F)cn2)cc1Nc1cccc(C(=O)NCc2ccccn2)c1OC
6kdz,Cc1cc(C)n2nc(CCc3cc(=O)n4[nH]c5ncccc5c4n3)nc2n1
5l2i,CC(=O)c1c(C)c2cnc(Nc3ccc(N4CC[NH2+]CC4)cn3)nc2n(C2CCCC2)c1=O
2z5s,CC[C@H]([NH3+])C(=O)N[C@H](C(=O)N[C@@H](Cc1ccccc1)C(=O)N[C@@H](CO)C(=O)N[C@@H](CC(=O)[O-])C(=O)N[C@@H](CC(C)C)C(=O)N[C@@H](Cc1c[nH]c2ccccc12)C(=O)N[C@@H](CCCC[NH3+])C(=O)N[C@@H](CC(C)C)C(=O)N[C@@H](CC(C)C)C(=O)N1CCC[C@H]1C(=O)O)[C@@H](C)O
4s3e,C#CCOP(=O)(O)OP(=O)(O)O
2pgj,O=c1c2ncn3c2ncn1C1OC(COP(=O)(O)OP(=O)(O)OCC2=C(O)C(O)C3O2)C(O)C1O
5zo9,COc1ccc(C(SC[C@H]([NH3+])C(=O)[O-])(c2ccccc2)c2ccccc2)cc1
5mtv,Nc1ncnc2c1ncn2C1OC(COP(=O)(O)OP(=O)(O)OP(O)(O)=S)C(O)C1O
4f14,CC(C)C[C@H](NC(=O)[C@@H](NC(=O)[C@@H]1CCCN1C(=O)[C@@H]1CCCN1C(=O)[C@@H]1CCC[NH2+]1)[C@@H](C)O)C(=O)N1CCC[C@H]1C(=O)N[C@@H](CCCC[NH3+])C(=O)N1CCC[C@H]1C(=O)N[C@@H](C)C(=O)N[C@@H](C)C(=O)N1CCC[C@H]1C(=O)[O-]
3kbz,Nc1nc2c(s1)Cc1cccc(OCP(=O)(O)O)c1-2
5tcc,O=C(Nc1cccc(Br)n1)[C@@H]1SCCN1C(=O)Cn1ncc2ccccc21
6bo6,CNc1ccc2c(n1)sc1c(N3CC[NH+]([C@@H]4O[C@H](C(=O)[O-])[C@@H](O)[C@H](O)[C@H]4O)CC3)nc(NC)nc12
3wqm,O=P(O)(O)C(O)(Cc1cccc(-c2cccc3c2oc2ccccc23)c1)P(=O)(O)O
5vsb,O=C(CCc1ccccc1)N1CCC(O)(Cn2cnc3cc(Cl)ccc3c2=O)CC1
6aao,[NH3+][C@@H](CCCCNC(=O)OC1CCCCCCC1)C(=O)[O-]
5zty,Cc1c(C(=O)N[C@]23C[C@H]4C[C@H](C[C@H](C4)C2)C3)nn(CCCCCO)c1-c1ccccc1
2yof,Cc1cn([C@H]2C[C@H](O)[C@@H](CNC(=S)Nc3ccc(Cl)c(C(F)(F)F)c3)O2)c(=O)[nH]c1=O
4zdu,CSCC[C@H](NC(=O)[C@H](CCC(N)=O)NC(=O)[C@H](CCC(=O)[O-])NC(=O)[C@H](Cc1ccc(O)cc1)NC(=O)[C@H](CO)NC(=O)[C@H](CCCNC(N)=[NH2+])NC(=O)[C@H](CCCC[NH3+])NC(=O)[C@@H](NC(=O)CNC(=O)[C@H](CCC(N)=O)NC(=O)[C@@H]([NH3+])CO)[C@@H](C)O)C(=O)N[C@@H](CCC(=O)[O-])C(=O)[O-]
3ess,O=C1NC(=O)c2cccc3cccc1c23
1ocn,OC[C@H]1O[C@@H](O[C@H]2[C@H](O)C[NH2+]C[C@@H]2CO)[C@H](O)[C@@H](O)[C@@H]1O
5etq,N#Cc1ccc(CSc2nc3c(=O)[nH]c(N)nc3[nH]2)cc1
5y1u,CC(C)C[C@H](NC(=O)[C@H](CCCC[NH3+])NC(=O)[C@H](CCCNC(N)=[NH2+])NC(=O)[C@H](CCCNC(N)=[NH2+])NC(=O)[C@@H]([NH3+])CCCC[NH3+])C(=O)[O-]
1f8a,CC(O)C(NC(=O)C1CCCN1C(=O)C(COP(=O)(O)O)NC(=O)C([NH3+])Cc1ccc(O)cc1)C(=O)NC(COP(=O)(O)O)C(=O)N1CCCC1C(=O)NC(CO)C(=O)O
6ocw,Cc1cc(C(=O)N[C@@H](CC(=O)N2CCCC[C@@H]2C)C(=O)N[C@@H](C)C(=O)NCc2ccc(F)cc2F)no1
6pya,c1ccc(-c2[nH]c3ccccc3c2Cn2ccnc2)cc1
5lz9,CC1([C@@H]2CC(=O)N(CCOc3ccc(F)c(C#N)c3)C2)CCS(=O)(=O)CC1
6htp,CC(C)C[C@H](NC(=O)c1cnccn1)C(=O)N[C@@H](CC(C)C)C(=O)N[C@H](CCS(C)(=O)=O)Cc1ccc(C[NH3+])cc1
3gpo,Nc1ncnc2c1ncn2C1OC(COP(=O)(O)OP(=O)(O)OCC2OC(O)C(O)C2O)C(O)C1O
2qiq,CCOC(=O)CC[C@H](C[C@@H]1CCNC1=O)NC(=O)[C@H](CC=C(C)C)CC(=O)[C@@H](NC(=O)[C@H](CO)NC(=O)OC(C)(C)C)C(C)C
2xcn,CC(C)(C)[C@H](NC(=O)OC1CCCC1)C(=O)N1C[C@H](Oc2nccc3ccccc23)C[C@H]1C(=O)N[C@@H](CCO)B(O)O
4ezt,CC[C@H](C)[C@H](NC(=O)[C@@H](NC(=O)[C@@H]1CCCN1C(=O)[C@H](CCCNC(N)=[NH2+])NC(=O)[C@H](CCCNC(N)=[NH2+])NC(=O)[C@@H]1CCC[NH2+]1)C(C)C)C(=O)N[C@@H](CCSC)C(=O)N[C@@H](CCCNC(N)=[NH2+])C(N)=O
5mim,NC(=[NH2+])Nc1ccc(N[C@H]2C[C@@H](NC(N)=[NH2+])[C@H](Oc3ccc(NC(N)=[NH2+])cc3)C[C@@H]2Oc2ccc(NC(N)=[NH2+])cc2)cc1
4k2y,O=C1Cc2ccc(Cl)cc2N1
5w2p,CCCCS(=O)(=O)Nc1ccc2cnn(C)c2c1
3zn0,C[C@H](NC(=O)[C@H](C)NC(=O)[C@H](Cc1ccccc1)NC(=O)[C@H](CO)NC(=O)[C@H](CCCNC(N)=[NH2+])NC(=O)[C@@H]1CCC[NH2+]1)C(=O)[O-]
3sv6,CCC[C@H](NC(=O)[C@@H]1[C@H]2CCC[C@H]2CN1C(=O)[C@@H](NC(=O)[C@@H](NC(=O)c1cnccn1)C1CCCCC1)C(C)(C)C)[C@@H](O)C(=O)NC1CC1
2h2d,CSCC[C@H](NC(=O)[C@H](CC(C)C)NC(=O)[C@H](CCCCNC(C)=O)NC(=O)[C@H](CCCC[NH3+])NC(=O)[C@H](Cc1cnc[nH]1)NC(=O)[C@H](CCCNC(N)=[NH2+])NC(=O)[C@H](CO)NC(=O)[C@@H](NC(=O)[C@H](CO)NC(=O)[C@H](CCC(N)=O)NC(=O)CNC(=O)[C@@H]([NH3+])CCCC[NH3+])[C@@H](C)O)C(=O)N[C@H](C=O)Cc1ccccc1
4re9,O=C(C[C@@H](Cc1ccc2ccccc2c1)n1nncc1CNC(=O)c1ccc(F)cc1)NO
1hgi,CO[C@]1(C(=O)[O-])C[C@H](OC(C)=O)[C@@H](NC(C)=O)[C@H]([C@H](O)[C@H](O)CO)O1
3e9i,Nc1ncnc2c1ncn2C1OC(COP(=O)(O)ONC(=O)C([NH3+])CCCC[NH3+])C(O)C1O
